STATE,COUNTY,TRACT,BLOCK,GEOID,ORIGINAL_COUNT_OF_HUs,CURRENT_COUNT_OF_HUs,LOCAL_COUNT_OF_HUs,DIFFERENCE_IN_HUs,ORIGINAL_COUNT_OF_GQs,CURRENT_COUNT_OF_GQs,LOCAL_COUNT_OF_GQs,DIFFERENCE_IN_GQs
36,051,0301.00,1000,360510301001000,0,0,0,0,0,0,0,0
36,051,0301.00,1001,360510301001001,6,6,0,6,0,0,0,0
36,051,0301.00,1002,360510301001002,6,6,0,6,0,0,0,0
36,051,0301.00,1003,360510301001003,2,2,0,2,0,0,0,0
36,051,0301.00,1004,360510301001004,1,1,0,1,0,0,0,0
36,051,0301.00,1005,360510301001005,0,0,0,0,0,0,0,0
36,051,0301.00,1006,360510301001006,0,0,0,0,0,0,0,0
36,051,0301.00,1007,360510301001007,5,5,0,5,0,0,0,0
36,051,0301.00,1008,360510301001008,1,1,0,1,0,0,0,0
36,051,0301.00,1009,360510301001009,23,23,0,23,0,0,0,0
36,051,0301.00,1010,360510301001010,74,74,0,74,0,0,0,0
36,051,0301.00,1011,360510301001011,1,1,0,1,0,0,0,0
36,051,0301.00,1012,360510301001012,0,0,0,0,0,0,0,0
36,051,0301.00,1013,360510301001013,0,0,0,0,0,0,0,0
36,051,0301.00,1014,360510301001014,7,7,0,7,0,0,0,0
36,051,0301.00,1015,360510301001015,33,33,0,33,0,0,0,0
36,051,0301.00,1016,360510301001016,1,1,0,1,0,0,0,0
36,051,0301.00,1017,360510301001017,34,34,0,34,0,0,0,0
36,051,0301.00,1018,360510301001018,15,15,0,15,0,0,0,0
36,051,0301.00,1019,360510301001019,3,3,0,3,0,0,0,0
36,051,0301.00,1020,360510301001020,6,6,0,6,0,0,0,0
36,051,0301.00,1021,360510301001021,1,1,0,1,0,0,0,0
36,051,0301.00,1022,360510301001022,18,18,0,18,0,0,0,0
36,051,0301.00,1023,360510301001023,136,136,0,136,0,0,0,0
36,051,0301.00,1024,360510301001024,61,61,0,61,0,0,0,0
36,051,0301.00,1025,360510301001025,0,0,0,0,0,0,0,0
36,051,0301.00,1026,360510301001026,0,0,0,0,0,0,0,0
36,051,0301.00,1027,360510301001027,8,8,0,8,0,0,0,0
36,051,0301.00,1028,360510301001028,0,0,0,0,0,0,0,0
36,051,0301.00,1029,360510301001029,0,0,0,0,0,0,0,0
36,051,0301.00,1030,360510301001030,0,0,0,0,0,0,0,0
36,051,0301.00,1031,360510301001031,0,0,0,0,0,0,0,0
36,051,0301.00,1032,360510301001032,2,2,0,2,0,0,0,0
36,051,0301.00,1034,360510301001034,0,0,0,0,0,0,0,0
36,051,0301.00,1035,360510301001035,1,1,0,1,0,0,0,0
36,051,0301.00,1036,360510301001036,0,0,0,0,0,0,0,0
36,051,0301.00,1037,360510301001037,0,0,0,0,0,0,0,0
36,051,0301.00,1038,360510301001038,1,1,0,1,0,0,0,0
36,051,0301.00,1039,360510301001039,0,0,0,0,0,0,0,0
36,051,0301.00,1040,360510301001040,8,8,0,8,0,0,0,0
36,051,0301.00,1041,360510301001041,0,0,0,0,0,0,0,0
36,051,0301.00,1042,360510301001042,0,0,0,0,0,0,0,0
36,051,0301.00,1043,360510301001043,10,10,0,10,0,0,0,0
36,051,0301.00,1044,360510301001044,6,6,0,6,0,0,0,0
36,051,0301.00,1045,360510301001045,4,4,0,4,0,0,0,0
36,051,0301.00,1046,360510301001046,1,1,0,1,0,0,0,0
36,051,0301.00,1047,360510301001047,1,1,0,1,0,0,0,0
36,051,0301.00,1048,360510301001048,3,3,0,3,0,0,0,0
36,051,0301.00,1049,360510301001049,0,0,0,0,0,0,0,0
36,051,0301.00,1050,360510301001050,6,6,0,6,0,0,0,0
36,051,0301.00,1051,360510301001051,2,2,0,2,0,0,0,0
36,051,0301.00,1052,360510301001052,3,3,0,3,0,0,0,0
36,051,0301.00,1053,360510301001053,48,48,0,48,0,0,0,0
36,051,0301.00,1054,360510301001054,5,5,0,5,0,0,0,0
36,051,0301.00,1055,360510301001055,5,5,0,5,0,0,0,0
36,051,0301.00,1056,360510301001056,0,0,0,0,0,0,0,0
36,051,0301.00,1057,360510301001057,0,0,0,0,0,0,0,0
36,051,0301.00,1058,360510301001058,14,14,0,14,0,0,0,0
36,051,0301.00,1059,360510301001059,0,0,0,0,0,0,0,0
36,051,0301.00,1060,360510301001060,0,0,0,0,0,0,0,0
36,051,0301.00,1061,360510301001061,2,2,0,2,0,0,0,0
36,051,0301.00,1062,360510301001062,0,0,0,0,0,0,0,0
36,051,0301.00,1063,360510301001063,4,4,0,4,0,0,0,0
36,051,0301.00,1064,360510301001064,1,1,0,1,0,0,0,0
36,051,0301.00,1065,360510301001065,0,0,0,0,0,0,0,0
36,051,0301.00,1066,360510301001066,1,1,0,1,0,0,0,0
36,051,0301.00,1067,360510301001067,36,36,0,36,0,0,0,0
36,051,0301.00,1068,360510301001068,0,0,0,0,0,0,0,0
36,051,0301.00,1069,360510301001069,1,1,0,1,0,0,0,0
36,051,0301.00,1070,360510301001070,0,0,0,0,0,0,0,0
36,051,0301.00,1071,360510301001071,0,0,0,0,0,0,0,0
36,051,0301.00,1072,360510301001072,0,0,0,0,0,0,0,0
36,051,0301.00,1073,360510301001073,3,3,0,3,0,0,0,0
36,051,0301.00,1074,360510301001074,0,0,0,0,0,0,0,0
36,051,0301.00,1075,360510301001075,0,0,0,0,0,0,0,0
36,051,0301.00,1076,360510301001076,2,2,0,2,0,0,0,0
36,051,0301.00,1077,360510301001077,36,36,0,36,0,0,0,0
36,051,0301.00,1078,360510301001078,1,1,0,1,0,0,0,0
36,051,0301.00,1079,360510301001079,0,0,0,0,0,0,0,0
36,051,0301.00,1080,360510301001080,0,0,0,0,0,0,0,0
36,051,0301.00,1081,360510301001081,1,1,0,1,0,0,0,0
36,051,0301.00,2000,360510301002000,125,125,0,125,0,0,0,0
36,051,0301.00,2001,360510301002001,6,6,0,6,0,0,0,0
36,051,0301.00,2002,360510301002002,11,11,0,11,0,0,0,0
36,051,0301.00,2003,360510301002003,0,0,0,0,0,0,0,0
36,051,0301.00,2004,360510301002004,0,0,0,0,0,0,0,0
36,051,0301.00,2005,360510301002005,3,3,0,3,0,0,0,0
36,051,0301.00,2006,360510301002006,0,0,0,0,0,0,0,0
36,051,0301.00,2007,360510301002007,61,61,0,61,0,0,0,0
36,051,0301.00,2008,360510301002008,3,3,0,3,0,0,0,0
36,051,0301.00,2009,360510301002009,6,6,0,6,0,0,0,0
36,051,0301.00,2011,360510301002011,48,48,0,48,0,0,0,0
36,051,0301.00,2012,360510301002012,3,3,0,3,0,0,0,0
36,051,0301.00,2013,360510301002013,0,0,0,0,0,0,0,0
36,051,0301.00,2014,360510301002014,0,0,0,0,0,0,0,0
36,051,0301.00,2015,360510301002015,29,29,0,29,0,0,0,0
36,051,0301.00,2016,360510301002016,59,59,0,59,0,0,0,0
36,051,0301.00,2017,360510301002017,21,21,0,21,0,0,0,0
36,051,0301.00,2018,360510301002018,33,33,0,33,0,0,0,0
36,051,0301.00,2019,360510301002019,44,44,0,44,0,0,0,0
36,051,0301.00,2020,360510301002020,51,51,0,51,1,1,0,1
36,051,0301.00,2021,360510301002021,0,0,0,0,0,0,0,0
36,051,0301.00,2022,360510301002022,16,16,0,16,0,0,0,0
36,051,0301.00,2023,360510301002023,9,9,0,9,0,0,0,0
36,051,0301.00,2024,360510301002024,24,24,0,24,0,0,0,0
36,051,0301.00,2025,360510301002025,0,0,0,0,0,0,0,0
36,051,0301.00,2026,360510301002026,18,18,0,18,0,0,0,0
36,051,0301.00,2027,360510301002027,40,40,0,40,0,0,0,0
36,051,0301.00,2028,360510301002028,2,2,0,2,0,0,0,0
36,051,0301.00,2029,360510301002029,16,16,0,16,0,0,0,0
36,051,0301.00,2030,360510301002030,30,30,0,30,0,0,0,0
36,051,0301.00,2031,360510301002031,0,0,0,0,0,0,0,0
36,051,0301.00,2033,360510301002033,0,0,0,0,0,0,0,0
36,051,0301.00,2034,360510301002034,13,13,0,13,0,0,0,0
36,051,0301.00,2035,360510301002035,18,18,0,18,0,0,0,0
36,051,0301.00,2036,360510301002036,0,0,0,0,0,0,0,0
36,051,0301.00,2037,360510301002037,9,9,0,9,0,0,0,0
36,051,0301.00,2038,360510301002038,4,4,0,4,0,0,0,0
36,051,0301.00,3000,360510301003000,2,2,0,2,0,0,0,0
36,051,0301.00,3001,360510301003001,13,13,0,13,0,0,0,0
36,051,0301.00,3003,360510301003003,0,0,0,0,0,0,0,0
36,051,0301.00,3004,360510301003004,0,0,0,0,0,0,0,0
36,051,0301.00,3005,360510301003005,0,0,0,0,0,0,0,0
36,051,0301.00,3007,360510301003007,0,0,0,0,0,0,0,0
36,051,0301.00,3008,360510301003008,5,5,0,5,0,0,0,0
36,051,0301.00,3009,360510301003009,8,8,0,8,0,0,0,0
36,051,0301.00,3010,360510301003010,0,0,0,0,0,0,0,0
36,051,0301.00,3011,360510301003011,12,12,0,12,0,0,0,0
36,051,0301.00,3012,360510301003012,1,1,0,1,0,0,0,0
36,051,0301.00,3013,360510301003013,15,15,0,15,0,0,0,0
36,051,0301.00,3014,360510301003014,0,0,0,0,0,0,0,0
36,051,0301.00,3015,360510301003015,11,11,0,11,0,0,0,0
36,051,0301.00,3016,360510301003016,20,20,0,20,0,0,0,0
36,051,0301.00,3017,360510301003017,1,1,0,1,0,0,0,0
36,051,0301.00,3018,360510301003018,48,48,0,48,0,0,0,0
36,051,0301.00,3019,360510301003019,16,16,0,16,0,0,0,0
36,051,0301.00,3020,360510301003020,81,81,0,81,0,0,0,0
36,051,0301.00,3021,360510301003021,0,0,0,0,0,0,0,0
36,051,0301.00,3022,360510301003022,4,4,0,4,0,0,0,0
36,051,0301.00,3023,360510301003023,40,40,0,40,0,0,0,0
36,051,0301.00,3024,360510301003024,12,12,0,12,0,0,0,0
36,051,0301.00,3025,360510301003025,11,11,0,11,0,0,0,0
36,051,0301.00,3026,360510301003026,11,11,0,11,0,0,0,0
36,051,0301.00,3027,360510301003027,44,44,0,44,0,0,0,0
36,051,0301.00,3028,360510301003028,1,1,0,1,0,0,0,0
36,051,0301.00,3029,360510301003029,5,5,0,5,0,0,0,0
36,051,0301.00,3030,360510301003030,4,4,0,4,0,0,0,0
36,051,0301.00,3031,360510301003031,23,23,0,23,0,0,0,0
36,051,0301.00,3032,360510301003032,18,18,0,18,0,0,0,0
36,051,0301.00,3033,360510301003033,9,9,0,9,0,0,0,0
36,051,0301.00,3034,360510301003034,1,1,0,1,0,0,0,0
36,051,0301.00,3035,360510301003035,0,0,0,0,0,0,0,0
36,051,0301.00,3036,360510301003036,20,20,0,20,0,0,0,0
36,051,0301.00,3037,360510301003037,15,15,0,15,0,0,0,0
36,051,0301.00,3038,360510301003038,1,1,0,1,0,0,0,0
36,051,0301.00,3039,360510301003039,18,18,0,18,0,0,0,0
36,051,0301.00,3040,360510301003040,9,9,0,9,0,0,0,0
36,051,0301.00,3041,360510301003041,5,5,0,5,0,0,0,0
36,051,0301.00,3042,360510301003042,0,0,0,0,0,0,0,0
36,051,0301.00,3043,360510301003043,0,0,0,0,0,0,0,0
36,051,0301.00,3044,360510301003044,4,4,0,4,0,0,0,0
36,051,0301.00,3045,360510301003045,12,12,0,12,0,0,0,0
36,051,0301.00,3046,360510301003046,5,5,0,5,0,0,0,0
36,051,0301.00,3047,360510301003047,2,2,0,2,0,0,0,0
36,051,0301.00,3048,360510301003048,0,0,0,0,0,0,0,0
36,051,0301.00,3049,360510301003049,1,1,0,1,0,0,0,0
36,051,0301.00,3050,360510301003050,0,0,0,0,0,0,0,0
36,051,0301.00,3051,360510301003051,4,4,0,4,0,0,0,0
36,051,0301.00,3053,360510301003053,0,0,0,0,0,0,0,0
36,051,0301.00,3054,360510301003054,7,7,0,7,0,0,0,0
36,051,0301.00,3055,360510301003055,0,0,0,0,0,0,0,0
36,051,0302.01,1000,360510302011000,21,21,0,21,0,0,0,0
36,051,0302.01,1001,360510302011001,15,15,0,15,0,0,0,0
36,051,0302.01,1002,360510302011002,6,6,0,6,0,0,0,0
36,051,0302.01,1003,360510302011003,4,4,0,4,0,0,0,0
36,051,0302.01,1004,360510302011004,5,5,0,5,0,0,0,0
36,051,0302.01,1005,360510302011005,19,19,0,19,0,0,0,0
36,051,0302.01,1006,360510302011006,12,12,0,12,0,0,0,0
36,051,0302.01,1007,360510302011007,7,7,0,7,0,0,0,0
36,051,0302.01,1008,360510302011008,0,0,0,0,0,0,0,0
36,051,0302.01,1010,360510302011010,0,0,0,0,0,0,0,0
36,051,0302.01,1011,360510302011011,6,6,0,6,0,0,0,0
36,051,0302.01,1012,360510302011012,5,5,0,5,0,0,0,0
36,051,0302.01,1013,360510302011013,8,8,0,8,0,0,0,0
36,051,0302.01,1014,360510302011014,16,16,0,16,0,0,0,0
36,051,0302.01,1015,360510302011015,2,2,0,2,0,0,0,0
36,051,0302.01,1016,360510302011016,4,4,0,4,0,0,0,0
36,051,0302.01,1017,360510302011017,6,6,0,6,0,0,0,0
36,051,0302.01,1018,360510302011018,1,1,0,1,0,0,0,0
36,051,0302.01,1019,360510302011019,4,4,0,4,0,0,0,0
36,051,0302.01,1020,360510302011020,14,14,0,14,0,0,0,0
36,051,0302.01,1021,360510302011021,2,2,0,2,0,0,0,0
36,051,0302.01,1022,360510302011022,1,1,0,1,0,0,0,0
36,051,0302.01,1023,360510302011023,9,9,0,9,0,0,0,0
36,051,0302.01,1024,360510302011024,9,9,0,9,0,0,0,0
36,051,0302.01,1025,360510302011025,1,1,0,1,0,0,0,0
36,051,0302.01,1026,360510302011026,2,2,0,2,0,0,0,0
36,051,0302.01,1027,360510302011027,16,16,0,16,0,0,0,0
36,051,0302.01,1028,360510302011028,4,4,0,4,0,0,0,0
36,051,0302.01,1029,360510302011029,5,5,0,5,0,0,0,0
36,051,0302.01,1030,360510302011030,4,4,0,4,0,0,0,0
36,051,0302.01,1031,360510302011031,2,2,0,2,0,0,0,0
36,051,0302.01,1032,360510302011032,1,1,0,1,0,0,0,0
36,051,0302.01,1033,360510302011033,4,4,0,4,0,0,0,0
36,051,0302.01,1034,360510302011034,1,1,0,1,0,0,0,0
36,051,0302.01,1036,360510302011036,0,0,0,0,0,0,0,0
36,051,0302.01,1037,360510302011037,1,1,0,1,0,0,0,0
36,051,0302.01,1038,360510302011038,1,1,0,1,0,0,0,0
36,051,0302.01,1039,360510302011039,9,9,0,9,0,0,0,0
36,051,0302.01,1040,360510302011040,0,0,0,0,0,0,0,0
36,051,0302.01,1041,360510302011041,0,0,0,0,0,0,0,0
36,051,0302.01,1042,360510302011042,1,1,0,1,0,0,0,0
36,051,0302.01,1043,360510302011043,9,9,0,9,0,0,0,0
36,051,0302.01,1044,360510302011044,1,1,0,1,0,0,0,0
36,051,0302.01,1045,360510302011045,2,2,0,2,0,0,0,0
36,051,0302.01,1046,360510302011046,0,0,0,0,0,0,0,0
36,051,0302.01,1047,360510302011047,1,1,0,1,0,0,0,0
36,051,0302.01,1048,360510302011048,0,0,0,0,0,0,0,0
36,051,0302.01,1049,360510302011049,1,1,0,1,0,0,0,0
36,051,0302.01,1050,360510302011050,2,2,0,2,0,0,0,0
36,051,0302.01,1051,360510302011051,2,2,0,2,0,0,0,0
36,051,0302.01,1052,360510302011052,2,2,0,2,0,0,0,0
36,051,0302.01,1053,360510302011053,4,4,0,4,0,0,0,0
36,051,0302.01,1054,360510302011054,5,5,0,5,0,0,0,0
36,051,0302.01,1055,360510302011055,0,0,0,0,0,0,0,0
36,051,0302.01,1056,360510302011056,4,4,0,4,0,0,0,0
36,051,0302.01,1057,360510302011057,2,2,0,2,0,0,0,0
36,051,0302.01,1058,360510302011058,23,23,0,23,0,0,0,0
36,051,0302.01,1059,360510302011059,28,28,0,28,0,0,0,0
36,051,0302.01,1060,360510302011060,4,4,0,4,0,0,0,0
36,051,0302.01,1061,360510302011061,8,8,0,8,0,0,0,0
36,051,0302.01,1062,360510302011062,53,53,0,53,0,0,0,0
36,051,0302.01,1063,360510302011063,8,8,0,8,0,0,0,0
36,051,0302.01,1064,360510302011064,15,15,0,15,0,0,0,0
36,051,0302.01,1065,360510302011065,0,0,0,0,0,0,0,0
36,051,0302.01,1066,360510302011066,0,0,0,0,0,0,0,0
36,051,0302.01,1067,360510302011067,1,1,0,1,0,0,0,0
36,051,0302.01,1068,360510302011068,2,2,0,2,0,0,0,0
36,051,0302.01,1069,360510302011069,0,0,0,0,0,0,0,0
36,051,0302.01,1070,360510302011070,0,0,0,0,0,0,0,0
36,051,0302.01,1071,360510302011071,0,0,0,0,0,0,0,0
36,051,0302.01,1072,360510302011072,0,0,0,0,0,0,0,0
36,051,0302.01,1073,360510302011073,6,6,0,6,0,0,0,0
36,051,0302.01,1074,360510302011074,1,1,0,1,0,0,0,0
36,051,0302.01,1075,360510302011075,4,4,0,4,0,0,0,0
36,051,0302.01,1076,360510302011076,3,3,0,3,0,0,0,0
36,051,0302.01,1078,360510302011078,0,0,0,0,0,0,0,0
36,051,0302.01,1079,360510302011079,1,1,0,1,0,0,0,0
36,051,0302.01,1080,360510302011080,0,0,0,0,0,0,0,0
36,051,0302.01,1081,360510302011081,0,0,0,0,0,0,0,0
36,051,0302.01,1082,360510302011082,0,0,0,0,0,0,0,0
36,051,0302.01,1083,360510302011083,22,22,0,22,0,0,0,0
36,051,0302.01,1084,360510302011084,0,0,0,0,0,0,0,0
36,051,0302.01,1085,360510302011085,0,0,0,0,0,0,0,0
36,051,0302.01,1086,360510302011086,0,0,0,0,0,0,0,0
36,051,0302.01,1087,360510302011087,4,4,0,4,0,0,0,0
36,051,0302.01,1088,360510302011088,0,0,0,0,0,0,0,0
36,051,0302.01,1089,360510302011089,3,3,0,3,0,0,0,0
36,051,0302.01,1090,360510302011090,11,11,0,11,0,0,0,0
36,051,0302.01,1091,360510302011091,0,0,0,0,0,0,0,0
36,051,0302.01,1092,360510302011092,0,0,0,0,0,0,0,0
36,051,0302.01,1093,360510302011093,1,1,0,1,0,0,0,0
36,051,0302.01,1094,360510302011094,1,1,0,1,0,0,0,0
36,051,0302.01,1095,360510302011095,3,3,0,3,0,0,0,0
36,051,0302.01,1096,360510302011096,2,2,0,2,0,0,0,0
36,051,0302.01,1097,360510302011097,4,4,0,4,0,0,0,0
36,051,0302.01,1098,360510302011098,11,11,0,11,0,0,0,0
36,051,0302.01,1099,360510302011099,0,0,0,0,0,0,0,0
36,051,0302.01,1100,360510302011100,12,12,0,12,0,0,0,0
36,051,0302.01,1101,360510302011101,7,7,0,7,0,0,0,0
36,051,0302.01,1102,360510302011102,15,15,0,15,0,0,0,0
36,051,0302.01,1103,360510302011103,0,0,0,0,0,0,0,0
36,051,0302.01,1104,360510302011104,13,13,0,13,0,0,0,0
36,051,0302.01,1105,360510302011105,0,0,0,0,0,0,0,0
36,051,0302.01,1106,360510302011106,1,1,0,1,0,0,0,0
36,051,0302.01,1107,360510302011107,21,21,0,21,0,0,0,0
36,051,0302.01,1108,360510302011108,8,8,0,8,0,0,0,0
36,051,0302.01,1109,360510302011109,8,8,0,8,0,0,0,0
36,051,0302.01,1110,360510302011110,7,7,0,7,0,0,0,0
36,051,0302.01,1111,360510302011111,4,4,0,4,0,0,0,0
36,051,0302.01,1112,360510302011112,21,21,0,21,0,0,0,0
36,051,0302.01,1113,360510302011113,7,7,0,7,0,0,0,0
36,051,0302.01,1114,360510302011114,1,1,0,1,0,0,0,0
36,051,0302.01,1115,360510302011115,1,1,0,1,0,0,0,0
36,051,0302.01,1116,360510302011116,6,6,0,6,0,0,0,0
36,051,0302.01,1118,360510302011118,2,2,0,2,0,0,0,0
36,051,0302.01,1119,360510302011119,1,1,0,1,0,0,0,0
36,051,0302.01,1120,360510302011120,0,0,0,0,0,0,0,0
36,051,0302.01,1121,360510302011121,1,1,0,1,0,0,0,0
36,051,0302.01,1122,360510302011122,0,0,0,0,0,0,0,0
36,051,0302.01,1123,360510302011123,2,2,0,2,0,0,0,0
36,051,0302.01,1124,360510302011124,2,2,0,2,0,0,0,0
36,051,0302.01,1125,360510302011125,6,6,0,6,0,0,0,0
36,051,0302.01,1126,360510302011126,0,0,0,0,0,0,0,0
36,051,0302.01,1127,360510302011127,0,0,0,0,0,0,0,0
36,051,0302.01,2000,360510302012000,0,0,0,0,0,0,0,0
36,051,0302.01,2001,360510302012001,2,2,0,2,0,0,0,0
36,051,0302.01,2002,360510302012002,0,0,0,0,0,0,0,0
36,051,0302.01,2003,360510302012003,1,1,0,1,0,0,0,0
36,051,0302.01,2004,360510302012004,6,6,0,6,0,0,0,0
36,051,0302.01,2005,360510302012005,3,3,0,3,0,0,0,0
36,051,0302.01,2006,360510302012006,0,0,0,0,0,0,0,0
36,051,0302.01,2007,360510302012007,3,3,0,3,0,0,0,0
36,051,0302.01,2008,360510302012008,2,2,0,2,0,0,0,0
36,051,0302.01,2009,360510302012009,1,1,0,1,0,0,0,0
36,051,0302.01,2010,360510302012010,8,8,0,8,0,0,0,0
36,051,0302.01,2011,360510302012011,0,0,0,0,0,0,0,0
36,051,0302.01,2012,360510302012012,14,14,0,14,0,0,0,0
36,051,0302.01,2013,360510302012013,2,2,0,2,0,0,0,0
36,051,0302.01,2014,360510302012014,9,9,0,9,0,0,0,0
36,051,0302.01,2016,360510302012016,0,0,0,0,0,0,0,0
36,051,0302.01,2017,360510302012017,0,0,0,0,0,0,0,0
36,051,0302.01,2018,360510302012018,5,5,0,5,0,0,0,0
36,051,0302.01,2019,360510302012019,15,15,0,15,0,0,0,0
36,051,0302.01,2020,360510302012020,2,2,0,2,0,0,0,0
36,051,0302.01,2021,360510302012021,4,4,0,4,0,0,0,0
36,051,0302.01,2022,360510302012022,3,3,0,3,0,0,0,0
36,051,0302.01,2023,360510302012023,1,1,0,1,0,0,0,0
36,051,0302.01,2024,360510302012024,4,4,0,4,0,0,0,0
36,051,0302.01,2025,360510302012025,1,1,0,1,0,0,0,0
36,051,0302.01,2026,360510302012026,1,1,0,1,0,0,0,0
36,051,0302.01,2027,360510302012027,0,0,0,0,0,0,0,0
36,051,0302.01,2028,360510302012028,0,0,0,0,0,0,0,0
36,051,0302.01,2029,360510302012029,8,8,0,8,0,0,0,0
36,051,0302.01,2031,360510302012031,2,2,0,2,0,0,0,0
36,051,0302.01,2032,360510302012032,4,4,0,4,0,0,0,0
36,051,0302.01,2033,360510302012033,1,1,0,1,0,0,0,0
36,051,0302.01,2034,360510302012034,4,4,0,4,0,0,0,0
36,051,0302.01,2035,360510302012035,3,3,0,3,0,0,0,0
36,051,0302.01,2036,360510302012036,0,0,0,0,0,0,0,0
36,051,0302.01,2037,360510302012037,18,18,0,18,0,0,0,0
36,051,0302.01,2039,360510302012039,2,2,0,2,0,0,0,0
36,051,0302.01,2040,360510302012040,5,5,0,5,0,0,0,0
36,051,0302.01,2041,360510302012041,0,0,0,0,0,0,0,0
36,051,0302.01,2042,360510302012042,4,4,0,4,0,0,0,0
36,051,0302.01,2044,360510302012044,1,1,0,1,0,0,0,0
36,051,0302.01,2045,360510302012045,5,5,0,5,0,0,0,0
36,051,0302.01,2046,360510302012046,0,0,0,0,0,0,0,0
36,051,0302.01,2047,360510302012047,0,0,0,0,0,0,0,0
36,051,0302.01,2048,360510302012048,0,0,0,0,0,0,0,0
36,051,0302.01,2049,360510302012049,13,13,0,13,0,0,0,0
36,051,0302.01,2050,360510302012050,5,5,0,5,0,0,0,0
36,051,0302.01,2051,360510302012051,2,2,0,2,0,0,0,0
36,051,0302.01,2052,360510302012052,13,13,0,13,0,0,0,0
36,051,0302.01,2053,360510302012053,17,17,0,17,0,0,0,0
36,051,0302.01,2054,360510302012054,21,21,0,21,0,0,0,0
36,051,0302.01,2055,360510302012055,6,6,0,6,0,0,0,0
36,051,0302.01,2056,360510302012056,3,3,0,3,0,0,0,0
36,051,0302.01,2057,360510302012057,3,3,0,3,0,0,0,0
36,051,0302.01,2058,360510302012058,3,3,0,3,0,0,0,0
36,051,0302.01,2059,360510302012059,0,0,0,0,0,0,0,0
36,051,0302.01,2060,360510302012060,5,5,0,5,0,0,0,0
36,051,0302.01,2061,360510302012061,0,0,0,0,0,0,0,0
36,051,0302.01,2062,360510302012062,9,9,0,9,0,0,0,0
36,051,0302.01,2063,360510302012063,6,6,0,6,0,0,0,0
36,051,0302.01,2064,360510302012064,11,11,0,11,0,0,0,0
36,051,0302.01,2065,360510302012065,3,3,0,3,0,0,0,0
36,051,0302.01,2066,360510302012066,3,3,0,3,0,0,0,0
36,051,0302.01,2067,360510302012067,3,3,0,3,0,0,0,0
36,051,0302.01,2068,360510302012068,3,3,0,3,0,0,0,0
36,051,0302.01,2069,360510302012069,5,5,0,5,0,0,0,0
36,051,0302.01,2070,360510302012070,57,57,0,57,0,0,0,0
36,051,0302.01,2071,360510302012071,20,20,0,20,0,0,0,0
36,051,0302.01,2072,360510302012072,15,15,0,15,0,0,0,0
36,051,0302.01,2073,360510302012073,1,1,0,1,0,0,0,0
36,051,0302.01,2074,360510302012074,1,1,0,1,0,0,0,0
36,051,0302.01,2075,360510302012075,1,1,0,1,0,0,0,0
36,051,0302.01,2076,360510302012076,0,0,0,0,0,0,0,0
36,051,0302.01,2077,360510302012077,7,7,0,7,0,0,0,0
36,051,0302.01,2078,360510302012078,0,0,0,0,0,0,0,0
36,051,0302.01,2079,360510302012079,3,3,0,3,0,0,0,0
36,051,0302.01,2080,360510302012080,3,3,0,3,0,0,0,0
36,051,0302.01,2081,360510302012081,13,13,0,13,0,0,0,0
36,051,0302.01,2082,360510302012082,0,0,0,0,0,0,0,0
36,051,0302.01,2083,360510302012083,3,3,0,3,0,0,0,0
36,051,0302.01,2084,360510302012084,6,6,0,6,0,0,0,0
36,051,0302.01,2085,360510302012085,0,0,0,0,1,1,0,1
36,051,0302.01,2088,360510302012088,0,0,0,0,0,0,0,0
36,051,0302.01,2089,360510302012089,0,0,0,0,0,0,0,0
36,051,0302.01,2091,360510302012091,0,0,0,0,0,0,0,0
36,051,0302.01,2092,360510302012092,0,0,0,0,0,0,0,0
36,051,0302.01,2093,360510302012093,0,0,0,0,0,0,0,0
36,051,0302.01,2094,360510302012094,0,0,0,0,0,0,0,0
36,051,0302.01,2095,360510302012095,0,0,0,0,0,0,0,0
36,051,0302.01,2096,360510302012096,0,0,0,0,0,0,0,0
36,051,0302.01,2097,360510302012097,0,0,0,0,0,0,0,0
36,051,0302.01,2098,360510302012098,0,0,0,0,0,0,0,0
36,051,0302.01,2099,360510302012099,0,0,0,0,0,0,0,0
36,051,0302.01,2100,360510302012100,0,0,0,0,0,0,0,0
36,051,0302.01,2101,360510302012101,0,0,0,0,0,0,0,0
36,051,0302.01,2102,360510302012102,2,2,0,2,0,0,0,0
36,051,0302.01,2103,360510302012103,29,29,0,29,0,0,0,0
36,051,0302.01,2104,360510302012104,1,1,0,1,0,0,0,0
36,051,0302.01,2105,360510302012105,4,4,0,4,0,0,0,0
36,051,0302.01,2106,360510302012106,10,10,0,10,0,0,0,0
36,051,0302.01,2108,360510302012108,7,7,0,7,0,0,0,0
36,051,0302.01,2109,360510302012109,7,7,0,7,0,0,0,0
36,051,0302.01,2110,360510302012110,11,11,0,11,0,0,0,0
36,051,0302.01,2111,360510302012111,18,18,0,18,0,0,0,0
36,051,0302.01,2112,360510302012112,49,49,0,49,1,1,0,1
36,051,0302.01,2113,360510302012113,20,20,0,20,0,0,0,0
36,051,0302.01,2114,360510302012114,0,0,0,0,0,0,0,0
36,051,0302.01,2116,360510302012116,1,1,0,1,0,0,0,0
36,051,0302.01,2117,360510302012117,3,3,0,3,0,0,0,0
36,051,0302.01,2118,360510302012118,0,0,0,0,0,0,0,0
36,051,0302.01,2119,360510302012119,4,4,0,4,0,0,0,0
36,051,0302.01,2120,360510302012120,13,13,0,13,0,0,0,0
36,051,0302.01,2121,360510302012121,4,4,0,4,0,0,0,0
36,051,0302.01,2122,360510302012122,8,8,0,8,0,0,0,0
36,051,0302.01,2123,360510302012123,10,10,0,10,0,0,0,0
36,051,0302.01,2124,360510302012124,10,10,0,10,0,0,0,0
36,051,0302.01,2125,360510302012125,0,0,0,0,0,0,0,0
36,051,0302.01,2126,360510302012126,0,0,0,0,0,0,0,0
36,051,0302.01,2127,360510302012127,3,3,0,3,0,0,0,0
36,051,0302.01,2129,360510302012129,21,21,0,21,0,0,0,0
36,051,0302.01,2130,360510302012130,0,0,0,0,0,0,0,0
36,051,0302.01,2131,360510302012131,0,0,0,0,0,0,0,0
36,051,0302.01,2132,360510302012132,0,0,0,0,0,0,0,0
36,051,0302.01,2133,360510302012133,0,0,0,0,0,0,0,0
36,051,0302.01,2134,360510302012134,0,0,0,0,0,0,0,0
36,051,0302.01,2135,360510302012135,0,0,0,0,0,0,0,0
36,051,0302.01,2136,360510302012136,11,11,0,11,0,0,0,0
36,051,0302.01,2137,360510302012137,12,12,0,12,0,0,0,0
36,051,0302.01,2139,360510302012139,0,0,0,0,0,0,0,0
36,051,0302.01,2141,360510302012141,4,4,0,4,0,0,0,0
36,051,0302.01,2142,360510302012142,3,3,0,3,0,0,0,0
36,051,0302.01,2143,360510302012143,0,0,0,0,0,0,0,0
36,051,0302.01,2144,360510302012144,0,0,0,0,0,0,0,0
36,051,0302.01,2145,360510302012145,27,27,0,27,0,0,0,0
36,051,0302.01,2147,360510302012147,3,3,0,3,0,0,0,0
36,051,0302.01,2148,360510302012148,9,9,0,9,0,0,0,0
36,051,0302.01,2149,360510302012149,16,16,0,16,0,0,0,0
36,051,0302.01,2150,360510302012150,10,10,0,10,0,0,0,0
36,051,0302.01,2151,360510302012151,4,4,0,4,0,0,0,0
36,051,0302.01,2152,360510302012152,13,13,0,13,0,0,0,0
36,051,0302.01,2153,360510302012153,4,4,0,4,0,0,0,0
36,051,0302.01,2154,360510302012154,11,11,0,11,0,0,0,0
36,051,0302.01,2155,360510302012155,2,2,0,2,0,0,0,0
36,051,0302.01,2156,360510302012156,0,0,0,0,0,0,0,0
36,051,0302.01,3000,360510302013000,8,8,0,8,0,0,0,0
36,051,0302.01,3001,360510302013001,2,2,0,2,0,0,0,0
36,051,0302.01,3002,360510302013002,2,2,0,2,0,0,0,0
36,051,0302.01,3003,360510302013003,11,11,0,11,0,0,0,0
36,051,0302.01,3004,360510302013004,2,2,0,2,0,0,0,0
36,051,0302.01,3005,360510302013005,1,1,0,1,0,0,0,0
36,051,0302.01,3006,360510302013006,1,1,0,1,0,0,0,0
36,051,0302.01,3007,360510302013007,1,1,0,1,0,0,0,0
36,051,0302.01,3008,360510302013008,6,6,0,6,0,0,0,0
36,051,0302.01,3009,360510302013009,2,2,0,2,0,0,0,0
36,051,0302.01,3010,360510302013010,2,2,0,2,0,0,0,0
36,051,0302.01,3011,360510302013011,9,9,0,9,0,0,0,0
36,051,0302.01,3012,360510302013012,1,1,0,1,0,0,0,0
36,051,0302.01,3013,360510302013013,12,12,0,12,0,0,0,0
36,051,0302.01,3014,360510302013014,2,2,0,2,0,0,0,0
36,051,0302.01,3015,360510302013015,1,1,0,1,0,0,0,0
36,051,0302.01,3016,360510302013016,0,0,0,0,0,0,0,0
36,051,0302.01,3017,360510302013017,7,7,0,7,0,0,0,0
36,051,0302.01,3018,360510302013018,4,4,0,4,0,0,0,0
36,051,0302.01,3019,360510302013019,1,1,0,1,0,0,0,0
36,051,0302.01,3020,360510302013020,0,0,0,0,0,0,0,0
36,051,0302.01,3021,360510302013021,0,0,0,0,0,0,0,0
36,051,0302.01,3022,360510302013022,6,6,0,6,0,0,0,0
36,051,0302.01,3023,360510302013023,3,3,0,3,0,0,0,0
36,051,0302.01,3024,360510302013024,2,2,0,2,0,0,0,0
36,051,0302.01,3025,360510302013025,1,1,0,1,0,0,0,0
36,051,0302.01,3027,360510302013027,0,0,0,0,0,0,0,0
36,051,0302.01,3028,360510302013028,1,1,0,1,0,0,0,0
36,051,0302.01,3029,360510302013029,1,1,0,1,0,0,0,0
36,051,0302.01,3030,360510302013030,1,1,0,1,0,0,0,0
36,051,0302.01,3031,360510302013031,1,1,0,1,0,0,0,0
36,051,0302.01,3032,360510302013032,8,8,0,8,0,0,0,0
36,051,0302.01,3033,360510302013033,15,15,0,15,0,0,0,0
36,051,0302.01,3034,360510302013034,2,2,0,2,0,0,0,0
36,051,0302.01,3035,360510302013035,9,9,0,9,0,0,0,0
36,051,0302.01,3036,360510302013036,1,1,0,1,0,0,0,0
36,051,0302.01,3037,360510302013037,2,2,0,2,0,0,0,0
36,051,0302.01,3038,360510302013038,3,3,0,3,0,0,0,0
36,051,0302.01,3039,360510302013039,3,3,0,3,0,0,0,0
36,051,0302.01,3040,360510302013040,8,8,0,8,0,0,0,0
36,051,0302.01,3041,360510302013041,0,0,0,0,0,0,0,0
36,051,0302.01,3042,360510302013042,1,1,0,1,0,0,0,0
36,051,0302.01,3043,360510302013043,3,3,0,3,0,0,0,0
36,051,0302.01,3044,360510302013044,0,0,0,0,0,0,0,0
36,051,0302.01,3045,360510302013045,0,0,0,0,0,0,0,0
36,051,0302.01,3046,360510302013046,2,2,0,2,0,0,0,0
36,051,0302.01,3047,360510302013047,7,7,0,7,0,0,0,0
36,051,0302.01,3048,360510302013048,6,6,0,6,0,0,0,0
36,051,0302.01,3049,360510302013049,5,5,0,5,0,0,0,0
36,051,0302.01,3050,360510302013050,4,4,0,4,0,0,0,0
36,051,0302.01,3051,360510302013051,11,11,0,11,0,0,0,0
36,051,0302.01,3052,360510302013052,4,4,0,4,0,0,0,0
36,051,0302.01,3054,360510302013054,4,4,0,4,0,0,0,0
36,051,0302.01,3055,360510302013055,11,11,0,11,0,0,0,0
36,051,0302.01,3056,360510302013056,3,3,0,3,0,0,0,0
36,051,0302.01,3057,360510302013057,10,10,0,10,0,0,0,0
36,051,0302.01,3058,360510302013058,8,8,0,8,0,0,0,0
36,051,0302.01,3059,360510302013059,342,342,0,342,1,1,0,1
36,051,0302.01,3060,360510302013060,26,26,0,26,0,0,0,0
36,051,0302.01,3061,360510302013061,0,0,0,0,0,0,0,0
36,051,0302.01,3062,360510302013062,44,44,0,44,0,0,0,0
36,051,0302.01,3063,360510302013063,0,0,0,0,0,0,0,0
36,051,0302.01,3064,360510302013064,0,0,0,0,0,0,0,0
36,051,0302.02,1000,360510302021000,19,19,0,19,0,0,0,0
36,051,0302.02,1001,360510302021001,1,1,0,1,0,0,0,0
36,051,0302.02,1002,360510302021002,53,53,0,53,0,0,0,0
36,051,0302.02,1003,360510302021003,31,31,0,31,0,0,0,0
36,051,0302.02,1004,360510302021004,0,0,0,0,0,0,0,0
36,051,0302.02,1005,360510302021005,0,0,0,0,0,0,0,0
36,051,0302.02,1006,360510302021006,26,26,0,26,0,0,0,0
36,051,0302.02,1007,360510302021007,33,33,0,33,0,0,0,0
36,051,0302.02,1008,360510302021008,0,0,0,0,0,0,0,0
36,051,0302.02,1009,360510302021009,58,58,0,58,0,0,0,0
36,051,0302.02,1010,360510302021010,79,79,0,79,0,0,0,0
36,051,0302.02,1011,360510302021011,0,0,0,0,0,0,0,0
36,051,0302.02,1012,360510302021012,40,40,0,40,0,0,0,0
36,051,0302.02,1013,360510302021013,44,44,0,44,0,0,0,0
36,051,0302.02,1014,360510302021014,8,8,0,8,0,0,0,0
36,051,0302.02,1015,360510302021015,6,6,0,6,0,0,0,0
36,051,0302.02,1016,360510302021016,0,0,0,0,0,0,0,0
36,051,0302.02,1017,360510302021017,0,0,0,0,0,0,0,0
36,051,0302.02,1018,360510302021018,0,0,0,0,0,0,0,0
36,051,0302.02,1019,360510302021019,41,41,0,41,0,0,0,0
36,051,0302.02,1020,360510302021020,45,45,0,45,0,0,0,0
36,051,0302.02,1021,360510302021021,16,16,0,16,0,0,0,0
36,051,0302.02,1022,360510302021022,5,5,0,5,0,0,0,0
36,051,0302.02,1023,360510302021023,32,32,0,32,0,0,0,0
36,051,0302.02,1024,360510302021024,6,6,0,6,0,0,0,0
36,051,0302.02,1025,360510302021025,0,0,0,0,0,0,0,0
36,051,0302.02,1026,360510302021026,5,5,0,5,0,0,0,0
36,051,0302.02,1027,360510302021027,11,11,0,11,0,0,0,0
36,051,0302.02,1028,360510302021028,19,19,0,19,0,0,0,0
36,051,0302.02,1029,360510302021029,0,0,0,0,0,0,0,0
36,051,0302.02,1030,360510302021030,44,44,0,44,0,0,0,0
36,051,0302.02,1031,360510302021031,23,23,0,23,0,0,0,0
36,051,0302.02,1032,360510302021032,3,3,0,3,0,0,0,0
36,051,0302.02,1033,360510302021033,7,7,0,7,0,0,0,0
36,051,0302.02,1034,360510302021034,6,6,0,6,0,0,0,0
36,051,0302.02,1035,360510302021035,11,11,0,11,0,0,0,0
36,051,0302.02,1036,360510302021036,27,27,0,27,0,0,0,0
36,051,0302.02,1037,360510302021037,27,27,0,27,0,0,0,0
36,051,0302.02,1038,360510302021038,13,13,0,13,0,0,0,0
36,051,0302.02,1039,360510302021039,37,37,0,37,0,0,0,0
36,051,0302.02,1040,360510302021040,8,8,0,8,0,0,0,0
36,051,0302.02,1041,360510302021041,6,6,0,6,0,0,0,0
36,051,0302.02,1042,360510302021042,1,1,0,1,0,0,0,0
36,051,0302.02,1043,360510302021043,22,22,0,22,0,0,0,0
36,051,0302.02,1044,360510302021044,12,12,0,12,0,0,0,0
36,051,0302.02,1045,360510302021045,6,6,0,6,0,0,0,0
36,051,0302.02,1046,360510302021046,11,11,0,11,0,0,0,0
36,051,0302.02,1047,360510302021047,5,5,0,5,0,0,0,0
36,051,0302.02,1048,360510302021048,1,1,0,1,0,0,0,0
36,051,0302.02,1049,360510302021049,15,15,0,15,0,0,0,0
36,051,0302.02,1050,360510302021050,0,0,0,0,0,0,0,0
36,051,0302.02,1051,360510302021051,0,0,0,0,0,0,0,0
36,051,0302.02,1052,360510302021052,2,2,0,2,0,0,0,0
36,051,0302.02,1053,360510302021053,3,3,0,3,0,0,0,0
36,051,0302.02,1054,360510302021054,6,6,0,6,0,0,0,0
36,051,0302.02,1055,360510302021055,13,13,0,13,0,0,0,0
36,051,0302.02,1056,360510302021056,2,2,0,2,0,0,0,0
36,051,0302.02,1057,360510302021057,4,4,0,4,0,0,0,0
36,051,0302.02,1058,360510302021058,4,4,0,4,0,0,0,0
36,051,0302.02,1059,360510302021059,0,0,0,0,0,0,0,0
36,051,0302.02,1060,360510302021060,4,4,0,4,0,0,0,0
36,051,0302.02,1061,360510302021061,0,0,0,0,0,0,0,0
36,051,0302.02,1062,360510302021062,3,3,0,3,0,0,0,0
36,051,0302.02,1064,360510302021064,0,0,0,0,0,0,0,0
36,051,0302.02,1065,360510302021065,0,0,0,0,0,0,0,0
36,051,0302.02,1066,360510302021066,0,0,0,0,0,0,0,0
36,051,0302.02,1067,360510302021067,22,22,0,22,0,0,0,0
36,051,0302.02,1068,360510302021068,17,17,0,17,0,0,0,0
36,051,0302.02,1069,360510302021069,0,0,0,0,0,0,0,0
36,051,0302.02,1070,360510302021070,0,0,0,0,0,0,0,0
36,051,0302.02,1071,360510302021071,0,0,0,0,0,0,0,0
36,051,0302.02,1072,360510302021072,0,0,0,0,0,0,0,0
36,051,0302.02,1073,360510302021073,0,0,0,0,0,0,0,0
36,051,0302.02,1074,360510302021074,1,1,0,1,0,0,0,0
36,051,0302.02,1076,360510302021076,0,0,0,0,0,0,0,0
36,051,0302.02,1078,360510302021078,0,0,0,0,0,0,0,0
36,051,0302.02,1080,360510302021080,0,0,0,0,0,0,0,0
36,051,0302.02,1081,360510302021081,5,5,0,5,0,0,0,0
36,051,0302.02,1082,360510302021082,0,0,0,0,0,0,0,0
36,051,0302.02,1083,360510302021083,0,0,0,0,0,0,0,0
36,051,0302.02,1084,360510302021084,0,0,0,0,0,0,0,0
36,051,0302.02,1085,360510302021085,1,1,0,1,0,0,0,0
36,051,0302.02,1086,360510302021086,18,18,0,18,0,0,0,0
36,051,0302.02,1087,360510302021087,4,4,0,4,0,0,0,0
36,051,0302.02,1088,360510302021088,18,18,0,18,0,0,0,0
36,051,0302.02,1089,360510302021089,2,2,0,2,0,0,0,0
36,051,0302.02,1090,360510302021090,7,7,0,7,0,0,0,0
36,051,0302.02,1092,360510302021092,0,0,0,0,0,0,0,0
36,051,0302.02,1093,360510302021093,1,1,0,1,0,0,0,0
36,051,0302.02,2000,360510302022000,0,0,0,0,0,0,0,0
36,051,0302.02,2001,360510302022001,3,3,0,3,0,0,0,0
36,051,0302.02,2002,360510302022002,0,0,0,0,0,0,0,0
36,051,0302.02,2003,360510302022003,0,0,0,0,0,0,0,0
36,051,0302.02,2004,360510302022004,0,0,0,0,0,0,0,0
36,051,0302.02,2005,360510302022005,4,4,0,4,0,0,0,0
36,051,0302.02,2006,360510302022006,5,5,0,5,0,0,0,0
36,051,0302.02,2007,360510302022007,14,14,0,14,0,0,0,0
36,051,0302.02,2008,360510302022008,0,0,0,0,0,0,0,0
36,051,0302.02,2009,360510302022009,41,41,0,41,0,0,0,0
36,051,0302.02,2010,360510302022010,18,18,0,18,0,0,0,0
36,051,0302.02,2011,360510302022011,11,11,0,11,0,0,0,0
36,051,0302.02,2012,360510302022012,3,3,0,3,0,0,0,0
36,051,0302.02,2014,360510302022014,5,5,0,5,0,0,0,0
36,051,0302.02,2015,360510302022015,4,4,0,4,0,0,0,0
36,051,0302.02,2016,360510302022016,9,9,0,9,0,0,0,0
36,051,0302.02,2017,360510302022017,1,1,0,1,0,0,0,0
36,051,0302.02,2018,360510302022018,0,0,0,0,0,0,0,0
36,051,0302.02,2019,360510302022019,0,0,0,0,0,0,0,0
36,051,0302.02,2020,360510302022020,14,14,0,14,0,0,0,0
36,051,0302.02,2021,360510302022021,7,7,0,7,0,0,0,0
36,051,0302.02,2022,360510302022022,1,1,0,1,0,0,0,0
36,051,0302.02,2023,360510302022023,4,4,0,4,0,0,0,0
36,051,0302.02,2024,360510302022024,16,16,0,16,0,0,0,0
36,051,0302.02,2025,360510302022025,6,6,0,6,0,0,0,0
36,051,0302.02,2026,360510302022026,20,20,0,20,0,0,0,0
36,051,0302.02,2027,360510302022027,9,9,0,9,0,0,0,0
36,051,0302.02,2028,360510302022028,12,12,0,12,0,0,0,0
36,051,0302.02,2029,360510302022029,12,12,0,12,0,0,0,0
36,051,0302.02,2030,360510302022030,1,1,0,1,0,0,0,0
36,051,0302.02,2032,360510302022032,82,82,0,82,0,0,0,0
36,051,0302.02,2033,360510302022033,7,7,0,7,0,0,0,0
36,051,0302.02,2035,360510302022035,15,15,0,15,0,0,0,0
36,051,0302.02,2037,360510302022037,12,12,0,12,0,0,0,0
36,051,0302.02,2038,360510302022038,0,0,0,0,0,0,0,0
36,051,0302.02,2039,360510302022039,192,192,0,192,0,0,0,0
36,051,0302.02,2040,360510302022040,8,8,0,8,0,0,0,0
36,051,0302.02,2041,360510302022041,0,0,0,0,0,0,0,0
36,051,0302.02,2042,360510302022042,42,42,0,42,0,0,0,0
36,051,0302.02,2043,360510302022043,0,0,0,0,0,0,0,0
36,051,0302.02,2044,360510302022044,0,0,0,0,0,0,0,0
36,051,0302.02,2045,360510302022045,28,28,0,28,0,0,0,0
36,051,0302.02,2046,360510302022046,0,0,0,0,0,0,0,0
36,051,0302.02,2047,360510302022047,0,0,0,0,0,0,0,0
36,051,0302.02,2048,360510302022048,10,10,0,10,0,0,0,0
36,051,0302.02,2049,360510302022049,5,5,0,5,0,0,0,0
36,051,0302.02,2050,360510302022050,0,0,0,0,0,0,0,0
36,051,0302.02,2051,360510302022051,13,13,0,13,0,0,0,0
36,051,0302.02,2052,360510302022052,23,23,0,23,0,0,0,0
36,051,0302.02,2053,360510302022053,41,41,0,41,0,0,0,0
36,051,0302.02,2054,360510302022054,8,8,0,8,0,0,0,0
36,051,0302.02,2055,360510302022055,8,8,0,8,0,0,0,0
36,051,0302.02,2056,360510302022056,5,5,0,5,0,0,0,0
36,051,0302.02,2058,360510302022058,40,40,0,40,0,0,0,0
36,051,0302.02,2060,360510302022060,65,65,0,65,0,0,0,0
36,051,0302.02,2061,360510302022061,0,0,0,0,0,0,0,0
36,051,0302.02,2062,360510302022062,22,22,0,22,0,0,0,0
36,051,0302.02,2063,360510302022063,14,14,0,14,0,0,0,0
36,051,0302.02,2064,360510302022064,0,0,0,0,0,0,0,0
36,051,0302.02,2065,360510302022065,0,0,0,0,0,0,0,0
36,051,0302.02,2066,360510302022066,14,14,0,14,0,0,0,0
36,051,0302.02,2067,360510302022067,24,24,0,24,0,0,0,0
36,051,0302.02,2068,360510302022068,1,1,0,1,0,0,0,0
36,051,0302.02,2069,360510302022069,0,0,0,0,0,0,0,0
36,051,0302.02,2070,360510302022070,1,1,0,1,0,0,0,0
36,051,0302.02,2071,360510302022071,4,4,0,4,0,0,0,0
36,051,0302.02,2072,360510302022072,0,0,0,0,0,0,0,0
36,051,0302.02,2074,360510302022074,3,3,0,3,0,0,0,0
36,051,0302.02,2076,360510302022076,0,0,0,0,0,0,0,0
36,051,0302.02,2077,360510302022077,0,0,0,0,0,0,0,0
36,051,0302.02,2078,360510302022078,0,0,0,0,0,0,0,0
36,051,0302.02,2079,360510302022079,0,0,0,0,0,0,0,0
36,051,0302.02,2080,360510302022080,0,0,0,0,0,0,0,0
36,051,0302.02,2081,360510302022081,17,17,0,17,0,0,0,0
36,051,0302.02,2082,360510302022082,0,0,0,0,0,0,0,0
36,051,0302.02,2083,360510302022083,0,0,0,0,0,0,0,0
36,051,0302.02,2084,360510302022084,0,0,0,0,0,0,0,0
36,051,0302.02,2085,360510302022085,0,0,0,0,0,0,0,0
36,051,0302.02,2086,360510302022086,0,0,0,0,0,0,0,0
36,051,0302.02,2087,360510302022087,3,3,0,3,0,0,0,0
36,051,0302.02,2088,360510302022088,16,16,0,16,0,0,0,0
36,051,0302.02,2089,360510302022089,0,0,0,0,0,0,0,0
36,051,0302.02,2090,360510302022090,5,5,0,5,0,0,0,0
36,051,0302.02,2091,360510302022091,0,0,0,0,0,0,0,0
36,051,0302.02,2093,360510302022093,94,94,0,94,0,0,0,0
36,051,0302.02,2094,360510302022094,4,4,0,4,0,0,0,0
36,051,0302.02,2095,360510302022095,17,17,0,17,0,0,0,0
36,051,0302.02,2096,360510302022096,15,15,0,15,0,0,0,0
36,051,0302.02,2097,360510302022097,4,4,0,4,0,0,0,0
36,051,0302.02,2098,360510302022098,3,3,0,3,0,0,0,0
36,051,0302.02,2099,360510302022099,9,9,0,9,0,0,0,0
36,051,0302.02,2100,360510302022100,5,5,0,5,0,0,0,0
36,051,0302.02,2101,360510302022101,8,8,0,8,0,0,0,0
36,051,0302.02,2102,360510302022102,29,29,0,29,0,0,0,0
36,051,0302.02,2103,360510302022103,156,156,0,156,0,0,0,0
36,051,0302.02,2104,360510302022104,0,0,0,0,0,0,0,0
36,051,0302.02,2105,360510302022105,1,1,0,1,0,0,0,0
36,051,0302.02,2106,360510302022106,13,13,0,13,0,0,0,0
36,051,0302.02,2107,360510302022107,1,1,0,1,0,0,0,0
36,051,0302.02,2108,360510302022108,1,1,0,1,0,0,0,0
36,051,0302.02,2110,360510302022110,0,0,0,0,0,0,0,0
36,051,0302.02,2111,360510302022111,0,0,0,0,0,0,0,0
36,051,0302.02,2113,360510302022113,0,0,0,0,0,0,0,0
36,051,0302.02,2115,360510302022115,2,2,0,2,0,0,0,0
36,051,0302.02,2116,360510302022116,1,1,0,1,0,0,0,0
36,051,0302.02,2117,360510302022117,1,1,0,1,0,0,0,0
36,051,0302.02,2118,360510302022118,2,2,0,2,0,0,0,0
36,051,0302.02,2120,360510302022120,0,0,0,0,0,0,0,0
36,051,0302.02,2121,360510302022121,1,1,0,1,0,0,0,0
36,051,0302.02,2123,360510302022123,0,0,0,0,0,0,0,0
36,051,0302.02,2124,360510302022124,0,0,0,0,0,0,0,0
36,051,0302.02,2125,360510302022125,0,0,0,0,0,0,0,0
36,051,0302.02,3000,360510302023000,14,14,0,14,0,0,0,0
36,051,0302.02,3001,360510302023001,19,19,0,19,0,0,0,0
36,051,0302.02,3002,360510302023002,0,0,0,0,0,0,0,0
36,051,0302.02,3003,360510302023003,11,11,0,11,0,0,0,0
36,051,0302.02,3004,360510302023004,1,1,0,1,0,0,0,0
36,051,0302.02,3005,360510302023005,0,0,0,0,0,0,0,0
36,051,0302.02,3006,360510302023006,6,6,0,6,0,0,0,0
36,051,0302.02,3007,360510302023007,1,1,0,1,0,0,0,0
36,051,0302.02,3008,360510302023008,8,8,0,8,0,0,0,0
36,051,0302.02,3009,360510302023009,14,14,0,14,0,0,0,0
36,051,0302.02,3010,360510302023010,25,25,0,25,0,0,0,0
36,051,0302.02,3011,360510302023011,1,1,0,1,0,0,0,0
36,051,0302.02,3012,360510302023012,21,21,0,21,0,0,0,0
36,051,0302.02,3013,360510302023013,18,18,0,18,0,0,0,0
36,051,0302.02,3014,360510302023014,4,4,0,4,0,0,0,0
36,051,0302.02,3015,360510302023015,0,0,0,0,0,0,0,0
36,051,0302.02,3016,360510302023016,0,0,0,0,0,0,0,0
36,051,0302.02,3017,360510302023017,8,8,0,8,0,0,0,0
36,051,0302.02,3018,360510302023018,0,0,0,0,0,0,0,0
36,051,0302.02,3019,360510302023019,0,0,0,0,0,0,0,0
36,051,0302.02,3020,360510302023020,1,1,0,1,0,0,0,0
36,051,0302.02,3021,360510302023021,2,2,0,2,0,0,0,0
36,051,0302.02,3022,360510302023022,6,6,0,6,0,0,0,0
36,051,0302.02,3023,360510302023023,0,0,0,0,0,0,0,0
36,051,0302.02,3024,360510302023024,0,0,0,0,0,0,0,0
36,051,0302.02,3025,360510302023025,0,0,0,0,0,0,0,0
36,051,0302.02,3028,360510302023028,0,0,0,0,0,0,0,0
36,051,0302.02,3029,360510302023029,0,0,0,0,0,0,0,0
36,051,0302.02,3030,360510302023030,0,0,0,0,0,0,0,0
36,051,0302.02,3031,360510302023031,3,3,0,3,0,0,0,0
36,051,0302.02,3032,360510302023032,9,9,0,9,0,0,0,0
36,051,0302.02,3033,360510302023033,33,33,0,33,0,0,0,0
36,051,0302.02,3034,360510302023034,1,1,0,1,0,0,0,0
36,051,0302.02,3035,360510302023035,1,1,0,1,0,0,0,0
36,051,0302.02,3036,360510302023036,2,2,0,2,0,0,0,0
36,051,0302.02,3037,360510302023037,0,0,0,0,0,0,0,0
36,051,0302.02,3038,360510302023038,0,0,0,0,0,0,0,0
36,051,0302.02,3039,360510302023039,6,6,0,6,0,0,0,0
36,051,0302.02,3040,360510302023040,0,0,0,0,0,0,0,0
36,051,0302.02,3041,360510302023041,0,0,0,0,0,0,0,0
36,051,0302.02,3042,360510302023042,0,0,0,0,0,0,0,0
36,051,0302.02,3043,360510302023043,8,8,0,8,0,0,0,0
36,051,0302.02,3044,360510302023044,28,28,0,28,0,0,0,0
36,051,0302.02,3045,360510302023045,9,9,0,9,0,0,0,0
36,051,0302.02,3047,360510302023047,0,0,0,0,0,0,0,0
36,051,0302.02,3048,360510302023048,0,0,0,0,0,0,0,0
36,051,0302.02,3049,360510302023049,74,74,0,74,0,0,0,0
36,051,0302.02,3050,360510302023050,146,146,0,146,0,0,0,0
36,051,0302.02,3051,360510302023051,11,11,0,11,0,0,0,0
36,051,0302.02,3052,360510302023052,5,5,0,5,0,0,0,0
36,051,0302.02,3053,360510302023053,54,54,0,54,0,0,0,0
36,051,0302.02,3054,360510302023054,2,2,0,2,0,0,0,0
36,051,0302.02,3055,360510302023055,22,22,0,22,0,0,0,0
36,051,0302.02,3056,360510302023056,0,0,0,0,0,0,0,0
36,051,0302.02,3057,360510302023057,14,14,0,14,0,0,0,0
36,051,0302.02,3058,360510302023058,1,1,0,1,0,0,0,0
36,051,0302.02,3059,360510302023059,0,0,0,0,0,0,0,0
36,051,0302.02,3060,360510302023060,0,0,0,0,0,0,0,0
36,051,0303.00,1000,360510303001000,2,2,0,2,0,0,0,0
36,051,0303.00,1001,360510303001001,48,48,0,48,1,1,0,1
36,051,0303.00,1003,360510303001003,0,0,0,0,0,0,0,0
36,051,0303.00,1004,360510303001004,0,0,0,0,0,0,0,0
36,051,0303.00,1005,360510303001005,0,0,0,0,0,0,0,0
36,051,0303.00,1006,360510303001006,45,45,0,45,0,0,0,0
36,051,0303.00,1007,360510303001007,24,24,0,24,0,0,0,0
36,051,0303.00,1008,360510303001008,36,36,0,36,1,1,0,1
36,051,0303.00,1009,360510303001009,61,61,0,61,0,0,0,0
36,051,0303.00,1010,360510303001010,0,0,0,0,0,0,0,0
36,051,0303.00,1012,360510303001012,168,168,0,168,1,1,0,1
36,051,0303.00,1013,360510303001013,0,0,0,0,0,0,0,0
36,051,0303.00,1014,360510303001014,1,1,0,1,0,0,0,0
36,051,0303.00,1015,360510303001015,37,37,0,37,0,0,0,0
36,051,0303.00,1016,360510303001016,37,37,0,37,0,0,0,0
36,051,0303.00,1017,360510303001017,11,11,0,11,0,0,0,0
36,051,0303.00,1018,360510303001018,22,22,0,22,0,0,0,0
36,051,0303.00,1019,360510303001019,98,98,0,98,0,0,0,0
36,051,0303.00,1020,360510303001020,30,30,0,30,0,0,0,0
36,051,0303.00,1021,360510303001021,0,0,0,0,0,0,0,0
36,051,0303.00,1022,360510303001022,9,9,0,9,0,0,0,0
36,051,0303.00,1024,360510303001024,27,27,0,27,0,0,0,0
36,051,0303.00,1025,360510303001025,36,36,0,36,0,0,0,0
36,051,0303.00,1026,360510303001026,90,90,0,90,0,0,0,0
36,051,0303.00,1028,360510303001028,11,11,0,11,0,0,0,0
36,051,0303.00,1029,360510303001029,0,0,0,0,0,0,0,0
36,051,0303.00,1031,360510303001031,28,28,0,28,0,0,0,0
36,051,0303.00,1032,360510303001032,0,0,0,0,0,0,0,0
36,051,0303.00,1033,360510303001033,0,0,0,0,0,0,0,0
36,051,0303.00,1034,360510303001034,6,6,0,6,0,0,0,0
36,051,0303.00,1035,360510303001035,0,0,0,0,0,0,0,0
36,051,0303.00,1036,360510303001036,63,63,0,63,0,0,0,0
36,051,0303.00,1037,360510303001037,33,33,0,33,0,0,0,0
36,051,0303.00,2000,360510303002000,2,2,0,2,0,0,0,0
36,051,0303.00,2001,360510303002001,0,0,0,0,0,0,0,0
36,051,0303.00,2002,360510303002002,0,0,0,0,0,0,0,0
36,051,0303.00,2003,360510303002003,41,41,0,41,0,0,0,0
36,051,0303.00,2004,360510303002004,0,0,0,0,0,0,0,0
36,051,0303.00,2005,360510303002005,21,21,0,21,0,0,0,0
36,051,0303.00,2006,360510303002006,0,0,0,0,0,0,0,0
36,051,0303.00,2007,360510303002007,24,24,0,24,1,1,0,1
36,051,0303.00,2008,360510303002008,24,24,0,24,0,0,0,0
36,051,0303.00,2009,360510303002009,28,28,0,28,0,0,0,0
36,051,0303.00,2010,360510303002010,13,13,0,13,0,0,0,0
36,051,0303.00,2012,360510303002012,21,21,0,21,1,1,0,1
36,051,0303.00,2013,360510303002013,0,0,0,0,0,0,0,0
36,051,0303.00,2014,360510303002014,89,89,0,89,0,0,0,0
36,051,0303.00,2015,360510303002015,150,150,0,150,0,0,0,0
36,051,0303.00,2016,360510303002016,9,9,0,9,0,0,0,0
36,051,0303.00,2017,360510303002017,16,16,0,16,0,0,0,0
36,051,0303.00,2018,360510303002018,8,8,0,8,0,0,0,0
36,051,0303.00,2019,360510303002019,1,1,0,1,0,0,0,0
36,051,0303.00,2020,360510303002020,14,14,0,14,0,0,0,0
36,051,0303.00,2021,360510303002021,0,0,0,0,0,0,0,0
36,051,0303.00,2022,360510303002022,1,1,0,1,0,0,0,0
36,051,0303.00,2023,360510303002023,0,0,0,0,0,0,0,0
36,051,0303.00,2024,360510303002024,2,2,0,2,1,1,0,1
36,051,0303.00,2025,360510303002025,123,123,0,123,0,0,0,0
36,051,0304.00,1000,360510304001000,4,4,0,4,0,0,0,0
36,051,0304.00,1001,360510304001001,3,3,0,3,0,0,0,0
36,051,0304.00,1002,360510304001002,196,196,0,196,0,0,0,0
36,051,0304.00,1003,360510304001003,227,227,0,227,1,1,0,1
36,051,0304.00,1004,360510304001004,26,26,0,26,0,0,0,0
36,051,0304.00,1005,360510304001005,22,22,0,22,0,0,0,0
36,051,0304.00,1006,360510304001006,1,1,0,1,0,0,0,0
36,051,0304.00,1007,360510304001007,115,115,0,115,1,1,0,1
36,051,0304.00,1008,360510304001008,10,10,0,10,0,0,0,0
36,051,0304.00,1010,360510304001010,6,6,0,6,0,0,0,0
36,051,0304.00,1011,360510304001011,0,0,0,0,0,0,0,0
36,051,0304.00,1012,360510304001012,0,0,0,0,0,0,0,0
36,051,0304.00,1013,360510304001013,0,0,0,0,0,0,0,0
36,051,0304.00,1014,360510304001014,0,0,0,0,0,0,0,0
36,051,0304.00,1015,360510304001015,0,0,0,0,0,0,0,0
36,051,0304.00,1016,360510304001016,0,0,0,0,0,0,0,0
36,051,0304.00,1017,360510304001017,0,0,0,0,0,0,0,0
36,051,0304.00,2000,360510304002000,73,73,0,73,0,0,0,0
36,051,0304.00,2001,360510304002001,53,53,0,53,0,0,0,0
36,051,0304.00,2002,360510304002002,45,45,0,45,0,0,0,0
36,051,0304.00,2003,360510304002003,21,21,0,21,4,4,0,4
36,051,0304.00,2004,360510304002004,0,0,0,0,0,0,0,0
36,051,0304.00,2005,360510304002005,62,62,0,62,0,0,0,0
36,051,0304.00,2006,360510304002006,11,11,0,11,1,1,0,1
36,051,0304.00,2007,360510304002007,16,16,0,16,0,0,0,0
36,051,0304.00,2008,360510304002008,34,34,0,34,0,0,0,0
36,051,0304.00,2009,360510304002009,34,34,0,34,0,0,0,0
36,051,0304.00,2010,360510304002010,67,67,0,67,1,1,0,1
36,051,0304.00,2011,360510304002011,8,8,0,8,0,0,0,0
36,051,0304.00,2012,360510304002012,52,52,0,52,2,2,0,2
36,051,0304.00,2013,360510304002013,10,10,0,10,0,0,0,0
36,051,0304.00,3000,360510304003000,0,0,0,0,0,0,0,0
36,051,0304.00,3001,360510304003001,11,11,0,11,0,0,0,0
36,051,0304.00,3002,360510304003002,289,289,0,289,1,1,0,1
36,051,0304.00,3003,360510304003003,17,17,0,17,1,1,0,1
36,051,0304.00,3004,360510304003004,0,0,0,0,0,0,0,0
36,051,0304.00,3005,360510304003005,9,9,0,9,0,0,0,0
36,051,0304.00,3006,360510304003006,22,22,0,22,0,0,0,0
36,051,0304.00,3008,360510304003008,25,25,0,25,0,0,0,0
36,051,0304.00,3009,360510304003009,24,24,0,24,0,0,0,0
36,051,0304.00,3010,360510304003010,18,18,0,18,0,0,0,0
36,051,0304.00,3011,360510304003011,4,4,0,4,0,0,0,0
36,051,0304.00,3012,360510304003012,4,4,0,4,0,0,0,0
36,051,0304.00,3013,360510304003013,2,2,0,2,0,0,0,0
36,051,0304.00,3014,360510304003014,14,14,0,14,0,0,0,0
36,051,0304.00,3015,360510304003015,3,3,0,3,0,0,0,0
36,051,0305.00,1000,360510305001000,0,0,0,0,0,0,0,0
36,051,0305.00,1001,360510305001001,0,0,0,0,7,7,0,7
36,051,0305.00,1002,360510305001002,0,0,0,0,0,0,0,0
36,051,0305.00,1004,360510305001004,0,0,0,0,0,0,0,0
36,051,0305.00,1005,360510305001005,0,0,0,0,0,0,0,0
36,051,0305.00,1006,360510305001006,0,0,0,0,0,0,0,0
36,051,0305.00,1007,360510305001007,0,0,0,0,0,0,0,0
36,051,0305.00,1008,360510305001008,0,0,0,0,2,2,0,2
36,051,0305.00,1009,360510305001009,0,0,0,0,0,0,0,0
36,051,0305.00,1010,360510305001010,0,0,0,0,1,1,0,1
36,051,0305.00,1011,360510305001011,0,0,0,0,1,1,0,1
36,051,0305.00,1012,360510305001012,2,2,0,2,0,0,0,0
36,051,0305.00,1013,360510305001013,0,0,0,0,0,0,0,0
36,051,0305.00,1014,360510305001014,0,0,0,0,1,1,0,1
36,051,0305.00,1015,360510305001015,0,0,0,0,0,0,0,0
36,051,0305.00,1016,360510305001016,0,0,0,0,1,1,0,1
36,051,0305.00,1017,360510305001017,0,0,0,0,0,0,0,0
36,051,0305.00,1018,360510305001018,0,0,0,0,0,0,0,0
36,051,0305.00,1019,360510305001019,0,0,0,0,5,5,0,5
36,051,0305.00,1020,360510305001020,0,0,0,0,0,0,0,0
36,051,0306.00,1000,360510306001000,5,5,0,5,0,0,0,0
36,051,0306.00,1001,360510306001001,31,31,0,31,0,0,0,0
36,051,0306.00,1002,360510306001002,0,0,0,0,0,0,0,0
36,051,0306.00,1003,360510306001003,28,28,0,28,0,0,0,0
36,051,0306.00,1004,360510306001004,2,2,0,2,0,0,0,0
36,051,0306.00,1005,360510306001005,4,4,0,4,0,0,0,0
36,051,0306.00,1006,360510306001006,18,18,0,18,0,0,0,0
36,051,0306.00,1007,360510306001007,0,0,0,0,0,0,0,0
36,051,0306.00,1008,360510306001008,7,7,0,7,0,0,0,0
36,051,0306.00,1009,360510306001009,12,12,0,12,0,0,0,0
36,051,0306.00,1010,360510306001010,17,17,0,17,0,0,0,0
36,051,0306.00,1011,360510306001011,29,29,0,29,0,0,0,0
36,051,0306.00,1012,360510306001012,13,13,0,13,0,0,0,0
36,051,0306.00,1013,360510306001013,3,3,0,3,0,0,0,0
36,051,0306.00,1014,360510306001014,16,16,0,16,0,0,0,0
36,051,0306.00,1015,360510306001015,18,18,0,18,0,0,0,0
36,051,0306.00,1016,360510306001016,10,10,0,10,0,0,0,0
36,051,0306.00,1018,360510306001018,0,0,0,0,0,0,0,0
36,051,0306.00,1019,360510306001019,2,2,0,2,0,0,0,0
36,051,0306.00,1020,360510306001020,12,12,0,12,0,0,0,0
36,051,0306.00,1021,360510306001021,20,20,0,20,0,0,0,0
36,051,0306.00,1022,360510306001022,5,5,0,5,0,0,0,0
36,051,0306.00,1023,360510306001023,7,7,0,7,0,0,0,0
36,051,0306.00,1024,360510306001024,0,0,0,0,0,0,0,0
36,051,0306.00,1025,360510306001025,29,29,0,29,0,0,0,0
36,051,0306.00,1026,360510306001026,12,12,0,12,0,0,0,0
36,051,0306.00,1027,360510306001027,0,0,0,0,0,0,0,0
36,051,0306.00,1028,360510306001028,9,9,0,9,0,0,0,0
36,051,0306.00,1029,360510306001029,0,0,0,0,0,0,0,0
36,051,0306.00,1030,360510306001030,52,52,0,52,0,0,0,0
36,051,0306.00,1031,360510306001031,13,13,0,13,0,0,0,0
36,051,0306.00,1032,360510306001032,0,0,0,0,0,0,0,0
36,051,0306.00,1033,360510306001033,12,12,0,12,0,0,0,0
36,051,0306.00,1035,360510306001035,6,6,0,6,0,0,0,0
36,051,0306.00,1036,360510306001036,3,3,0,3,0,0,0,0
36,051,0306.00,1037,360510306001037,9,9,0,9,0,0,0,0
36,051,0306.00,1038,360510306001038,2,2,0,2,0,0,0,0
36,051,0306.00,1039,360510306001039,25,25,0,25,0,0,0,0
36,051,0306.00,1040,360510306001040,30,30,0,30,0,0,0,0
36,051,0306.00,1041,360510306001041,3,3,0,3,0,0,0,0
36,051,0306.00,1042,360510306001042,6,6,0,6,0,0,0,0
36,051,0306.00,1043,360510306001043,1,1,0,1,0,0,0,0
36,051,0306.00,1044,360510306001044,0,0,0,0,0,0,0,0
36,051,0306.00,1045,360510306001045,5,5,0,5,0,0,0,0
36,051,0306.00,1046,360510306001046,1,1,0,1,0,0,0,0
36,051,0306.00,1047,360510306001047,0,0,0,0,0,0,0,0
36,051,0306.00,1048,360510306001048,4,4,0,4,0,0,0,0
36,051,0306.00,1049,360510306001049,1,1,0,1,0,0,0,0
36,051,0306.00,1050,360510306001050,9,9,0,9,0,0,0,0
36,051,0306.00,1051,360510306001051,26,26,0,26,0,0,0,0
36,051,0306.00,1052,360510306001052,17,17,0,17,0,0,0,0
36,051,0306.00,1053,360510306001053,12,12,0,12,0,0,0,0
36,051,0306.00,1054,360510306001054,18,18,0,18,0,0,0,0
36,051,0306.00,1055,360510306001055,10,10,0,10,0,0,0,0
36,051,0306.00,1056,360510306001056,2,2,0,2,0,0,0,0
36,051,0306.00,1057,360510306001057,4,4,0,4,0,0,0,0
36,051,0306.00,1058,360510306001058,1,1,0,1,0,0,0,0
36,051,0306.00,1059,360510306001059,11,11,0,11,0,0,0,0
36,051,0306.00,1060,360510306001060,4,4,0,4,0,0,0,0
36,051,0306.00,1061,360510306001061,1,1,0,1,0,0,0,0
36,051,0306.00,1062,360510306001062,4,4,0,4,0,0,0,0
36,051,0306.00,1063,360510306001063,0,0,0,0,0,0,0,0
36,051,0306.00,1064,360510306001064,0,0,0,0,0,0,0,0
36,051,0306.00,1065,360510306001065,2,2,0,2,0,0,0,0
36,051,0306.00,1066,360510306001066,8,8,0,8,0,0,0,0
36,051,0306.00,1067,360510306001067,17,17,0,17,0,0,0,0
36,051,0306.00,1068,360510306001068,19,19,0,19,0,0,0,0
36,051,0306.00,1069,360510306001069,6,6,0,6,0,0,0,0
36,051,0306.00,1070,360510306001070,2,2,0,2,0,0,0,0
36,051,0306.00,1071,360510306001071,23,23,0,23,0,0,0,0
36,051,0306.00,1073,360510306001073,38,38,0,38,0,0,0,0
36,051,0306.00,1074,360510306001074,11,11,0,11,0,0,0,0
36,051,0306.00,1075,360510306001075,1,1,0,1,0,0,0,0
36,051,0306.00,1076,360510306001076,5,5,0,5,0,0,0,0
36,051,0306.00,1077,360510306001077,27,27,0,27,0,0,0,0
36,051,0306.00,1078,360510306001078,1,1,0,1,0,0,0,0
36,051,0306.00,1079,360510306001079,1,1,0,1,0,0,0,0
36,051,0306.00,1080,360510306001080,7,7,0,7,0,0,0,0
36,051,0306.00,1081,360510306001081,1,1,0,1,0,0,0,0
36,051,0306.00,1082,360510306001082,4,4,0,4,0,0,0,0
36,051,0306.00,1083,360510306001083,0,0,0,0,0,0,0,0
36,051,0306.00,1084,360510306001084,0,0,0,0,0,0,0,0
36,051,0306.00,1085,360510306001085,1,1,0,1,0,0,0,0
36,051,0306.00,1086,360510306001086,0,0,0,0,0,0,0,0
36,051,0306.00,1087,360510306001087,5,5,0,5,0,0,0,0
36,051,0306.00,1088,360510306001088,1,1,0,1,0,0,0,0
36,051,0306.00,1089,360510306001089,15,15,0,15,0,0,0,0
36,051,0306.00,1090,360510306001090,11,11,0,11,0,0,0,0
36,051,0306.00,1091,360510306001091,2,2,0,2,0,0,0,0
36,051,0306.00,1092,360510306001092,1,1,0,1,0,0,0,0
36,051,0306.00,1093,360510306001093,1,1,0,1,0,0,0,0
36,051,0306.00,1094,360510306001094,3,3,0,3,0,0,0,0
36,051,0306.00,1095,360510306001095,0,0,0,0,0,0,0,0
36,051,0306.00,1096,360510306001096,0,0,0,0,0,0,0,0
36,051,0306.00,1097,360510306001097,6,6,0,6,0,0,0,0
36,051,0306.00,1098,360510306001098,0,0,0,0,0,0,0,0
36,051,0306.00,1099,360510306001099,0,0,0,0,0,0,0,0
36,051,0306.00,1100,360510306001100,0,0,0,0,0,0,0,0
36,051,0306.00,1101,360510306001101,0,0,0,0,0,0,0,0
36,051,0306.00,2000,360510306002000,59,59,0,59,0,0,0,0
36,051,0306.00,2001,360510306002001,15,15,0,15,0,0,0,0
36,051,0306.00,2002,360510306002002,18,18,0,18,0,0,0,0
36,051,0306.00,2003,360510306002003,8,8,0,8,0,0,0,0
36,051,0306.00,2004,360510306002004,120,120,0,120,6,6,0,6
36,051,0306.00,2005,360510306002005,0,0,0,0,0,0,0,0
36,051,0306.00,2006,360510306002006,7,7,0,7,0,0,0,0
36,051,0306.00,2007,360510306002007,12,12,0,12,0,0,0,0
36,051,0306.00,2008,360510306002008,14,14,0,14,0,0,0,0
36,051,0306.00,2009,360510306002009,109,109,0,109,0,0,0,0
36,051,0306.00,2010,360510306002010,12,12,0,12,0,0,0,0
36,051,0306.00,2011,360510306002011,24,24,0,24,0,0,0,0
36,051,0306.00,2014,360510306002014,10,10,0,10,0,0,0,0
36,051,0306.00,2015,360510306002015,97,97,0,97,0,0,0,0
36,051,0306.00,2016,360510306002016,21,21,0,21,0,0,0,0
36,051,0306.00,2017,360510306002017,6,6,0,6,1,1,0,1
36,051,0306.00,2018,360510306002018,27,27,0,27,2,2,0,2
36,051,0306.00,2019,360510306002019,52,52,0,52,0,0,0,0
36,051,0306.00,2020,360510306002020,28,28,0,28,0,0,0,0
36,051,0306.00,2021,360510306002021,14,14,0,14,0,0,0,0
36,051,0306.00,2022,360510306002022,159,159,0,159,0,0,0,0
36,051,0306.00,2023,360510306002023,24,24,0,24,0,0,0,0
36,051,0306.00,2024,360510306002024,16,16,0,16,0,0,0,0
36,051,0306.00,2025,360510306002025,43,43,0,43,0,0,0,0
36,051,0306.00,2026,360510306002026,29,29,0,29,0,0,0,0
36,051,0306.00,2027,360510306002027,22,22,0,22,0,0,0,0
36,051,0306.00,2028,360510306002028,4,4,0,4,0,0,0,0
36,051,0306.00,2029,360510306002029,2,2,0,2,0,0,0,0
36,051,0306.00,2030,360510306002030,1,1,0,1,0,0,0,0
36,051,0306.00,2031,360510306002031,0,0,0,0,0,0,0,0
36,051,0306.00,2032,360510306002032,4,4,0,4,0,0,0,0
36,051,0306.00,2033,360510306002033,0,0,0,0,0,0,0,0
36,051,0306.00,2034,360510306002034,1,1,0,1,0,0,0,0
36,051,0306.00,2035,360510306002035,14,14,0,14,0,0,0,0
36,051,0306.00,2036,360510306002036,0,0,0,0,0,0,0,0
36,051,0306.00,2037,360510306002037,9,9,0,9,0,0,0,0
36,051,0306.00,2038,360510306002038,4,4,0,4,0,0,0,0
36,051,0306.00,2039,360510306002039,8,8,0,8,0,0,0,0
36,051,0306.00,2040,360510306002040,16,16,0,16,0,0,0,0
36,051,0307.00,1000,360510307001000,17,17,0,17,0,0,0,0
36,051,0307.00,1001,360510307001001,3,3,0,3,0,0,0,0
36,051,0307.00,1002,360510307001002,3,3,0,3,0,0,0,0
36,051,0307.00,1003,360510307001003,0,0,0,0,0,0,0,0
36,051,0307.00,1004,360510307001004,29,29,0,29,0,0,0,0
36,051,0307.00,1005,360510307001005,11,11,0,11,0,0,0,0
36,051,0307.00,1006,360510307001006,99,99,0,99,1,1,0,1
36,051,0307.00,1007,360510307001007,0,0,0,0,0,0,0,0
36,051,0307.00,1008,360510307001008,16,16,0,16,0,0,0,0
36,051,0307.00,1009,360510307001009,13,13,0,13,0,0,0,0
36,051,0307.00,1010,360510307001010,2,2,0,2,0,0,0,0
36,051,0307.00,1011,360510307001011,36,36,0,36,0,0,0,0
36,051,0307.00,1012,360510307001012,3,3,0,3,0,0,0,0
36,051,0307.00,1013,360510307001013,1,1,0,1,0,0,0,0
36,051,0307.00,1014,360510307001014,20,20,0,20,0,0,0,0
36,051,0307.00,1015,360510307001015,6,6,0,6,0,0,0,0
36,051,0307.00,1016,360510307001016,29,29,0,29,0,0,0,0
36,051,0307.00,1017,360510307001017,8,8,0,8,0,0,0,0
36,051,0307.00,1018,360510307001018,84,84,0,84,0,0,0,0
36,051,0307.00,1019,360510307001019,57,57,0,57,0,0,0,0
36,051,0307.00,1020,360510307001020,8,8,0,8,0,0,0,0
36,051,0307.00,1021,360510307001021,10,10,0,10,0,0,0,0
36,051,0307.00,1022,360510307001022,24,24,0,24,0,0,0,0
36,051,0307.00,1023,360510307001023,100,100,0,100,0,0,0,0
36,051,0307.00,1024,360510307001024,2,2,0,2,0,0,0,0
36,051,0307.00,1025,360510307001025,10,10,0,10,0,0,0,0
36,051,0307.00,1026,360510307001026,4,4,0,4,0,0,0,0
36,051,0307.00,1027,360510307001027,6,6,0,6,0,0,0,0
36,051,0307.00,1028,360510307001028,49,49,0,49,0,0,0,0
36,051,0307.00,1029,360510307001029,18,18,0,18,0,0,0,0
36,051,0307.00,1030,360510307001030,7,7,0,7,0,0,0,0
36,051,0307.00,1031,360510307001031,8,8,0,8,0,0,0,0
36,051,0307.00,1032,360510307001032,0,0,0,0,0,0,0,0
36,051,0307.00,1033,360510307001033,9,9,0,9,0,0,0,0
36,051,0307.00,1035,360510307001035,13,13,0,13,0,0,0,0
36,051,0307.00,1036,360510307001036,0,0,0,0,0,0,0,0
36,051,0307.00,1037,360510307001037,14,14,0,14,0,0,0,0
36,051,0307.00,1038,360510307001038,4,4,0,4,0,0,0,0
36,051,0307.00,1039,360510307001039,24,24,0,24,0,0,0,0
36,051,0307.00,1040,360510307001040,24,24,0,24,0,0,0,0
36,051,0307.00,1041,360510307001041,32,32,0,32,0,0,0,0
36,051,0307.00,1042,360510307001042,16,16,0,16,0,0,0,0
36,051,0307.00,1043,360510307001043,0,0,0,0,0,0,0,0
36,051,0307.00,1044,360510307001044,0,0,0,0,0,0,0,0
36,051,0307.00,1046,360510307001046,20,20,0,20,0,0,0,0
36,051,0307.00,1047,360510307001047,16,16,0,16,0,0,0,0
36,051,0307.00,1048,360510307001048,0,0,0,0,0,0,0,0
36,051,0307.00,1049,360510307001049,0,0,0,0,0,0,0,0
36,051,0307.00,1050,360510307001050,5,5,0,5,0,0,0,0
36,051,0307.00,1051,360510307001051,2,2,0,2,0,0,0,0
36,051,0307.00,1052,360510307001052,2,2,0,2,0,0,0,0
36,051,0307.00,1053,360510307001053,8,8,0,8,0,0,0,0
36,051,0307.00,1054,360510307001054,12,12,0,12,0,0,0,0
36,051,0307.00,1055,360510307001055,14,14,0,14,0,0,0,0
36,051,0307.00,1056,360510307001056,0,0,0,0,0,0,0,0
36,051,0307.00,2000,360510307002000,1,1,0,1,0,0,0,0
36,051,0307.00,2001,360510307002001,4,4,0,4,0,0,0,0
36,051,0307.00,2002,360510307002002,2,2,0,2,0,0,0,0
36,051,0307.00,2003,360510307002003,2,2,0,2,0,0,0,0
36,051,0307.00,2004,360510307002004,21,21,0,21,0,0,0,0
36,051,0307.00,2005,360510307002005,0,0,0,0,0,0,0,0
36,051,0307.00,2006,360510307002006,2,2,0,2,0,0,0,0
36,051,0307.00,2007,360510307002007,13,13,0,13,0,0,0,0
36,051,0307.00,2008,360510307002008,2,2,0,2,0,0,0,0
36,051,0307.00,2009,360510307002009,1,1,0,1,0,0,0,0
36,051,0307.00,2010,360510307002010,13,13,0,13,0,0,0,0
36,051,0307.00,2011,360510307002011,1,1,0,1,0,0,0,0
36,051,0307.00,2012,360510307002012,14,14,0,14,0,0,0,0
36,051,0307.00,2013,360510307002013,5,5,0,5,0,0,0,0
36,051,0307.00,2014,360510307002014,5,5,0,5,0,0,0,0
36,051,0307.00,2015,360510307002015,6,6,0,6,0,0,0,0
36,051,0307.00,2016,360510307002016,0,0,0,0,0,0,0,0
36,051,0307.00,2017,360510307002017,15,15,0,15,0,0,0,0
36,051,0307.00,2018,360510307002018,2,2,0,2,0,0,0,0
36,051,0307.00,2020,360510307002020,1,1,0,1,0,0,0,0
36,051,0307.00,2021,360510307002021,0,0,0,0,0,0,0,0
36,051,0307.00,2022,360510307002022,8,8,0,8,0,0,0,0
36,051,0307.00,2023,360510307002023,6,6,0,6,0,0,0,0
36,051,0307.00,2024,360510307002024,4,4,0,4,0,0,0,0
36,051,0307.00,2025,360510307002025,6,6,0,6,0,0,0,0
36,051,0307.00,2026,360510307002026,4,4,0,4,0,0,0,0
36,051,0307.00,2027,360510307002027,0,0,0,0,0,0,0,0
36,051,0307.00,2028,360510307002028,8,8,0,8,0,0,0,0
36,051,0307.00,2029,360510307002029,19,19,0,19,0,0,0,0
36,051,0307.00,2030,360510307002030,35,35,0,35,0,0,0,0
36,051,0307.00,2031,360510307002031,34,34,0,34,0,0,0,0
36,051,0307.00,2032,360510307002032,5,5,0,5,0,0,0,0
36,051,0307.00,2033,360510307002033,29,29,0,29,0,0,0,0
36,051,0307.00,2034,360510307002034,9,9,0,9,0,0,0,0
36,051,0307.00,2035,360510307002035,22,22,0,22,0,0,0,0
36,051,0307.00,2036,360510307002036,15,15,0,15,0,0,0,0
36,051,0307.00,2037,360510307002037,1,1,0,1,0,0,0,0
36,051,0307.00,2038,360510307002038,3,3,0,3,0,0,0,0
36,051,0307.00,2039,360510307002039,3,3,0,3,0,0,0,0
36,051,0307.00,2040,360510307002040,12,12,0,12,0,0,0,0
36,051,0307.00,2041,360510307002041,28,28,0,28,0,0,0,0
36,051,0307.00,2042,360510307002042,6,6,0,6,0,0,0,0
36,051,0307.00,2043,360510307002043,20,20,0,20,1,1,0,1
36,051,0307.00,2044,360510307002044,30,30,0,30,0,0,0,0
36,051,0307.00,2045,360510307002045,8,8,0,8,0,0,0,0
36,051,0307.00,2046,360510307002046,5,5,0,5,0,0,0,0
36,051,0307.00,2047,360510307002047,33,33,0,33,0,0,0,0
36,051,0307.00,2048,360510307002048,0,0,0,0,0,0,0,0
36,051,0307.00,2049,360510307002049,15,15,0,15,0,0,0,0
36,051,0307.00,2050,360510307002050,4,4,0,4,0,0,0,0
36,051,0307.00,2051,360510307002051,8,8,0,8,0,0,0,0
36,051,0307.00,2052,360510307002052,29,29,0,29,0,0,0,0
36,051,0307.00,2053,360510307002053,39,39,0,39,0,0,0,0
36,051,0307.00,2054,360510307002054,11,11,0,11,0,0,0,0
36,051,0307.00,2055,360510307002055,1,1,0,1,0,0,0,0
36,051,0307.00,2056,360510307002056,0,0,0,0,0,0,0,0
36,051,0307.00,2057,360510307002057,26,26,0,26,0,0,0,0
36,051,0307.00,2058,360510307002058,0,0,0,0,0,0,0,0
36,051,0307.00,2059,360510307002059,12,12,0,12,0,0,0,0
36,051,0307.00,2060,360510307002060,7,7,0,7,0,0,0,0
36,051,0307.00,2061,360510307002061,24,24,0,24,0,0,0,0
36,051,0307.00,2062,360510307002062,6,6,0,6,0,0,0,0
36,051,0307.00,2063,360510307002063,1,1,0,1,0,0,0,0
36,051,0307.00,2064,360510307002064,55,55,0,55,0,0,0,0
36,051,0307.00,2065,360510307002065,5,5,0,5,0,0,0,0
36,051,0307.00,2066,360510307002066,12,12,0,12,0,0,0,0
36,051,0307.00,2067,360510307002067,1,1,0,1,0,0,0,0
36,051,0307.00,2068,360510307002068,0,0,0,0,0,0,0,0
36,051,0307.00,2069,360510307002069,3,3,0,3,0,0,0,0
36,051,0307.00,2070,360510307002070,0,0,0,0,0,0,0,0
36,051,0307.00,2071,360510307002071,31,31,0,31,0,0,0,0
36,051,0307.00,2072,360510307002072,8,8,0,8,0,0,0,0
36,051,0307.00,2073,360510307002073,4,4,0,4,0,0,0,0
36,051,0307.00,2074,360510307002074,20,20,0,20,0,0,0,0
36,051,0307.00,2076,360510307002076,26,26,0,26,0,0,0,0
36,051,0307.00,2077,360510307002077,59,59,0,59,0,0,0,0
36,051,0307.00,2078,360510307002078,12,12,0,12,0,0,0,0
36,051,0307.00,2079,360510307002079,4,4,0,4,0,0,0,0
36,051,0307.00,2081,360510307002081,14,14,0,14,0,0,0,0
36,051,0307.00,2082,360510307002082,32,32,0,32,0,0,0,0
36,051,0307.00,2083,360510307002083,1,1,0,1,0,0,0,0
36,051,0307.00,2084,360510307002084,0,0,0,0,0,0,0,0
36,051,0307.00,2085,360510307002085,0,0,0,0,0,0,0,0
36,051,0307.00,2086,360510307002086,14,14,0,14,0,0,0,0
36,051,0307.00,2087,360510307002087,26,26,0,26,0,0,0,0
36,051,0307.00,2088,360510307002088,4,4,0,4,0,0,0,0
36,051,0307.00,2089,360510307002089,0,0,0,0,0,0,0,0
36,051,0307.00,2090,360510307002090,4,4,0,4,0,0,0,0
36,051,0307.00,2091,360510307002091,3,3,0,3,0,0,0,0
36,051,0307.00,2092,360510307002092,6,6,0,6,0,0,0,0
36,051,0307.00,2093,360510307002093,0,0,0,0,0,0,0,0
36,051,0307.00,2094,360510307002094,0,0,0,0,0,0,0,0
36,051,0307.00,2095,360510307002095,0,0,0,0,0,0,0,0
36,051,0307.00,2096,360510307002096,1,1,0,1,0,0,0,0
36,051,0307.00,2097,360510307002097,0,0,0,0,0,0,0,0
36,051,0307.00,2098,360510307002098,26,26,0,26,0,0,0,0
36,051,0307.00,2099,360510307002099,4,4,0,4,0,0,0,0
36,051,0307.00,2100,360510307002100,0,0,0,0,0,0,0,0
36,051,0307.00,2101,360510307002101,0,0,0,0,0,0,0,0
36,051,0307.00,2102,360510307002102,7,7,0,7,0,0,0,0
36,051,0307.00,2103,360510307002103,17,17,0,17,0,0,0,0
36,051,0307.00,2104,360510307002104,1,1,0,1,0,0,0,0
36,051,0307.00,2105,360510307002105,2,2,0,2,0,0,0,0
36,051,0307.00,2106,360510307002106,4,4,0,4,0,0,0,0
36,051,0307.00,2107,360510307002107,0,0,0,0,0,0,0,0
36,051,0307.00,2108,360510307002108,0,0,0,0,0,0,0,0
36,051,0307.00,2109,360510307002109,0,0,0,0,0,0,0,0
36,051,0307.00,2110,360510307002110,0,0,0,0,0,0,0,0
36,051,0307.00,2111,360510307002111,0,0,0,0,0,0,0,0
36,051,0307.00,2112,360510307002112,45,45,0,45,0,0,0,0
36,051,0307.00,2113,360510307002113,13,13,0,13,0,0,0,0
36,051,0307.00,2114,360510307002114,0,0,0,0,0,0,0,0
36,051,0307.00,2115,360510307002115,5,5,0,5,0,0,0,0
36,051,0307.00,2116,360510307002116,13,13,0,13,0,0,0,0
36,051,0307.00,2117,360510307002117,0,0,0,0,0,0,0,0
36,051,0307.00,2118,360510307002118,14,14,0,14,0,0,0,0
36,051,0307.00,2119,360510307002119,1,1,0,1,0,0,0,0
36,051,0307.00,3000,360510307003000,12,12,0,12,0,0,0,0
36,051,0307.00,3001,360510307003001,26,26,0,26,0,0,0,0
36,051,0307.00,3002,360510307003002,9,9,0,9,0,0,0,0
36,051,0307.00,3003,360510307003003,2,2,0,2,0,0,0,0
36,051,0307.00,3004,360510307003004,0,0,0,0,0,0,0,0
36,051,0307.00,3005,360510307003005,0,0,0,0,0,0,0,0
36,051,0307.00,3006,360510307003006,1,1,0,1,0,0,0,0
36,051,0307.00,3007,360510307003007,7,7,0,7,0,0,0,0
36,051,0307.00,3008,360510307003008,17,17,0,17,0,0,0,0
36,051,0307.00,3009,360510307003009,4,4,0,4,0,0,0,0
36,051,0307.00,3010,360510307003010,1,1,0,1,0,0,0,0
36,051,0307.00,3011,360510307003011,2,2,0,2,0,0,0,0
36,051,0307.00,3012,360510307003012,48,48,0,48,0,0,0,0
36,051,0307.00,3013,360510307003013,6,6,0,6,0,0,0,0
36,051,0307.00,3014,360510307003014,32,32,0,32,0,0,0,0
36,051,0307.00,3015,360510307003015,2,2,0,2,0,0,0,0
36,051,0307.00,3016,360510307003016,7,7,0,7,0,0,0,0
36,051,0307.00,3017,360510307003017,37,37,0,37,1,1,0,1
36,051,0307.00,3018,360510307003018,5,5,0,5,0,0,0,0
36,051,0307.00,3019,360510307003019,1,1,0,1,0,0,0,0
36,051,0307.00,3021,360510307003021,2,2,0,2,0,0,0,0
36,051,0307.00,3023,360510307003023,3,3,0,3,0,0,0,0
36,051,0307.00,3024,360510307003024,21,21,0,21,0,0,0,0
36,051,0307.00,3025,360510307003025,17,17,0,17,0,0,0,0
36,051,0307.00,3026,360510307003026,14,14,0,14,0,0,0,0
36,051,0307.00,3027,360510307003027,5,5,0,5,0,0,0,0
36,051,0307.00,3028,360510307003028,31,31,0,31,0,0,0,0
36,051,0307.00,3029,360510307003029,5,5,0,5,0,0,0,0
36,051,0307.00,3030,360510307003030,4,4,0,4,0,0,0,0
36,051,0307.00,3031,360510307003031,10,10,0,10,0,0,0,0
36,051,0307.00,3032,360510307003032,65,65,0,65,0,0,0,0
36,051,0307.00,3033,360510307003033,12,12,0,12,0,0,0,0
36,051,0307.00,3034,360510307003034,4,4,0,4,0,0,0,0
36,051,0307.00,3035,360510307003035,9,9,0,9,0,0,0,0
36,051,0307.00,3036,360510307003036,40,40,0,40,0,0,0,0
36,051,0307.00,3039,360510307003039,31,31,0,31,0,0,0,0
36,051,0307.00,3041,360510307003041,67,67,0,67,0,0,0,0
36,051,0307.00,3042,360510307003042,36,36,0,36,0,0,0,0
36,051,0307.00,3043,360510307003043,15,15,0,15,0,0,0,0
36,051,0307.00,3044,360510307003044,10,10,0,10,0,0,0,0
36,051,0307.00,3046,360510307003046,8,8,0,8,0,0,0,0
36,051,0307.00,3047,360510307003047,2,2,0,2,0,0,0,0
36,051,0307.00,3048,360510307003048,20,20,0,20,0,0,0,0
36,051,0307.00,3049,360510307003049,15,15,0,15,0,0,0,0
36,051,0307.00,3050,360510307003050,23,23,0,23,0,0,0,0
36,051,0307.00,3051,360510307003051,17,17,0,17,0,0,0,0
36,051,0307.00,3052,360510307003052,2,2,0,2,0,0,0,0
36,051,0307.00,3053,360510307003053,11,11,0,11,0,0,0,0
36,051,0307.00,3054,360510307003054,23,23,0,23,0,0,0,0
36,051,0307.00,3055,360510307003055,69,69,0,69,0,0,0,0
36,051,0307.00,3056,360510307003056,10,10,0,10,0,0,0,0
36,051,0307.00,3057,360510307003057,1,1,0,1,0,0,0,0
36,051,0307.00,3058,360510307003058,1,1,0,1,0,0,0,0
36,051,0307.00,3059,360510307003059,1,1,0,1,0,0,0,0
36,051,0307.00,4000,360510307004000,0,0,0,0,0,0,0,0
36,051,0307.00,4001,360510307004001,0,0,0,0,0,0,0,0
36,051,0307.00,4002,360510307004002,70,70,0,70,0,0,0,0
36,051,0307.00,4003,360510307004003,40,40,0,40,0,0,0,0
36,051,0307.00,4004,360510307004004,35,35,0,35,0,0,0,0
36,051,0307.00,4005,360510307004005,44,44,0,44,0,0,0,0
36,051,0307.00,4006,360510307004006,35,35,0,35,0,0,0,0
36,051,0307.00,4007,360510307004007,65,65,0,65,0,0,0,0
36,051,0307.00,4008,360510307004008,11,11,0,11,0,0,0,0
36,051,0307.00,4009,360510307004009,14,14,0,14,0,0,0,0
36,051,0307.00,4010,360510307004010,12,12,0,12,0,0,0,0
36,051,0307.00,4011,360510307004011,2,2,0,2,0,0,0,0
36,051,0307.00,4012,360510307004012,1,1,0,1,0,0,0,0
36,051,0307.00,4013,360510307004013,9,9,0,9,0,0,0,0
36,051,0307.00,4014,360510307004014,0,0,0,0,0,0,0,0
36,051,0307.00,4015,360510307004015,10,10,0,10,0,0,0,0
36,051,0307.00,4016,360510307004016,9,9,0,9,0,0,0,0
36,051,0307.00,4017,360510307004017,48,48,0,48,0,0,0,0
36,051,0307.00,4018,360510307004018,29,29,0,29,0,0,0,0
36,051,0307.00,4019,360510307004019,0,0,0,0,0,0,0,0
36,051,0307.00,4020,360510307004020,14,14,0,14,0,0,0,0
36,051,0307.00,4021,360510307004021,10,10,0,10,0,0,0,0
36,051,0307.00,4022,360510307004022,1,1,0,1,0,0,0,0
36,051,0307.00,4023,360510307004023,2,2,0,2,0,0,0,0
36,051,0307.00,4024,360510307004024,60,60,0,60,0,0,0,0
36,051,0307.00,4025,360510307004025,40,40,0,40,0,0,0,0
36,051,0307.00,4026,360510307004026,10,10,0,10,0,0,0,0
36,051,0307.00,4027,360510307004027,19,19,0,19,0,0,0,0
36,051,0307.00,4028,360510307004028,21,21,0,21,0,0,0,0
36,051,0307.00,4029,360510307004029,16,16,0,16,0,0,0,0
36,051,0307.00,4030,360510307004030,0,0,0,0,0,0,0,0
36,051,0307.00,4031,360510307004031,10,10,0,10,0,0,0,0
36,051,0307.00,4032,360510307004032,11,11,0,11,0,0,0,0
36,051,0307.00,4033,360510307004033,7,7,0,7,0,0,0,0
36,051,0307.00,4034,360510307004034,19,19,0,19,0,0,0,0
36,051,0307.00,4035,360510307004035,13,13,0,13,0,0,0,0
36,051,0307.00,4036,360510307004036,0,0,0,0,0,0,0,0
36,051,0307.00,4037,360510307004037,8,8,0,8,0,0,0,0
36,051,0307.00,4038,360510307004038,5,5,0,5,0,0,0,0
36,051,0307.00,4039,360510307004039,1,1,0,1,0,0,0,0
36,051,0307.00,4040,360510307004040,20,20,0,20,0,0,0,0
36,051,0307.00,4041,360510307004041,5,5,0,5,0,0,0,0
36,051,0307.00,4042,360510307004042,3,3,0,3,0,0,0,0
36,051,0307.00,4043,360510307004043,6,6,0,6,0,0,0,0
36,051,0307.00,4044,360510307004044,39,39,0,39,0,0,0,0
36,051,0307.00,4045,360510307004045,2,2,0,2,0,0,0,0
36,051,0307.00,4046,360510307004046,3,3,0,3,0,0,0,0
36,051,0307.00,4047,360510307004047,1,1,0,1,0,0,0,0
36,051,0307.00,4048,360510307004048,20,20,0,20,0,0,0,0
36,051,0308.00,1000,360510308001000,0,0,0,0,0,0,0,0
36,051,0308.00,1001,360510308001001,26,26,0,26,0,0,0,0
36,051,0308.00,1002,360510308001002,27,27,0,27,0,0,0,0
36,051,0308.00,1003,360510308001003,2,2,0,2,0,0,0,0
36,051,0308.00,1004,360510308001004,13,13,0,13,0,0,0,0
36,051,0308.00,1005,360510308001005,1,1,0,1,0,0,0,0
36,051,0308.00,1006,360510308001006,1,1,0,1,0,0,0,0
36,051,0308.00,1007,360510308001007,3,3,0,3,0,0,0,0
36,051,0308.00,1008,360510308001008,3,3,0,3,0,0,0,0
36,051,0308.00,1009,360510308001009,13,13,0,13,0,0,0,0
36,051,0308.00,1010,360510308001010,2,2,0,2,0,0,0,0
36,051,0308.00,1011,360510308001011,1,1,0,1,0,0,0,0
36,051,0308.00,1013,360510308001013,3,3,0,3,0,0,0,0
36,051,0308.00,1014,360510308001014,16,16,0,16,0,0,0,0
36,051,0308.00,1015,360510308001015,20,20,0,20,0,0,0,0
36,051,0308.00,1016,360510308001016,91,91,0,91,0,0,0,0
36,051,0308.00,1017,360510308001017,14,14,0,14,0,0,0,0
36,051,0308.00,1018,360510308001018,2,2,0,2,0,0,0,0
36,051,0308.00,1019,360510308001019,36,36,0,36,0,0,0,0
36,051,0308.00,1020,360510308001020,6,6,0,6,0,0,0,0
36,051,0308.00,1021,360510308001021,0,0,0,0,0,0,0,0
36,051,0308.00,1022,360510308001022,3,3,0,3,0,0,0,0
36,051,0308.00,1023,360510308001023,3,3,0,3,0,0,0,0
36,051,0308.00,1024,360510308001024,28,28,0,28,0,0,0,0
36,051,0308.00,1025,360510308001025,1,1,0,1,0,0,0,0
36,051,0308.00,1026,360510308001026,5,5,0,5,0,0,0,0
36,051,0308.00,1027,360510308001027,1,1,0,1,0,0,0,0
36,051,0308.00,1028,360510308001028,5,5,0,5,0,0,0,0
36,051,0308.00,1029,360510308001029,0,0,0,0,0,0,0,0
36,051,0308.00,1030,360510308001030,0,0,0,0,0,0,0,0
36,051,0308.00,1031,360510308001031,0,0,0,0,0,0,0,0
36,051,0308.00,1032,360510308001032,0,0,0,0,0,0,0,0
36,051,0308.00,1033,360510308001033,6,6,0,6,0,0,0,0
36,051,0308.00,1034,360510308001034,0,0,0,0,0,0,0,0
36,051,0308.00,1035,360510308001035,0,0,0,0,0,0,0,0
36,051,0308.00,1036,360510308001036,0,0,0,0,0,0,0,0
36,051,0308.00,1037,360510308001037,0,0,0,0,0,0,0,0
36,051,0308.00,1038,360510308001038,1,1,0,1,0,0,0,0
36,051,0308.00,1039,360510308001039,2,2,0,2,0,0,0,0
36,051,0308.00,1040,360510308001040,0,0,0,0,0,0,0,0
36,051,0308.00,1041,360510308001041,4,4,0,4,0,0,0,0
36,051,0308.00,1042,360510308001042,0,0,0,0,0,0,0,0
36,051,0308.00,1043,360510308001043,0,0,0,0,0,0,0,0
36,051,0308.00,1044,360510308001044,1,1,0,1,0,0,0,0
36,051,0308.00,1045,360510308001045,1,1,0,1,0,0,0,0
36,051,0308.00,1047,360510308001047,0,0,0,0,0,0,0,0
36,051,0308.00,1048,360510308001048,0,0,0,0,0,0,0,0
36,051,0308.00,1049,360510308001049,0,0,0,0,0,0,0,0
36,051,0308.00,1050,360510308001050,0,0,0,0,0,0,0,0
36,051,0308.00,1051,360510308001051,1,1,0,1,0,0,0,0
36,051,0308.00,1052,360510308001052,1,1,0,1,0,0,0,0
36,051,0308.00,1053,360510308001053,0,0,0,0,0,0,0,0
36,051,0308.00,1054,360510308001054,0,0,0,0,0,0,0,0
36,051,0308.00,1055,360510308001055,0,0,0,0,0,0,0,0
36,051,0308.00,1056,360510308001056,0,0,0,0,0,0,0,0
36,051,0308.00,1057,360510308001057,4,4,0,4,0,0,0,0
36,051,0308.00,1058,360510308001058,0,0,0,0,0,0,0,0
36,051,0308.00,1059,360510308001059,0,0,0,0,0,0,0,0
36,051,0308.00,1060,360510308001060,10,10,0,10,0,0,0,0
36,051,0308.00,1061,360510308001061,4,4,0,4,0,0,0,0
36,051,0308.00,1062,360510308001062,1,1,0,1,0,0,0,0
36,051,0308.00,1063,360510308001063,0,0,0,0,0,0,0,0
36,051,0308.00,1064,360510308001064,0,0,0,0,0,0,0,0
36,051,0308.00,1065,360510308001065,0,0,0,0,0,0,0,0
36,051,0308.00,1066,360510308001066,8,8,0,8,0,0,0,0
36,051,0308.00,1067,360510308001067,21,21,0,21,0,0,0,0
36,051,0308.00,1068,360510308001068,24,24,0,24,0,0,0,0
36,051,0308.00,1069,360510308001069,1,1,0,1,0,0,0,0
36,051,0308.00,1070,360510308001070,0,0,0,0,0,0,0,0
36,051,0308.00,1071,360510308001071,3,3,0,3,0,0,0,0
36,051,0308.00,1072,360510308001072,1,1,0,1,0,0,0,0
36,051,0308.00,1073,360510308001073,0,0,0,0,0,0,0,0
36,051,0308.00,1074,360510308001074,0,0,0,0,0,0,0,0
36,051,0308.00,1075,360510308001075,0,0,0,0,0,0,0,0
36,051,0308.00,1076,360510308001076,0,0,0,0,0,0,0,0
36,051,0308.00,1077,360510308001077,0,0,0,0,0,0,0,0
36,051,0308.00,1078,360510308001078,0,0,0,0,0,0,0,0
36,051,0308.00,1079,360510308001079,0,0,0,0,0,0,0,0
36,051,0308.00,1080,360510308001080,0,0,0,0,0,0,0,0
36,051,0308.00,1081,360510308001081,0,0,0,0,0,0,0,0
36,051,0308.00,1082,360510308001082,9,9,0,9,0,0,0,0
36,051,0308.00,1083,360510308001083,0,0,0,0,0,0,0,0
36,051,0308.00,1084,360510308001084,0,0,0,0,0,0,0,0
36,051,0308.00,1085,360510308001085,0,0,0,0,0,0,0,0
36,051,0308.00,1086,360510308001086,0,0,0,0,0,0,0,0
36,051,0308.00,1088,360510308001088,2,2,0,2,0,0,0,0
36,051,0308.00,1089,360510308001089,4,4,0,4,0,0,0,0
36,051,0308.00,1090,360510308001090,19,19,0,19,0,0,0,0
36,051,0308.00,1091,360510308001091,4,4,0,4,0,0,0,0
36,051,0308.00,1092,360510308001092,2,2,0,2,0,0,0,0
36,051,0308.00,1093,360510308001093,2,2,0,2,0,0,0,0
36,051,0308.00,1094,360510308001094,0,0,0,0,0,0,0,0
36,051,0308.00,1095,360510308001095,0,0,0,0,0,0,0,0
36,051,0308.00,1096,360510308001096,5,5,0,5,0,0,0,0
36,051,0308.00,1097,360510308001097,5,5,0,5,0,0,0,0
36,051,0308.00,1098,360510308001098,4,4,0,4,0,0,0,0
36,051,0308.00,1099,360510308001099,11,11,0,11,0,0,0,0
36,051,0308.00,1100,360510308001100,20,20,0,20,0,0,0,0
36,051,0308.00,1101,360510308001101,17,17,0,17,0,0,0,0
36,051,0308.00,1102,360510308001102,9,9,0,9,0,0,0,0
36,051,0308.00,1103,360510308001103,2,2,0,2,0,0,0,0
36,051,0308.00,1104,360510308001104,8,8,0,8,0,0,0,0
36,051,0308.00,1105,360510308001105,10,10,0,10,0,0,0,0
36,051,0308.00,1106,360510308001106,17,17,0,17,0,0,0,0
36,051,0308.00,1107,360510308001107,11,11,0,11,0,0,0,0
36,051,0308.00,1108,360510308001108,3,3,0,3,0,0,0,0
36,051,0308.00,1109,360510308001109,8,8,0,8,0,0,0,0
36,051,0308.00,1110,360510308001110,7,7,0,7,0,0,0,0
36,051,0308.00,1111,360510308001111,0,0,0,0,0,0,0,0
36,051,0308.00,1112,360510308001112,0,0,0,0,0,0,0,0
36,051,0308.00,1113,360510308001113,3,3,0,3,0,0,0,0
36,051,0308.00,1114,360510308001114,2,2,0,2,0,0,0,0
36,051,0308.00,1115,360510308001115,0,0,0,0,0,0,0,0
36,051,0308.00,1116,360510308001116,19,19,0,19,0,0,0,0
36,051,0308.00,1117,360510308001117,0,0,0,0,0,0,0,0
36,051,0308.00,1118,360510308001118,0,0,0,0,0,0,0,0
36,051,0308.00,1119,360510308001119,8,8,0,8,0,0,0,0
36,051,0308.00,1120,360510308001120,2,2,0,2,0,0,0,0
36,051,0308.00,1121,360510308001121,2,2,0,2,0,0,0,0
36,051,0308.00,1123,360510308001123,0,0,0,0,0,0,0,0
36,051,0308.00,1124,360510308001124,0,0,0,0,0,0,0,0
36,051,0308.00,1125,360510308001125,0,0,0,0,0,0,0,0
36,051,0308.00,1126,360510308001126,0,0,0,0,0,0,0,0
36,051,0308.00,1127,360510308001127,0,0,0,0,0,0,0,0
36,051,0308.00,1128,360510308001128,4,4,0,4,0,0,0,0
36,051,0308.00,1129,360510308001129,0,0,0,0,0,0,0,0
36,051,0308.00,1130,360510308001130,0,0,0,0,0,0,0,0
36,051,0308.00,1131,360510308001131,0,0,0,0,0,0,0,0
36,051,0308.00,1132,360510308001132,0,0,0,0,0,0,0,0
36,051,0308.00,1133,360510308001133,3,3,0,3,1,1,0,1
36,051,0308.00,1134,360510308001134,0,0,0,0,0,0,0,0
36,051,0308.00,1135,360510308001135,2,2,0,2,0,0,0,0
36,051,0308.00,1136,360510308001136,0,0,0,0,0,0,0,0
36,051,0308.00,1137,360510308001137,0,0,0,0,0,0,0,0
36,051,0308.00,1138,360510308001138,0,0,0,0,0,0,0,0
36,051,0308.00,1140,360510308001140,0,0,0,0,0,0,0,0
36,051,0308.00,1141,360510308001141,0,0,0,0,0,0,0,0
36,051,0308.00,1142,360510308001142,1,1,0,1,0,0,0,0
36,051,0308.00,1143,360510308001143,0,0,0,0,0,0,0,0
36,051,0308.00,1144,360510308001144,0,0,0,0,0,0,0,0
36,051,0308.00,1146,360510308001146,0,0,0,0,0,0,0,0
36,051,0308.00,1147,360510308001147,0,0,0,0,0,0,0,0
36,051,0308.00,1149,360510308001149,1,1,0,1,0,0,0,0
36,051,0308.00,1150,360510308001150,5,5,0,5,0,0,0,0
36,051,0308.00,1151,360510308001151,1,1,0,1,0,0,0,0
36,051,0308.00,1152,360510308001152,0,0,0,0,0,0,0,0
36,051,0308.00,1153,360510308001153,1,1,0,1,0,0,0,0
36,051,0308.00,1154,360510308001154,0,0,0,0,0,0,0,0
36,051,0308.00,1156,360510308001156,2,2,0,2,0,0,0,0
36,051,0308.00,1158,360510308001158,3,3,0,3,0,0,0,0
36,051,0308.00,1159,360510308001159,23,23,0,23,0,0,0,0
36,051,0308.00,1161,360510308001161,0,0,0,0,0,0,0,0
36,051,0308.00,1162,360510308001162,30,30,0,30,0,0,0,0
36,051,0308.00,1163,360510308001163,4,4,0,4,0,0,0,0
36,051,0308.00,1164,360510308001164,26,26,0,26,0,0,0,0
36,051,0308.00,1166,360510308001166,1,1,0,1,0,0,0,0
36,051,0308.00,1168,360510308001168,4,4,0,4,0,0,0,0
36,051,0308.00,1169,360510308001169,16,16,0,16,0,0,0,0
36,051,0308.00,1170,360510308001170,6,6,0,6,0,0,0,0
36,051,0308.00,1171,360510308001171,11,11,0,11,0,0,0,0
36,051,0308.00,1172,360510308001172,2,2,0,2,0,0,0,0
36,051,0308.00,1173,360510308001173,3,3,0,3,0,0,0,0
36,051,0308.00,1174,360510308001174,0,0,0,0,0,0,0,0
36,051,0308.00,1175,360510308001175,0,0,0,0,0,0,0,0
36,051,0308.00,1176,360510308001176,1,1,0,1,0,0,0,0
36,051,0308.00,1177,360510308001177,1,1,0,1,0,0,0,0
36,051,0308.00,1178,360510308001178,3,3,0,3,0,0,0,0
36,051,0308.00,1179,360510308001179,2,2,0,2,0,0,0,0
36,051,0308.00,1180,360510308001180,1,1,0,1,0,0,0,0
36,051,0308.00,1181,360510308001181,1,1,0,1,0,0,0,0
36,051,0308.00,1182,360510308001182,0,0,0,0,0,0,0,0
36,051,0308.00,1183,360510308001183,1,1,0,1,0,0,0,0
36,051,0308.00,1184,360510308001184,1,1,0,1,0,0,0,0
36,051,0308.00,1185,360510308001185,1,1,0,1,0,0,0,0
36,051,0308.00,1186,360510308001186,2,2,0,2,0,0,0,0
36,051,0308.00,1187,360510308001187,0,0,0,0,0,0,0,0
36,051,0308.00,1189,360510308001189,0,0,0,0,0,0,0,0
36,051,0308.00,1191,360510308001191,3,3,0,3,0,0,0,0
36,051,0308.00,1192,360510308001192,2,2,0,2,0,0,0,0
36,051,0308.00,1193,360510308001193,9,9,0,9,0,0,0,0
36,051,0308.00,1194,360510308001194,0,0,0,0,0,0,0,0
36,051,0308.00,1195,360510308001195,0,0,0,0,0,0,0,0
36,051,0308.00,1196,360510308001196,0,0,0,0,0,0,0,0
36,051,0308.00,2000,360510308002000,3,3,0,3,0,0,0,0
36,051,0308.00,2002,360510308002002,2,2,0,2,0,0,0,0
36,051,0308.00,2003,360510308002003,5,5,0,5,0,0,0,0
36,051,0308.00,2004,360510308002004,9,9,0,9,0,0,0,0
36,051,0308.00,2005,360510308002005,2,2,0,2,0,0,0,0
36,051,0308.00,2006,360510308002006,16,16,0,16,0,0,0,0
36,051,0308.00,2007,360510308002007,4,4,0,4,0,0,0,0
36,051,0308.00,2008,360510308002008,2,2,0,2,0,0,0,0
36,051,0308.00,2009,360510308002009,15,15,0,15,1,1,0,1
36,051,0308.00,2010,360510308002010,6,6,0,6,0,0,0,0
36,051,0308.00,2011,360510308002011,65,65,0,65,0,0,0,0
36,051,0308.00,2012,360510308002012,6,6,0,6,0,0,0,0
36,051,0308.00,2013,360510308002013,0,0,0,0,0,0,0,0
36,051,0308.00,2014,360510308002014,1,1,0,1,0,0,0,0
36,051,0308.00,2015,360510308002015,0,0,0,0,0,0,0,0
36,051,0308.00,2016,360510308002016,1,1,0,1,0,0,0,0
36,051,0308.00,2017,360510308002017,3,3,0,3,0,0,0,0
36,051,0308.00,2018,360510308002018,0,0,0,0,0,0,0,0
36,051,0308.00,2019,360510308002019,23,23,0,23,0,0,0,0
36,051,0308.00,2020,360510308002020,18,18,0,18,0,0,0,0
36,051,0308.00,2021,360510308002021,0,0,0,0,0,0,0,0
36,051,0308.00,2022,360510308002022,1,1,0,1,0,0,0,0
36,051,0308.00,2023,360510308002023,10,10,0,10,0,0,0,0
36,051,0308.00,2024,360510308002024,9,9,0,9,0,0,0,0
36,051,0308.00,2025,360510308002025,16,16,0,16,0,0,0,0
36,051,0308.00,2026,360510308002026,4,4,0,4,0,0,0,0
36,051,0308.00,2027,360510308002027,12,12,0,12,0,0,0,0
36,051,0308.00,2028,360510308002028,18,18,0,18,0,0,0,0
36,051,0308.00,2029,360510308002029,7,7,0,7,0,0,0,0
36,051,0308.00,2030,360510308002030,9,9,0,9,0,0,0,0
36,051,0308.00,2031,360510308002031,2,2,0,2,0,0,0,0
36,051,0308.00,2032,360510308002032,4,4,0,4,0,0,0,0
36,051,0308.00,2033,360510308002033,1,1,0,1,0,0,0,0
36,051,0308.00,2034,360510308002034,2,2,0,2,0,0,0,0
36,051,0308.00,2035,360510308002035,1,1,0,1,0,0,0,0
36,051,0308.00,2036,360510308002036,0,0,0,0,0,0,0,0
36,051,0308.00,2037,360510308002037,1,1,0,1,0,0,0,0
36,051,0308.00,2038,360510308002038,0,0,0,0,0,0,0,0
36,051,0308.00,2039,360510308002039,12,12,0,12,0,0,0,0
36,051,0308.00,2040,360510308002040,16,16,0,16,0,0,0,0
36,051,0308.00,2041,360510308002041,10,10,0,10,0,0,0,0
36,051,0308.00,2042,360510308002042,5,5,0,5,0,0,0,0
36,051,0308.00,2043,360510308002043,0,0,0,0,0,0,0,0
36,051,0308.00,2044,360510308002044,2,2,0,2,0,0,0,0
36,051,0308.00,2046,360510308002046,10,10,0,10,0,0,0,0
36,051,0308.00,2047,360510308002047,2,2,0,2,0,0,0,0
36,051,0308.00,2048,360510308002048,9,9,0,9,0,0,0,0
36,051,0308.00,2049,360510308002049,0,0,0,0,0,0,0,0
36,051,0308.00,2050,360510308002050,1,1,0,1,0,0,0,0
36,051,0308.00,2051,360510308002051,9,9,0,9,0,0,0,0
36,051,0308.00,2052,360510308002052,4,4,0,4,0,0,0,0
36,051,0308.00,2053,360510308002053,1,1,0,1,0,0,0,0
36,051,0308.00,2054,360510308002054,0,0,0,0,0,0,0,0
36,051,0308.00,2055,360510308002055,9,9,0,9,0,0,0,0
36,051,0308.00,2056,360510308002056,0,0,0,0,0,0,0,0
36,051,0308.00,2057,360510308002057,0,0,0,0,0,0,0,0
36,051,0308.00,2058,360510308002058,0,0,0,0,0,0,0,0
36,051,0308.00,2059,360510308002059,0,0,0,0,0,0,0,0
36,051,0308.00,2060,360510308002060,0,0,0,0,0,0,0,0
36,051,0308.00,2061,360510308002061,14,14,0,14,0,0,0,0
36,051,0308.00,2062,360510308002062,0,0,0,0,0,0,0,0
36,051,0308.00,2063,360510308002063,0,0,0,0,0,0,0,0
36,051,0308.00,2064,360510308002064,0,0,0,0,0,0,0,0
36,051,0308.00,2065,360510308002065,3,3,0,3,0,0,0,0
36,051,0308.00,2066,360510308002066,2,2,0,2,0,0,0,0
36,051,0308.00,3000,360510308003000,0,0,0,0,0,0,0,0
36,051,0308.00,3001,360510308003001,7,7,0,7,0,0,0,0
36,051,0308.00,3002,360510308003002,3,3,0,3,0,0,0,0
36,051,0308.00,3003,360510308003003,4,4,0,4,0,0,0,0
36,051,0308.00,3004,360510308003004,2,2,0,2,0,0,0,0
36,051,0308.00,3005,360510308003005,4,4,0,4,0,0,0,0
36,051,0308.00,3006,360510308003006,0,0,0,0,0,0,0,0
36,051,0308.00,3007,360510308003007,2,2,0,2,0,0,0,0
36,051,0308.00,3008,360510308003008,0,0,0,0,0,0,0,0
36,051,0308.00,3009,360510308003009,0,0,0,0,0,0,0,0
36,051,0308.00,3010,360510308003010,3,3,0,3,0,0,0,0
36,051,0308.00,3011,360510308003011,1,1,0,1,0,0,0,0
36,051,0308.00,3012,360510308003012,3,3,0,3,0,0,0,0
36,051,0308.00,3013,360510308003013,1,1,0,1,0,0,0,0
36,051,0308.00,3014,360510308003014,1,1,0,1,0,0,0,0
36,051,0308.00,3015,360510308003015,9,9,0,9,0,0,0,0
36,051,0308.00,3016,360510308003016,0,0,0,0,0,0,0,0
36,051,0308.00,3017,360510308003017,0,0,0,0,0,0,0,0
36,051,0308.00,3018,360510308003018,2,2,0,2,0,0,0,0
36,051,0308.00,3019,360510308003019,2,2,0,2,0,0,0,0
36,051,0308.00,3020,360510308003020,4,4,0,4,0,0,0,0
36,051,0308.00,3021,360510308003021,0,0,0,0,0,0,0,0
36,051,0308.00,3022,360510308003022,0,0,0,0,0,0,0,0
36,051,0308.00,3023,360510308003023,0,0,0,0,0,0,0,0
36,051,0308.00,3024,360510308003024,0,0,0,0,0,0,0,0
36,051,0308.00,3025,360510308003025,1,1,0,1,0,0,0,0
36,051,0308.00,3026,360510308003026,1,1,0,1,0,0,0,0
36,051,0308.00,3027,360510308003027,1,1,0,1,0,0,0,0
36,051,0308.00,3028,360510308003028,4,4,0,4,0,0,0,0
36,051,0308.00,3029,360510308003029,2,2,0,2,0,0,0,0
36,051,0308.00,3030,360510308003030,9,9,0,9,0,0,0,0
36,051,0308.00,3031,360510308003031,1,1,0,1,0,0,0,0
36,051,0308.00,3032,360510308003032,1,1,0,1,0,0,0,0
36,051,0308.00,3033,360510308003033,6,6,0,6,0,0,0,0
36,051,0308.00,3034,360510308003034,2,2,0,2,0,0,0,0
36,051,0308.00,3035,360510308003035,0,0,0,0,0,0,0,0
36,051,0308.00,3036,360510308003036,4,4,0,4,0,0,0,0
36,051,0308.00,3037,360510308003037,0,0,0,0,0,0,0,0
36,051,0308.00,3038,360510308003038,7,7,0,7,0,0,0,0
36,051,0308.00,3039,360510308003039,7,7,0,7,0,0,0,0
36,051,0308.00,3040,360510308003040,6,6,0,6,0,0,0,0
36,051,0308.00,3041,360510308003041,1,1,0,1,0,0,0,0
36,051,0308.00,3042,360510308003042,3,3,0,3,0,0,0,0
36,051,0308.00,3043,360510308003043,3,3,0,3,0,0,0,0
36,051,0308.00,3044,360510308003044,7,7,0,7,0,0,0,0
36,051,0308.00,3045,360510308003045,0,0,0,0,0,0,0,0
36,051,0308.00,3046,360510308003046,9,9,0,9,0,0,0,0
36,051,0308.00,3047,360510308003047,3,3,0,3,0,0,0,0
36,051,0308.00,3048,360510308003048,3,3,0,3,0,0,0,0
36,051,0308.00,3049,360510308003049,2,2,0,2,0,0,0,0
36,051,0308.00,3050,360510308003050,2,2,0,2,0,0,0,0
36,051,0308.00,3051,360510308003051,8,8,0,8,0,0,0,0
36,051,0308.00,3052,360510308003052,9,9,0,9,0,0,0,0
36,051,0308.00,3053,360510308003053,17,17,0,17,0,0,0,0
36,051,0308.00,3054,360510308003054,7,7,0,7,0,0,0,0
36,051,0308.00,3055,360510308003055,15,15,0,15,0,0,0,0
36,051,0308.00,3056,360510308003056,0,0,0,0,0,0,0,0
36,051,0308.00,3058,360510308003058,13,13,0,13,0,0,0,0
36,051,0308.00,3059,360510308003059,7,7,0,7,0,0,0,0
36,051,0308.00,3060,360510308003060,0,0,0,0,0,0,0,0
36,051,0308.00,3061,360510308003061,0,0,0,0,0,0,0,0
36,051,0308.00,3062,360510308003062,2,2,0,2,0,0,0,0
36,051,0308.00,3063,360510308003063,1,1,0,1,0,0,0,0
36,051,0308.00,3064,360510308003064,26,26,0,26,0,0,0,0
36,051,0308.00,3065,360510308003065,18,18,0,18,0,0,0,0
36,051,0308.00,3066,360510308003066,43,43,0,43,0,0,0,0
36,051,0308.00,3067,360510308003067,42,42,0,42,0,0,0,0
36,051,0308.00,3068,360510308003068,8,8,0,8,0,0,0,0
36,051,0308.00,3069,360510308003069,9,9,0,9,0,0,0,0
36,051,0308.00,3070,360510308003070,0,0,0,0,0,0,0,0
36,051,0308.00,3071,360510308003071,29,29,0,29,0,0,0,0
36,051,0308.00,3072,360510308003072,6,6,0,6,0,0,0,0
36,051,0308.00,3073,360510308003073,0,0,0,0,0,0,0,0
36,051,0308.00,3074,360510308003074,1,1,0,1,0,0,0,0
36,051,0308.00,3075,360510308003075,9,9,0,9,0,0,0,0
36,051,0308.00,3076,360510308003076,2,2,0,2,0,0,0,0
36,051,0308.00,3077,360510308003077,8,8,0,8,0,0,0,0
36,051,0308.00,3078,360510308003078,13,13,0,13,0,0,0,0
36,051,0308.00,3079,360510308003079,15,15,0,15,0,0,0,0
36,051,0308.00,3080,360510308003080,9,9,0,9,0,0,0,0
36,051,0308.00,3081,360510308003081,0,0,0,0,0,0,0,0
36,051,0308.00,3082,360510308003082,6,6,0,6,0,0,0,0
36,051,0308.00,3083,360510308003083,0,0,0,0,0,0,0,0
36,051,0308.00,3084,360510308003084,0,0,0,0,0,0,0,0
36,051,0308.00,3085,360510308003085,8,8,0,8,0,0,0,0
36,051,0308.00,3086,360510308003086,1,1,0,1,0,0,0,0
36,051,0308.00,3087,360510308003087,6,6,0,6,0,0,0,0
36,051,0308.00,3088,360510308003088,8,8,0,8,0,0,0,0
36,051,0308.00,3089,360510308003089,8,8,0,8,0,0,0,0
36,051,0308.00,3090,360510308003090,4,4,0,4,0,0,0,0
36,051,0308.00,3091,360510308003091,1,1,0,1,0,0,0,0
36,051,0308.00,3092,360510308003092,1,1,0,1,0,0,0,0
36,051,0308.00,3093,360510308003093,9,9,0,9,0,0,0,0
36,051,0308.00,3094,360510308003094,4,4,0,4,0,0,0,0
36,051,0308.00,3095,360510308003095,6,6,0,6,0,0,0,0
36,051,0308.00,3096,360510308003096,5,5,0,5,0,0,0,0
36,051,0308.00,3097,360510308003097,8,8,0,8,0,0,0,0
36,051,0308.00,3098,360510308003098,5,5,0,5,0,0,0,0
36,051,0308.00,3099,360510308003099,2,2,0,2,0,0,0,0
36,051,0308.00,3100,360510308003100,2,2,0,2,0,0,0,0
36,051,0308.00,3101,360510308003101,2,2,0,2,0,0,0,0
36,051,0308.00,3102,360510308003102,0,0,0,0,0,0,0,0
36,051,0308.00,3103,360510308003103,0,0,0,0,0,0,0,0
36,051,0308.00,3104,360510308003104,3,3,0,3,0,0,0,0
36,051,0308.00,3105,360510308003105,4,4,0,4,0,0,0,0
36,051,0308.00,3106,360510308003106,3,3,0,3,0,0,0,0
36,051,0308.00,3107,360510308003107,3,3,0,3,0,0,0,0
36,051,0308.00,3108,360510308003108,1,1,0,1,0,0,0,0
36,051,0308.00,3109,360510308003109,2,2,0,2,0,0,0,0
36,051,0308.00,3110,360510308003110,0,0,0,0,0,0,0,0
36,051,0308.00,3111,360510308003111,3,3,0,3,0,0,0,0
36,051,0308.00,3112,360510308003112,0,0,0,0,0,0,0,0
36,051,0308.00,3113,360510308003113,0,0,0,0,0,0,0,0
36,051,0308.00,3114,360510308003114,1,1,0,1,0,0,0,0
36,051,0308.00,3115,360510308003115,0,0,0,0,0,0,0,0
36,051,0308.00,3116,360510308003116,1,1,0,1,0,0,0,0
36,051,0308.00,3117,360510308003117,3,3,0,3,0,0,0,0
36,051,0308.00,3118,360510308003118,9,9,0,9,0,0,0,0
36,051,0308.00,3119,360510308003119,23,23,0,23,0,0,0,0
36,051,0308.00,3120,360510308003120,9,9,0,9,0,0,0,0
36,051,0308.00,3121,360510308003121,2,2,0,2,0,0,0,0
36,051,0308.00,3122,360510308003122,0,0,0,0,0,0,0,0
36,051,0308.00,3123,360510308003123,0,0,0,0,0,0,0,0
36,051,0308.00,3124,360510308003124,0,0,0,0,0,0,0,0
36,051,0308.00,3125,360510308003125,0,0,0,0,0,0,0,0
36,051,0308.00,3126,360510308003126,0,0,0,0,0,0,0,0
36,051,0308.00,3127,360510308003127,0,0,0,0,0,0,0,0
36,051,0308.00,3128,360510308003128,0,0,0,0,0,0,0,0
36,051,0308.00,3129,360510308003129,0,0,0,0,0,0,0,0
36,051,0308.00,3130,360510308003130,0,0,0,0,0,0,0,0
36,051,0308.00,3131,360510308003131,0,0,0,0,0,0,0,0
36,051,0308.00,3132,360510308003132,0,0,0,0,0,0,0,0
36,051,0308.00,3133,360510308003133,0,0,0,0,0,0,0,0
36,051,0308.00,3134,360510308003134,0,0,0,0,0,0,0,0
36,051,0308.00,3135,360510308003135,0,0,0,0,0,0,0,0
36,051,0308.00,3136,360510308003136,0,0,0,0,0,0,0,0
36,051,0308.00,3137,360510308003137,0,0,0,0,0,0,0,0
36,051,0308.00,3138,360510308003138,0,0,0,0,0,0,0,0
36,051,0308.00,3139,360510308003139,0,0,0,0,0,0,0,0
36,051,0308.00,3140,360510308003140,10,10,0,10,0,0,0,0
36,051,0308.00,3141,360510308003141,0,0,0,0,0,0,0,0
36,051,0308.00,3142,360510308003142,4,4,0,4,0,0,0,0
36,051,0308.00,3143,360510308003143,0,0,0,0,0,0,0,0
36,051,0308.00,3144,360510308003144,0,0,0,0,0,0,0,0
36,051,0308.00,3145,360510308003145,0,0,0,0,0,0,0,0
36,051,0308.00,3146,360510308003146,0,0,0,0,0,0,0,0
36,051,0308.00,3147,360510308003147,0,0,0,0,0,0,0,0
36,051,0308.00,3148,360510308003148,0,0,0,0,0,0,0,0
36,051,0308.00,3149,360510308003149,0,0,0,0,0,0,0,0
36,051,0308.00,3150,360510308003150,1,1,0,1,0,0,0,0
36,051,0308.00,3151,360510308003151,0,0,0,0,0,0,0,0
36,051,0308.00,3152,360510308003152,0,0,0,0,0,0,0,0
36,051,0308.00,3153,360510308003153,0,0,0,0,0,0,0,0
36,051,0308.00,3154,360510308003154,0,0,0,0,0,0,0,0
36,051,0308.00,3155,360510308003155,0,0,0,0,0,0,0,0
36,051,0308.00,3156,360510308003156,5,5,0,5,0,0,0,0
36,051,0308.00,3157,360510308003157,0,0,0,0,0,0,0,0
36,051,0308.00,4000,360510308004000,48,48,0,48,0,0,0,0
36,051,0308.00,4001,360510308004001,0,0,0,0,0,0,0,0
36,051,0308.00,4002,360510308004002,3,3,0,3,0,0,0,0
36,051,0308.00,4003,360510308004003,1,1,0,1,0,0,0,0
36,051,0308.00,4004,360510308004004,7,7,0,7,0,0,0,0
36,051,0308.00,4005,360510308004005,1,1,0,1,0,0,0,0
36,051,0308.00,4006,360510308004006,0,0,0,0,0,0,0,0
36,051,0308.00,4007,360510308004007,0,0,0,0,1,1,0,1
36,051,0308.00,4008,360510308004008,0,0,0,0,0,0,0,0
36,051,0308.00,4009,360510308004009,6,6,0,6,1,1,0,1
36,051,0308.00,4010,360510308004010,3,3,0,3,1,1,0,1
36,051,0308.00,4011,360510308004011,2,2,0,2,0,0,0,0
36,051,0308.00,4012,360510308004012,1,1,0,1,0,0,0,0
36,051,0308.00,4013,360510308004013,4,4,0,4,0,0,0,0
36,051,0308.00,4014,360510308004014,4,4,0,4,0,0,0,0
36,051,0308.00,4016,360510308004016,3,3,0,3,0,0,0,0
36,051,0308.00,4017,360510308004017,3,3,0,3,0,0,0,0
36,051,0308.00,4018,360510308004018,0,0,0,0,0,0,0,0
36,051,0308.00,4019,360510308004019,6,6,0,6,0,0,0,0
36,051,0308.00,4020,360510308004020,0,0,0,0,0,0,0,0
36,051,0308.00,4021,360510308004021,3,3,0,3,0,0,0,0
36,051,0308.00,4022,360510308004022,3,3,0,3,0,0,0,0
36,051,0308.00,4023,360510308004023,12,12,0,12,0,0,0,0
36,051,0308.00,4024,360510308004024,0,0,0,0,0,0,0,0
36,051,0308.00,4025,360510308004025,9,9,0,9,0,0,0,0
36,051,0308.00,4026,360510308004026,34,34,0,34,0,0,0,0
36,051,0308.00,4027,360510308004027,3,3,0,3,0,0,0,0
36,051,0308.00,4028,360510308004028,4,4,0,4,0,0,0,0
36,051,0308.00,4029,360510308004029,0,0,0,0,0,0,0,0
36,051,0308.00,4030,360510308004030,22,22,0,22,0,0,0,0
36,051,0308.00,4031,360510308004031,0,0,0,0,0,0,0,0
36,051,0308.00,4032,360510308004032,2,2,0,2,0,0,0,0
36,051,0308.00,4033,360510308004033,2,2,0,2,0,0,0,0
36,051,0308.00,4034,360510308004034,8,8,0,8,0,0,0,0
36,051,0308.00,4036,360510308004036,2,2,0,2,0,0,0,0
36,051,0308.00,4037,360510308004037,3,3,0,3,0,0,0,0
36,051,0308.00,4038,360510308004038,5,5,0,5,0,0,0,0
36,051,0308.00,4039,360510308004039,10,10,0,10,0,0,0,0
36,051,0308.00,4040,360510308004040,5,5,0,5,0,0,0,0
36,051,0308.00,4041,360510308004041,0,0,0,0,0,0,0,0
36,051,0308.00,4042,360510308004042,0,0,0,0,0,0,0,0
36,051,0308.00,4043,360510308004043,1,1,0,1,0,0,0,0
36,051,0308.00,4044,360510308004044,0,0,0,0,0,0,0,0
36,051,0308.00,4045,360510308004045,0,0,0,0,0,0,0,0
36,051,0308.00,4046,360510308004046,0,0,0,0,0,0,0,0
36,051,0308.00,4047,360510308004047,1,1,0,1,0,0,0,0
36,051,0308.00,4048,360510308004048,0,0,0,0,0,0,0,0
36,051,0308.00,4049,360510308004049,1,1,0,1,0,0,0,0
36,051,0308.00,4050,360510308004050,0,0,0,0,0,0,0,0
36,051,0308.00,4051,360510308004051,2,2,0,2,0,0,0,0
36,051,0308.00,4052,360510308004052,0,0,0,0,0,0,0,0
36,051,0308.00,4053,360510308004053,4,4,0,4,0,0,0,0
36,051,0308.00,4054,360510308004054,8,8,0,8,0,0,0,0
36,051,0308.00,4055,360510308004055,3,3,0,3,0,0,0,0
36,051,0308.00,4056,360510308004056,9,9,0,9,0,0,0,0
36,051,0308.00,4058,360510308004058,0,0,0,0,0,0,0,0
36,051,0308.00,4059,360510308004059,10,10,0,10,0,0,0,0
36,051,0308.00,4060,360510308004060,1,1,0,1,0,0,0,0
36,051,0308.00,4061,360510308004061,3,3,0,3,0,0,0,0
36,051,0308.00,4062,360510308004062,3,3,0,3,0,0,0,0
36,051,0308.00,4063,360510308004063,0,0,0,0,0,0,0,0
36,051,0308.00,5001,360510308005001,6,6,0,6,0,0,0,0
36,051,0308.00,5002,360510308005002,0,0,0,0,0,0,0,0
36,051,0308.00,5003,360510308005003,0,0,0,0,0,0,0,0
36,051,0308.00,5004,360510308005004,2,2,0,2,0,0,0,0
36,051,0308.00,5005,360510308005005,11,11,0,11,0,0,0,0
36,051,0308.00,5006,360510308005006,0,0,0,0,0,0,0,0
36,051,0308.00,5007,360510308005007,4,4,0,4,0,0,0,0
36,051,0308.00,5008,360510308005008,5,5,0,5,0,0,0,0
36,051,0308.00,5009,360510308005009,7,7,0,7,0,0,0,0
36,051,0308.00,5010,360510308005010,8,8,0,8,0,0,0,0
36,051,0308.00,5011,360510308005011,1,1,0,1,0,0,0,0
36,051,0308.00,5012,360510308005012,0,0,0,0,0,0,0,0
36,051,0308.00,5013,360510308005013,0,0,0,0,0,0,0,0
36,051,0308.00,5014,360510308005014,11,11,0,11,0,0,0,0
36,051,0308.00,5015,360510308005015,2,2,0,2,0,0,0,0
36,051,0308.00,5016,360510308005016,4,4,0,4,0,0,0,0
36,051,0308.00,5019,360510308005019,9,9,0,9,0,0,0,0
36,051,0308.00,5020,360510308005020,1,1,0,1,0,0,0,0
36,051,0308.00,5021,360510308005021,1,1,0,1,0,0,0,0
36,051,0308.00,5022,360510308005022,0,0,0,0,0,0,0,0
36,051,0308.00,5023,360510308005023,0,0,0,0,0,0,0,0
36,051,0308.00,5024,360510308005024,0,0,0,0,0,0,0,0
36,051,0308.00,5025,360510308005025,1,1,0,1,0,0,0,0
36,051,0308.00,5026,360510308005026,3,3,0,3,0,0,0,0
36,051,0308.00,5027,360510308005027,2,2,0,2,0,0,0,0
36,051,0308.00,5028,360510308005028,0,0,0,0,0,0,0,0
36,051,0308.00,5029,360510308005029,3,3,0,3,0,0,0,0
36,051,0308.00,5030,360510308005030,3,3,0,3,0,0,0,0
36,051,0308.00,5031,360510308005031,4,4,0,4,0,0,0,0
36,051,0308.00,5032,360510308005032,2,2,0,2,0,0,0,0
36,051,0308.00,5033,360510308005033,0,0,0,0,0,0,0,0
36,051,0308.00,5034,360510308005034,0,0,0,0,0,0,0,0
36,051,0308.00,5035,360510308005035,0,0,0,0,0,0,0,0
36,051,0308.00,5036,360510308005036,0,0,0,0,0,0,0,0
36,051,0308.00,5037,360510308005037,1,1,0,1,0,0,0,0
36,051,0308.00,5038,360510308005038,0,0,0,0,0,0,0,0
36,051,0308.00,5039,360510308005039,0,0,0,0,0,0,0,0
36,051,0308.00,5040,360510308005040,1,1,0,1,0,0,0,0
36,051,0308.00,5041,360510308005041,0,0,0,0,0,0,0,0
36,051,0308.00,5043,360510308005043,1,1,0,1,0,0,0,0
36,051,0308.00,5044,360510308005044,14,14,0,14,0,0,0,0
36,051,0308.00,5045,360510308005045,1,1,0,1,0,0,0,0
36,051,0308.00,5046,360510308005046,0,0,0,0,0,0,0,0
36,051,0308.00,5048,360510308005048,4,4,0,4,0,0,0,0
36,051,0308.00,5049,360510308005049,0,0,0,0,0,0,0,0
36,051,0308.00,5050,360510308005050,0,0,0,0,0,0,0,0
36,051,0308.00,5051,360510308005051,0,0,0,0,0,0,0,0
36,051,0308.00,5052,360510308005052,2,2,0,2,0,0,0,0
36,051,0308.00,5053,360510308005053,1,1,0,1,0,0,0,0
36,051,0308.00,5054,360510308005054,0,0,0,0,0,0,0,0
36,051,0308.00,5055,360510308005055,1,1,0,1,0,0,0,0
36,051,0308.00,5056,360510308005056,3,3,0,3,0,0,0,0
36,051,0308.00,5057,360510308005057,1,1,0,1,0,0,0,0
36,051,0308.00,5058,360510308005058,0,0,0,0,0,0,0,0
36,051,0308.00,5060,360510308005060,0,0,0,0,0,0,0,0
36,051,0308.00,5061,360510308005061,1,1,0,1,0,0,0,0
36,051,0308.00,5062,360510308005062,0,0,0,0,0,0,0,0
36,051,0308.00,5064,360510308005064,1,1,0,1,0,0,0,0
36,051,0308.00,5065,360510308005065,0,0,0,0,0,0,0,0
36,051,0308.00,5066,360510308005066,5,5,0,5,0,0,0,0
36,051,0308.00,5067,360510308005067,0,0,0,0,0,0,0,0
36,051,0308.00,5068,360510308005068,1,1,0,1,0,0,0,0
36,051,0308.00,5069,360510308005069,0,0,0,0,0,0,0,0
36,051,0308.00,5070,360510308005070,2,2,0,2,0,0,0,0
36,051,0308.00,5071,360510308005071,0,0,0,0,0,0,0,0
36,051,0308.00,5072,360510308005072,1,1,0,1,0,0,0,0
36,051,0308.00,5073,360510308005073,0,0,0,0,0,0,0,0
36,051,0308.00,5074,360510308005074,0,0,0,0,0,0,0,0
36,051,0308.00,5075,360510308005075,1,1,0,1,0,0,0,0
36,051,0308.00,5076,360510308005076,1,1,0,1,0,0,0,0
36,051,0308.00,5078,360510308005078,8,8,0,8,0,0,0,0
36,051,0308.00,5079,360510308005079,23,23,0,23,0,0,0,0
36,051,0308.00,5080,360510308005080,1,1,0,1,0,0,0,0
36,051,0308.00,5081,360510308005081,3,3,0,3,0,0,0,0
36,051,0308.00,5082,360510308005082,2,2,0,2,0,0,0,0
36,051,0308.00,5083,360510308005083,3,3,0,3,0,0,0,0
36,051,0308.00,5084,360510308005084,5,5,0,5,0,0,0,0
36,051,0308.00,5085,360510308005085,4,4,0,4,0,0,0,0
36,051,0308.00,5086,360510308005086,1,1,0,1,0,0,0,0
36,051,0308.00,5087,360510308005087,6,6,0,6,0,0,0,0
36,051,0308.00,5088,360510308005088,1,1,0,1,0,0,0,0
36,051,0308.00,5089,360510308005089,1,1,0,1,0,0,0,0
36,051,0308.00,5090,360510308005090,10,10,0,10,0,0,0,0
36,051,0308.00,5091,360510308005091,4,4,0,4,0,0,0,0
36,051,0308.00,5093,360510308005093,4,4,0,4,0,0,0,0
36,051,0308.00,5095,360510308005095,3,3,0,3,0,0,0,0
36,051,0308.00,5096,360510308005096,3,3,0,3,0,0,0,0
36,051,0308.00,5097,360510308005097,1,1,0,1,0,0,0,0
36,051,0308.00,5098,360510308005098,17,17,0,17,0,0,0,0
36,051,0308.00,5099,360510308005099,13,13,0,13,0,0,0,0
36,051,0308.00,5100,360510308005100,4,4,0,4,0,0,0,0
36,051,0308.00,5101,360510308005101,1,1,0,1,0,0,0,0
36,051,0308.00,5102,360510308005102,5,5,0,5,0,0,0,0
36,051,0308.00,5103,360510308005103,1,1,0,1,0,0,0,0
36,051,0308.00,5104,360510308005104,3,3,0,3,0,0,0,0
36,051,0308.00,5105,360510308005105,3,3,0,3,0,0,0,0
36,051,0308.00,5106,360510308005106,1,1,0,1,0,0,0,0
36,051,0308.00,5107,360510308005107,1,1,0,1,0,0,0,0
36,051,0308.00,5108,360510308005108,19,19,0,19,0,0,0,0
36,051,0308.00,5109,360510308005109,0,0,0,0,0,0,0,0
36,051,0308.00,5110,360510308005110,8,8,0,8,0,0,0,0
36,051,0308.00,5111,360510308005111,0,0,0,0,0,0,0,0
36,051,0308.00,5112,360510308005112,5,5,0,5,0,0,0,0
36,051,0308.00,5113,360510308005113,7,7,0,7,0,0,0,0
36,051,0308.00,5114,360510308005114,0,0,0,0,0,0,0,0
36,051,0308.00,5115,360510308005115,0,0,0,0,0,0,0,0
36,051,0308.00,5116,360510308005116,0,0,0,0,0,0,0,0
36,051,0308.00,5117,360510308005117,0,0,0,0,0,0,0,0
36,051,0308.00,5118,360510308005118,2,2,0,2,0,0,0,0
36,051,0308.00,5119,360510308005119,0,0,0,0,0,0,0,0
36,051,0308.00,5120,360510308005120,0,0,0,0,0,0,0,0
36,051,0308.00,5121,360510308005121,2,2,0,2,0,0,0,0
36,051,0308.00,5122,360510308005122,2,2,0,2,0,0,0,0
36,051,0308.00,5123,360510308005123,0,0,0,0,0,0,0,0
36,051,0309.00,1000,360510309001000,0,0,0,0,0,0,0,0
36,051,0309.00,1001,360510309001001,1,1,0,1,0,0,0,0
36,051,0309.00,1002,360510309001002,12,12,0,12,0,0,0,0
36,051,0309.00,1003,360510309001003,108,108,0,108,0,0,0,0
36,051,0309.00,1004,360510309001004,0,0,0,0,0,0,0,0
36,051,0309.00,1005,360510309001005,2,2,0,2,0,0,0,0
36,051,0309.00,1006,360510309001006,0,0,0,0,0,0,0,0
36,051,0309.00,1007,360510309001007,97,97,0,97,0,0,0,0
36,051,0309.00,1008,360510309001008,27,27,0,27,0,0,0,0
36,051,0309.00,1009,360510309001009,28,28,0,28,0,0,0,0
36,051,0309.00,1011,360510309001011,12,12,0,12,0,0,0,0
36,051,0309.00,1012,360510309001012,3,3,0,3,0,0,0,0
36,051,0309.00,1013,360510309001013,26,26,0,26,0,0,0,0
36,051,0309.00,1014,360510309001014,5,5,0,5,0,0,0,0
36,051,0309.00,1015,360510309001015,12,12,0,12,0,0,0,0
36,051,0309.00,1016,360510309001016,17,17,0,17,0,0,0,0
36,051,0309.00,1017,360510309001017,15,15,0,15,0,0,0,0
36,051,0309.00,1018,360510309001018,16,16,0,16,0,0,0,0
36,051,0309.00,1019,360510309001019,20,20,0,20,0,0,0,0
36,051,0309.00,1020,360510309001020,12,12,0,12,0,0,0,0
36,051,0309.00,1021,360510309001021,11,11,0,11,0,0,0,0
36,051,0309.00,1022,360510309001022,33,33,0,33,0,0,0,0
36,051,0309.00,1023,360510309001023,13,13,0,13,0,0,0,0
36,051,0309.00,1024,360510309001024,22,22,0,22,0,0,0,0
36,051,0309.00,2000,360510309002000,3,3,0,3,0,0,0,0
36,051,0309.00,2001,360510309002001,81,81,0,81,0,0,0,0
36,051,0309.00,2002,360510309002002,24,24,0,24,0,0,0,0
36,051,0309.00,2003,360510309002003,2,2,0,2,0,0,0,0
36,051,0309.00,2004,360510309002004,13,13,0,13,0,0,0,0
36,051,0309.00,2005,360510309002005,44,44,0,44,0,0,0,0
36,051,0309.00,2006,360510309002006,22,22,0,22,0,0,0,0
36,051,0309.00,2007,360510309002007,28,28,0,28,0,0,0,0
36,051,0309.00,2008,360510309002008,15,15,0,15,0,0,0,0
36,051,0309.00,2009,360510309002009,29,29,0,29,0,0,0,0
36,051,0309.00,2010,360510309002010,9,9,0,9,0,0,0,0
36,051,0309.00,2011,360510309002011,17,17,0,17,1,1,0,1
36,051,0309.00,2012,360510309002012,7,7,0,7,0,0,0,0
36,051,0309.00,2013,360510309002013,47,47,0,47,0,0,0,0
36,051,0309.00,2014,360510309002014,3,3,0,3,0,0,0,0
36,051,0309.00,2015,360510309002015,19,19,0,19,0,0,0,0
36,051,0309.00,2016,360510309002016,10,10,0,10,0,0,0,0
36,051,0309.00,2017,360510309002017,23,23,0,23,0,0,0,0
36,051,0309.00,2018,360510309002018,18,18,0,18,0,0,0,0
36,051,0309.00,2019,360510309002019,58,58,0,58,0,0,0,0
36,051,0309.00,2020,360510309002020,29,29,0,29,0,0,0,0
36,051,0309.00,2021,360510309002021,37,37,0,37,0,0,0,0
36,051,0309.00,2022,360510309002022,6,6,0,6,0,0,0,0
36,051,0309.00,2023,360510309002023,11,11,0,11,0,0,0,0
36,051,0309.00,2024,360510309002024,18,18,0,18,0,0,0,0
36,051,0309.00,2025,360510309002025,16,16,0,16,0,0,0,0
36,051,0309.00,2026,360510309002026,11,11,0,11,0,0,0,0
36,051,0309.00,2027,360510309002027,0,0,0,0,0,0,0,0
36,051,0309.00,3000,360510309003000,46,46,0,46,0,0,0,0
36,051,0309.00,3001,360510309003001,28,28,0,28,0,0,0,0
36,051,0309.00,3002,360510309003002,18,18,0,18,0,0,0,0
36,051,0309.00,3003,360510309003003,28,28,0,28,0,0,0,0
36,051,0309.00,3004,360510309003004,18,18,0,18,0,0,0,0
36,051,0309.00,3005,360510309003005,9,9,0,9,0,0,0,0
36,051,0309.00,3006,360510309003006,57,57,0,57,0,0,0,0
36,051,0309.00,3007,360510309003007,21,21,0,21,0,0,0,0
36,051,0309.00,3008,360510309003008,15,15,0,15,0,0,0,0
36,051,0309.00,3009,360510309003009,7,7,0,7,0,0,0,0
36,051,0309.00,3010,360510309003010,13,13,0,13,0,0,0,0
36,051,0309.00,3011,360510309003011,6,6,0,6,0,0,0,0
36,051,0309.00,3012,360510309003012,16,16,0,16,0,0,0,0
36,051,0309.00,3013,360510309003013,10,10,0,10,0,0,0,0
36,051,0309.00,3014,360510309003014,18,18,0,18,0,0,0,0
36,051,0309.00,3015,360510309003015,27,27,0,27,0,0,0,0
36,051,0309.00,3016,360510309003016,29,29,0,29,0,0,0,0
36,051,0309.00,3017,360510309003017,3,3,0,3,0,0,0,0
36,051,0309.00,3018,360510309003018,81,81,0,81,0,0,0,0
36,051,0309.00,3019,360510309003019,0,0,0,0,0,0,0,0
36,051,0310.00,1000,360510310001000,0,0,0,0,7,7,0,7
36,051,0310.00,1001,360510310001001,0,0,0,0,1,1,0,1
36,051,0310.00,1003,360510310001003,0,0,0,0,0,0,0,0
36,051,0310.00,1004,360510310001004,0,0,0,0,0,0,0,0
36,051,0310.00,1005,360510310001005,0,0,0,0,0,0,0,0
36,051,0310.00,1006,360510310001006,0,0,0,0,0,0,0,0
36,051,0310.00,1007,360510310001007,0,0,0,0,0,0,0,0
36,051,0310.00,1008,360510310001008,0,0,0,0,0,0,0,0
36,051,0310.00,1009,360510310001009,0,0,0,0,0,0,0,0
36,051,0310.00,1010,360510310001010,0,0,0,0,0,0,0,0
36,051,0310.00,1011,360510310001011,0,0,0,0,0,0,0,0
36,051,0310.00,1012,360510310001012,0,0,0,0,0,0,0,0
36,051,0310.00,1014,360510310001014,0,0,0,0,0,0,0,0
36,051,0310.00,1015,360510310001015,0,0,0,0,0,0,0,0
36,051,0310.00,1016,360510310001016,0,0,0,0,0,0,0,0
36,051,0310.00,1017,360510310001017,0,0,0,0,0,0,0,0
36,051,0310.00,1018,360510310001018,0,0,0,0,0,0,0,0
36,051,0310.00,1019,360510310001019,0,0,0,0,0,0,0,0
36,051,0310.00,1020,360510310001020,0,0,0,0,0,0,0,0
36,051,0310.00,1021,360510310001021,0,0,0,0,0,0,0,0
36,051,0310.00,1022,360510310001022,1,1,0,1,0,0,0,0
36,051,0310.00,1023,360510310001023,1,1,0,1,20,20,0,20
36,051,0310.00,1024,360510310001024,0,0,0,0,0,0,0,0
36,051,0310.00,1025,360510310001025,0,0,0,0,0,0,0,0
36,051,0310.00,1026,360510310001026,0,0,0,0,0,0,0,0
36,051,0310.00,1027,360510310001027,0,0,0,0,0,0,0,0
36,051,0310.00,1028,360510310001028,0,0,0,0,0,0,0,0
36,051,0310.00,1029,360510310001029,0,0,0,0,0,0,0,0
36,051,0310.00,1030,360510310001030,0,0,0,0,0,0,0,0
36,051,0310.00,1031,360510310001031,0,0,0,0,0,0,0,0
36,051,0310.00,1032,360510310001032,0,0,0,0,0,0,0,0
36,051,0310.00,1033,360510310001033,0,0,0,0,0,0,0,0
36,051,0310.00,1034,360510310001034,0,0,0,0,0,0,0,0
36,051,0310.00,1035,360510310001035,0,0,0,0,0,0,0,0
36,051,0310.00,1036,360510310001036,0,0,0,0,0,0,0,0
36,051,0310.00,1037,360510310001037,0,0,0,0,0,0,0,0
36,051,0310.00,1038,360510310001038,0,0,0,0,0,0,0,0
36,051,0311.00,1000,360510311001000,0,0,0,0,0,0,0,0
36,051,0311.00,1001,360510311001001,0,0,0,0,0,0,0,0
36,051,0311.00,1002,360510311001002,0,0,0,0,0,0,0,0
36,051,0311.00,1003,360510311001003,8,8,0,8,0,0,0,0
36,051,0311.00,1004,360510311001004,14,14,0,14,0,0,0,0
36,051,0311.00,1005,360510311001005,34,34,0,34,0,0,0,0
36,051,0311.00,1006,360510311001006,3,3,0,3,0,0,0,0
36,051,0311.00,1007,360510311001007,0,0,0,0,0,0,0,0
36,051,0311.00,1008,360510311001008,0,0,0,0,0,0,0,0
36,051,0311.00,1009,360510311001009,0,0,0,0,0,0,0,0
36,051,0311.00,1010,360510311001010,22,22,0,22,0,0,0,0
36,051,0311.00,1011,360510311001011,0,0,0,0,0,0,0,0
36,051,0311.00,1012,360510311001012,8,8,0,8,0,0,0,0
36,051,0311.00,1013,360510311001013,20,20,0,20,0,0,0,0
36,051,0311.00,1014,360510311001014,0,0,0,0,0,0,0,0
36,051,0311.00,1015,360510311001015,9,9,0,9,0,0,0,0
36,051,0311.00,1016,360510311001016,14,14,0,14,0,0,0,0
36,051,0311.00,1017,360510311001017,20,20,0,20,0,0,0,0
36,051,0311.00,1018,360510311001018,4,4,0,4,0,0,0,0
36,051,0311.00,1019,360510311001019,13,13,0,13,0,0,0,0
36,051,0311.00,1020,360510311001020,0,0,0,0,0,0,0,0
36,051,0311.00,1021,360510311001021,4,4,0,4,0,0,0,0
36,051,0311.00,1022,360510311001022,4,4,0,4,0,0,0,0
36,051,0311.00,1023,360510311001023,8,8,0,8,0,0,0,0
36,051,0311.00,1024,360510311001024,0,0,0,0,0,0,0,0
36,051,0311.00,1025,360510311001025,0,0,0,0,0,0,0,0
36,051,0311.00,1026,360510311001026,0,0,0,0,0,0,0,0
36,051,0311.00,1027,360510311001027,0,0,0,0,0,0,0,0
36,051,0311.00,1028,360510311001028,1,1,0,1,0,0,0,0
36,051,0311.00,1029,360510311001029,0,0,0,0,0,0,0,0
36,051,0311.00,1030,360510311001030,41,41,0,41,0,0,0,0
36,051,0311.00,1031,360510311001031,18,18,0,18,0,0,0,0
36,051,0311.00,1032,360510311001032,20,20,0,20,0,0,0,0
36,051,0311.00,1033,360510311001033,2,2,0,2,0,0,0,0
36,051,0311.00,1034,360510311001034,4,4,0,4,0,0,0,0
36,051,0311.00,1035,360510311001035,0,0,0,0,0,0,0,0
36,051,0311.00,1036,360510311001036,5,5,0,5,0,0,0,0
36,051,0311.00,1037,360510311001037,8,8,0,8,0,0,0,0
36,051,0311.00,1038,360510311001038,19,19,0,19,0,0,0,0
36,051,0311.00,1039,360510311001039,10,10,0,10,0,0,0,0
36,051,0311.00,1040,360510311001040,0,0,0,0,0,0,0,0
36,051,0311.00,1041,360510311001041,1,1,0,1,0,0,0,0
36,051,0311.00,1042,360510311001042,0,0,0,0,0,0,0,0
36,051,0311.00,1043,360510311001043,1,1,0,1,0,0,0,0
36,051,0311.00,1044,360510311001044,3,3,0,3,0,0,0,0
36,051,0311.00,1045,360510311001045,4,4,0,4,0,0,0,0
36,051,0311.00,1047,360510311001047,1,1,0,1,0,0,0,0
36,051,0311.00,1048,360510311001048,4,4,0,4,0,0,0,0
36,051,0311.00,1049,360510311001049,16,16,0,16,0,0,0,0
36,051,0311.00,1050,360510311001050,21,21,0,21,0,0,0,0
36,051,0311.00,1051,360510311001051,14,14,0,14,0,0,0,0
36,051,0311.00,1052,360510311001052,1,1,0,1,0,0,0,0
36,051,0311.00,1053,360510311001053,2,2,0,2,0,0,0,0
36,051,0311.00,1054,360510311001054,4,4,0,4,0,0,0,0
36,051,0311.00,1055,360510311001055,2,2,0,2,0,0,0,0
36,051,0311.00,1057,360510311001057,18,18,0,18,0,0,0,0
36,051,0311.00,1058,360510311001058,6,6,0,6,0,0,0,0
36,051,0311.00,1059,360510311001059,3,3,0,3,0,0,0,0
36,051,0311.00,1060,360510311001060,21,21,0,21,0,0,0,0
36,051,0311.00,1061,360510311001061,11,11,0,11,0,0,0,0
36,051,0311.00,1062,360510311001062,17,17,0,17,0,0,0,0
36,051,0311.00,1063,360510311001063,2,2,0,2,0,0,0,0
36,051,0311.00,1064,360510311001064,3,3,0,3,0,0,0,0
36,051,0311.00,1065,360510311001065,15,15,0,15,1,1,0,1
36,051,0311.00,1066,360510311001066,0,0,0,0,0,0,0,0
36,051,0311.00,1067,360510311001067,3,3,0,3,0,0,0,0
36,051,0311.00,1068,360510311001068,4,4,0,4,0,0,0,0
36,051,0311.00,1069,360510311001069,11,11,0,11,0,0,0,0
36,051,0311.00,1070,360510311001070,1,1,0,1,0,0,0,0
36,051,0311.00,1071,360510311001071,19,19,0,19,0,0,0,0
36,051,0311.00,1072,360510311001072,1,1,0,1,0,0,0,0
36,051,0311.00,1073,360510311001073,0,0,0,0,0,0,0,0
36,051,0311.00,1074,360510311001074,0,0,0,0,0,0,0,0
36,051,0311.00,1075,360510311001075,0,0,0,0,0,0,0,0
36,051,0311.00,1076,360510311001076,0,0,0,0,0,0,0,0
36,051,0311.00,1077,360510311001077,0,0,0,0,0,0,0,0
36,051,0311.00,1078,360510311001078,13,13,0,13,0,0,0,0
36,051,0311.00,1079,360510311001079,12,12,0,12,0,0,0,0
36,051,0311.00,1080,360510311001080,0,0,0,0,0,0,0,0
36,051,0311.00,1082,360510311001082,0,0,0,0,0,0,0,0
36,051,0311.00,1083,360510311001083,0,0,0,0,0,0,0,0
36,051,0311.00,1084,360510311001084,0,0,0,0,0,0,0,0
36,051,0311.00,1086,360510311001086,7,7,0,7,0,0,0,0
36,051,0311.00,1087,360510311001087,4,4,0,4,0,0,0,0
36,051,0311.00,1088,360510311001088,4,4,0,4,0,0,0,0
36,051,0311.00,1090,360510311001090,7,7,0,7,0,0,0,0
36,051,0311.00,1091,360510311001091,5,5,0,5,0,0,0,0
36,051,0311.00,1092,360510311001092,24,24,0,24,0,0,0,0
36,051,0311.00,1093,360510311001093,0,0,0,0,0,0,0,0
36,051,0311.00,2000,360510311002000,49,49,0,49,0,0,0,0
36,051,0311.00,2001,360510311002001,6,6,0,6,0,0,0,0
36,051,0311.00,2002,360510311002002,11,11,0,11,1,1,0,1
36,051,0311.00,2003,360510311002003,7,7,0,7,0,0,0,0
36,051,0311.00,2004,360510311002004,2,2,0,2,0,0,0,0
36,051,0311.00,2005,360510311002005,12,12,0,12,0,0,0,0
36,051,0311.00,2006,360510311002006,18,18,0,18,0,0,0,0
36,051,0311.00,2007,360510311002007,24,24,0,24,0,0,0,0
36,051,0311.00,2008,360510311002008,0,0,0,0,0,0,0,0
36,051,0311.00,2009,360510311002009,32,32,0,32,0,0,0,0
36,051,0311.00,2010,360510311002010,241,241,0,241,0,0,0,0
36,051,0311.00,2011,360510311002011,12,12,0,12,0,0,0,0
36,051,0311.00,2012,360510311002012,0,0,0,0,0,0,0,0
36,051,0311.00,2014,360510311002014,0,0,0,0,0,0,0,0
36,051,0311.00,2015,360510311002015,1,1,0,1,0,0,0,0
36,051,0311.00,2016,360510311002016,33,33,0,33,0,0,0,0
36,051,0311.00,2017,360510311002017,9,9,0,9,0,0,0,0
36,051,0311.00,2018,360510311002018,5,5,0,5,0,0,0,0
36,051,0311.00,2019,360510311002019,1,1,0,1,0,0,0,0
36,051,0311.00,2020,360510311002020,32,32,0,32,0,0,0,0
36,051,0311.00,2021,360510311002021,8,8,0,8,0,0,0,0
36,051,0311.00,2022,360510311002022,6,6,0,6,0,0,0,0
36,051,0311.00,2023,360510311002023,0,0,0,0,0,0,0,0
36,051,0311.00,2024,360510311002024,8,8,0,8,0,0,0,0
36,051,0311.00,2025,360510311002025,4,4,0,4,0,0,0,0
36,051,0311.00,2026,360510311002026,7,7,0,7,0,0,0,0
36,051,0311.00,2027,360510311002027,5,5,0,5,0,0,0,0
36,051,0311.00,2028,360510311002028,4,4,0,4,0,0,0,0
36,051,0311.00,2029,360510311002029,4,4,0,4,0,0,0,0
36,051,0311.00,2030,360510311002030,7,7,0,7,0,0,0,0
36,051,0311.00,2031,360510311002031,5,5,0,5,0,0,0,0
36,051,0311.00,2032,360510311002032,4,4,0,4,0,0,0,0
36,051,0311.00,2033,360510311002033,3,3,0,3,0,0,0,0
36,051,0311.00,2035,360510311002035,1,1,0,1,0,0,0,0
36,051,0311.00,2036,360510311002036,9,9,0,9,0,0,0,0
36,051,0311.00,2037,360510311002037,79,79,0,79,0,0,0,0
36,051,0311.00,2038,360510311002038,1,1,0,1,0,0,0,0
36,051,0311.00,2039,360510311002039,10,10,0,10,0,0,0,0
36,051,0311.00,2040,360510311002040,4,4,0,4,0,0,0,0
36,051,0311.00,2041,360510311002041,2,2,0,2,0,0,0,0
36,051,0311.00,2042,360510311002042,9,9,0,9,0,0,0,0
36,051,0311.00,2043,360510311002043,17,17,0,17,0,0,0,0
36,051,0311.00,2044,360510311002044,13,13,0,13,0,0,0,0
36,051,0311.00,2045,360510311002045,2,2,0,2,0,0,0,0
36,051,0311.00,2046,360510311002046,2,2,0,2,0,0,0,0
36,051,0311.00,2047,360510311002047,7,7,0,7,0,0,0,0
36,051,0311.00,2048,360510311002048,0,0,0,0,0,0,0,0
36,051,0311.00,2049,360510311002049,2,2,0,2,0,0,0,0
36,051,0311.00,2050,360510311002050,5,5,0,5,0,0,0,0
36,051,0311.00,2051,360510311002051,0,0,0,0,0,0,0,0
36,051,0311.00,2052,360510311002052,2,2,0,2,0,0,0,0
36,051,0311.00,2053,360510311002053,0,0,0,0,0,0,0,0
36,051,0311.00,2054,360510311002054,2,2,0,2,0,0,0,0
36,051,0311.00,2055,360510311002055,1,1,0,1,0,0,0,0
36,051,0311.00,2058,360510311002058,0,0,0,0,0,0,0,0
36,051,0311.00,2059,360510311002059,6,6,0,6,0,0,0,0
36,051,0311.00,2060,360510311002060,0,0,0,0,0,0,0,0
36,051,0311.00,2061,360510311002061,3,3,0,3,0,0,0,0
36,051,0311.00,2062,360510311002062,3,3,0,3,0,0,0,0
36,051,0311.00,2063,360510311002063,17,17,0,17,0,0,0,0
36,051,0311.00,2064,360510311002064,0,0,0,0,0,0,0,0
36,051,0311.00,2065,360510311002065,2,2,0,2,0,0,0,0
36,051,0311.00,2066,360510311002066,1,1,0,1,0,0,0,0
36,051,0311.00,2067,360510311002067,0,0,0,0,0,0,0,0
36,051,0311.00,2068,360510311002068,0,0,0,0,0,0,0,0
36,051,0311.00,2069,360510311002069,0,0,0,0,0,0,0,0
36,051,0311.00,2070,360510311002070,2,2,0,2,0,0,0,0
36,051,0311.00,2071,360510311002071,2,2,0,2,0,0,0,0
36,051,0311.00,2072,360510311002072,0,0,0,0,0,0,0,0
36,051,0311.00,2073,360510311002073,3,3,0,3,0,0,0,0
36,051,0311.00,2074,360510311002074,5,5,0,5,0,0,0,0
36,051,0311.00,2075,360510311002075,4,4,0,4,0,0,0,0
36,051,0311.00,2076,360510311002076,0,0,0,0,0,0,0,0
36,051,0311.00,2077,360510311002077,5,5,0,5,0,0,0,0
36,051,0311.00,2078,360510311002078,0,0,0,0,0,0,0,0
36,051,0311.00,2080,360510311002080,5,5,0,5,0,0,0,0
36,051,0311.00,2081,360510311002081,4,4,0,4,0,0,0,0
36,051,0311.00,2082,360510311002082,3,3,0,3,0,0,0,0
36,051,0311.00,2083,360510311002083,0,0,0,0,0,0,0,0
36,051,0311.00,2084,360510311002084,6,6,0,6,0,0,0,0
36,051,0311.00,2085,360510311002085,5,5,0,5,0,0,0,0
36,051,0311.00,2086,360510311002086,1,1,0,1,0,0,0,0
36,051,0311.00,2087,360510311002087,10,10,0,10,0,0,0,0
36,051,0311.00,2088,360510311002088,21,21,0,21,0,0,0,0
36,051,0311.00,2089,360510311002089,2,2,0,2,0,0,0,0
36,051,0311.00,2090,360510311002090,6,6,0,6,0,0,0,0
36,051,0311.00,2091,360510311002091,1,1,0,1,0,0,0,0
36,051,0311.00,3000,360510311003000,5,5,0,5,0,0,0,0
36,051,0311.00,3001,360510311003001,6,6,0,6,0,0,0,0
36,051,0311.00,3002,360510311003002,5,5,0,5,0,0,0,0
36,051,0311.00,3003,360510311003003,4,4,0,4,0,0,0,0
36,051,0311.00,3004,360510311003004,2,2,0,2,0,0,0,0
36,051,0311.00,3005,360510311003005,2,2,0,2,0,0,0,0
36,051,0311.00,3006,360510311003006,0,0,0,0,0,0,0,0
36,051,0311.00,3007,360510311003007,8,8,0,8,0,0,0,0
36,051,0311.00,3008,360510311003008,19,19,0,19,0,0,0,0
36,051,0311.00,3009,360510311003009,0,0,0,0,0,0,0,0
36,051,0311.00,3010,360510311003010,3,3,0,3,0,0,0,0
36,051,0311.00,3011,360510311003011,17,17,0,17,0,0,0,0
36,051,0311.00,3012,360510311003012,9,9,0,9,0,0,0,0
36,051,0311.00,3013,360510311003013,13,13,0,13,0,0,0,0
36,051,0311.00,3014,360510311003014,30,30,0,30,0,0,0,0
36,051,0311.00,3015,360510311003015,16,16,0,16,0,0,0,0
36,051,0311.00,3016,360510311003016,19,19,0,19,0,0,0,0
36,051,0311.00,3017,360510311003017,2,2,0,2,0,0,0,0
36,051,0311.00,3018,360510311003018,1,1,0,1,0,0,0,0
36,051,0311.00,3019,360510311003019,4,4,0,4,0,0,0,0
36,051,0311.00,3020,360510311003020,3,3,0,3,0,0,0,0
36,051,0311.00,3021,360510311003021,1,1,0,1,0,0,0,0
36,051,0311.00,3022,360510311003022,2,2,0,2,0,0,0,0
36,051,0311.00,3023,360510311003023,15,15,0,15,0,0,0,0
36,051,0311.00,3024,360510311003024,5,5,0,5,0,0,0,0
36,051,0311.00,3025,360510311003025,21,21,0,21,0,0,0,0
36,051,0311.00,3026,360510311003026,21,21,0,21,0,0,0,0
36,051,0311.00,3027,360510311003027,3,3,0,3,0,0,0,0
36,051,0311.00,3028,360510311003028,22,22,0,22,0,0,0,0
36,051,0311.00,3029,360510311003029,20,20,0,20,0,0,0,0
36,051,0311.00,3030,360510311003030,6,6,0,6,0,0,0,0
36,051,0311.00,3031,360510311003031,13,13,0,13,0,0,0,0
36,051,0311.00,3032,360510311003032,6,6,0,6,0,0,0,0
36,051,0311.00,3033,360510311003033,3,3,0,3,0,0,0,0
36,051,0311.00,3034,360510311003034,2,2,0,2,0,0,0,0
36,051,0311.00,3035,360510311003035,2,2,0,2,0,0,0,0
36,051,0311.00,3036,360510311003036,6,6,0,6,0,0,0,0
36,051,0311.00,3037,360510311003037,0,0,0,0,0,0,0,0
36,051,0311.00,3038,360510311003038,14,14,0,14,0,0,0,0
36,051,0311.00,3039,360510311003039,2,2,0,2,0,0,0,0
36,051,0311.00,3040,360510311003040,1,1,0,1,0,0,0,0
36,051,0311.00,3041,360510311003041,2,2,0,2,0,0,0,0
36,051,0311.00,3042,360510311003042,22,22,0,22,0,0,0,0
36,051,0311.00,3043,360510311003043,18,18,0,18,0,0,0,0
36,051,0311.00,3044,360510311003044,7,7,0,7,0,0,0,0
36,051,0311.00,3045,360510311003045,1,1,0,1,0,0,0,0
36,051,0311.00,3046,360510311003046,20,20,0,20,1,1,0,1
36,051,0311.00,3047,360510311003047,0,0,0,0,0,0,0,0
36,051,0311.00,3048,360510311003048,3,3,0,3,0,0,0,0
36,051,0311.00,3049,360510311003049,0,0,0,0,0,0,0,0
36,051,0311.00,3050,360510311003050,10,10,0,10,0,0,0,0
36,051,0311.00,3051,360510311003051,5,5,0,5,0,0,0,0
36,051,0311.00,3052,360510311003052,13,13,0,13,0,0,0,0
36,051,0311.00,3053,360510311003053,2,2,0,2,0,0,0,0
36,051,0311.00,3054,360510311003054,5,5,0,5,0,0,0,0
36,051,0311.00,3055,360510311003055,8,8,0,8,0,0,0,0
36,051,0311.00,3056,360510311003056,13,13,0,13,0,0,0,0
36,051,0311.00,3057,360510311003057,6,6,0,6,0,0,0,0
36,051,0311.00,3058,360510311003058,19,19,0,19,0,0,0,0
36,051,0311.00,3059,360510311003059,2,2,0,2,0,0,0,0
36,051,0311.00,3060,360510311003060,7,7,0,7,0,0,0,0
36,051,0311.00,3061,360510311003061,15,15,0,15,0,0,0,0
36,051,0311.00,3062,360510311003062,2,2,0,2,0,0,0,0
36,051,0311.00,3063,360510311003063,2,2,0,2,0,0,0,0
36,051,0311.00,3064,360510311003064,19,19,0,19,0,0,0,0
36,051,0311.00,3065,360510311003065,0,0,0,0,0,0,0,0
36,051,0311.00,3066,360510311003066,2,2,0,2,0,0,0,0
36,051,0311.00,3067,360510311003067,1,1,0,1,0,0,0,0
36,051,0311.00,3068,360510311003068,0,0,0,0,0,0,0,0
36,051,0311.00,3069,360510311003069,10,10,0,10,0,0,0,0
36,051,0311.00,3070,360510311003070,2,2,0,2,0,0,0,0
36,051,0311.00,3071,360510311003071,2,2,0,2,0,0,0,0
36,051,0311.00,3072,360510311003072,1,1,0,1,0,0,0,0
36,051,0311.00,3073,360510311003073,1,1,0,1,0,0,0,0
36,051,0311.00,3074,360510311003074,7,7,0,7,0,0,0,0
36,051,0311.00,3075,360510311003075,11,11,0,11,0,0,0,0
36,051,0311.00,3076,360510311003076,6,6,0,6,0,0,0,0
36,051,0311.00,3077,360510311003077,0,0,0,0,0,0,0,0
36,051,0311.00,3078,360510311003078,32,32,0,32,0,0,0,0
36,051,0311.00,3079,360510311003079,1,1,0,1,0,0,0,0
36,051,0311.00,3080,360510311003080,9,9,0,9,0,0,0,0
36,051,0311.00,3081,360510311003081,1,1,0,1,0,0,0,0
36,051,0311.00,3082,360510311003082,5,5,0,5,0,0,0,0
36,051,0311.00,3083,360510311003083,10,10,0,10,0,0,0,0
36,051,0311.00,3084,360510311003084,1,1,0,1,0,0,0,0
36,051,0311.00,4000,360510311004000,0,0,0,0,0,0,0,0
36,051,0311.00,4001,360510311004001,0,0,0,0,0,0,0,0
36,051,0311.00,4002,360510311004002,0,0,0,0,0,0,0,0
36,051,0311.00,4003,360510311004003,1,1,0,1,0,0,0,0
36,051,0311.00,4004,360510311004004,0,0,0,0,0,0,0,0
36,051,0311.00,4005,360510311004005,25,25,0,25,0,0,0,0
36,051,0311.00,4006,360510311004006,1,1,0,1,0,0,0,0
36,051,0311.00,4007,360510311004007,3,3,0,3,0,0,0,0
36,051,0311.00,4008,360510311004008,9,9,0,9,0,0,0,0
36,051,0311.00,4009,360510311004009,17,17,0,17,0,0,0,0
36,051,0311.00,4010,360510311004010,1,1,0,1,0,0,0,0
36,051,0311.00,4011,360510311004011,3,3,0,3,0,0,0,0
36,051,0311.00,4012,360510311004012,7,7,0,7,0,0,0,0
36,051,0311.00,4013,360510311004013,8,8,0,8,0,0,0,0
36,051,0311.00,4014,360510311004014,13,13,0,13,0,0,0,0
36,051,0311.00,4018,360510311004018,10,10,0,10,0,0,0,0
36,051,0311.00,4019,360510311004019,41,41,0,41,0,0,0,0
36,051,0311.00,4020,360510311004020,1,1,0,1,0,0,0,0
36,051,0311.00,4021,360510311004021,0,0,0,0,0,0,0,0
36,051,0311.00,4022,360510311004022,1,1,0,1,0,0,0,0
36,051,0311.00,4023,360510311004023,3,3,0,3,0,0,0,0
36,051,0311.00,4024,360510311004024,0,0,0,0,0,0,0,0
36,051,0311.00,4025,360510311004025,1,1,0,1,0,0,0,0
36,051,0311.00,4026,360510311004026,14,14,0,14,0,0,0,0
36,051,0311.00,4027,360510311004027,21,21,0,21,0,0,0,0
36,051,0311.00,4028,360510311004028,0,0,0,0,0,0,0,0
36,051,0311.00,4029,360510311004029,0,0,0,0,0,0,0,0
36,051,0311.00,4030,360510311004030,0,0,0,0,0,0,0,0
36,051,0311.00,4031,360510311004031,15,15,0,15,0,0,0,0
36,051,0311.00,4032,360510311004032,1,1,0,1,0,0,0,0
36,051,0311.00,4033,360510311004033,1,1,0,1,0,0,0,0
36,051,0311.00,4034,360510311004034,21,21,0,21,0,0,0,0
36,051,0311.00,4035,360510311004035,3,3,0,3,0,0,0,0
36,051,0311.00,4036,360510311004036,0,0,0,0,0,0,0,0
36,051,0311.00,4037,360510311004037,2,2,0,2,0,0,0,0
36,051,0311.00,4038,360510311004038,2,2,0,2,0,0,0,0
36,051,0311.00,4039,360510311004039,2,2,0,2,0,0,0,0
36,051,0311.00,4040,360510311004040,0,0,0,0,0,0,0,0
36,051,0311.00,4041,360510311004041,0,0,0,0,0,0,0,0
36,051,0311.00,4043,360510311004043,7,7,0,7,0,0,0,0
36,051,0311.00,4045,360510311004045,0,0,0,0,0,0,0,0
36,051,0311.00,4046,360510311004046,0,0,0,0,0,0,0,0
36,051,0311.00,4047,360510311004047,0,0,0,0,0,0,0,0
36,051,0311.00,4048,360510311004048,2,2,0,2,0,0,0,0
36,051,0311.00,4049,360510311004049,8,8,0,8,0,0,0,0
36,051,0311.00,4050,360510311004050,0,0,0,0,0,0,0,0
36,051,0311.00,4051,360510311004051,0,0,0,0,0,0,0,0
36,051,0311.00,4052,360510311004052,3,3,0,3,0,0,0,0
36,051,0311.00,4053,360510311004053,0,0,0,0,0,0,0,0
36,051,0311.00,4054,360510311004054,15,15,0,15,0,0,0,0
36,051,0311.00,4055,360510311004055,1,1,0,1,0,0,0,0
36,051,0311.00,4056,360510311004056,1,1,0,1,0,0,0,0
36,051,0311.00,4057,360510311004057,1,1,0,1,0,0,0,0
36,051,0311.00,4058,360510311004058,10,10,0,10,0,0,0,0
36,051,0311.00,4059,360510311004059,3,3,0,3,0,0,0,0
36,051,0311.00,4060,360510311004060,2,2,0,2,0,0,0,0
36,051,0311.00,4061,360510311004061,7,7,0,7,0,0,0,0
36,051,0311.00,4062,360510311004062,3,3,0,3,0,0,0,0
36,051,0311.00,4063,360510311004063,0,0,0,0,0,0,0,0
36,051,0311.00,4064,360510311004064,3,3,0,3,0,0,0,0
36,051,0311.00,4065,360510311004065,3,3,0,3,0,0,0,0
36,051,0311.00,4066,360510311004066,1,1,0,1,0,0,0,0
36,051,0311.00,4067,360510311004067,2,2,0,2,0,0,0,0
36,051,0311.00,4068,360510311004068,12,12,0,12,0,0,0,0
36,051,0311.00,4069,360510311004069,0,0,0,0,0,0,0,0
36,051,0311.00,4070,360510311004070,5,5,0,5,0,0,0,0
36,051,0311.00,4071,360510311004071,30,30,0,30,0,0,0,0
36,051,0311.00,4072,360510311004072,0,0,0,0,0,0,0,0
36,051,0311.00,4073,360510311004073,4,4,0,4,0,0,0,0
36,051,0311.00,4074,360510311004074,2,2,0,2,0,0,0,0
36,051,0311.00,4075,360510311004075,0,0,0,0,0,0,0,0
36,051,0311.00,4076,360510311004076,15,15,0,15,0,0,0,0
36,051,0311.00,4077,360510311004077,26,26,0,26,0,0,0,0
36,051,0311.00,4078,360510311004078,4,4,0,4,0,0,0,0
36,051,0311.00,4079,360510311004079,3,3,0,3,0,0,0,0
36,051,0311.00,4080,360510311004080,8,8,0,8,0,0,0,0
36,051,0311.00,4081,360510311004081,6,6,0,6,0,0,0,0
36,051,0311.00,4082,360510311004082,3,3,0,3,0,0,0,0
36,051,0311.00,4083,360510311004083,0,0,0,0,0,0,0,0
36,051,0311.00,4084,360510311004084,0,0,0,0,0,0,0,0
36,051,0311.00,4087,360510311004087,1,1,0,1,0,0,0,0
36,051,0311.00,4088,360510311004088,0,0,0,0,0,0,0,0
36,051,0311.00,4090,360510311004090,1,1,0,1,0,0,0,0
36,051,0311.00,4091,360510311004091,4,4,0,4,0,0,0,0
36,051,0311.00,4092,360510311004092,7,7,0,7,0,0,0,0
36,051,0311.00,4093,360510311004093,6,6,0,6,0,0,0,0
36,051,0311.00,4094,360510311004094,6,6,0,6,0,0,0,0
36,051,0311.00,4095,360510311004095,18,18,0,18,0,0,0,0
36,051,0311.00,4096,360510311004096,0,0,0,0,0,0,0,0
36,051,0311.00,4097,360510311004097,0,0,0,0,0,0,0,0
36,051,0311.00,4098,360510311004098,0,0,0,0,0,0,0,0
36,051,0311.00,4099,360510311004099,0,0,0,0,0,0,0,0
36,051,0311.00,4100,360510311004100,0,0,0,0,0,0,0,0
36,051,0311.00,4101,360510311004101,1,1,0,1,0,0,0,0
36,051,0311.00,4102,360510311004102,11,11,0,11,0,0,0,0
36,051,0311.00,4103,360510311004103,3,3,0,3,0,0,0,0
36,051,0311.00,4104,360510311004104,1,1,0,1,0,0,0,0
36,051,0311.00,4105,360510311004105,0,0,0,0,0,0,0,0
36,051,0312.00,1000,360510312001000,3,3,0,3,0,0,0,0
36,051,0312.00,1001,360510312001001,6,6,0,6,0,0,0,0
36,051,0312.00,1002,360510312001002,1,1,0,1,0,0,0,0
36,051,0312.00,1003,360510312001003,10,10,0,10,0,0,0,0
36,051,0312.00,1004,360510312001004,6,6,0,6,0,0,0,0
36,051,0312.00,1005,360510312001005,8,8,0,8,0,0,0,0
36,051,0312.00,1006,360510312001006,0,0,0,0,0,0,0,0
36,051,0312.00,1007,360510312001007,7,7,0,7,0,0,0,0
36,051,0312.00,1008,360510312001008,1,1,0,1,0,0,0,0
36,051,0312.00,1009,360510312001009,1,1,0,1,0,0,0,0
36,051,0312.00,1010,360510312001010,2,2,0,2,0,0,0,0
36,051,0312.00,1011,360510312001011,2,2,0,2,0,0,0,0
36,051,0312.00,1012,360510312001012,5,5,0,5,0,0,0,0
36,051,0312.00,1013,360510312001013,9,9,0,9,0,0,0,0
36,051,0312.00,1014,360510312001014,1,1,0,1,0,0,0,0
36,051,0312.00,1015,360510312001015,1,1,0,1,0,0,0,0
36,051,0312.00,1016,360510312001016,2,2,0,2,0,0,0,0
36,051,0312.00,1017,360510312001017,11,11,0,11,0,0,0,0
36,051,0312.00,1018,360510312001018,3,3,0,3,0,0,0,0
36,051,0312.00,1019,360510312001019,4,4,0,4,0,0,0,0
36,051,0312.00,1020,360510312001020,6,6,0,6,0,0,0,0
36,051,0312.00,1021,360510312001021,6,6,0,6,0,0,0,0
36,051,0312.00,1022,360510312001022,6,6,0,6,0,0,0,0
36,051,0312.00,1023,360510312001023,2,2,0,2,0,0,0,0
36,051,0312.00,1024,360510312001024,3,3,0,3,0,0,0,0
36,051,0312.00,1026,360510312001026,1,1,0,1,0,0,0,0
36,051,0312.00,1027,360510312001027,3,3,0,3,0,0,0,0
36,051,0312.00,1028,360510312001028,4,4,0,4,0,0,0,0
36,051,0312.00,1029,360510312001029,9,9,0,9,0,0,0,0
36,051,0312.00,1030,360510312001030,7,7,0,7,0,0,0,0
36,051,0312.00,1031,360510312001031,8,8,0,8,0,0,0,0
36,051,0312.00,1032,360510312001032,16,16,0,16,0,0,0,0
36,051,0312.00,1033,360510312001033,1,1,0,1,0,0,0,0
36,051,0312.00,1034,360510312001034,0,0,0,0,0,0,0,0
36,051,0312.00,1035,360510312001035,0,0,0,0,0,0,0,0
36,051,0312.00,1036,360510312001036,5,5,0,5,0,0,0,0
36,051,0312.00,1037,360510312001037,16,16,0,16,0,0,0,0
36,051,0312.00,1038,360510312001038,24,24,0,24,0,0,0,0
36,051,0312.00,1039,360510312001039,1,1,0,1,0,0,0,0
36,051,0312.00,1040,360510312001040,25,25,0,25,0,0,0,0
36,051,0312.00,1041,360510312001041,3,3,0,3,0,0,0,0
36,051,0312.00,1042,360510312001042,4,4,0,4,0,0,0,0
36,051,0312.00,1043,360510312001043,8,8,0,8,0,0,0,0
36,051,0312.00,1044,360510312001044,10,10,0,10,0,0,0,0
36,051,0312.00,1045,360510312001045,22,22,0,22,0,0,0,0
36,051,0312.00,1046,360510312001046,5,5,0,5,0,0,0,0
36,051,0312.00,1047,360510312001047,15,15,0,15,0,0,0,0
36,051,0312.00,1048,360510312001048,1,1,0,1,0,0,0,0
36,051,0312.00,1049,360510312001049,2,2,0,2,0,0,0,0
36,051,0312.00,1050,360510312001050,6,6,0,6,0,0,0,0
36,051,0312.00,1051,360510312001051,4,4,0,4,0,0,0,0
36,051,0312.00,1052,360510312001052,2,2,0,2,0,0,0,0
36,051,0312.00,1053,360510312001053,8,8,0,8,0,0,0,0
36,051,0312.00,1054,360510312001054,12,12,0,12,0,0,0,0
36,051,0312.00,1055,360510312001055,4,4,0,4,0,0,0,0
36,051,0312.00,1056,360510312001056,5,5,0,5,0,0,0,0
36,051,0312.00,1057,360510312001057,3,3,0,3,0,0,0,0
36,051,0312.00,1058,360510312001058,4,4,0,4,0,0,0,0
36,051,0312.00,2000,360510312002000,1,1,0,1,0,0,0,0
36,051,0312.00,2001,360510312002001,3,3,0,3,0,0,0,0
36,051,0312.00,2002,360510312002002,0,0,0,0,0,0,0,0
36,051,0312.00,2003,360510312002003,6,6,0,6,0,0,0,0
36,051,0312.00,2004,360510312002004,2,2,0,2,0,0,0,0
36,051,0312.00,2005,360510312002005,6,6,0,6,0,0,0,0
36,051,0312.00,2007,360510312002007,6,6,0,6,0,0,0,0
36,051,0312.00,2008,360510312002008,2,2,0,2,0,0,0,0
36,051,0312.00,2009,360510312002009,5,5,0,5,0,0,0,0
36,051,0312.00,2010,360510312002010,1,1,0,1,0,0,0,0
36,051,0312.00,2011,360510312002011,1,1,0,1,0,0,0,0
36,051,0312.00,2012,360510312002012,13,13,0,13,0,0,0,0
36,051,0312.00,2013,360510312002013,2,2,0,2,0,0,0,0
36,051,0312.00,2014,360510312002014,3,3,0,3,0,0,0,0
36,051,0312.00,2015,360510312002015,33,33,0,33,0,0,0,0
36,051,0312.00,2016,360510312002016,1,1,0,1,0,0,0,0
36,051,0312.00,2017,360510312002017,1,1,0,1,0,0,0,0
36,051,0312.00,2018,360510312002018,57,57,0,57,0,0,0,0
36,051,0312.00,2019,360510312002019,0,0,0,0,0,0,0,0
36,051,0312.00,2020,360510312002020,4,4,0,4,0,0,0,0
36,051,0312.00,2021,360510312002021,7,7,0,7,0,0,0,0
36,051,0312.00,2022,360510312002022,23,23,0,23,0,0,0,0
36,051,0312.00,2023,360510312002023,25,25,0,25,1,1,0,1
36,051,0312.00,2024,360510312002024,28,28,0,28,0,0,0,0
36,051,0312.00,2025,360510312002025,30,30,0,30,0,0,0,0
36,051,0312.00,2026,360510312002026,8,8,0,8,0,0,0,0
36,051,0312.00,2027,360510312002027,10,10,0,10,0,0,0,0
36,051,0312.00,2028,360510312002028,9,9,0,9,0,0,0,0
36,051,0312.00,2029,360510312002029,7,7,0,7,0,0,0,0
36,051,0312.00,2030,360510312002030,7,7,0,7,0,0,0,0
36,051,0312.00,2031,360510312002031,8,8,0,8,0,0,0,0
36,051,0312.00,2032,360510312002032,0,0,0,0,0,0,0,0
36,051,0312.00,2033,360510312002033,0,0,0,0,0,0,0,0
36,051,0312.00,2034,360510312002034,0,0,0,0,0,0,0,0
36,051,0312.00,2035,360510312002035,20,20,0,20,1,1,0,1
36,051,0312.00,2036,360510312002036,20,20,0,20,0,0,0,0
36,051,0312.00,2037,360510312002037,23,23,0,23,0,0,0,0
36,051,0312.00,2038,360510312002038,28,28,0,28,0,0,0,0
36,051,0312.00,2039,360510312002039,18,18,0,18,0,0,0,0
36,051,0312.00,2040,360510312002040,3,3,0,3,0,0,0,0
36,051,0312.00,2041,360510312002041,14,14,0,14,0,0,0,0
36,051,0312.00,2042,360510312002042,11,11,0,11,0,0,0,0
36,051,0312.00,2043,360510312002043,27,27,0,27,0,0,0,0
36,051,0312.00,2044,360510312002044,0,0,0,0,0,0,0,0
36,051,0312.00,2045,360510312002045,7,7,0,7,0,0,0,0
36,051,0312.00,2046,360510312002046,0,0,0,0,0,0,0,0
36,051,0312.00,2047,360510312002047,3,3,0,3,0,0,0,0
36,051,0312.00,2048,360510312002048,28,28,0,28,0,0,0,0
36,051,0312.00,2049,360510312002049,16,16,0,16,0,0,0,0
36,051,0312.00,2050,360510312002050,22,22,0,22,0,0,0,0
36,051,0312.00,2051,360510312002051,5,5,0,5,0,0,0,0
36,051,0312.00,2052,360510312002052,1,1,0,1,0,0,0,0
36,051,0312.00,2053,360510312002053,3,3,0,3,0,0,0,0
36,051,0312.00,2054,360510312002054,7,7,0,7,0,0,0,0
36,051,0312.00,2055,360510312002055,2,2,0,2,0,0,0,0
36,051,0312.00,2056,360510312002056,12,12,0,12,0,0,0,0
36,051,0312.00,2057,360510312002057,0,0,0,0,0,0,0,0
36,051,0312.00,2058,360510312002058,1,1,0,1,0,0,0,0
36,051,0312.00,2059,360510312002059,7,7,0,7,0,0,0,0
36,051,0312.00,2060,360510312002060,6,6,0,6,0,0,0,0
36,051,0312.00,2061,360510312002061,47,47,0,47,2,2,0,2
36,051,0312.00,2062,360510312002062,33,33,0,33,0,0,0,0
36,051,0312.00,2063,360510312002063,8,8,0,8,0,0,0,0
36,051,0312.00,2064,360510312002064,7,7,0,7,0,0,0,0
36,051,0312.00,2065,360510312002065,5,5,0,5,0,0,0,0
36,051,0312.00,2067,360510312002067,1,1,0,1,0,0,0,0
36,051,0312.00,2068,360510312002068,1,1,0,1,0,0,0,0
36,051,0312.00,2069,360510312002069,1,1,0,1,0,0,0,0
36,051,0312.00,2070,360510312002070,12,12,0,12,0,0,0,0
36,051,0312.00,2071,360510312002071,0,0,0,0,0,0,0,0
36,051,0312.00,2072,360510312002072,0,0,0,0,0,0,0,0
36,051,0312.00,2073,360510312002073,2,2,0,2,0,0,0,0
36,051,0312.00,2074,360510312002074,18,18,0,18,0,0,0,0
36,051,0312.00,2075,360510312002075,6,6,0,6,0,0,0,0
36,051,0312.00,2076,360510312002076,0,0,0,0,0,0,0,0
36,051,0312.00,2077,360510312002077,3,3,0,3,0,0,0,0
36,051,0312.00,3000,360510312003000,9,9,0,9,0,0,0,0
36,051,0312.00,3001,360510312003001,0,0,0,0,0,0,0,0
36,051,0312.00,3002,360510312003002,3,3,0,3,0,0,0,0
36,051,0312.00,3003,360510312003003,4,4,0,4,0,0,0,0
36,051,0312.00,3004,360510312003004,0,0,0,0,0,0,0,0
36,051,0312.00,3005,360510312003005,0,0,0,0,0,0,0,0
36,051,0312.00,3006,360510312003006,0,0,0,0,0,0,0,0
36,051,0312.00,3007,360510312003007,3,3,0,3,0,0,0,0
36,051,0312.00,3008,360510312003008,0,0,0,0,0,0,0,0
36,051,0312.00,3009,360510312003009,2,2,0,2,0,0,0,0
36,051,0312.00,3010,360510312003010,0,0,0,0,0,0,0,0
36,051,0312.00,3011,360510312003011,31,31,0,31,0,0,0,0
36,051,0312.00,3012,360510312003012,4,4,0,4,0,0,0,0
36,051,0312.00,3013,360510312003013,0,0,0,0,0,0,0,0
36,051,0312.00,3014,360510312003014,2,2,0,2,0,0,0,0
36,051,0312.00,3015,360510312003015,0,0,0,0,0,0,0,0
36,051,0312.00,3016,360510312003016,5,5,0,5,0,0,0,0
36,051,0312.00,3017,360510312003017,0,0,0,0,0,0,0,0
36,051,0312.00,3018,360510312003018,0,0,0,0,0,0,0,0
36,051,0312.00,3019,360510312003019,0,0,0,0,0,0,0,0
36,051,0312.00,3020,360510312003020,4,4,0,4,0,0,0,0
36,051,0312.00,3021,360510312003021,13,13,0,13,0,0,0,0
36,051,0312.00,3022,360510312003022,4,4,0,4,0,0,0,0
36,051,0312.00,3023,360510312003023,2,2,0,2,0,0,0,0
36,051,0312.00,3024,360510312003024,5,5,0,5,1,1,0,1
36,051,0312.00,3025,360510312003025,11,11,0,11,0,0,0,0
36,051,0312.00,3026,360510312003026,13,13,0,13,0,0,0,0
36,051,0312.00,3027,360510312003027,1,1,0,1,0,0,0,0
36,051,0312.00,3028,360510312003028,11,11,0,11,0,0,0,0
36,051,0312.00,3029,360510312003029,10,10,0,10,0,0,0,0
36,051,0312.00,3030,360510312003030,1,1,0,1,0,0,0,0
36,051,0312.00,3031,360510312003031,0,0,0,0,0,0,0,0
36,051,0312.00,3032,360510312003032,1,1,0,1,0,0,0,0
36,051,0312.00,3033,360510312003033,8,8,0,8,0,0,0,0
36,051,0312.00,3034,360510312003034,0,0,0,0,0,0,0,0
36,051,0312.00,3035,360510312003035,5,5,0,5,0,0,0,0
36,051,0312.00,3036,360510312003036,1,1,0,1,0,0,0,0
36,051,0312.00,3037,360510312003037,0,0,0,0,0,0,0,0
36,051,0312.00,3038,360510312003038,6,6,0,6,0,0,0,0
36,051,0312.00,3039,360510312003039,0,0,0,0,0,0,0,0
36,051,0312.00,3040,360510312003040,0,0,0,0,0,0,0,0
36,051,0312.00,3041,360510312003041,1,1,0,1,0,0,0,0
36,051,0312.00,3042,360510312003042,2,2,0,2,0,0,0,0
36,051,0312.00,3044,360510312003044,0,0,0,0,0,0,0,0
36,051,0312.00,3045,360510312003045,5,5,0,5,0,0,0,0
36,051,0312.00,3046,360510312003046,2,2,0,2,0,0,0,0
36,051,0312.00,3047,360510312003047,5,5,0,5,0,0,0,0
36,051,0312.00,3048,360510312003048,3,3,0,3,0,0,0,0
36,051,0312.00,3049,360510312003049,5,5,0,5,0,0,0,0
36,051,0312.00,3050,360510312003050,0,0,0,0,0,0,0,0
36,051,0312.00,3051,360510312003051,2,2,0,2,0,0,0,0
36,051,0312.00,3052,360510312003052,2,2,0,2,0,0,0,0
36,051,0312.00,3053,360510312003053,5,5,0,5,0,0,0,0
36,051,0312.00,3054,360510312003054,5,5,0,5,0,0,0,0
36,051,0312.00,3055,360510312003055,5,5,0,5,0,0,0,0
36,051,0312.00,3056,360510312003056,1,1,0,1,0,0,0,0
36,051,0312.00,3057,360510312003057,8,8,0,8,0,0,0,0
36,051,0312.00,3058,360510312003058,0,0,0,0,0,0,0,0
36,051,0312.00,3059,360510312003059,7,7,0,7,0,0,0,0
36,051,0312.00,3060,360510312003060,14,14,0,14,0,0,0,0
36,051,0312.00,3061,360510312003061,0,0,0,0,0,0,0,0
36,051,0312.00,3062,360510312003062,5,5,0,5,0,0,0,0
36,051,0312.00,3063,360510312003063,4,4,0,4,0,0,0,0
36,051,0312.00,3064,360510312003064,4,4,0,4,0,0,0,0
36,051,0312.00,3065,360510312003065,5,5,0,5,0,0,0,0
36,051,0312.00,3067,360510312003067,0,0,0,0,0,0,0,0
36,051,0312.00,3068,360510312003068,0,0,0,0,0,0,0,0
36,051,0312.00,3069,360510312003069,0,0,0,0,0,0,0,0
36,051,0312.00,3070,360510312003070,0,0,0,0,0,0,0,0
36,051,0312.00,3071,360510312003071,12,12,0,12,0,0,0,0
36,051,0312.00,3072,360510312003072,0,0,0,0,0,0,0,0
36,051,0312.00,3073,360510312003073,9,9,0,9,0,0,0,0
36,051,0312.00,3074,360510312003074,0,0,0,0,0,0,0,0
36,051,0312.00,4000,360510312004000,5,5,0,5,0,0,0,0
36,051,0312.00,4001,360510312004001,0,0,0,0,0,0,0,0
36,051,0312.00,4002,360510312004002,3,3,0,3,0,0,0,0
36,051,0312.00,4003,360510312004003,1,1,0,1,0,0,0,0
36,051,0312.00,4004,360510312004004,0,0,0,0,0,0,0,0
36,051,0312.00,4005,360510312004005,24,24,0,24,0,0,0,0
36,051,0312.00,4006,360510312004006,0,0,0,0,0,0,0,0
36,051,0312.00,4007,360510312004007,0,0,0,0,0,0,0,0
36,051,0312.00,4008,360510312004008,0,0,0,0,0,0,0,0
36,051,0312.00,4009,360510312004009,2,2,0,2,0,0,0,0
36,051,0312.00,4010,360510312004010,0,0,0,0,0,0,0,0
36,051,0312.00,4012,360510312004012,0,0,0,0,0,0,0,0
36,051,0312.00,4013,360510312004013,0,0,0,0,0,0,0,0
36,051,0312.00,4014,360510312004014,0,0,0,0,0,0,0,0
36,051,0312.00,4015,360510312004015,4,4,0,4,0,0,0,0
36,051,0312.00,4016,360510312004016,0,0,0,0,0,0,0,0
36,051,0312.00,4017,360510312004017,10,10,0,10,0,0,0,0
36,051,0312.00,4018,360510312004018,3,3,0,3,0,0,0,0
36,051,0312.00,4019,360510312004019,3,3,0,3,0,0,0,0
36,051,0312.00,4020,360510312004020,5,5,0,5,0,0,0,0
36,051,0312.00,4021,360510312004021,28,28,0,28,0,0,0,0
36,051,0312.00,4022,360510312004022,15,15,0,15,0,0,0,0
36,051,0312.00,4023,360510312004023,0,0,0,0,0,0,0,0
36,051,0312.00,4024,360510312004024,2,2,0,2,0,0,0,0
36,051,0312.00,4025,360510312004025,26,26,0,26,0,0,0,0
36,051,0312.00,4026,360510312004026,1,1,0,1,0,0,0,0
36,051,0312.00,4027,360510312004027,0,0,0,0,0,0,0,0
36,051,0312.00,4028,360510312004028,1,1,0,1,0,0,0,0
36,051,0312.00,4029,360510312004029,19,19,0,19,0,0,0,0
36,051,0312.00,4030,360510312004030,6,6,0,6,0,0,0,0
36,051,0312.00,4031,360510312004031,1,1,0,1,0,0,0,0
36,051,0312.00,4032,360510312004032,5,5,0,5,0,0,0,0
36,051,0312.00,4033,360510312004033,9,9,0,9,0,0,0,0
36,051,0312.00,4034,360510312004034,7,7,0,7,0,0,0,0
36,051,0312.00,4035,360510312004035,7,7,0,7,0,0,0,0
36,051,0312.00,4036,360510312004036,3,3,0,3,0,0,0,0
36,051,0312.00,4037,360510312004037,0,0,0,0,0,0,0,0
36,051,0312.00,4038,360510312004038,4,4,0,4,0,0,0,0
36,051,0312.00,4039,360510312004039,0,0,0,0,0,0,0,0
36,051,0312.00,4040,360510312004040,2,2,0,2,0,0,0,0
36,051,0312.00,4041,360510312004041,6,6,0,6,0,0,0,0
36,051,0312.00,4042,360510312004042,9,9,0,9,0,0,0,0
36,051,0312.00,4043,360510312004043,3,3,0,3,0,0,0,0
36,051,0312.00,4044,360510312004044,0,0,0,0,0,0,0,0
36,051,0312.00,4045,360510312004045,5,5,0,5,0,0,0,0
36,051,0312.00,4046,360510312004046,1,1,0,1,0,0,0,0
36,051,0312.00,4047,360510312004047,13,13,0,13,0,0,0,0
36,051,0312.00,4048,360510312004048,12,12,0,12,0,0,0,0
36,051,0312.00,4049,360510312004049,1,1,0,1,0,0,0,0
36,051,0312.00,4050,360510312004050,4,4,0,4,0,0,0,0
36,051,0312.00,4051,360510312004051,5,5,0,5,0,0,0,0
36,051,0312.00,4052,360510312004052,5,5,0,5,0,0,0,0
36,051,0312.00,4053,360510312004053,3,3,0,3,0,0,0,0
36,051,0312.00,4054,360510312004054,4,4,0,4,0,0,0,0
36,051,0312.00,4055,360510312004055,15,15,0,15,0,0,0,0
36,051,0312.00,4056,360510312004056,8,8,0,8,0,0,0,0
36,051,0312.00,4057,360510312004057,0,0,0,0,0,0,0,0
36,051,0312.00,4058,360510312004058,9,9,0,9,0,0,0,0
36,051,0312.00,4059,360510312004059,0,0,0,0,0,0,0,0
36,051,0312.00,4060,360510312004060,0,0,0,0,0,0,0,0
36,051,0312.00,4061,360510312004061,3,3,0,3,0,0,0,0
36,051,0312.00,4062,360510312004062,1,1,0,1,0,0,0,0
36,051,0312.00,4063,360510312004063,9,9,0,9,0,0,0,0
36,051,0312.00,4064,360510312004064,1,1,0,1,0,0,0,0
36,051,0312.00,4065,360510312004065,14,14,0,14,0,0,0,0
36,051,0312.00,4066,360510312004066,4,4,0,4,0,0,0,0
36,051,0312.00,4067,360510312004067,0,0,0,0,0,0,0,0
36,051,0312.00,4068,360510312004068,5,5,0,5,0,0,0,0
36,051,0312.00,4069,360510312004069,6,6,0,6,0,0,0,0
36,051,0312.00,4070,360510312004070,12,12,0,12,0,0,0,0
36,051,0312.00,4071,360510312004071,27,27,0,27,0,0,0,0
36,051,0312.00,4072,360510312004072,20,20,0,20,0,0,0,0
36,051,0312.00,4073,360510312004073,15,15,0,15,0,0,0,0
36,051,0312.00,4074,360510312004074,4,4,0,4,0,0,0,0
36,051,0312.00,4075,360510312004075,2,2,0,2,0,0,0,0
36,051,0312.00,4076,360510312004076,9,9,0,9,0,0,0,0
36,051,0312.00,4077,360510312004077,0,0,0,0,0,0,0,0
36,051,0312.00,4078,360510312004078,3,3,0,3,0,0,0,0
36,051,0312.00,4079,360510312004079,0,0,0,0,0,0,0,0
36,051,0312.00,4080,360510312004080,8,8,0,8,0,0,0,0
36,051,0312.00,4081,360510312004081,1,1,0,1,0,0,0,0
36,051,0312.00,4082,360510312004082,2,2,0,2,0,0,0,0
36,051,0312.00,4083,360510312004083,0,0,0,0,0,0,0,0
36,051,0312.00,4084,360510312004084,0,0,0,0,0,0,0,0
36,051,0312.00,4085,360510312004085,4,4,0,4,0,0,0,0
36,051,0312.00,4086,360510312004086,2,2,0,2,0,0,0,0
36,051,0312.00,4087,360510312004087,0,0,0,0,0,0,0,0
36,051,0312.00,4088,360510312004088,0,0,0,0,0,0,0,0
36,051,0312.00,4089,360510312004089,0,0,0,0,0,0,0,0
36,051,0312.00,4090,360510312004090,4,4,0,4,0,0,0,0
36,051,0312.00,4091,360510312004091,0,0,0,0,0,0,0,0
36,051,0313.00,1000,360510313001000,2,2,0,2,0,0,0,0
36,051,0313.00,1001,360510313001001,18,18,0,18,0,0,0,0
36,051,0313.00,1002,360510313001002,25,25,0,25,0,0,0,0
36,051,0313.00,1003,360510313001003,0,0,0,0,0,0,0,0
36,051,0313.00,1004,360510313001004,1,1,0,1,0,0,0,0
36,051,0313.00,1005,360510313001005,1,1,0,1,0,0,0,0
36,051,0313.00,1006,360510313001006,22,22,0,22,0,0,0,0
36,051,0313.00,1007,360510313001007,0,0,0,0,0,0,0,0
36,051,0313.00,1008,360510313001008,4,4,0,4,0,0,0,0
36,051,0313.00,1009,360510313001009,2,2,0,2,0,0,0,0
36,051,0313.00,1010,360510313001010,0,0,0,0,0,0,0,0
36,051,0313.00,1011,360510313001011,1,1,0,1,0,0,0,0
36,051,0313.00,1012,360510313001012,0,0,0,0,0,0,0,0
36,051,0313.00,1013,360510313001013,11,11,0,11,0,0,0,0
36,051,0313.00,1014,360510313001014,26,26,0,26,0,0,0,0
36,051,0313.00,1015,360510313001015,12,12,0,12,0,0,0,0
36,051,0313.00,1016,360510313001016,6,6,0,6,0,0,0,0
36,051,0313.00,1017,360510313001017,0,0,0,0,0,0,0,0
36,051,0313.00,1018,360510313001018,4,4,0,4,0,0,0,0
36,051,0313.00,1019,360510313001019,8,8,0,8,0,0,0,0
36,051,0313.00,1020,360510313001020,1,1,0,1,0,0,0,0
36,051,0313.00,1021,360510313001021,2,2,0,2,0,0,0,0
36,051,0313.00,1022,360510313001022,9,9,0,9,0,0,0,0
36,051,0313.00,1023,360510313001023,11,11,0,11,0,0,0,0
36,051,0313.00,1024,360510313001024,8,8,0,8,0,0,0,0
36,051,0313.00,1025,360510313001025,22,22,0,22,0,0,0,0
36,051,0313.00,1026,360510313001026,0,0,0,0,0,0,0,0
36,051,0313.00,1027,360510313001027,15,15,0,15,0,0,0,0
36,051,0313.00,1028,360510313001028,12,12,0,12,0,0,0,0
36,051,0313.00,1029,360510313001029,0,0,0,0,0,0,0,0
36,051,0313.00,1031,360510313001031,0,0,0,0,0,0,0,0
36,051,0313.00,1032,360510313001032,0,0,0,0,0,0,0,0
36,051,0313.00,1033,360510313001033,0,0,0,0,0,0,0,0
36,051,0313.00,1034,360510313001034,0,0,0,0,0,0,0,0
36,051,0313.00,1035,360510313001035,12,12,0,12,0,0,0,0
36,051,0313.00,1037,360510313001037,6,6,0,6,0,0,0,0
36,051,0313.00,1038,360510313001038,0,0,0,0,0,0,0,0
36,051,0313.00,1039,360510313001039,1,1,0,1,0,0,0,0
36,051,0313.00,1040,360510313001040,1,1,0,1,0,0,0,0
36,051,0313.00,1041,360510313001041,0,0,0,0,0,0,0,0
36,051,0313.00,1043,360510313001043,1,1,0,1,0,0,0,0
36,051,0313.00,1044,360510313001044,2,2,0,2,0,0,0,0
36,051,0313.00,1045,360510313001045,19,19,0,19,0,0,0,0
36,051,0313.00,1046,360510313001046,35,35,0,35,0,0,0,0
36,051,0313.00,1047,360510313001047,12,12,0,12,0,0,0,0
36,051,0313.00,1048,360510313001048,3,3,0,3,0,0,0,0
36,051,0313.00,1049,360510313001049,7,7,0,7,0,0,0,0
36,051,0313.00,1050,360510313001050,15,15,0,15,0,0,0,0
36,051,0313.00,1051,360510313001051,1,1,0,1,0,0,0,0
36,051,0313.00,1052,360510313001052,5,5,0,5,0,0,0,0
36,051,0313.00,1053,360510313001053,1,1,0,1,0,0,0,0
36,051,0313.00,1054,360510313001054,1,1,0,1,0,0,0,0
36,051,0313.00,1055,360510313001055,11,11,0,11,0,0,0,0
36,051,0313.00,1056,360510313001056,1,1,0,1,0,0,0,0
36,051,0313.00,1057,360510313001057,1,1,0,1,0,0,0,0
36,051,0313.00,1058,360510313001058,46,46,0,46,0,0,0,0
36,051,0313.00,1059,360510313001059,0,0,0,0,0,0,0,0
36,051,0313.00,1060,360510313001060,4,4,0,4,0,0,0,0
36,051,0313.00,1061,360510313001061,2,2,0,2,0,0,0,0
36,051,0313.00,1062,360510313001062,1,1,0,1,0,0,0,0
36,051,0313.00,1063,360510313001063,3,3,0,3,0,0,0,0
36,051,0313.00,1064,360510313001064,5,5,0,5,0,0,0,0
36,051,0313.00,1066,360510313001066,0,0,0,0,0,0,0,0
36,051,0313.00,1067,360510313001067,24,24,0,24,0,0,0,0
36,051,0313.00,1069,360510313001069,1,1,0,1,0,0,0,0
36,051,0313.00,1070,360510313001070,9,9,0,9,0,0,0,0
36,051,0313.00,1071,360510313001071,1,1,0,1,0,0,0,0
36,051,0313.00,1072,360510313001072,6,6,0,6,0,0,0,0
36,051,0313.00,1073,360510313001073,19,19,0,19,0,0,0,0
36,051,0313.00,1074,360510313001074,6,6,0,6,0,0,0,0
36,051,0313.00,1075,360510313001075,12,12,0,12,0,0,0,0
36,051,0313.00,1076,360510313001076,3,3,0,3,0,0,0,0
36,051,0313.00,1079,360510313001079,3,3,0,3,0,0,0,0
36,051,0313.00,1080,360510313001080,3,3,0,3,0,0,0,0
36,051,0313.00,1081,360510313001081,1,1,0,1,0,0,0,0
36,051,0313.00,1082,360510313001082,9,9,0,9,0,0,0,0
36,051,0313.00,1083,360510313001083,4,4,0,4,0,0,0,0
36,051,0313.00,1084,360510313001084,14,14,0,14,0,0,0,0
36,051,0313.00,1085,360510313001085,11,11,0,11,0,0,0,0
36,051,0313.00,1086,360510313001086,25,25,0,25,0,0,0,0
36,051,0313.00,1087,360510313001087,0,0,0,0,0,0,0,0
36,051,0313.00,1088,360510313001088,32,32,0,32,0,0,0,0
36,051,0313.00,1089,360510313001089,2,2,0,2,0,0,0,0
36,051,0313.00,1090,360510313001090,13,13,0,13,0,0,0,0
36,051,0313.00,1091,360510313001091,2,2,0,2,0,0,0,0
36,051,0313.00,1092,360510313001092,4,4,0,4,0,0,0,0
36,051,0313.00,1093,360510313001093,3,3,0,3,0,0,0,0
36,051,0313.00,1095,360510313001095,3,3,0,3,0,0,0,0
36,051,0313.00,1096,360510313001096,42,42,0,42,0,0,0,0
36,051,0313.00,1097,360510313001097,0,0,0,0,0,0,0,0
36,051,0313.00,1099,360510313001099,0,0,0,0,0,0,0,0
36,051,0313.00,1100,360510313001100,1,1,0,1,0,0,0,0
36,051,0313.00,1101,360510313001101,1,1,0,1,0,0,0,0
36,051,0313.00,1102,360510313001102,23,23,0,23,0,0,0,0
36,051,0313.00,1103,360510313001103,6,6,0,6,0,0,0,0
36,051,0313.00,1104,360510313001104,2,2,0,2,0,0,0,0
36,051,0313.00,1105,360510313001105,0,0,0,0,0,0,0,0
36,051,0313.00,1106,360510313001106,6,6,0,6,0,0,0,0
36,051,0313.00,1107,360510313001107,1,1,0,1,0,0,0,0
36,051,0313.00,1108,360510313001108,3,3,0,3,0,0,0,0
36,051,0313.00,1110,360510313001110,14,14,0,14,0,0,0,0
36,051,0313.00,1111,360510313001111,35,35,0,35,0,0,0,0
36,051,0313.00,1112,360510313001112,12,12,0,12,0,0,0,0
36,051,0313.00,1113,360510313001113,2,2,0,2,0,0,0,0
36,051,0313.00,1114,360510313001114,18,18,0,18,0,0,0,0
36,051,0313.00,1115,360510313001115,5,5,0,5,0,0,0,0
36,051,0313.00,1116,360510313001116,0,0,0,0,0,0,0,0
36,051,0313.00,1117,360510313001117,0,0,0,0,0,0,0,0
36,051,0313.00,1118,360510313001118,0,0,0,0,0,0,0,0
36,051,0313.00,1119,360510313001119,1,1,0,1,0,0,0,0
36,051,0313.00,1120,360510313001120,1,1,0,1,0,0,0,0
36,051,0313.00,1121,360510313001121,0,0,0,0,0,0,0,0
36,051,0313.00,1122,360510313001122,2,2,0,2,0,0,0,0
36,051,0313.00,1123,360510313001123,0,0,0,0,0,0,0,0
36,051,0313.00,1124,360510313001124,11,11,0,11,0,0,0,0
36,051,0313.00,1125,360510313001125,2,2,0,2,0,0,0,0
36,051,0313.00,1126,360510313001126,1,1,0,1,0,0,0,0
36,051,0313.00,1127,360510313001127,2,2,0,2,0,0,0,0
36,051,0313.00,1128,360510313001128,0,0,0,0,0,0,0,0
36,051,0313.00,1129,360510313001129,3,3,0,3,0,0,0,0
36,051,0313.00,1131,360510313001131,0,0,0,0,0,0,0,0
36,051,0313.00,1132,360510313001132,2,2,0,2,0,0,0,0
36,051,0313.00,1133,360510313001133,0,0,0,0,0,0,0,0
36,051,0313.00,1134,360510313001134,2,2,0,2,0,0,0,0
36,051,0313.00,2000,360510313002000,11,11,0,11,0,0,0,0
36,051,0313.00,2001,360510313002001,5,5,0,5,0,0,0,0
36,051,0313.00,2002,360510313002002,0,0,0,0,0,0,0,0
36,051,0313.00,2003,360510313002003,0,0,0,0,0,0,0,0
36,051,0313.00,2004,360510313002004,0,0,0,0,0,0,0,0
36,051,0313.00,2005,360510313002005,0,0,0,0,0,0,0,0
36,051,0313.00,2006,360510313002006,1,1,0,1,0,0,0,0
36,051,0313.00,2007,360510313002007,0,0,0,0,0,0,0,0
36,051,0313.00,2008,360510313002008,0,0,0,0,0,0,0,0
36,051,0313.00,2009,360510313002009,1,1,0,1,0,0,0,0
36,051,0313.00,2010,360510313002010,0,0,0,0,0,0,0,0
36,051,0313.00,2012,360510313002012,13,13,0,13,0,0,0,0
36,051,0313.00,2013,360510313002013,14,14,0,14,0,0,0,0
36,051,0313.00,2014,360510313002014,1,1,0,1,0,0,0,0
36,051,0313.00,2015,360510313002015,0,0,0,0,0,0,0,0
36,051,0313.00,2017,360510313002017,17,17,0,17,0,0,0,0
36,051,0313.00,2019,360510313002019,0,0,0,0,0,0,0,0
36,051,0313.00,2020,360510313002020,1,1,0,1,0,0,0,0
36,051,0313.00,2021,360510313002021,5,5,0,5,0,0,0,0
36,051,0313.00,2022,360510313002022,1,1,0,1,0,0,0,0
36,051,0313.00,2023,360510313002023,1,1,0,1,0,0,0,0
36,051,0313.00,2024,360510313002024,0,0,0,0,0,0,0,0
36,051,0313.00,2025,360510313002025,0,0,0,0,0,0,0,0
36,051,0313.00,2026,360510313002026,9,9,0,9,0,0,0,0
36,051,0313.00,2027,360510313002027,7,7,0,7,0,0,0,0
36,051,0313.00,2028,360510313002028,0,0,0,0,0,0,0,0
36,051,0313.00,2029,360510313002029,1,1,0,1,0,0,0,0
36,051,0313.00,2030,360510313002030,1,1,0,1,0,0,0,0
36,051,0313.00,2031,360510313002031,1,1,0,1,0,0,0,0
36,051,0313.00,2033,360510313002033,2,2,0,2,0,0,0,0
36,051,0313.00,2034,360510313002034,0,0,0,0,0,0,0,0
36,051,0313.00,2035,360510313002035,0,0,0,0,0,0,0,0
36,051,0313.00,2036,360510313002036,0,0,0,0,0,0,0,0
36,051,0313.00,2038,360510313002038,4,4,0,4,0,0,0,0
36,051,0313.00,2039,360510313002039,0,0,0,0,0,0,0,0
36,051,0313.00,2040,360510313002040,2,2,0,2,0,0,0,0
36,051,0313.00,2041,360510313002041,6,6,0,6,0,0,0,0
36,051,0313.00,2042,360510313002042,1,1,0,1,0,0,0,0
36,051,0313.00,2043,360510313002043,2,2,0,2,0,0,0,0
36,051,0313.00,2044,360510313002044,0,0,0,0,0,0,0,0
36,051,0313.00,2045,360510313002045,0,0,0,0,0,0,0,0
36,051,0313.00,2046,360510313002046,5,5,0,5,0,0,0,0
36,051,0313.00,2047,360510313002047,0,0,0,0,0,0,0,0
36,051,0313.00,2048,360510313002048,0,0,0,0,0,0,0,0
36,051,0313.00,2049,360510313002049,7,7,0,7,0,0,0,0
36,051,0313.00,2050,360510313002050,1,1,0,1,0,0,0,0
36,051,0313.00,2051,360510313002051,17,17,0,17,0,0,0,0
36,051,0313.00,2052,360510313002052,7,7,0,7,0,0,0,0
36,051,0313.00,2053,360510313002053,5,5,0,5,0,0,0,0
36,051,0313.00,2054,360510313002054,0,0,0,0,0,0,0,0
36,051,0313.00,2055,360510313002055,2,2,0,2,0,0,0,0
36,051,0313.00,2056,360510313002056,3,3,0,3,0,0,0,0
36,051,0313.00,2057,360510313002057,2,2,0,2,0,0,0,0
36,051,0313.00,2058,360510313002058,0,0,0,0,0,0,0,0
36,051,0313.00,2059,360510313002059,0,0,0,0,0,0,0,0
36,051,0313.00,2060,360510313002060,3,3,0,3,0,0,0,0
36,051,0313.00,2061,360510313002061,7,7,0,7,0,0,0,0
36,051,0313.00,2062,360510313002062,6,6,0,6,0,0,0,0
36,051,0313.00,2063,360510313002063,0,0,0,0,0,0,0,0
36,051,0313.00,2064,360510313002064,2,2,0,2,0,0,0,0
36,051,0313.00,2065,360510313002065,1,1,0,1,0,0,0,0
36,051,0313.00,2066,360510313002066,1,1,0,1,0,0,0,0
36,051,0313.00,2068,360510313002068,0,0,0,0,0,0,0,0
36,051,0313.00,2069,360510313002069,0,0,0,0,0,0,0,0
36,051,0313.00,2070,360510313002070,0,0,0,0,0,0,0,0
36,051,0313.00,2071,360510313002071,1,1,0,1,0,0,0,0
36,051,0313.00,2073,360510313002073,1,1,0,1,0,0,0,0
36,051,0313.00,2074,360510313002074,0,0,0,0,0,0,0,0
36,051,0313.00,2075,360510313002075,0,0,0,0,0,0,0,0
36,051,0313.00,2076,360510313002076,3,3,0,3,0,0,0,0
36,051,0313.00,2077,360510313002077,0,0,0,0,0,0,0,0
36,051,0313.00,2079,360510313002079,0,0,0,0,0,0,0,0
36,051,0313.00,2080,360510313002080,0,0,0,0,0,0,0,0
36,051,0313.00,2081,360510313002081,0,0,0,0,0,0,0,0
36,051,0313.00,2082,360510313002082,0,0,0,0,0,0,0,0
36,051,0313.00,2083,360510313002083,0,0,0,0,0,0,0,0
36,051,0313.00,2084,360510313002084,0,0,0,0,0,0,0,0
36,051,0313.00,2085,360510313002085,3,3,0,3,0,0,0,0
36,051,0313.00,2086,360510313002086,1,1,0,1,0,0,0,0
36,051,0313.00,2087,360510313002087,1,1,0,1,0,0,0,0
36,051,0313.00,2089,360510313002089,0,0,0,0,0,0,0,0
36,051,0313.00,2090,360510313002090,1,1,0,1,0,0,0,0
36,051,0313.00,2091,360510313002091,1,1,0,1,0,0,0,0
36,051,0313.00,2092,360510313002092,0,0,0,0,0,0,0,0
36,051,0313.00,2093,360510313002093,0,0,0,0,0,0,0,0
36,051,0313.00,2094,360510313002094,0,0,0,0,0,0,0,0
36,051,0313.00,2095,360510313002095,3,3,0,3,0,0,0,0
36,051,0313.00,2096,360510313002096,0,0,0,0,0,0,0,0
36,051,0313.00,2097,360510313002097,0,0,0,0,0,0,0,0
36,051,0313.00,2098,360510313002098,0,0,0,0,0,0,0,0
36,051,0313.00,2099,360510313002099,0,0,0,0,0,0,0,0
36,051,0313.00,2101,360510313002101,1,1,0,1,0,0,0,0
36,051,0313.00,2102,360510313002102,3,3,0,3,0,0,0,0
36,051,0313.00,2103,360510313002103,3,3,0,3,0,0,0,0
36,051,0313.00,2104,360510313002104,2,2,0,2,0,0,0,0
36,051,0313.00,2105,360510313002105,0,0,0,0,0,0,0,0
36,051,0313.00,2106,360510313002106,0,0,0,0,0,0,0,0
36,051,0313.00,2107,360510313002107,0,0,0,0,0,0,0,0
36,051,0313.00,2108,360510313002108,0,0,0,0,0,0,0,0
36,051,0313.00,2109,360510313002109,12,12,0,12,0,0,0,0
36,051,0313.00,2110,360510313002110,4,4,0,4,0,0,0,0
36,051,0313.00,2111,360510313002111,5,5,0,5,0,0,0,0
36,051,0313.00,2112,360510313002112,0,0,0,0,0,0,0,0
36,051,0313.00,2113,360510313002113,0,0,0,0,0,0,0,0
36,051,0313.00,2114,360510313002114,0,0,0,0,0,0,0,0
36,051,0313.00,2115,360510313002115,7,7,0,7,0,0,0,0
36,051,0313.00,2116,360510313002116,1,1,0,1,0,0,0,0
36,051,0313.00,2117,360510313002117,1,1,0,1,0,0,0,0
36,051,0313.00,2118,360510313002118,8,8,0,8,0,0,0,0
36,051,0313.00,2120,360510313002120,5,5,0,5,0,0,0,0
36,051,0313.00,2121,360510313002121,2,2,0,2,0,0,0,0
36,051,0313.00,2122,360510313002122,5,5,0,5,0,0,0,0
36,051,0313.00,2123,360510313002123,3,3,0,3,0,0,0,0
36,051,0313.00,2124,360510313002124,12,12,0,12,0,0,0,0
36,051,0313.00,2125,360510313002125,3,3,0,3,0,0,0,0
36,051,0313.00,2126,360510313002126,0,0,0,0,0,0,0,0
36,051,0313.00,2127,360510313002127,2,2,0,2,0,0,0,0
36,051,0313.00,2128,360510313002128,4,4,0,4,0,0,0,0
36,051,0313.00,2129,360510313002129,0,0,0,0,0,0,0,0
36,051,0313.00,2130,360510313002130,11,11,0,11,0,0,0,0
36,051,0313.00,2131,360510313002131,2,2,0,2,0,0,0,0
36,051,0313.00,2132,360510313002132,2,2,0,2,0,0,0,0
36,051,0313.00,2133,360510313002133,27,27,0,27,0,0,0,0
36,051,0313.00,2134,360510313002134,4,4,0,4,0,0,0,0
36,051,0313.00,2135,360510313002135,0,0,0,0,0,0,0,0
36,051,0313.00,2136,360510313002136,8,8,0,8,0,0,0,0
36,051,0313.00,2137,360510313002137,1,1,0,1,0,0,0,0
36,051,0313.00,2138,360510313002138,2,2,0,2,0,0,0,0
36,051,0313.00,2139,360510313002139,5,5,0,5,0,0,0,0
36,051,0313.00,2140,360510313002140,5,5,0,5,0,0,0,0
36,051,0313.00,2141,360510313002141,3,3,0,3,0,0,0,0
36,051,0313.00,2142,360510313002142,1,1,0,1,0,0,0,0
36,051,0313.00,2143,360510313002143,2,2,0,2,0,0,0,0
36,051,0313.00,2144,360510313002144,1,1,0,1,0,0,0,0
36,051,0313.00,2145,360510313002145,1,1,0,1,0,0,0,0
36,051,0313.00,2146,360510313002146,2,2,0,2,0,0,0,0
36,051,0313.00,2147,360510313002147,0,0,0,0,0,0,0,0
36,051,0313.00,2148,360510313002148,0,0,0,0,0,0,0,0
36,051,0313.00,2149,360510313002149,0,0,0,0,0,0,0,0
36,051,0313.00,2150,360510313002150,0,0,0,0,0,0,0,0
36,051,0313.00,2151,360510313002151,0,0,0,0,0,0,0,0
36,051,0313.00,2152,360510313002152,2,2,0,2,0,0,0,0
36,051,0313.00,2153,360510313002153,2,2,0,2,0,0,0,0
36,051,0313.00,2154,360510313002154,4,4,0,4,0,0,0,0
36,051,0313.00,2155,360510313002155,1,1,0,1,0,0,0,0
36,051,0313.00,2156,360510313002156,3,3,0,3,1,1,0,1
36,051,0313.00,2157,360510313002157,1,1,0,1,0,0,0,0
36,051,0313.00,2158,360510313002158,0,0,0,0,0,0,0,0
36,051,0313.00,2159,360510313002159,0,0,0,0,0,0,0,0
36,051,0313.00,2160,360510313002160,3,3,0,3,0,0,0,0
36,051,0313.00,2161,360510313002161,1,1,0,1,0,0,0,0
36,051,0313.00,2162,360510313002162,0,0,0,0,0,0,0,0
36,051,0313.00,2163,360510313002163,1,1,0,1,0,0,0,0
36,051,0313.00,2164,360510313002164,0,0,0,0,0,0,0,0
36,051,0313.00,2165,360510313002165,0,0,0,0,0,0,0,0
36,051,0313.00,2166,360510313002166,0,0,0,0,0,0,0,0
36,051,0313.00,2167,360510313002167,1,1,0,1,0,0,0,0
36,051,0313.00,2168,360510313002168,0,0,0,0,0,0,0,0
36,051,0313.00,2169,360510313002169,0,0,0,0,0,0,0,0
36,051,0313.00,2170,360510313002170,11,11,0,11,0,0,0,0
36,051,0313.00,2171,360510313002171,1,1,0,1,0,0,0,0
36,051,0313.00,2172,360510313002172,0,0,0,0,0,0,0,0
36,051,0313.00,2173,360510313002173,0,0,0,0,0,0,0,0
36,051,0313.00,2174,360510313002174,1,1,0,1,0,0,0,0
36,051,0313.00,2175,360510313002175,1,1,0,1,0,0,0,0
36,051,0313.00,2176,360510313002176,3,3,0,3,0,0,0,0
36,051,0313.00,2177,360510313002177,12,12,0,12,1,1,0,1
36,051,0313.00,2178,360510313002178,1,1,0,1,0,0,0,0
36,051,0313.00,2179,360510313002179,1,1,0,1,0,0,0,0
36,051,0313.00,2180,360510313002180,1,1,0,1,0,0,0,0
36,051,0313.00,2181,360510313002181,0,0,0,0,0,0,0,0
36,051,0313.00,2182,360510313002182,0,0,0,0,0,0,0,0
36,051,0313.00,2183,360510313002183,4,4,0,4,0,0,0,0
36,051,0313.00,2184,360510313002184,1,1,0,1,0,0,0,0
36,051,0313.00,2185,360510313002185,0,0,0,0,0,0,0,0
36,051,0313.00,2186,360510313002186,0,0,0,0,0,0,0,0
36,051,0313.00,2187,360510313002187,1,1,0,1,0,0,0,0
36,051,0313.00,2188,360510313002188,3,3,0,3,0,0,0,0
36,051,0313.00,2189,360510313002189,0,0,0,0,0,0,0,0
36,051,0313.00,2190,360510313002190,1,1,0,1,0,0,0,0
36,051,0313.00,2191,360510313002191,0,0,0,0,0,0,0,0
36,051,0313.00,2192,360510313002192,0,0,0,0,0,0,0,0
36,051,0313.00,2193,360510313002193,0,0,0,0,0,0,0,0
36,051,0313.00,2195,360510313002195,1,1,0,1,0,0,0,0
36,051,0313.00,2196,360510313002196,1,1,0,1,0,0,0,0
36,051,0313.00,2197,360510313002197,11,11,0,11,0,0,0,0
36,051,0313.00,2198,360510313002198,2,2,0,2,0,0,0,0
36,051,0313.00,2199,360510313002199,0,0,0,0,0,0,0,0
36,051,0313.00,2200,360510313002200,0,0,0,0,0,0,0,0
36,051,0313.00,2202,360510313002202,9,9,0,9,0,0,0,0
36,051,0313.00,2203,360510313002203,9,9,0,9,0,0,0,0
36,051,0313.00,2204,360510313002204,0,0,0,0,0,0,0,0
36,051,0313.00,2205,360510313002205,0,0,0,0,0,0,0,0
36,051,0313.00,2206,360510313002206,4,4,0,4,0,0,0,0
36,051,0313.00,2207,360510313002207,0,0,0,0,0,0,0,0
36,051,0313.00,2208,360510313002208,8,8,0,8,0,0,0,0
36,051,0313.00,2209,360510313002209,0,0,0,0,0,0,0,0
36,051,0313.00,2210,360510313002210,6,6,0,6,0,0,0,0
36,051,0313.00,2211,360510313002211,0,0,0,0,0,0,0,0
36,051,0313.00,2212,360510313002212,0,0,0,0,0,0,0,0
36,051,0313.00,2214,360510313002214,6,6,0,6,0,0,0,0
36,051,0313.00,2215,360510313002215,0,0,0,0,0,0,0,0
36,051,0313.00,2216,360510313002216,5,5,0,5,0,0,0,0
36,051,0313.00,2217,360510313002217,10,10,0,10,0,0,0,0
36,051,0313.00,2218,360510313002218,0,0,0,0,0,0,0,0
36,051,0313.00,2219,360510313002219,11,11,0,11,0,0,0,0
36,051,0313.00,2222,360510313002222,33,33,0,33,0,0,0,0
36,051,0313.00,2223,360510313002223,6,6,0,6,0,0,0,0
36,051,0313.00,2224,360510313002224,13,13,0,13,0,0,0,0
36,051,0313.00,2225,360510313002225,0,0,0,0,0,0,0,0
36,051,0313.00,2227,360510313002227,2,2,0,2,0,0,0,0
36,051,0313.00,2229,360510313002229,0,0,0,0,0,0,0,0
36,051,0313.00,2230,360510313002230,10,10,0,10,0,0,0,0
36,051,0313.00,2231,360510313002231,1,1,0,1,0,0,0,0
36,051,0313.00,2232,360510313002232,0,0,0,0,0,0,0,0
36,051,0313.00,2233,360510313002233,0,0,0,0,0,0,0,0
36,051,0313.00,2234,360510313002234,0,0,0,0,0,0,0,0
36,051,0313.00,2235,360510313002235,0,0,0,0,0,0,0,0
36,051,0313.00,2236,360510313002236,4,4,0,4,0,0,0,0
36,051,0313.00,2237,360510313002237,1,1,0,1,0,0,0,0
36,051,0313.00,2238,360510313002238,3,3,0,3,0,0,0,0
36,051,0313.00,2239,360510313002239,14,14,0,14,0,0,0,0
36,051,0313.00,2240,360510313002240,12,12,0,12,0,0,0,0
36,051,0313.00,2241,360510313002241,12,12,0,12,0,0,0,0
36,051,0313.00,2242,360510313002242,8,8,0,8,0,0,0,0
36,051,0313.00,2243,360510313002243,1,1,0,1,0,0,0,0
36,051,0313.00,2244,360510313002244,6,6,0,6,0,0,0,0
36,051,0313.00,2245,360510313002245,1,1,0,1,0,0,0,0
36,051,0313.00,2246,360510313002246,1,1,0,1,0,0,0,0
36,051,0313.00,2247,360510313002247,27,27,0,27,0,0,0,0
36,051,0313.00,2249,360510313002249,0,0,0,0,0,0,0,0
36,051,0313.00,2250,360510313002250,3,3,0,3,0,0,0,0
36,051,0313.00,2251,360510313002251,3,3,0,3,0,0,0,0
36,051,0313.00,2252,360510313002252,7,7,0,7,0,0,0,0
36,051,0313.00,2253,360510313002253,10,10,0,10,0,0,0,0
36,051,0313.00,2254,360510313002254,8,8,0,8,0,0,0,0
36,051,0313.00,2255,360510313002255,1,1,0,1,0,0,0,0
36,051,0313.00,2256,360510313002256,4,4,0,4,0,0,0,0
36,051,0313.00,2257,360510313002257,16,16,0,16,0,0,0,0
36,051,0313.00,2258,360510313002258,1,1,0,1,0,0,0,0
36,051,0313.00,2259,360510313002259,1,1,0,1,0,0,0,0
36,051,0313.00,2260,360510313002260,0,0,0,0,0,0,0,0
36,051,0313.00,2261,360510313002261,8,8,0,8,0,0,0,0
36,051,0313.00,2262,360510313002262,4,4,0,4,0,0,0,0
36,051,0313.00,2263,360510313002263,8,8,0,8,0,0,0,0
36,051,0313.00,2264,360510313002264,10,10,0,10,0,0,0,0
36,051,0313.00,2265,360510313002265,0,0,0,0,0,0,0,0
36,051,0313.00,2266,360510313002266,2,2,0,2,0,0,0,0
36,051,0313.00,2267,360510313002267,0,0,0,0,0,0,0,0
36,051,0313.00,2268,360510313002268,2,2,0,2,0,0,0,0
36,051,0313.00,2269,360510313002269,2,2,0,2,0,0,0,0
36,051,0313.00,2270,360510313002270,2,2,0,2,0,0,0,0
36,051,0313.00,2271,360510313002271,5,5,0,5,0,0,0,0
36,051,0313.00,2273,360510313002273,0,0,0,0,0,0,0,0
36,051,0313.00,2274,360510313002274,0,0,0,0,0,0,0,0
36,051,0313.00,2275,360510313002275,8,8,0,8,0,0,0,0
36,051,0313.00,2276,360510313002276,11,11,0,11,0,0,0,0
36,051,0313.00,2277,360510313002277,1,1,0,1,0,0,0,0
36,051,0313.00,2279,360510313002279,2,2,0,2,0,0,0,0
36,051,0313.00,2280,360510313002280,20,20,0,20,0,0,0,0
36,051,0313.00,2281,360510313002281,5,5,0,5,0,0,0,0
36,051,0313.00,2282,360510313002282,14,14,0,14,0,0,0,0
36,051,0313.00,2283,360510313002283,0,0,0,0,0,0,0,0
36,051,0313.00,3000,360510313003000,21,21,0,21,0,0,0,0
36,051,0313.00,3001,360510313003001,34,34,0,34,0,0,0,0
36,051,0313.00,3002,360510313003002,1,1,0,1,0,0,0,0
36,051,0313.00,3003,360510313003003,9,9,0,9,0,0,0,0
36,051,0313.00,3004,360510313003004,3,3,0,3,0,0,0,0
36,051,0313.00,3005,360510313003005,0,0,0,0,0,0,0,0
36,051,0313.00,3006,360510313003006,6,6,0,6,0,0,0,0
36,051,0313.00,3007,360510313003007,0,0,0,0,0,0,0,0
36,051,0313.00,3008,360510313003008,13,13,0,13,0,0,0,0
36,051,0313.00,3009,360510313003009,8,8,0,8,0,0,0,0
36,051,0313.00,3010,360510313003010,7,7,0,7,0,0,0,0
36,051,0313.00,3011,360510313003011,0,0,0,0,0,0,0,0
36,051,0313.00,3012,360510313003012,0,0,0,0,0,0,0,0
36,051,0313.00,3013,360510313003013,0,0,0,0,0,0,0,0
36,051,0313.00,3014,360510313003014,1,1,0,1,0,0,0,0
36,051,0313.00,3015,360510313003015,5,5,0,5,0,0,0,0
36,051,0313.00,3016,360510313003016,0,0,0,0,0,0,0,0
36,051,0313.00,3017,360510313003017,0,0,0,0,0,0,0,0
36,051,0313.00,3018,360510313003018,3,3,0,3,0,0,0,0
36,051,0313.00,3019,360510313003019,5,5,0,5,0,0,0,0
36,051,0313.00,3020,360510313003020,1,1,0,1,0,0,0,0
36,051,0313.00,3021,360510313003021,3,3,0,3,0,0,0,0
36,051,0313.00,3022,360510313003022,3,3,0,3,0,0,0,0
36,051,0313.00,3023,360510313003023,31,31,0,31,0,0,0,0
36,051,0313.00,3024,360510313003024,1,1,0,1,0,0,0,0
36,051,0313.00,3025,360510313003025,5,5,0,5,0,0,0,0
36,051,0313.00,3026,360510313003026,1,1,0,1,0,0,0,0
36,051,0313.00,3027,360510313003027,1,1,0,1,0,0,0,0
36,051,0313.00,3028,360510313003028,2,2,0,2,0,0,0,0
36,051,0313.00,3029,360510313003029,3,3,0,3,0,0,0,0
36,051,0313.00,3030,360510313003030,0,0,0,0,0,0,0,0
36,051,0313.00,3031,360510313003031,7,7,0,7,0,0,0,0
36,051,0313.00,3032,360510313003032,23,23,0,23,0,0,0,0
36,051,0313.00,3033,360510313003033,0,0,0,0,0,0,0,0
36,051,0313.00,3034,360510313003034,2,2,0,2,0,0,0,0
36,051,0313.00,3035,360510313003035,0,0,0,0,0,0,0,0
36,051,0313.00,3036,360510313003036,2,2,0,2,0,0,0,0
36,051,0313.00,3037,360510313003037,12,12,0,12,0,0,0,0
36,051,0313.00,3038,360510313003038,5,5,0,5,0,0,0,0
36,051,0313.00,3039,360510313003039,6,6,0,6,0,0,0,0
36,051,0313.00,3040,360510313003040,0,0,0,0,0,0,0,0
36,051,0313.00,3041,360510313003041,0,0,0,0,0,0,0,0
36,051,0313.00,3042,360510313003042,3,3,0,3,0,0,0,0
36,051,0313.00,3043,360510313003043,6,6,0,6,0,0,0,0
36,051,0313.00,3044,360510313003044,1,1,0,1,0,0,0,0
36,051,0313.00,3045,360510313003045,3,3,0,3,0,0,0,0
36,051,0313.00,3046,360510313003046,1,1,0,1,0,0,0,0
36,051,0313.00,3047,360510313003047,2,2,0,2,0,0,0,0
36,051,0313.00,3048,360510313003048,2,2,0,2,0,0,0,0
36,051,0313.00,3049,360510313003049,4,4,0,4,0,0,0,0
36,051,0313.00,3050,360510313003050,0,0,0,0,0,0,0,0
36,051,0313.00,3051,360510313003051,4,4,0,4,0,0,0,0
36,051,0313.00,3052,360510313003052,0,0,0,0,0,0,0,0
36,051,0313.00,3053,360510313003053,1,1,0,1,0,0,0,0
36,051,0313.00,3054,360510313003054,0,0,0,0,0,0,0,0
36,051,0313.00,3055,360510313003055,4,4,0,4,0,0,0,0
36,051,0313.00,3056,360510313003056,12,12,0,12,0,0,0,0
36,051,0313.00,3057,360510313003057,0,0,0,0,0,0,0,0
36,051,0313.00,3058,360510313003058,3,3,0,3,0,0,0,0
36,051,0313.00,3059,360510313003059,6,6,0,6,0,0,0,0
36,051,0313.00,3060,360510313003060,19,19,0,19,0,0,0,0
36,051,0313.00,3061,360510313003061,6,6,0,6,0,0,0,0
36,051,0313.00,3062,360510313003062,2,2,0,2,0,0,0,0
36,051,0313.00,3063,360510313003063,30,30,0,30,0,0,0,0
36,051,0313.00,3064,360510313003064,16,16,0,16,0,0,0,0
36,051,0313.00,3065,360510313003065,21,21,0,21,0,0,0,0
36,051,0313.00,3066,360510313003066,1,1,0,1,0,0,0,0
36,051,0313.00,3067,360510313003067,2,2,0,2,0,0,0,0
36,051,0313.00,3068,360510313003068,1,1,0,1,0,0,0,0
36,051,0313.00,3069,360510313003069,0,0,0,0,0,0,0,0
36,051,0313.00,3070,360510313003070,3,3,0,3,0,0,0,0
36,051,0313.00,3072,360510313003072,2,2,0,2,0,0,0,0
36,051,0313.00,3073,360510313003073,3,3,0,3,0,0,0,0
36,051,0313.00,3074,360510313003074,5,5,0,5,0,0,0,0
36,051,0313.00,3075,360510313003075,2,2,0,2,0,0,0,0
36,051,0313.00,3076,360510313003076,4,4,0,4,0,0,0,0
36,051,0313.00,3077,360510313003077,8,8,0,8,0,0,0,0
36,051,0313.00,3078,360510313003078,0,0,0,0,0,0,0,0
36,051,0313.00,3079,360510313003079,1,1,0,1,0,0,0,0
36,051,0313.00,3080,360510313003080,4,4,0,4,0,0,0,0
36,051,0313.00,3081,360510313003081,3,3,0,3,0,0,0,0
36,051,0313.00,3082,360510313003082,5,5,0,5,0,0,0,0
36,051,0313.00,3083,360510313003083,3,3,0,3,0,0,0,0
36,051,0313.00,3084,360510313003084,0,0,0,0,0,0,0,0
36,051,0313.00,3085,360510313003085,15,15,0,15,0,0,0,0
36,051,0313.00,3086,360510313003086,1,1,0,1,0,0,0,0
36,051,0313.00,3087,360510313003087,5,5,0,5,0,0,0,0
36,051,0313.00,3088,360510313003088,0,0,0,0,0,0,0,0
36,051,0313.00,3089,360510313003089,1,1,0,1,0,0,0,0
36,051,0313.00,3090,360510313003090,0,0,0,0,0,0,0,0
36,051,0313.00,3091,360510313003091,2,2,0,2,0,0,0,0
36,051,0313.00,3092,360510313003092,0,0,0,0,0,0,0,0
36,051,0313.00,3093,360510313003093,16,16,0,16,0,0,0,0
36,051,0313.00,3094,360510313003094,4,4,0,4,0,0,0,0
36,051,0313.00,3095,360510313003095,11,11,0,11,0,0,0,0
36,051,0313.00,3096,360510313003096,3,3,0,3,0,0,0,0
36,051,0313.00,3097,360510313003097,2,2,0,2,0,0,0,0
36,051,0313.00,3098,360510313003098,18,18,0,18,0,0,0,0
36,051,0313.00,3099,360510313003099,9,9,0,9,0,0,0,0
36,051,0313.00,3100,360510313003100,0,0,0,0,0,0,0,0
36,051,0313.00,3102,360510313003102,1,1,0,1,0,0,0,0
36,051,0313.00,3103,360510313003103,0,0,0,0,0,0,0,0
36,051,0313.00,3104,360510313003104,0,0,0,0,0,0,0,0
36,051,0313.00,3105,360510313003105,0,0,0,0,0,0,0,0
36,051,0313.00,3106,360510313003106,0,0,0,0,0,0,0,0
36,051,0313.00,3107,360510313003107,0,0,0,0,0,0,0,0
36,051,0313.00,3108,360510313003108,0,0,0,0,0,0,0,0
36,051,0313.00,3109,360510313003109,0,0,0,0,0,0,0,0
36,051,0314.00,1000,360510314001000,4,4,0,4,0,0,0,0
36,051,0314.00,1001,360510314001001,2,2,0,2,0,0,0,0
36,051,0314.00,1002,360510314001002,13,13,0,13,0,0,0,0
36,051,0314.00,1003,360510314001003,2,2,0,2,0,0,0,0
36,051,0314.00,1004,360510314001004,10,10,0,10,0,0,0,0
36,051,0314.00,1005,360510314001005,0,0,0,0,0,0,0,0
36,051,0314.00,1006,360510314001006,0,0,0,0,0,0,0,0
36,051,0314.00,1007,360510314001007,0,0,0,0,0,0,0,0
36,051,0314.00,1008,360510314001008,10,10,0,10,0,0,0,0
36,051,0314.00,1009,360510314001009,55,55,0,55,0,0,0,0
36,051,0314.00,1010,360510314001010,15,15,0,15,0,0,0,0
36,051,0314.00,1011,360510314001011,6,6,0,6,0,0,0,0
36,051,0314.00,1012,360510314001012,16,16,0,16,0,0,0,0
36,051,0314.00,1013,360510314001013,20,20,0,20,0,0,0,0
36,051,0314.00,1014,360510314001014,11,11,0,11,0,0,0,0
36,051,0314.00,1015,360510314001015,27,27,0,27,0,0,0,0
36,051,0314.00,1016,360510314001016,1,1,0,1,0,0,0,0
36,051,0314.00,1017,360510314001017,26,26,0,26,0,0,0,0
36,051,0314.00,1018,360510314001018,12,12,0,12,0,0,0,0
36,051,0314.00,1019,360510314001019,33,33,0,33,0,0,0,0
36,051,0314.00,1020,360510314001020,17,17,0,17,0,0,0,0
36,051,0314.00,1021,360510314001021,6,6,0,6,0,0,0,0
36,051,0314.00,1022,360510314001022,0,0,0,0,0,0,0,0
36,051,0314.00,1023,360510314001023,5,5,0,5,0,0,0,0
36,051,0314.00,1024,360510314001024,75,75,0,75,0,0,0,0
36,051,0314.00,1025,360510314001025,11,11,0,11,0,0,0,0
36,051,0314.00,1026,360510314001026,11,11,0,11,0,0,0,0
36,051,0314.00,1027,360510314001027,19,19,0,19,0,0,0,0
36,051,0314.00,1028,360510314001028,24,24,0,24,0,0,0,0
36,051,0314.00,1029,360510314001029,10,10,0,10,0,0,0,0
36,051,0314.00,1030,360510314001030,8,8,0,8,0,0,0,0
36,051,0314.00,1031,360510314001031,42,42,0,42,0,0,0,0
36,051,0314.00,1032,360510314001032,13,13,0,13,0,0,0,0
36,051,0314.00,1033,360510314001033,16,16,0,16,0,0,0,0
36,051,0314.00,1034,360510314001034,47,47,0,47,1,1,0,1
36,051,0314.00,1035,360510314001035,32,32,0,32,0,0,0,0
36,051,0314.00,1036,360510314001036,16,16,0,16,0,0,0,0
36,051,0314.00,1037,360510314001037,17,17,0,17,0,0,0,0
36,051,0314.00,1038,360510314001038,30,30,0,30,0,0,0,0
36,051,0314.00,1039,360510314001039,11,11,0,11,0,0,0,0
36,051,0314.00,1040,360510314001040,21,21,0,21,0,0,0,0
36,051,0314.00,2000,360510314002000,9,9,0,9,0,0,0,0
36,051,0314.00,2001,360510314002001,9,9,0,9,0,0,0,0
36,051,0314.00,2002,360510314002002,0,0,0,0,0,0,0,0
36,051,0314.00,2003,360510314002003,11,11,0,11,0,0,0,0
36,051,0314.00,2004,360510314002004,25,25,0,25,0,0,0,0
36,051,0314.00,2005,360510314002005,46,46,0,46,0,0,0,0
36,051,0314.00,2006,360510314002006,54,54,0,54,3,3,0,3
36,051,0314.00,2008,360510314002008,12,12,0,12,0,0,0,0
36,051,0314.00,2009,360510314002009,0,0,0,0,0,0,0,0
36,051,0314.00,2010,360510314002010,0,0,0,0,0,0,0,0
36,051,0314.00,2012,360510314002012,0,0,0,0,0,0,0,0
36,051,0314.00,2013,360510314002013,0,0,0,0,0,0,0,0
36,051,0314.00,2014,360510314002014,21,21,0,21,0,0,0,0
36,051,0314.00,2015,360510314002015,34,34,0,34,0,0,0,0
36,051,0314.00,2016,360510314002016,4,4,0,4,0,0,0,0
36,051,0314.00,2017,360510314002017,27,27,0,27,0,0,0,0
36,051,0314.00,2018,360510314002018,50,50,0,50,0,0,0,0
36,051,0314.00,2019,360510314002019,37,37,0,37,0,0,0,0
36,051,0314.00,2020,360510314002020,9,9,0,9,0,0,0,0
36,051,0314.00,2021,360510314002021,33,33,0,33,0,0,0,0
36,051,0314.00,2022,360510314002022,10,10,0,10,0,0,0,0
36,051,0314.00,2023,360510314002023,0,0,0,0,0,0,0,0
36,051,0314.00,2024,360510314002024,17,17,0,17,0,0,0,0
36,051,0314.00,2026,360510314002026,4,4,0,4,1,1,0,1
36,051,0314.00,2027,360510314002027,2,2,0,2,0,0,0,0
36,051,0314.00,2028,360510314002028,8,8,0,8,0,0,0,0
36,051,0314.00,2029,360510314002029,3,3,0,3,0,0,0,0
36,051,0314.00,2030,360510314002030,1,1,0,1,0,0,0,0
36,051,0314.00,2031,360510314002031,4,4,0,4,0,0,0,0
36,051,0314.00,2032,360510314002032,0,0,0,0,1,1,0,1
36,051,0314.00,2033,360510314002033,7,7,0,7,0,0,0,0
36,051,0314.00,2034,360510314002034,3,3,0,3,0,0,0,0
36,051,0314.00,2035,360510314002035,32,32,0,32,0,0,0,0
36,051,0314.00,2036,360510314002036,24,24,0,24,0,0,0,0
36,051,0314.00,2037,360510314002037,13,13,0,13,0,0,0,0
36,051,0314.00,2038,360510314002038,24,24,0,24,0,0,0,0
36,051,0314.00,2039,360510314002039,24,24,0,24,0,0,0,0
36,051,0314.00,2040,360510314002040,6,6,0,6,0,0,0,0
36,051,0314.00,2041,360510314002041,10,10,0,10,0,0,0,0
36,051,0314.00,2042,360510314002042,11,11,0,11,0,0,0,0
36,051,0314.00,2043,360510314002043,21,21,0,21,0,0,0,0
36,051,0314.00,2044,360510314002044,2,2,0,2,0,0,0,0
36,051,0314.00,2045,360510314002045,2,2,0,2,0,0,0,0
36,051,0314.00,2047,360510314002047,0,0,0,0,0,0,0,0
36,051,0314.00,2048,360510314002048,0,0,0,0,0,0,0,0
36,051,0314.00,2049,360510314002049,0,0,0,0,0,0,0,0
36,051,0314.00,3000,360510314003000,45,45,0,45,0,0,0,0
36,051,0314.00,3002,360510314003002,4,4,0,4,0,0,0,0
36,051,0314.00,3003,360510314003003,18,18,0,18,0,0,0,0
36,051,0314.00,3004,360510314003004,23,23,0,23,0,0,0,0
36,051,0314.00,3006,360510314003006,13,13,0,13,0,0,0,0
36,051,0314.00,3007,360510314003007,16,16,0,16,0,0,0,0
36,051,0314.00,3008,360510314003008,39,39,0,39,0,0,0,0
36,051,0314.00,3009,360510314003009,36,36,0,36,0,0,0,0
36,051,0314.00,3010,360510314003010,27,27,0,27,0,0,0,0
36,051,0314.00,3011,360510314003011,5,5,0,5,0,0,0,0
36,051,0314.00,3012,360510314003012,8,8,0,8,0,0,0,0
36,051,0314.00,3013,360510314003013,1,1,0,1,0,0,0,0
36,051,0314.00,3014,360510314003014,2,2,0,2,0,0,0,0
36,051,0314.00,3015,360510314003015,0,0,0,0,0,0,0,0
36,051,0314.00,3016,360510314003016,57,57,0,57,0,0,0,0
36,051,0314.00,3017,360510314003017,3,3,0,3,0,0,0,0
36,051,0314.00,3019,360510314003019,10,10,0,10,0,0,0,0
36,051,0314.00,3022,360510314003022,5,5,0,5,0,0,0,0
36,051,0314.00,3023,360510314003023,2,2,0,2,0,0,0,0
36,051,0314.00,3024,360510314003024,13,13,0,13,0,0,0,0
36,051,0314.00,3025,360510314003025,0,0,0,0,0,0,0,0
36,051,0314.00,3026,360510314003026,0,0,0,0,0,0,0,0
36,051,0314.00,3027,360510314003027,0,0,0,0,0,0,0,0
36,051,0314.00,3028,360510314003028,0,0,0,0,0,0,0,0
36,051,0314.00,3029,360510314003029,0,0,0,0,0,0,0,0
36,051,0314.00,3030,360510314003030,0,0,0,0,0,0,0,0
36,051,0314.00,4000,360510314004000,31,31,0,31,0,0,0,0
36,051,0314.00,4001,360510314004001,6,6,0,6,0,0,0,0
36,051,0314.00,4002,360510314004002,16,16,0,16,0,0,0,0
36,051,0314.00,4003,360510314004003,13,13,0,13,0,0,0,0
36,051,0314.00,4004,360510314004004,16,16,0,16,0,0,0,0
36,051,0314.00,4005,360510314004005,29,29,0,29,0,0,0,0
36,051,0314.00,4006,360510314004006,16,16,0,16,0,0,0,0
36,051,0314.00,4007,360510314004007,11,11,0,11,0,0,0,0
36,051,0314.00,4008,360510314004008,18,18,0,18,0,0,0,0
36,051,0314.00,4009,360510314004009,13,13,0,13,0,0,0,0
36,051,0314.00,4010,360510314004010,48,48,0,48,0,0,0,0
36,051,0314.00,4011,360510314004011,7,7,0,7,0,0,0,0
36,051,0314.00,4012,360510314004012,7,7,0,7,0,0,0,0
36,051,0314.00,4013,360510314004013,17,17,0,17,0,0,0,0
36,051,0314.00,4014,360510314004014,20,20,0,20,0,0,0,0
36,051,0314.00,4015,360510314004015,38,38,0,38,0,0,0,0
36,051,0314.00,4016,360510314004016,16,16,0,16,0,0,0,0
36,051,0314.00,4017,360510314004017,14,14,0,14,0,0,0,0
36,051,0314.00,4018,360510314004018,41,41,0,41,0,0,0,0
36,051,0314.00,4019,360510314004019,57,57,0,57,1,1,0,1
36,051,0314.00,4020,360510314004020,69,69,0,69,0,0,0,0
36,051,0314.00,4021,360510314004021,27,27,0,27,0,0,0,0
36,051,0314.00,4022,360510314004022,14,14,0,14,0,0,0,0
36,051,0314.00,4023,360510314004023,23,23,0,23,0,0,0,0
36,051,0314.00,4024,360510314004024,4,4,0,4,0,0,0,0
36,051,0314.00,4025,360510314004025,13,13,0,13,1,1,0,1
36,051,0314.00,4026,360510314004026,0,0,0,0,0,0,0,0
,,,,Unable to Geocode,300,300,0,300,0,0,0,0
,,,,TOTAL,28307,28307,0,28307,104,104,0,104
