STATE,COUNTY,TRACT,BLOCK,GEOID,ORIGINAL_COUNT_OF_HUs,CURRENT_COUNT_OF_HUs,LOCAL_COUNT_OF_HUs,DIFFERENCE_IN_HUs,ORIGINAL_COUNT_OF_GQs,CURRENT_COUNT_OF_GQs,LOCAL_COUNT_OF_GQs,DIFFERENCE_IN_GQs
04,013,0610.11,1000,040130610111000,0,0,0,0,0,0,0,0
04,013,0610.11,1001,040130610111001,0,0,0,0,0,0,0,0
04,013,0610.11,1002,040130610111002,0,0,0,0,0,0,0,0
04,013,0610.11,1003,040130610111003,0,0,0,0,0,0,0,0
04,013,0610.11,1004,040130610111004,0,0,0,0,0,0,0,0
04,013,0610.11,1006,040130610111006,0,0,0,0,0,0,0,0
04,013,0610.11,1011,040130610111011,0,0,0,0,0,0,0,0
04,013,0610.11,1012,040130610111012,0,0,0,0,0,0,0,0
04,013,0610.11,1013,040130610111013,0,0,0,0,0,0,0,0
04,013,0610.11,1015,040130610111015,0,0,0,0,0,0,0,0
04,013,0610.11,1018,040130610111018,0,0,0,0,0,0,0,0
04,013,0610.11,1026,040130610111026,0,0,0,0,0,0,0,0
04,013,0610.11,1030,040130610111030,0,0,0,0,0,0,0,0
04,013,0610.11,1031,040130610111031,0,0,0,0,0,0,0,0
04,013,0610.11,1033,040130610111033,0,0,0,0,0,0,0,0
04,013,0610.11,1034,040130610111034,0,0,0,0,0,0,0,0
04,013,0610.11,1036,040130610111036,0,0,0,0,0,0,0,0
04,013,0610.11,1037,040130610111037,0,0,0,0,0,0,0,0
04,013,0610.11,1039,040130610111039,0,0,0,0,0,0,0,0
04,013,0610.11,1040,040130610111040,0,0,0,0,0,0,0,0
04,013,0610.11,1041,040130610111041,8,8,0,8,0,0,0,0
04,013,0610.11,1042,040130610111042,0,0,0,0,0,0,0,0
04,013,0610.11,1043,040130610111043,16,16,0,16,0,0,0,0
04,013,0610.11,1065,040130610111065,0,0,0,0,0,0,0,0
04,013,0610.11,1066,040130610111066,0,0,0,0,0,0,0,0
04,013,0610.11,1067,040130610111067,0,0,0,0,0,0,0,0
04,013,0610.11,1071,040130610111071,0,0,0,0,0,0,0,0
04,013,0610.11,1072,040130610111072,0,0,0,0,0,0,0,0
04,013,0610.11,1073,040130610111073,0,0,0,0,0,0,0,0
04,013,0610.11,1074,040130610111074,0,0,0,0,0,0,0,0
04,013,0610.11,1075,040130610111075,0,0,0,0,0,0,0,0
04,013,0610.11,1081,040130610111081,0,0,0,0,0,0,0,0
04,013,0610.11,1091,040130610111091,0,0,0,0,0,0,0,0
04,013,0610.11,2000,040130610112000,0,0,0,0,0,0,0,0
04,013,0610.11,2014,040130610112014,0,0,0,0,0,0,0,0
04,013,0610.11,2015,040130610112015,0,0,0,0,0,0,0,0
04,013,0610.11,2016,040130610112016,0,0,0,0,0,0,0,0
04,013,0610.11,2021,040130610112021,0,0,0,0,0,0,0,0
04,013,0610.11,2022,040130610112022,0,0,0,0,0,0,0,0
04,013,0610.11,2026,040130610112026,0,0,0,0,0,0,0,0
04,013,0610.11,2033,040130610112033,0,0,0,0,0,0,0,0
04,013,0610.11,2034,040130610112034,0,0,0,0,0,0,0,0
04,013,0610.11,2042,040130610112042,0,0,0,0,0,0,0,0
04,013,0610.11,2069,040130610112069,0,0,0,0,0,0,0,0
04,013,0610.11,2071,040130610112071,0,0,0,0,0,0,0,0
04,013,0610.11,2072,040130610112072,1,1,0,1,0,0,0,0
04,013,0610.11,2073,040130610112073,0,0,0,0,0,0,0,0
04,013,0610.43,2025,040130610432025,0,0,0,0,0,0,0,0
04,013,0610.43,2026,040130610432026,0,0,0,0,0,0,0,0
04,013,0610.43,2027,040130610432027,0,0,0,0,0,0,0,0
04,013,0610.43,2037,040130610432037,0,0,0,0,0,0,0,0
04,013,0610.44,1002,040130610441002,0,0,0,0,0,0,0,0
04,013,0610.44,1003,040130610441003,0,0,0,0,0,0,0,0
04,013,0610.44,1007,040130610441007,0,0,0,0,0,0,0,0
04,013,0610.44,2000,040130610442000,0,0,0,0,0,0,0,0
04,013,0610.44,3000,040130610443000,0,0,0,0,0,0,0,0
04,013,0610.44,3001,040130610443001,0,0,0,0,0,0,0,0
04,013,0610.44,3002,040130610443002,0,0,0,0,0,0,0,0
04,013,0610.44,3003,040130610443003,0,0,0,0,0,0,0,0
04,013,0610.44,3004,040130610443004,0,0,0,0,0,0,0,0
04,013,0610.44,3005,040130610443005,0,0,0,0,0,0,0,0
04,013,0610.44,3006,040130610443006,0,0,0,0,0,0,0,0
04,013,0610.44,3007,040130610443007,0,0,0,0,0,0,0,0
04,013,0610.44,3008,040130610443008,0,0,0,0,0,0,0,0
04,013,0610.44,3009,040130610443009,0,0,0,0,0,0,0,0
04,013,0610.44,3010,040130610443010,0,0,0,0,0,0,0,0
04,013,0610.44,3011,040130610443011,0,0,0,0,0,0,0,0
04,013,0610.44,3012,040130610443012,0,0,0,0,0,0,0,0
04,013,0610.44,3013,040130610443013,0,0,0,0,0,0,0,0
04,013,0610.44,3025,040130610443025,0,0,0,0,0,0,0,0
04,013,0610.44,3026,040130610443026,0,0,0,0,0,0,0,0
04,013,0610.44,3045,040130610443045,0,0,0,0,0,0,0,0
04,013,0610.44,3064,040130610443064,1,1,0,1,0,0,0,0
04,013,0610.44,3065,040130610443065,0,0,0,0,0,0,0,0
04,013,0610.44,3066,040130610443066,0,0,0,0,0,0,0,0
04,013,0610.44,3073,040130610443073,1,1,0,1,0,0,0,0
04,013,0610.44,3093,040130610443093,0,0,0,0,0,0,0,0
04,013,0610.44,3094,040130610443094,0,0,0,0,0,0,0,0
04,013,0610.44,3103,040130610443103,0,0,0,0,0,0,0,0
04,013,0610.44,3106,040130610443106,0,0,0,0,0,0,0,0
04,013,0610.44,3107,040130610443107,0,0,0,0,0,0,0,0
04,013,0610.44,3108,040130610443108,0,0,0,0,0,0,0,0
04,013,0610.45,1023,040130610451023,0,0,0,0,0,0,0,0
04,013,0610.45,1026,040130610451026,0,0,0,0,0,0,0,0
04,013,0610.45,2051,040130610452051,0,0,0,0,0,0,0,0
04,013,0610.45,2057,040130610452057,0,0,0,0,0,0,0,0
04,013,0610.45,2061,040130610452061,0,0,0,0,0,0,0,0
04,013,0610.45,2062,040130610452062,0,0,0,0,0,0,0,0
04,013,0610.45,3022,040130610453022,0,0,0,0,0,0,0,0
04,013,0610.45,3045,040130610453045,0,0,0,0,0,0,0,0
04,013,0610.45,3047,040130610453047,0,0,0,0,0,0,0,0
04,013,0610.45,3048,040130610453048,0,0,0,0,0,0,0,0
04,013,0610.45,3052,040130610453052,0,0,0,0,0,0,0,0
04,013,0610.45,3053,040130610453053,0,0,0,0,0,0,0,0
04,013,0610.45,3056,040130610453056,0,0,0,0,0,0,0,0
04,013,0610.45,3057,040130610453057,0,0,0,0,0,0,0,0
04,013,0610.45,3059,040130610453059,0,0,0,0,0,0,0,0
04,013,0610.45,3060,040130610453060,0,0,0,0,0,0,0,0
04,013,0610.45,3061,040130610453061,0,0,0,0,0,0,0,0
04,013,0610.45,3063,040130610453063,0,0,0,0,0,0,0,0
04,013,0610.45,3064,040130610453064,0,0,0,0,0,0,0,0
04,013,0610.45,3065,040130610453065,0,0,0,0,0,0,0,0
04,013,0610.45,3066,040130610453066,0,0,0,0,0,0,0,0
04,013,0610.45,3067,040130610453067,0,0,0,0,0,0,0,0
04,013,0610.45,3069,040130610453069,0,0,0,0,0,0,0,0
04,013,0610.45,3070,040130610453070,0,0,0,0,0,0,0,0
04,013,0610.45,3073,040130610453073,0,0,0,0,0,0,0,0
04,013,0610.45,3074,040130610453074,0,0,0,0,0,0,0,0
04,013,0610.45,3075,040130610453075,0,0,0,0,0,0,0,0
04,013,0610.46,1003,040130610461003,0,0,0,0,0,0,0,0
04,013,0610.46,1004,040130610461004,0,0,0,0,0,0,0,0
04,013,0610.46,1011,040130610461011,0,0,0,0,0,0,0,0
04,013,0610.46,1014,040130610461014,0,0,0,0,0,0,0,0
04,013,0610.46,1015,040130610461015,0,0,0,0,0,0,0,0
04,013,0610.46,2007,040130610462007,0,0,0,0,0,0,0,0
04,013,0610.46,2008,040130610462008,0,0,0,0,0,0,0,0
04,013,0610.46,2032,040130610462032,0,0,0,0,0,0,0,0
04,013,0610.46,2033,040130610462033,0,0,0,0,0,0,0,0
04,013,0610.47,1011,040130610471011,0,0,0,0,0,0,0,0
04,013,0610.47,1012,040130610471012,0,0,0,0,0,0,0,0
04,013,0610.47,2011,040130610472011,0,0,0,0,0,0,0,0
04,013,0610.47,2019,040130610472019,0,0,0,0,0,0,0,0
04,013,0610.47,2020,040130610472020,0,0,0,0,0,0,0,0
04,013,0610.47,2021,040130610472021,0,0,0,0,0,0,0,0
04,013,0610.47,2022,040130610472022,0,0,0,0,0,0,0,0
04,013,0610.47,2023,040130610472023,0,0,0,0,0,0,0,0
04,013,0610.47,2024,040130610472024,0,0,0,0,0,0,0,0
04,013,0610.47,2025,040130610472025,0,0,0,0,0,0,0,0
04,013,0611.00,1002,040130611001002,0,0,0,0,0,0,0,0
04,013,0611.00,1005,040130611001005,0,0,0,0,0,0,0,0
04,013,0611.00,1006,040130611001006,0,0,0,0,0,0,0,0
04,013,0611.00,1007,040130611001007,0,0,0,0,0,0,0,0
04,013,0611.00,1008,040130611001008,0,0,0,0,0,0,0,0
04,013,0611.00,1009,040130611001009,0,0,0,0,0,0,0,0
04,013,0611.00,1012,040130611001012,0,0,0,0,0,0,0,0
04,013,0611.00,1016,040130611001016,0,0,0,0,0,0,0,0
04,013,0611.00,1018,040130611001018,0,0,0,0,0,0,0,0
04,013,0611.00,1022,040130611001022,0,0,0,0,0,0,0,0
04,013,0611.00,1025,040130611001025,0,0,0,0,0,0,0,0
04,013,0611.00,1028,040130611001028,0,0,0,0,0,0,0,0
04,013,0611.00,1029,040130611001029,0,0,0,0,0,0,0,0
04,013,0611.00,1032,040130611001032,0,0,0,0,0,0,0,0
04,013,0611.00,1033,040130611001033,0,0,0,0,0,0,0,0
04,013,0611.00,1035,040130611001035,0,0,0,0,0,0,0,0
04,013,0611.00,1039,040130611001039,0,0,0,0,0,0,0,0
04,013,0611.00,1043,040130611001043,0,0,0,0,0,0,0,0
04,013,0611.00,1044,040130611001044,0,0,0,0,0,0,0,0
04,013,0611.00,1045,040130611001045,0,0,0,0,0,0,0,0
04,013,0611.00,1048,040130611001048,0,0,0,0,0,0,0,0
04,013,0611.00,1049,040130611001049,0,0,0,0,0,0,0,0
04,013,0611.00,1050,040130611001050,0,0,0,0,0,0,0,0
04,013,0611.00,1052,040130611001052,0,0,0,0,0,0,0,0
04,013,0611.00,1055,040130611001055,0,0,0,0,0,0,0,0
04,013,0611.00,1057,040130611001057,0,0,0,0,0,0,0,0
04,013,0611.00,1058,040130611001058,0,0,0,0,0,0,0,0
04,013,0611.00,1059,040130611001059,0,0,0,0,0,0,0,0
04,013,0611.00,1060,040130611001060,0,0,0,0,0,0,0,0
04,013,0611.00,1061,040130611001061,0,0,0,0,0,0,0,0
04,013,0611.00,1063,040130611001063,0,0,0,0,0,0,0,0
04,013,0611.00,1070,040130611001070,0,0,0,0,0,0,0,0
04,013,0611.00,1071,040130611001071,0,0,0,0,0,0,0,0
04,013,0611.00,1072,040130611001072,0,0,0,0,0,0,0,0
04,013,0611.00,1073,040130611001073,0,0,0,0,0,0,0,0
04,013,0611.00,1074,040130611001074,0,0,0,0,0,0,0,0
04,013,0611.00,1076,040130611001076,0,0,0,0,0,0,0,0
04,013,0611.00,1077,040130611001077,0,0,0,0,0,0,0,0
04,013,0611.00,1079,040130611001079,0,0,0,0,0,0,0,0
04,013,0611.00,1080,040130611001080,0,0,0,0,0,0,0,0
04,013,0611.00,1081,040130611001081,0,0,0,0,0,0,0,0
04,013,0611.00,2004,040130611002004,0,0,0,0,0,0,0,0
04,013,0611.00,2005,040130611002005,0,0,0,0,0,0,0,0
04,013,0611.00,2006,040130611002006,0,0,0,0,0,0,0,0
04,013,0611.00,2007,040130611002007,0,0,0,0,0,0,0,0
04,013,0611.00,3001,040130611003001,0,0,0,0,0,0,0,0
04,013,0611.00,3014,040130611003014,0,0,0,0,0,0,0,0
04,013,0611.00,3016,040130611003016,0,0,0,0,0,0,0,0
04,013,0715.09,1000,040130715091000,0,0,0,0,0,0,0,0
04,013,0715.09,1001,040130715091001,0,0,0,0,0,0,0,0
04,013,0715.10,3012,040130715103012,0,0,0,0,0,0,0,0
04,013,0715.11,1001,040130715111001,29,29,0,29,0,0,0,0
04,013,0715.11,1002,040130715111002,298,298,0,298,0,0,0,0
04,013,0715.11,1003,040130715111003,0,0,0,0,0,0,0,0
04,013,0715.11,1004,040130715111004,0,0,0,0,0,0,0,0
04,013,0715.11,1010,040130715111010,4,4,0,4,0,0,0,0
04,013,0715.11,1012,040130715111012,0,0,0,0,0,0,0,0
04,013,0715.11,1014,040130715111014,18,18,0,18,0,0,0,0
04,013,0715.11,1015,040130715111015,15,15,0,15,0,0,0,0
04,013,0715.11,1016,040130715111016,16,16,0,16,0,0,0,0
04,013,0715.11,1017,040130715111017,20,20,0,20,0,0,0,0
04,013,0715.11,1018,040130715111018,172,172,0,172,0,0,0,0
04,013,0715.11,1019,040130715111019,10,10,0,10,0,0,0,0
04,013,0715.11,1020,040130715111020,10,10,0,10,0,0,0,0
04,013,0715.11,1021,040130715111021,23,23,0,23,0,0,0,0
04,013,0715.11,1022,040130715111022,0,0,0,0,0,0,0,0
04,013,0715.11,1023,040130715111023,6,6,0,6,0,0,0,0
04,013,0715.11,1024,040130715111024,10,10,0,10,0,0,0,0
04,013,0715.11,1025,040130715111025,10,10,0,10,0,0,0,0
04,013,0715.11,1026,040130715111026,28,28,0,28,0,0,0,0
04,013,0715.11,1027,040130715111027,21,21,0,21,0,0,0,0
04,013,0715.11,1028,040130715111028,34,34,0,34,0,0,0,0
04,013,0715.11,1029,040130715111029,23,23,0,23,0,0,0,0
04,013,0715.11,1030,040130715111030,0,0,0,0,0,0,0,0
04,013,0715.11,1031,040130715111031,43,43,0,43,1,1,0,1
04,013,0715.11,1032,040130715111032,0,0,0,0,0,0,0,0
04,013,0715.11,1034,040130715111034,24,24,0,24,0,0,0,0
04,013,0715.11,1035,040130715111035,11,11,0,11,0,0,0,0
04,013,0715.11,1036,040130715111036,12,12,0,12,1,1,0,1
04,013,0715.11,1038,040130715111038,0,0,0,0,0,0,0,0
04,013,0715.11,1039,040130715111039,0,0,0,0,0,0,0,0
04,013,0715.11,1041,040130715111041,4,4,0,4,0,0,0,0
04,013,0715.11,1042,040130715111042,15,15,0,15,0,0,0,0
04,013,0715.11,1043,040130715111043,12,12,0,12,0,0,0,0
04,013,0715.11,1044,040130715111044,14,14,0,14,0,0,0,0
04,013,0715.11,1045,040130715111045,11,11,0,11,0,0,0,0
04,013,0715.11,1046,040130715111046,34,34,0,34,0,0,0,0
04,013,0715.11,1047,040130715111047,12,12,0,12,0,0,0,0
04,013,0715.11,1048,040130715111048,12,12,0,12,0,0,0,0
04,013,0715.11,1050,040130715111050,12,12,0,12,0,0,0,0
04,013,0715.11,1051,040130715111051,14,14,0,14,0,0,0,0
04,013,0715.11,1052,040130715111052,7,7,0,7,0,0,0,0
04,013,0715.11,2000,040130715112000,12,12,0,12,0,0,0,0
04,013,0715.11,2001,040130715112001,12,12,0,12,0,0,0,0
04,013,0715.11,2002,040130715112002,12,12,0,12,0,0,0,0
04,013,0715.11,2003,040130715112003,12,12,0,12,0,0,0,0
04,013,0715.11,2004,040130715112004,13,13,0,13,0,0,0,0
04,013,0715.11,2005,040130715112005,14,14,0,14,0,0,0,0
04,013,0715.11,2006,040130715112006,12,12,0,12,0,0,0,0
04,013,0715.11,2007,040130715112007,12,12,0,12,0,0,0,0
04,013,0715.11,2008,040130715112008,11,11,0,11,0,0,0,0
04,013,0715.11,2009,040130715112009,12,12,0,12,0,0,0,0
04,013,0715.11,2010,040130715112010,28,28,0,28,0,0,0,0
04,013,0715.11,2011,040130715112011,28,28,0,28,0,0,0,0
04,013,0715.11,2012,040130715112012,28,28,0,28,0,0,0,0
04,013,0715.11,2013,040130715112013,28,28,0,28,0,0,0,0
04,013,0715.11,2014,040130715112014,28,28,0,28,0,0,0,0
04,013,0715.11,2015,040130715112015,28,28,0,28,0,0,0,0
04,013,0715.11,2016,040130715112016,12,12,0,12,0,0,0,0
04,013,0715.11,2017,040130715112017,17,17,0,17,0,0,0,0
04,013,0715.11,2018,040130715112018,19,19,0,19,0,0,0,0
04,013,0715.11,2019,040130715112019,12,12,0,12,0,0,0,0
04,013,0715.11,2020,040130715112020,20,20,0,20,0,0,0,0
04,013,0715.11,2021,040130715112021,14,14,0,14,0,0,0,0
04,013,0715.11,2022,040130715112022,25,25,0,25,0,0,0,0
04,013,0715.11,2023,040130715112023,20,20,0,20,0,0,0,0
04,013,0715.11,2024,040130715112024,23,23,0,23,0,0,0,0
04,013,0715.11,2025,040130715112025,8,8,0,8,0,0,0,0
04,013,0715.11,2026,040130715112026,14,14,0,14,0,0,0,0
04,013,0715.11,2027,040130715112027,17,17,0,17,0,0,0,0
04,013,0715.11,2028,040130715112028,14,14,0,14,0,0,0,0
04,013,0715.11,2029,040130715112029,1,1,0,1,0,0,0,0
04,013,0715.13,2007,040130715132007,0,0,0,0,0,0,0,0
04,013,0715.13,2008,040130715132008,0,0,0,0,0,0,0,0
04,013,0715.13,2009,040130715132009,0,0,0,0,0,0,0,0
04,013,0715.13,2043,040130715132043,0,0,0,0,0,0,0,0
04,013,0715.14,2000,040130715142000,0,0,0,0,0,0,0,0
04,013,0715.14,2001,040130715142001,0,0,0,0,0,0,0,0
04,013,0715.14,2002,040130715142002,0,0,0,0,0,0,0,0
04,013,0715.14,2003,040130715142003,0,0,0,0,0,0,0,0
04,013,0715.14,2011,040130715142011,0,0,0,0,0,0,0,0
04,013,0719.03,6000,040130719036000,0,0,0,0,0,0,0,0
04,013,0719.03,6001,040130719036001,0,0,0,0,0,0,0,0
04,013,0719.03,6002,040130719036002,0,0,0,0,0,0,0,0
04,013,0719.03,6004,040130719036004,0,0,0,0,0,0,0,0
04,013,0719.03,6005,040130719036005,0,0,0,0,0,0,0,0
04,013,0719.03,6008,040130719036008,0,0,0,0,0,0,0,0
04,013,0719.03,6009,040130719036009,0,0,0,0,0,0,0,0
04,013,0719.03,6012,040130719036012,0,0,0,0,0,0,0,0
04,013,0719.03,7000,040130719037000,0,0,0,0,0,0,0,0
04,013,0719.03,7021,040130719037021,0,0,0,0,0,0,0,0
04,013,0719.15,1000,040130719151000,0,0,0,0,0,0,0,0
04,013,0719.15,1005,040130719151005,0,0,0,0,0,0,0,0
04,013,0719.15,1006,040130719151006,0,0,0,0,0,0,0,0
04,013,0719.15,1017,040130719151017,0,0,0,0,0,0,0,0
04,013,0719.15,1018,040130719151018,0,0,0,0,0,0,0,0
04,013,0719.15,3000,040130719153000,0,0,0,0,0,0,0,0
04,013,0719.15,3009,040130719153009,0,0,0,0,0,0,0,0
04,013,0719.15,3010,040130719153010,0,0,0,0,0,0,0,0
04,013,0820.02,1000,040130820021000,0,0,0,0,0,0,0,0
04,013,0820.02,1001,040130820021001,0,0,0,0,0,0,0,0
04,013,0820.02,1020,040130820021020,0,0,0,0,0,0,0,0
04,013,0820.07,1000,040130820071000,0,0,0,0,0,0,0,0
04,013,0820.07,1001,040130820071001,0,0,0,0,0,0,0,0
04,013,0820.07,1002,040130820071002,0,0,0,0,0,0,0,0
04,013,0820.08,3000,040130820083000,0,0,0,0,0,0,0,0
04,013,0820.08,3001,040130820083001,0,0,0,0,0,0,0,0
04,013,0820.08,3002,040130820083002,0,0,0,0,0,0,0,0
04,013,0820.16,1000,040130820161000,0,0,0,0,0,0,0,0
04,013,0820.16,1002,040130820161002,0,0,0,0,0,0,0,0
04,013,0820.16,1006,040130820161006,0,0,0,0,0,0,0,0
04,013,0820.16,1007,040130820161007,0,0,0,0,0,0,0,0
04,013,0820.16,1008,040130820161008,0,0,0,0,0,0,0,0
04,013,0820.16,1009,040130820161009,0,0,0,0,0,0,0,0
04,013,0820.16,1011,040130820161011,0,0,0,0,0,0,0,0
04,013,0820.16,1012,040130820161012,0,0,0,0,0,0,0,0
04,013,0820.16,1020,040130820161020,0,0,0,0,0,0,0,0
04,013,0923.05,1000,040130923051000,24,24,0,24,0,0,0,0
04,013,0923.05,1001,040130923051001,53,53,0,53,0,0,0,0
04,013,0923.05,1002,040130923051002,19,19,0,19,0,0,0,0
04,013,0923.05,1003,040130923051003,27,27,0,27,0,0,0,0
04,013,0923.05,1004,040130923051004,16,16,0,16,0,0,0,0
04,013,0923.05,1005,040130923051005,59,59,0,59,0,0,0,0
04,013,0923.05,1006,040130923051006,25,25,0,25,0,0,0,0
04,013,0923.05,1007,040130923051007,59,59,0,59,0,0,0,0
04,013,0923.05,1008,040130923051008,14,14,0,14,0,0,0,0
04,013,0923.05,1009,040130923051009,13,13,0,13,0,0,0,0
04,013,0923.05,1010,040130923051010,20,20,0,20,0,0,0,0
04,013,0923.05,1011,040130923051011,10,10,0,10,0,0,0,0
04,013,0923.05,1012,040130923051012,66,66,0,66,0,0,0,0
04,013,0923.05,1013,040130923051013,16,16,0,16,0,0,0,0
04,013,0923.05,1014,040130923051014,30,30,0,30,0,0,0,0
04,013,0923.05,1015,040130923051015,16,16,0,16,0,0,0,0
04,013,0923.05,1016,040130923051016,52,52,0,52,1,1,0,1
04,013,0923.05,1017,040130923051017,21,21,0,21,0,0,0,0
04,013,0923.05,1018,040130923051018,29,29,0,29,1,1,0,1
04,013,0923.05,1019,040130923051019,16,16,0,16,0,0,0,0
04,013,0923.05,1020,040130923051020,20,20,0,20,0,0,0,0
04,013,0923.05,1021,040130923051021,10,10,0,10,0,0,0,0
04,013,0923.05,1022,040130923051022,30,30,0,30,0,0,0,0
04,013,0923.05,1023,040130923051023,0,0,0,0,0,0,0,0
04,013,0923.05,1024,040130923051024,0,0,0,0,0,0,0,0
04,013,0923.05,1025,040130923051025,0,0,0,0,0,0,0,0
04,013,0923.05,1027,040130923051027,27,27,0,27,0,0,0,0
04,013,0923.05,1028,040130923051028,22,22,0,22,0,0,0,0
04,013,0923.05,1029,040130923051029,34,34,0,34,0,0,0,0
04,013,0923.05,1030,040130923051030,34,34,0,34,0,0,0,0
04,013,0923.05,2000,040130923052000,33,33,0,33,1,1,0,1
04,013,0923.05,2001,040130923052001,32,32,0,32,0,0,0,0
04,013,0923.05,2002,040130923052002,36,36,0,36,0,0,0,0
04,013,0923.05,2003,040130923052003,14,14,0,14,0,0,0,0
04,013,0923.05,2004,040130923052004,7,7,0,7,0,0,0,0
04,013,0923.05,2005,040130923052005,42,42,0,42,0,0,0,0
04,013,0923.05,2007,040130923052007,38,38,0,38,0,0,0,0
04,013,0923.05,2008,040130923052008,26,26,0,26,0,0,0,0
04,013,0923.05,2009,040130923052009,37,37,0,37,0,0,0,0
04,013,0923.05,2010,040130923052010,17,17,0,17,0,0,0,0
04,013,0923.05,2011,040130923052011,32,32,0,32,0,0,0,0
04,013,0923.05,2012,040130923052012,32,32,0,32,0,0,0,0
04,013,0923.05,2013,040130923052013,32,32,0,32,0,0,0,0
04,013,0923.05,2014,040130923052014,32,32,0,32,0,0,0,0
04,013,0923.05,2015,040130923052015,18,18,0,18,0,0,0,0
04,013,0923.05,2016,040130923052016,43,43,0,43,0,0,0,0
04,013,0923.05,2017,040130923052017,9,9,0,9,0,0,0,0
04,013,0923.05,2018,040130923052018,17,17,0,17,0,0,0,0
04,013,0923.05,2019,040130923052019,19,19,0,19,0,0,0,0
04,013,0923.05,2020,040130923052020,40,40,0,40,0,0,0,0
04,013,0923.05,2021,040130923052021,26,26,0,26,0,0,0,0
04,013,0923.05,2022,040130923052022,27,27,0,27,0,0,0,0
04,013,0923.05,2023,040130923052023,23,23,0,23,0,0,0,0
04,013,0923.05,2024,040130923052024,80,80,0,80,0,0,0,0
04,013,0923.05,2025,040130923052025,17,17,0,17,0,0,0,0
04,013,0923.06,1000,040130923061000,158,158,0,158,0,0,0,0
04,013,0923.06,1001,040130923061001,6,6,0,6,0,0,0,0
04,013,0923.06,1002,040130923061002,14,14,0,14,0,0,0,0
04,013,0923.06,1003,040130923061003,35,35,0,35,0,0,0,0
04,013,0923.06,1004,040130923061004,17,17,0,17,0,0,0,0
04,013,0923.06,1005,040130923061005,15,15,0,15,0,0,0,0
04,013,0923.06,1006,040130923061006,17,17,0,17,0,0,0,0
04,013,0923.06,1007,040130923061007,37,37,0,37,0,0,0,0
04,013,0923.06,1008,040130923061008,8,8,0,8,0,0,0,0
04,013,0923.06,1009,040130923061009,20,20,0,20,0,0,0,0
04,013,0923.06,1010,040130923061010,23,23,0,23,0,0,0,0
04,013,0923.06,1011,040130923061011,37,37,0,37,0,0,0,0
04,013,0923.06,1012,040130923061012,27,27,0,27,0,0,0,0
04,013,0923.06,1013,040130923061013,24,24,0,24,0,0,0,0
04,013,0923.06,1014,040130923061014,36,36,0,36,0,0,0,0
04,013,0923.06,1015,040130923061015,13,13,0,13,0,0,0,0
04,013,0923.06,1016,040130923061016,7,7,0,7,0,0,0,0
04,013,0923.06,1017,040130923061017,18,18,0,18,1,1,0,1
04,013,0923.06,1018,040130923061018,8,8,0,8,0,0,0,0
04,013,0923.06,2000,040130923062000,24,24,0,24,0,0,0,0
04,013,0923.06,2001,040130923062001,46,46,0,46,0,0,0,0
04,013,0923.06,2002,040130923062002,32,32,0,32,0,0,0,0
04,013,0923.06,2003,040130923062003,27,27,0,27,0,0,0,0
04,013,0923.06,2004,040130923062004,23,23,0,23,0,0,0,0
04,013,0923.06,2005,040130923062005,11,11,0,11,0,0,0,0
04,013,0923.06,2006,040130923062006,20,20,0,20,0,0,0,0
04,013,0923.06,2007,040130923062007,19,19,0,19,1,1,0,1
04,013,0923.06,2008,040130923062008,10,10,0,10,0,0,0,0
04,013,0923.06,2009,040130923062009,0,0,0,0,0,0,0,0
04,013,0923.06,2010,040130923062010,36,36,0,36,0,0,0,0
04,013,0923.06,2011,040130923062011,18,18,0,18,0,0,0,0
04,013,0923.06,2012,040130923062012,17,17,0,17,0,0,0,0
04,013,0923.06,2013,040130923062013,18,18,0,18,0,0,0,0
04,013,0923.06,2014,040130923062014,16,16,0,16,0,0,0,0
04,013,0923.06,2015,040130923062015,52,52,0,52,0,0,0,0
04,013,0923.06,2016,040130923062016,28,28,0,28,0,0,0,0
04,013,0923.06,2017,040130923062017,6,6,0,6,0,0,0,0
04,013,0923.06,2018,040130923062018,24,24,0,24,0,0,0,0
04,013,0923.06,2019,040130923062019,8,8,0,8,0,0,0,0
04,013,0923.06,2020,040130923062020,8,8,0,8,0,0,0,0
04,013,0923.06,2021,040130923062021,8,8,0,8,0,0,0,0
04,013,0923.06,2022,040130923062022,16,16,0,16,0,0,0,0
04,013,0923.06,2023,040130923062023,43,43,0,43,0,0,0,0
04,013,0923.06,2024,040130923062024,16,16,0,16,0,0,0,0
04,013,0923.06,2025,040130923062025,9,9,0,9,0,0,0,0
04,013,0923.06,2026,040130923062026,13,13,0,13,0,0,0,0
04,013,0923.06,2027,040130923062027,8,8,0,8,0,0,0,0
04,013,0923.06,2028,040130923062028,10,10,0,10,0,0,0,0
04,013,0923.06,3000,040130923063000,35,35,0,35,2,2,0,2
04,013,0923.06,3001,040130923063001,12,12,0,12,0,0,0,0
04,013,0923.06,3002,040130923063002,12,12,0,12,0,0,0,0
04,013,0923.06,3003,040130923063003,12,12,0,12,0,0,0,0
04,013,0923.06,3004,040130923063004,23,23,0,23,0,0,0,0
04,013,0923.06,3005,040130923063005,68,68,0,68,1,1,0,1
04,013,0923.06,3006,040130923063006,29,29,0,29,0,0,0,0
04,013,0923.06,3007,040130923063007,12,12,0,12,0,0,0,0
04,013,0923.06,3008,040130923063008,16,16,0,16,0,0,0,0
04,013,0923.06,3009,040130923063009,23,23,0,23,0,0,0,0
04,013,0923.06,3010,040130923063010,27,27,0,27,0,0,0,0
04,013,0923.06,3011,040130923063011,23,23,0,23,0,0,0,0
04,013,0923.06,3012,040130923063012,31,31,0,31,0,0,0,0
04,013,0923.06,3013,040130923063013,14,14,0,14,0,0,0,0
04,013,0923.06,3014,040130923063014,14,14,0,14,0,0,0,0
04,013,0923.06,3015,040130923063015,14,14,0,14,0,0,0,0
04,013,0923.06,3016,040130923063016,14,14,0,14,0,0,0,0
04,013,0923.06,3017,040130923063017,14,14,0,14,0,0,0,0
04,013,0923.06,3018,040130923063018,33,33,0,33,0,0,0,0
04,013,0923.06,3019,040130923063019,12,12,0,12,0,0,0,0
04,013,0923.06,3020,040130923063020,12,12,0,12,0,0,0,0
04,013,0923.06,3021,040130923063021,12,12,0,12,0,0,0,0
04,013,0923.06,3022,040130923063022,12,12,0,12,0,0,0,0
04,013,0923.06,3023,040130923063023,12,12,0,12,0,0,0,0
04,013,0923.06,3024,040130923063024,12,12,0,12,0,0,0,0
04,013,0923.06,3025,040130923063025,14,14,0,14,0,0,0,0
04,013,0923.06,3026,040130923063026,14,14,0,14,0,0,0,0
04,013,0923.06,3027,040130923063027,9,9,0,9,0,0,0,0
04,013,0923.06,3028,040130923063028,19,19,0,19,0,0,0,0
04,013,0923.06,4000,040130923064000,22,22,0,22,0,0,0,0
04,013,0923.06,4001,040130923064001,26,26,0,26,0,0,0,0
04,013,0923.06,4002,040130923064002,60,60,0,60,0,0,0,0
04,013,0923.06,4003,040130923064003,0,0,0,0,0,0,0,0
04,013,0923.06,4004,040130923064004,22,22,0,22,0,0,0,0
04,013,0923.06,4005,040130923064005,14,14,0,14,0,0,0,0
04,013,0923.06,4006,040130923064006,59,59,0,59,0,0,0,0
04,013,0923.06,4007,040130923064007,11,11,0,11,1,1,0,1
04,013,0923.06,4008,040130923064008,8,8,0,8,0,0,0,0
04,013,0923.06,4009,040130923064009,19,19,0,19,0,0,0,0
04,013,0923.06,4010,040130923064010,10,10,0,10,0,0,0,0
04,013,0923.06,4011,040130923064011,10,10,0,10,0,0,0,0
04,013,0923.06,4012,040130923064012,10,10,0,10,0,0,0,0
04,013,0923.06,4013,040130923064013,16,16,0,16,0,0,0,0
04,013,0923.06,4014,040130923064014,80,80,0,80,0,0,0,0
04,013,0923.06,4015,040130923064015,17,17,0,17,0,0,0,0
04,013,0923.06,4016,040130923064016,38,38,0,38,0,0,0,0
04,013,0923.06,4017,040130923064017,38,38,0,38,0,0,0,0
04,013,0923.06,4018,040130923064018,10,10,0,10,0,0,0,0
04,013,0923.06,4019,040130923064019,42,42,0,42,0,0,0,0
04,013,0923.06,4020,040130923064020,59,59,0,59,0,0,0,0
04,013,0923.06,4021,040130923064021,20,20,0,20,0,0,0,0
04,013,0923.06,4022,040130923064022,15,15,0,15,1,1,0,1
04,013,0923.06,4023,040130923064023,19,19,0,19,0,0,0,0
04,013,0923.06,4024,040130923064024,20,20,0,20,0,0,0,0
04,013,0923.06,4025,040130923064025,7,7,0,7,0,0,0,0
04,013,0923.06,4026,040130923064026,9,9,0,9,0,0,0,0
04,013,0923.06,4027,040130923064027,8,8,0,8,0,0,0,0
04,013,0923.07,1000,040130923071000,34,34,0,34,2,2,0,2
04,013,0923.07,1001,040130923071001,28,28,0,28,0,0,0,0
04,013,0923.07,1002,040130923071002,28,28,0,28,0,0,0,0
04,013,0923.07,1003,040130923071003,172,172,0,172,0,0,0,0
04,013,0923.07,1004,040130923071004,12,12,0,12,0,0,0,0
04,013,0923.07,1005,040130923071005,64,64,0,64,0,0,0,0
04,013,0923.07,1006,040130923071006,12,12,0,12,0,0,0,0
04,013,0923.07,1007,040130923071007,6,6,0,6,0,0,0,0
04,013,0923.07,1008,040130923071008,28,28,0,28,0,0,0,0
04,013,0923.07,1009,040130923071009,28,28,0,28,0,0,0,0
04,013,0923.07,1010,040130923071010,42,42,0,42,0,0,0,0
04,013,0923.07,1011,040130923071011,145,145,0,145,1,1,0,1
04,013,0923.07,1012,040130923071012,260,260,0,260,0,0,0,0
04,013,0923.07,2000,040130923072000,17,17,0,17,1,1,0,1
04,013,0923.07,2001,040130923072001,32,32,0,32,1,1,0,1
04,013,0923.07,2002,040130923072002,22,22,0,22,0,0,0,0
04,013,0923.07,2003,040130923072003,28,28,0,28,0,0,0,0
04,013,0923.07,2004,040130923072004,36,36,0,36,0,0,0,0
04,013,0923.07,2005,040130923072005,183,183,0,183,0,0,0,0
04,013,0923.07,2006,040130923072006,12,12,0,12,0,0,0,0
04,013,0923.07,2007,040130923072007,15,15,0,15,0,0,0,0
04,013,0923.07,2008,040130923072008,27,27,0,27,0,0,0,0
04,013,0923.07,2009,040130923072009,0,0,0,0,0,0,0,0
04,013,0923.07,2010,040130923072010,33,33,0,33,1,1,0,1
04,013,0923.07,3000,040130923073000,22,22,0,22,0,0,0,0
04,013,0923.07,3001,040130923073001,15,15,0,15,0,0,0,0
04,013,0923.07,3002,040130923073002,33,33,0,33,0,0,0,0
04,013,0923.07,3003,040130923073003,10,10,0,10,0,0,0,0
04,013,0923.07,3004,040130923073004,10,10,0,10,0,0,0,0
04,013,0923.07,3005,040130923073005,28,28,0,28,2,2,0,2
04,013,0923.07,3006,040130923073006,20,20,0,20,0,0,0,0
04,013,0923.07,3007,040130923073007,16,16,0,16,0,0,0,0
04,013,0923.07,3008,040130923073008,14,14,0,14,0,0,0,0
04,013,0923.07,3009,040130923073009,22,22,0,22,0,0,0,0
04,013,0923.07,3010,040130923073010,28,28,0,28,0,0,0,0
04,013,0923.07,3011,040130923073011,13,13,0,13,0,0,0,0
04,013,0923.07,3012,040130923073012,13,13,0,13,0,0,0,0
04,013,0923.07,3013,040130923073013,136,136,0,136,0,0,0,0
04,013,0923.07,3014,040130923073014,14,14,0,14,0,0,0,0
04,013,0923.07,3015,040130923073015,9,9,0,9,0,0,0,0
04,013,0923.07,3016,040130923073016,20,20,0,20,1,1,0,1
04,013,0923.07,3017,040130923073017,19,19,0,19,0,0,0,0
04,013,0923.07,3018,040130923073018,9,9,0,9,0,0,0,0
04,013,0923.07,3019,040130923073019,28,28,0,28,0,0,0,0
04,013,0923.07,3020,040130923073020,38,38,0,38,0,0,0,0
04,013,0923.07,3021,040130923073021,44,44,0,44,0,0,0,0
04,013,0923.07,3022,040130923073022,25,25,0,25,0,0,0,0
04,013,0923.07,3023,040130923073023,37,37,0,37,0,0,0,0
04,013,0923.07,3024,040130923073024,47,47,0,47,2,2,0,2
04,013,0923.07,3025,040130923073025,17,17,0,17,0,0,0,0
04,013,0923.07,3026,040130923073026,14,14,0,14,1,1,0,1
04,013,0923.07,3027,040130923073027,11,11,0,11,0,0,0,0
04,013,0923.07,3028,040130923073028,8,8,0,8,0,0,0,0
04,013,0923.07,4001,040130923074001,16,16,0,16,0,0,0,0
04,013,0923.07,4002,040130923074002,20,20,0,20,0,0,0,0
04,013,0923.07,4003,040130923074003,37,37,0,37,0,0,0,0
04,013,0923.07,4004,040130923074004,21,21,0,21,0,0,0,0
04,013,0923.07,4005,040130923074005,13,13,0,13,1,1,0,1
04,013,0923.07,4006,040130923074006,20,20,0,20,0,0,0,0
04,013,0923.07,4007,040130923074007,20,20,0,20,0,0,0,0
04,013,0923.07,4008,040130923074008,15,15,0,15,0,0,0,0
04,013,0923.07,4009,040130923074009,16,16,0,16,0,0,0,0
04,013,0923.07,4010,040130923074010,18,18,0,18,0,0,0,0
04,013,0923.07,4011,040130923074011,23,23,0,23,0,0,0,0
04,013,0923.07,4012,040130923074012,34,34,0,34,0,0,0,0
04,013,0923.07,4013,040130923074013,10,10,0,10,1,1,0,1
04,013,0923.07,4014,040130923074014,22,22,0,22,0,0,0,0
04,013,0923.07,4015,040130923074015,26,26,0,26,0,0,0,0
04,013,0923.07,4016,040130923074016,19,19,0,19,1,1,0,1
04,013,0923.07,4017,040130923074017,9,9,0,9,0,0,0,0
04,013,0923.07,4018,040130923074018,11,11,0,11,0,0,0,0
04,013,0923.07,4019,040130923074019,10,10,0,10,0,0,0,0
04,013,0923.07,4020,040130923074020,8,8,0,8,0,0,0,0
04,013,0923.07,4021,040130923074021,40,40,0,40,0,0,0,0
04,013,0923.07,4022,040130923074022,33,33,0,33,0,0,0,0
04,013,0923.07,4023,040130923074023,11,11,0,11,0,0,0,0
04,013,0923.08,1000,040130923081000,40,40,0,40,1,1,0,1
04,013,0923.08,1001,040130923081001,46,46,0,46,0,0,0,0
04,013,0923.08,1002,040130923081002,23,23,0,23,0,0,0,0
04,013,0923.08,1003,040130923081003,23,23,0,23,0,0,0,0
04,013,0923.08,1004,040130923081004,43,43,0,43,0,0,0,0
04,013,0923.08,1005,040130923081005,29,29,0,29,0,0,0,0
04,013,0923.08,1006,040130923081006,27,27,0,27,1,1,0,1
04,013,0923.08,1007,040130923081007,41,41,0,41,0,0,0,0
04,013,0923.08,1008,040130923081008,26,26,0,26,0,0,0,0
04,013,0923.08,1009,040130923081009,32,32,0,32,0,0,0,0
04,013,0923.08,1010,040130923081010,33,33,0,33,0,0,0,0
04,013,0923.08,1011,040130923081011,12,12,0,12,0,0,0,0
04,013,0923.08,1012,040130923081012,40,40,0,40,0,0,0,0
04,013,0923.08,1013,040130923081013,12,12,0,12,0,0,0,0
04,013,0923.08,1014,040130923081014,22,22,0,22,0,0,0,0
04,013,0923.08,1015,040130923081015,82,82,0,82,0,0,0,0
04,013,0923.08,1016,040130923081016,31,31,0,31,0,0,0,0
04,013,0923.08,1017,040130923081017,5,5,0,5,0,0,0,0
04,013,0923.08,1018,040130923081018,20,20,0,20,0,0,0,0
04,013,0923.08,1019,040130923081019,4,4,0,4,0,0,0,0
04,013,0923.08,1020,040130923081020,10,10,0,10,0,0,0,0
04,013,0923.08,1021,040130923081021,7,7,0,7,0,0,0,0
04,013,0923.08,1022,040130923081022,25,25,0,25,0,0,0,0
04,013,0923.08,2001,040130923082001,18,18,0,18,0,0,0,0
04,013,0923.08,2002,040130923082002,6,6,0,6,0,0,0,0
04,013,0923.08,2003,040130923082003,271,271,0,271,0,0,0,0
04,013,0923.08,2004,040130923082004,246,246,0,246,0,0,0,0
04,013,0923.08,2005,040130923082005,33,33,0,33,0,0,0,0
04,013,0923.08,2006,040130923082006,30,30,0,30,0,0,0,0
04,013,0923.08,2007,040130923082007,10,10,0,10,0,0,0,0
04,013,0923.08,2008,040130923082008,38,38,0,38,0,0,0,0
04,013,0923.08,2009,040130923082009,19,19,0,19,0,0,0,0
04,013,0923.08,2010,040130923082010,10,10,0,10,0,0,0,0
04,013,0923.08,2011,040130923082011,39,39,0,39,1,1,0,1
04,013,0923.08,2012,040130923082012,18,18,0,18,1,1,0,1
04,013,0923.08,2013,040130923082013,15,15,0,15,0,0,0,0
04,013,0923.08,2014,040130923082014,24,24,0,24,0,0,0,0
04,013,0923.08,2015,040130923082015,28,28,0,28,0,0,0,0
04,013,0923.08,2016,040130923082016,39,39,0,39,0,0,0,0
04,013,0923.08,2020,040130923082020,38,38,0,38,0,0,0,0
04,013,0923.08,2021,040130923082021,18,18,0,18,0,0,0,0
04,013,0923.08,3000,040130923083000,27,27,0,27,0,0,0,0
04,013,0923.08,3001,040130923083001,14,14,0,14,0,0,0,0
04,013,0923.08,3002,040130923083002,3,3,0,3,0,0,0,0
04,013,0923.08,3003,040130923083003,22,22,0,22,0,0,0,0
04,013,0923.08,3004,040130923083004,8,8,0,8,0,0,0,0
04,013,0923.08,3005,040130923083005,55,55,0,55,2,2,0,2
04,013,0923.08,3006,040130923083006,33,33,0,33,0,0,0,0
04,013,0923.08,3007,040130923083007,35,35,0,35,0,0,0,0
04,013,0923.08,3008,040130923083008,14,14,0,14,0,0,0,0
04,013,0923.08,3009,040130923083009,14,14,0,14,0,0,0,0
04,013,0923.08,3010,040130923083010,20,20,0,20,0,0,0,0
04,013,0923.08,3011,040130923083011,20,20,0,20,0,0,0,0
04,013,0923.08,3012,040130923083012,34,34,0,34,0,0,0,0
04,013,0923.08,3013,040130923083013,34,34,0,34,0,0,0,0
04,013,0923.08,3014,040130923083014,15,15,0,15,0,0,0,0
04,013,0923.08,3015,040130923083015,24,24,0,24,0,0,0,0
04,013,0923.08,3016,040130923083016,27,27,0,27,0,0,0,0
04,013,0923.08,3017,040130923083017,27,27,0,27,0,0,0,0
04,013,0923.08,3018,040130923083018,12,12,0,12,0,0,0,0
04,013,0923.08,3019,040130923083019,9,9,0,9,0,0,0,0
04,013,0923.08,3020,040130923083020,37,37,0,37,0,0,0,0
04,013,0923.08,4001,040130923084001,56,56,0,56,0,0,0,0
04,013,0923.08,4002,040130923084002,29,29,0,29,0,0,0,0
04,013,0923.08,4003,040130923084003,41,41,0,41,0,0,0,0
04,013,0923.08,4005,040130923084005,78,78,0,78,1,1,0,1
04,013,0923.08,4006,040130923084006,14,14,0,14,0,0,0,0
04,013,0923.08,4007,040130923084007,15,15,0,15,0,0,0,0
04,013,0923.08,4008,040130923084008,18,18,0,18,0,0,0,0
04,013,0923.08,4009,040130923084009,20,20,0,20,0,0,0,0
04,013,0923.08,4010,040130923084010,31,31,0,31,1,1,0,1
04,013,0923.08,4011,040130923084011,24,24,0,24,0,0,0,0
04,013,0923.08,4012,040130923084012,28,28,0,28,0,0,0,0
04,013,0923.08,4013,040130923084013,29,29,0,29,0,0,0,0
04,013,0923.08,4014,040130923084014,24,24,0,24,0,0,0,0
04,013,0923.08,4015,040130923084015,19,19,0,19,0,0,0,0
04,013,0923.08,4016,040130923084016,16,16,0,16,0,0,0,0
04,013,0923.08,4017,040130923084017,38,38,0,38,0,0,0,0
04,013,0923.08,4018,040130923084018,37,37,0,37,0,0,0,0
04,013,0923.08,4019,040130923084019,18,18,0,18,0,0,0,0
04,013,0923.08,4020,040130923084020,18,18,0,18,0,0,0,0
04,013,0923.08,4021,040130923084021,20,20,0,20,0,0,0,0
04,013,0923.09,1001,040130923091001,16,16,0,16,0,0,0,0
04,013,0923.09,1002,040130923091002,14,14,0,14,0,0,0,0
04,013,0923.09,1003,040130923091003,18,18,0,18,0,0,0,0
04,013,0923.09,1004,040130923091004,22,22,0,22,0,0,0,0
04,013,0923.09,1005,040130923091005,20,20,0,20,0,0,0,0
04,013,0923.09,1006,040130923091006,23,23,0,23,0,0,0,0
04,013,0923.09,1007,040130923091007,8,8,0,8,0,0,0,0
04,013,0923.09,1008,040130923091008,27,27,0,27,0,0,0,0
04,013,0923.09,1009,040130923091009,25,25,0,25,0,0,0,0
04,013,0923.09,1010,040130923091010,17,17,0,17,0,0,0,0
04,013,0923.09,1011,040130923091011,11,11,0,11,0,0,0,0
04,013,0923.09,1012,040130923091012,40,40,0,40,0,0,0,0
04,013,0923.09,1013,040130923091013,35,35,0,35,0,0,0,0
04,013,0923.09,1014,040130923091014,29,29,0,29,0,0,0,0
04,013,0923.09,1015,040130923091015,13,13,0,13,0,0,0,0
04,013,0923.09,1018,040130923091018,30,30,0,30,0,0,0,0
04,013,0923.09,1020,040130923091020,29,29,0,29,0,0,0,0
04,013,0923.09,1021,040130923091021,12,12,0,12,0,0,0,0
04,013,0923.09,1022,040130923091022,10,10,0,10,0,0,0,0
04,013,0923.09,1023,040130923091023,24,24,0,24,0,0,0,0
04,013,0923.09,1024,040130923091024,18,18,0,18,0,0,0,0
04,013,0923.09,2000,040130923092000,125,125,0,125,1,1,0,1
04,013,0923.09,2001,040130923092001,10,10,0,10,0,0,0,0
04,013,0923.09,2002,040130923092002,33,33,0,33,0,0,0,0
04,013,0923.09,2003,040130923092003,21,21,0,21,0,0,0,0
04,013,0923.09,2004,040130923092004,49,49,0,49,0,0,0,0
04,013,0923.09,2005,040130923092005,25,25,0,25,0,0,0,0
04,013,0923.09,2006,040130923092006,14,14,0,14,0,0,0,0
04,013,0923.09,2007,040130923092007,19,19,0,19,0,0,0,0
04,013,0923.09,2008,040130923092008,37,37,0,37,0,0,0,0
04,013,0923.09,2009,040130923092009,22,22,0,22,0,0,0,0
04,013,0923.09,2010,040130923092010,94,94,0,94,0,0,0,0
04,013,0923.09,2011,040130923092011,13,13,0,13,0,0,0,0
04,013,0923.09,2012,040130923092012,62,62,0,62,0,0,0,0
04,013,0923.09,2013,040130923092013,29,29,0,29,0,0,0,0
04,013,0923.09,2014,040130923092014,23,23,0,23,0,0,0,0
04,013,0923.09,2015,040130923092015,7,7,0,7,0,0,0,0
04,013,0923.09,2016,040130923092016,16,16,0,16,0,0,0,0
04,013,0923.09,2018,040130923092018,10,10,0,10,0,0,0,0
04,013,0923.09,2019,040130923092019,8,8,0,8,0,0,0,0
04,013,0923.09,3000,040130923093000,27,27,0,27,0,0,0,0
04,013,0923.09,3001,040130923093001,9,9,0,9,0,0,0,0
04,013,0923.09,3002,040130923093002,20,20,0,20,0,0,0,0
04,013,0923.09,3003,040130923093003,17,17,0,17,0,0,0,0
04,013,0923.09,3004,040130923093004,34,34,0,34,0,0,0,0
04,013,0923.09,3005,040130923093005,14,14,0,14,0,0,0,0
04,013,0923.09,3006,040130923093006,21,21,0,21,0,0,0,0
04,013,0923.09,3007,040130923093007,28,28,0,28,0,0,0,0
04,013,0923.09,3008,040130923093008,28,28,0,28,0,0,0,0
04,013,0923.09,3009,040130923093009,42,42,0,42,1,1,0,1
04,013,0923.09,3010,040130923093010,12,12,0,12,0,0,0,0
04,013,0923.09,3011,040130923093011,23,23,0,23,0,0,0,0
04,013,0923.09,3012,040130923093012,12,12,0,12,0,0,0,0
04,013,0923.09,3013,040130923093013,28,28,0,28,0,0,0,0
04,013,0923.09,3014,040130923093014,28,28,0,28,0,0,0,0
04,013,0923.09,3015,040130923093015,26,26,0,26,0,0,0,0
04,013,0923.09,3016,040130923093016,65,65,0,65,1,1,0,1
04,013,0923.09,3017,040130923093017,181,181,0,181,0,0,0,0
04,013,0923.09,3018,040130923093018,28,28,0,28,0,0,0,0
04,013,0923.09,3019,040130923093019,42,42,0,42,0,0,0,0
04,013,0923.09,3020,040130923093020,1,1,0,1,0,0,0,0
04,013,0923.09,3021,040130923093021,0,0,0,0,0,0,0,0
04,013,0923.09,3022,040130923093022,0,0,0,0,0,0,0,0
04,013,0923.09,3023,040130923093023,0,0,0,0,0,0,0,0
04,013,0923.09,4001,040130923094001,8,8,0,8,0,0,0,0
04,013,0923.09,4002,040130923094002,10,10,0,10,0,0,0,0
04,013,0923.09,4003,040130923094003,28,28,0,28,0,0,0,0
04,013,0923.09,4004,040130923094004,69,69,0,69,2,2,0,2
04,013,0923.09,4005,040130923094005,20,20,0,20,0,0,0,0
04,013,0923.09,4006,040130923094006,10,10,0,10,0,0,0,0
04,013,0923.09,4007,040130923094007,42,42,0,42,0,0,0,0
04,013,0923.09,4008,040130923094008,17,17,0,17,0,0,0,0
04,013,0923.09,4009,040130923094009,8,8,0,8,0,0,0,0
04,013,0923.09,4010,040130923094010,8,8,0,8,0,0,0,0
04,013,0923.09,4011,040130923094011,15,15,0,15,0,0,0,0
04,013,0923.09,4013,040130923094013,15,15,0,15,0,0,0,0
04,013,0923.09,4014,040130923094014,30,30,0,30,0,0,0,0
04,013,0923.09,4015,040130923094015,15,15,0,15,0,0,0,0
04,013,0923.09,4016,040130923094016,19,19,0,19,0,0,0,0
04,013,0923.11,1000,040130923111000,155,155,0,155,0,0,0,0
04,013,0923.11,1001,040130923111001,119,119,0,119,0,0,0,0
04,013,0923.11,1002,040130923111002,93,93,0,93,0,0,0,0
04,013,0923.11,1003,040130923111003,140,140,0,140,0,0,0,0
04,013,0923.11,2000,040130923112000,338,338,0,338,0,0,0,0
04,013,0923.11,2001,040130923112001,28,28,0,28,0,0,0,0
04,013,0923.11,2002,040130923112002,44,44,0,44,0,0,0,0
04,013,0923.11,2003,040130923112003,383,383,0,383,0,0,0,0
04,013,0923.11,2004,040130923112004,97,97,0,97,0,0,0,0
04,013,0923.11,2005,040130923112005,27,27,0,27,0,0,0,0
04,013,0923.11,2006,040130923112006,23,23,0,23,1,1,0,1
04,013,0923.11,2007,040130923112007,18,18,0,18,0,0,0,0
04,013,0923.11,2008,040130923112008,27,27,0,27,0,0,0,0
04,013,0923.11,2009,040130923112009,13,13,0,13,0,0,0,0
04,013,0923.12,1000,040130923121000,43,43,0,43,0,0,0,0
04,013,0923.12,1001,040130923121001,20,20,0,20,0,0,0,0
04,013,0923.12,1002,040130923121002,36,36,0,36,0,0,0,0
04,013,0923.12,1003,040130923121003,59,59,0,59,1,1,0,1
04,013,0923.12,1004,040130923121004,33,33,0,33,0,0,0,0
04,013,0923.12,1005,040130923121005,28,28,0,28,0,0,0,0
04,013,0923.12,1006,040130923121006,19,19,0,19,1,1,0,1
04,013,0923.12,1007,040130923121007,18,18,0,18,0,0,0,0
04,013,0923.12,1008,040130923121008,32,32,0,32,0,0,0,0
04,013,0923.12,1009,040130923121009,16,16,0,16,0,0,0,0
04,013,0923.12,1010,040130923121010,19,19,0,19,0,0,0,0
04,013,0923.12,1011,040130923121011,20,20,0,20,0,0,0,0
04,013,0923.12,1012,040130923121012,29,29,0,29,0,0,0,0
04,013,0923.12,2000,040130923122000,91,91,0,91,0,0,0,0
04,013,0923.12,2001,040130923122001,16,16,0,16,0,0,0,0
04,013,0923.12,2002,040130923122002,26,26,0,26,0,0,0,0
04,013,0923.12,2003,040130923122003,31,31,0,31,0,0,0,0
04,013,0923.12,2004,040130923122004,28,28,0,28,0,0,0,0
04,013,0923.12,2005,040130923122005,120,120,0,120,0,0,0,0
04,013,0923.12,2006,040130923122006,435,435,0,435,2,2,0,2
04,013,0923.12,2007,040130923122007,32,32,0,32,0,0,0,0
04,013,0923.12,2008,040130923122008,29,29,0,29,0,0,0,0
04,013,0923.12,2009,040130923122009,0,0,0,0,0,0,0,0
04,013,0923.12,2010,040130923122010,18,18,0,18,0,0,0,0
04,013,0923.12,2011,040130923122011,43,43,0,43,0,0,0,0
04,013,0923.12,2012,040130923122012,0,0,0,0,0,0,0,0
04,013,0923.12,2013,040130923122013,17,17,0,17,0,0,0,0
04,013,0923.12,2014,040130923122014,2,2,0,2,0,0,0,0
04,013,0923.12,2015,040130923122015,47,47,0,47,0,0,0,0
04,013,0923.12,2016,040130923122016,14,14,0,14,0,0,0,0
04,013,0923.12,2017,040130923122017,36,36,0,36,0,0,0,0
04,013,0923.12,2018,040130923122018,1,1,0,1,0,0,0,0
04,013,0923.12,2019,040130923122019,0,0,0,0,0,0,0,0
04,013,0923.12,2020,040130923122020,31,31,0,31,0,0,0,0
04,013,0923.12,2021,040130923122021,6,6,0,6,0,0,0,0
04,013,0923.12,2022,040130923122022,0,0,0,0,0,0,0,0
04,013,0923.12,3000,040130923123000,39,39,0,39,0,0,0,0
04,013,0923.12,3001,040130923123001,0,0,0,0,0,0,0,0
04,013,0923.12,3002,040130923123002,0,0,0,0,0,0,0,0
04,013,0923.12,3003,040130923123003,378,378,0,378,0,0,0,0
04,013,0923.12,3004,040130923123004,384,384,0,384,0,0,0,0
04,013,0923.12,3006,040130923123006,0,0,0,0,0,0,0,0
04,013,0923.12,4000,040130923124000,42,42,0,42,0,0,0,0
04,013,0923.12,4001,040130923124001,25,25,0,25,0,0,0,0
04,013,0923.12,4002,040130923124002,20,20,0,20,0,0,0,0
04,013,0923.12,4003,040130923124003,430,430,0,430,0,0,0,0
04,013,0923.12,4004,040130923124004,0,0,0,0,0,0,0,0
04,013,0923.12,4005,040130923124005,67,67,0,67,0,0,0,0
04,013,0923.12,4006,040130923124006,0,0,0,0,0,0,0,0
04,013,0923.12,4007,040130923124007,0,0,0,0,0,0,0,0
04,013,0923.12,4008,040130923124008,3,3,0,3,0,0,0,0
04,013,0924.01,1000,040130924011000,234,234,0,234,0,0,0,0
04,013,0924.01,1001,040130924011001,29,29,0,29,0,0,0,0
04,013,0924.01,1002,040130924011002,516,516,0,516,0,0,0,0
04,013,0924.01,1003,040130924011003,0,0,0,0,0,0,0,0
04,013,0924.01,1004,040130924011004,0,0,0,0,0,0,0,0
04,013,0924.01,1005,040130924011005,0,0,0,0,0,0,0,0
04,013,0924.01,2000,040130924012000,27,27,0,27,0,0,0,0
04,013,0924.01,2001,040130924012001,41,41,0,41,0,0,0,0
04,013,0924.01,2002,040130924012002,12,12,0,12,0,0,0,0
04,013,0924.01,2003,040130924012003,15,15,0,15,0,0,0,0
04,013,0924.01,2004,040130924012004,24,24,0,24,0,0,0,0
04,013,0924.01,2005,040130924012005,66,66,0,66,0,0,0,0
04,013,0924.01,2006,040130924012006,0,0,0,0,0,0,0,0
04,013,0924.01,2007,040130924012007,9,9,0,9,0,0,0,0
04,013,0924.01,2008,040130924012008,20,20,0,20,0,0,0,0
04,013,0924.01,2009,040130924012009,30,30,0,30,0,0,0,0
04,013,0924.01,2010,040130924012010,13,13,0,13,0,0,0,0
04,013,0924.01,2011,040130924012011,60,60,0,60,1,1,0,1
04,013,0924.01,2012,040130924012012,112,112,0,112,0,0,0,0
04,013,0924.01,2013,040130924012013,27,27,0,27,0,0,0,0
04,013,0924.01,2014,040130924012014,6,6,0,6,1,1,0,1
04,013,0924.01,2015,040130924012015,19,19,0,19,0,0,0,0
04,013,0924.01,2016,040130924012016,18,18,0,18,0,0,0,0
04,013,0924.01,2017,040130924012017,8,8,0,8,0,0,0,0
04,013,0924.01,2018,040130924012018,1,1,0,1,0,0,0,0
04,013,0924.01,3000,040130924013000,51,51,0,51,0,0,0,0
04,013,0924.01,3001,040130924013001,55,55,0,55,0,0,0,0
04,013,0924.01,3002,040130924013002,18,18,0,18,0,0,0,0
04,013,0924.01,3003,040130924013003,14,14,0,14,0,0,0,0
04,013,0924.01,3004,040130924013004,6,6,0,6,0,0,0,0
04,013,0924.01,3005,040130924013005,27,27,0,27,0,0,0,0
04,013,0924.01,3006,040130924013006,15,15,0,15,0,0,0,0
04,013,0924.01,3007,040130924013007,41,41,0,41,0,0,0,0
04,013,0924.01,3008,040130924013008,48,48,0,48,1,1,0,1
04,013,0924.01,3009,040130924013009,11,11,0,11,0,0,0,0
04,013,0924.01,3010,040130924013010,40,40,0,40,0,0,0,0
04,013,0924.01,3011,040130924013011,36,36,0,36,1,1,0,1
04,013,0924.01,3012,040130924013012,14,14,0,14,0,0,0,0
04,013,0924.01,3013,040130924013013,27,27,0,27,0,0,0,0
04,013,0924.01,3014,040130924013014,51,51,0,51,0,0,0,0
04,013,0924.01,3015,040130924013015,40,40,0,40,0,0,0,0
04,013,0924.01,3016,040130924013016,32,32,0,32,0,0,0,0
04,013,0924.01,3017,040130924013017,0,0,0,0,0,0,0,0
04,013,0924.01,3018,040130924013018,76,76,0,76,0,0,0,0
04,013,0924.01,3019,040130924013019,18,18,0,18,0,0,0,0
04,013,0924.02,1001,040130924021001,30,30,0,30,0,0,0,0
04,013,0924.02,1002,040130924021002,50,50,0,50,0,0,0,0
04,013,0924.02,1003,040130924021003,47,47,0,47,0,0,0,0
04,013,0924.02,1004,040130924021004,14,14,0,14,0,0,0,0
04,013,0924.02,1005,040130924021005,10,10,0,10,0,0,0,0
04,013,0924.02,1006,040130924021006,88,88,0,88,0,0,0,0
04,013,0924.02,1007,040130924021007,20,20,0,20,0,0,0,0
04,013,0924.02,1008,040130924021008,23,23,0,23,0,0,0,0
04,013,0924.02,1009,040130924021009,24,24,0,24,0,0,0,0
04,013,0924.02,1010,040130924021010,26,26,0,26,0,0,0,0
04,013,0924.02,1011,040130924021011,22,22,0,22,0,0,0,0
04,013,0924.02,1012,040130924021012,11,11,0,11,1,1,0,1
04,013,0924.02,1013,040130924021013,8,8,0,8,0,0,0,0
04,013,0924.02,1014,040130924021014,13,13,0,13,1,1,0,1
04,013,0924.02,1015,040130924021015,23,23,0,23,0,0,0,0
04,013,0924.02,1016,040130924021016,23,23,0,23,0,0,0,0
04,013,0924.02,1019,040130924021019,21,21,0,21,0,0,0,0
04,013,0924.02,2001,040130924022001,28,28,0,28,0,0,0,0
04,013,0924.02,2002,040130924022002,16,16,0,16,0,0,0,0
04,013,0924.02,2003,040130924022003,16,16,0,16,0,0,0,0
04,013,0924.02,2004,040130924022004,574,574,0,574,0,0,0,0
04,013,0924.02,2005,040130924022005,0,0,0,0,0,0,0,0
04,013,0924.02,2006,040130924022006,0,0,0,0,0,0,0,0
04,013,0924.02,2007,040130924022007,0,0,0,0,0,0,0,0
04,013,0924.02,2008,040130924022008,55,55,0,55,0,0,0,0
04,013,0924.02,2014,040130924022014,1,1,0,1,0,0,0,0
04,013,0924.02,3000,040130924023000,25,25,0,25,1,1,0,1
04,013,0924.02,3001,040130924023001,27,27,0,27,0,0,0,0
04,013,0924.02,3002,040130924023002,17,17,0,17,0,0,0,0
04,013,0924.02,3003,040130924023003,19,19,0,19,0,0,0,0
04,013,0924.02,3004,040130924023004,8,8,0,8,0,0,0,0
04,013,0924.02,3005,040130924023005,14,14,0,14,0,0,0,0
04,013,0924.02,3006,040130924023006,53,53,0,53,1,1,0,1
04,013,0924.02,3007,040130924023007,32,32,0,32,0,0,0,0
04,013,0924.02,3008,040130924023008,201,201,0,201,0,0,0,0
04,013,0924.02,3009,040130924023009,22,22,0,22,0,0,0,0
04,013,0925.00,1000,040130925001000,225,225,0,225,1,1,0,1
04,013,0925.00,1001,040130925001001,8,8,0,8,0,0,0,0
04,013,0925.00,1002,040130925001002,43,43,0,43,0,0,0,0
04,013,0925.00,1003,040130925001003,42,42,0,42,0,0,0,0
04,013,0925.00,1004,040130925001004,13,13,0,13,0,0,0,0
04,013,0925.00,1005,040130925001005,10,10,0,10,0,0,0,0
04,013,0925.00,1006,040130925001006,14,14,0,14,0,0,0,0
04,013,0925.00,1007,040130925001007,25,25,0,25,0,0,0,0
04,013,0925.00,1008,040130925001008,40,40,0,40,0,0,0,0
04,013,0925.00,1009,040130925001009,21,21,0,21,0,0,0,0
04,013,0925.00,1010,040130925001010,63,63,0,63,1,1,0,1
04,013,0925.00,1011,040130925001011,11,11,0,11,0,0,0,0
04,013,0925.00,1012,040130925001012,21,21,0,21,0,0,0,0
04,013,0925.00,1013,040130925001013,13,13,0,13,0,0,0,0
04,013,0925.00,1014,040130925001014,18,18,0,18,1,1,0,1
04,013,0925.00,1015,040130925001015,32,32,0,32,0,0,0,0
04,013,0925.00,2000,040130925002000,97,97,0,97,0,0,0,0
04,013,0925.00,2001,040130925002001,22,22,0,22,0,0,0,0
04,013,0925.00,2002,040130925002002,18,18,0,18,0,0,0,0
04,013,0925.00,2003,040130925002003,12,12,0,12,0,0,0,0
04,013,0925.00,2004,040130925002004,20,20,0,20,0,0,0,0
04,013,0925.00,2005,040130925002005,20,20,0,20,0,0,0,0
04,013,0925.00,2006,040130925002006,16,16,0,16,0,0,0,0
04,013,0925.00,2007,040130925002007,22,22,0,22,0,0,0,0
04,013,0925.00,2008,040130925002008,18,18,0,18,0,0,0,0
04,013,0925.00,2009,040130925002009,18,18,0,18,0,0,0,0
04,013,0925.00,2010,040130925002010,16,16,0,16,0,0,0,0
04,013,0925.00,2011,040130925002011,50,50,0,50,0,0,0,0
04,013,0925.00,2012,040130925002012,33,33,0,33,0,0,0,0
04,013,0925.00,2013,040130925002013,29,29,0,29,0,0,0,0
04,013,0925.00,2014,040130925002014,24,24,0,24,0,0,0,0
04,013,0925.00,2015,040130925002015,30,30,0,30,0,0,0,0
04,013,0925.00,2016,040130925002016,23,23,0,23,0,0,0,0
04,013,0925.00,2017,040130925002017,35,35,0,35,0,0,0,0
04,013,0925.00,2018,040130925002018,72,72,0,72,1,1,0,1
04,013,0925.00,2019,040130925002019,17,17,0,17,0,0,0,0
04,013,0925.00,2020,040130925002020,22,22,0,22,0,0,0,0
04,013,0925.00,2021,040130925002021,0,0,0,0,0,0,0,0
04,013,0925.00,2022,040130925002022,71,71,0,71,0,0,0,0
04,013,0925.00,2023,040130925002023,21,21,0,21,0,0,0,0
04,013,0925.00,2024,040130925002024,47,47,0,47,0,0,0,0
04,013,0925.00,2025,040130925002025,64,64,0,64,0,0,0,0
04,013,0925.00,2026,040130925002026,1,1,0,1,0,0,0,0
04,013,0925.00,2027,040130925002027,21,21,0,21,0,0,0,0
04,013,0925.00,2028,040130925002028,17,17,0,17,0,0,0,0
04,013,0925.00,2030,040130925002030,0,0,0,0,0,0,0,0
04,013,0925.00,2031,040130925002031,1,1,0,1,0,0,0,0
04,013,0925.00,3000,040130925003000,16,16,0,16,1,1,0,1
04,013,0925.00,3001,040130925003001,19,19,0,19,0,0,0,0
04,013,0925.00,3002,040130925003002,14,14,0,14,0,0,0,0
04,013,0925.00,3004,040130925003004,12,12,0,12,0,0,0,0
04,013,0925.00,3005,040130925003005,11,11,0,11,0,0,0,0
04,013,0925.00,3006,040130925003006,8,8,0,8,0,0,0,0
04,013,0925.00,3007,040130925003007,15,15,0,15,0,0,0,0
04,013,0925.00,3008,040130925003008,16,16,0,16,0,0,0,0
04,013,0925.00,3009,040130925003009,6,6,0,6,0,0,0,0
04,013,0925.00,3010,040130925003010,8,8,0,8,0,0,0,0
04,013,0925.00,3011,040130925003011,20,20,0,20,0,0,0,0
04,013,0925.00,3012,040130925003012,1,1,0,1,0,0,0,0
04,013,0925.00,3013,040130925003013,1,1,0,1,0,0,0,0
04,013,0925.00,3016,040130925003016,1,1,0,1,0,0,0,0
04,013,0925.00,3017,040130925003017,21,21,0,21,0,0,0,0
04,013,0925.00,3018,040130925003018,18,18,0,18,0,0,0,0
04,013,0925.00,3019,040130925003019,19,19,0,19,0,0,0,0
04,013,0925.00,3020,040130925003020,17,17,0,17,0,0,0,0
04,013,0925.00,3021,040130925003021,14,14,0,14,0,0,0,0
04,013,0925.00,3022,040130925003022,14,14,0,14,0,0,0,0
04,013,0925.00,3023,040130925003023,14,14,0,14,0,0,0,0
04,013,0925.00,3024,040130925003024,14,14,0,14,0,0,0,0
04,013,0925.00,3025,040130925003025,15,15,0,15,0,0,0,0
04,013,0925.00,3026,040130925003026,13,13,0,13,0,0,0,0
04,013,0925.00,3027,040130925003027,9,9,0,9,0,0,0,0
04,013,0925.00,3028,040130925003028,26,26,0,26,0,0,0,0
04,013,0925.00,3029,040130925003029,5,5,0,5,0,0,0,0
04,013,0925.00,3030,040130925003030,14,14,0,14,0,0,0,0
04,013,0925.00,3036,040130925003036,0,0,0,0,0,0,0,0
04,013,0925.00,3038,040130925003038,1,1,0,1,0,0,0,0
04,013,0925.00,3039,040130925003039,5,5,0,5,0,0,0,0
04,013,0925.00,4001,040130925004001,18,18,0,18,0,0,0,0
04,013,0925.00,4002,040130925004002,8,8,0,8,0,0,0,0
04,013,0925.00,4003,040130925004003,13,13,0,13,0,0,0,0
04,013,0925.00,4004,040130925004004,15,15,0,15,0,0,0,0
04,013,0925.00,4005,040130925004005,8,8,0,8,0,0,0,0
04,013,0925.00,4006,040130925004006,38,38,0,38,0,0,0,0
04,013,0925.00,4007,040130925004007,10,10,0,10,0,0,0,0
04,013,0925.00,4008,040130925004008,24,24,0,24,0,0,0,0
04,013,0925.00,4009,040130925004009,24,24,0,24,0,0,0,0
04,013,0925.00,4010,040130925004010,20,20,0,20,0,0,0,0
04,013,0925.00,4011,040130925004011,16,16,0,16,0,0,0,0
04,013,0925.00,4012,040130925004012,17,17,0,17,0,0,0,0
04,013,0925.00,4013,040130925004013,27,27,0,27,0,0,0,0
04,013,0925.00,4014,040130925004014,12,12,0,12,0,0,0,0
04,013,0925.00,4015,040130925004015,26,26,0,26,0,0,0,0
04,013,0925.00,4016,040130925004016,19,19,0,19,0,0,0,0
04,013,0925.00,4017,040130925004017,17,17,0,17,0,0,0,0
04,013,0926.00,1000,040130926001000,154,154,0,154,0,0,0,0
04,013,0926.00,1001,040130926001001,65,65,0,65,0,0,0,0
04,013,0926.00,1002,040130926001002,16,16,0,16,0,0,0,0
04,013,0926.00,1003,040130926001003,14,14,0,14,0,0,0,0
04,013,0926.00,1004,040130926001004,25,25,0,25,0,0,0,0
04,013,0926.00,1005,040130926001005,31,31,0,31,0,0,0,0
04,013,0926.00,1006,040130926001006,0,0,0,0,0,0,0,0
04,013,0926.00,1007,040130926001007,47,47,0,47,0,0,0,0
04,013,0926.00,1008,040130926001008,32,32,0,32,0,0,0,0
04,013,0926.00,1009,040130926001009,5,5,0,5,0,0,0,0
04,013,0926.00,1010,040130926001010,5,5,0,5,0,0,0,0
04,013,0926.00,1011,040130926001011,0,0,0,0,0,0,0,0
04,013,0926.00,1012,040130926001012,4,4,0,4,0,0,0,0
04,013,0926.00,2000,040130926002000,16,16,0,16,0,0,0,0
04,013,0926.00,2002,040130926002002,0,0,0,0,0,0,0,0
04,013,0926.00,2004,040130926002004,0,0,0,0,0,0,0,0
04,013,0926.00,2007,040130926002007,15,15,0,15,0,0,0,0
04,013,0926.00,2008,040130926002008,1,1,0,1,0,0,0,0
04,013,0926.00,2009,040130926002009,5,5,0,5,0,0,0,0
04,013,0926.00,2010,040130926002010,1,1,0,1,0,0,0,0
04,013,0926.00,2011,040130926002011,9,9,0,9,0,0,0,0
04,013,0926.00,2014,040130926002014,83,83,0,83,2,2,0,2
04,013,0926.00,2015,040130926002015,269,269,0,269,0,0,0,0
04,013,0926.00,2016,040130926002016,16,16,0,16,0,0,0,0
04,013,0926.00,2017,040130926002017,28,28,0,28,0,0,0,0
04,013,0926.00,2018,040130926002018,13,13,0,13,0,0,0,0
04,013,0926.00,2019,040130926002019,22,22,0,22,0,0,0,0
04,013,0926.00,2020,040130926002020,0,0,0,0,0,0,0,0
04,013,0926.00,2022,040130926002022,12,12,0,12,0,0,0,0
04,013,0926.00,2023,040130926002023,0,0,0,0,0,0,0,0
04,013,0926.00,2024,040130926002024,0,0,0,0,0,0,0,0
04,013,0926.00,3000,040130926003000,11,11,0,11,0,0,0,0
04,013,0926.00,3001,040130926003001,6,6,0,6,0,0,0,0
04,013,0926.00,3002,040130926003002,18,18,0,18,0,0,0,0
04,013,0926.00,3003,040130926003003,76,76,0,76,0,0,0,0
04,013,0926.00,3004,040130926003004,9,9,0,9,0,0,0,0
04,013,0926.00,3005,040130926003005,9,9,0,9,0,0,0,0
04,013,0926.00,3007,040130926003007,0,0,0,0,0,0,0,0
04,013,0926.00,3008,040130926003008,0,0,0,0,0,0,0,0
04,013,0926.00,3010,040130926003010,22,22,0,22,0,0,0,0
04,013,0926.00,3011,040130926003011,45,45,0,45,0,0,0,0
04,013,0926.00,3012,040130926003012,14,14,0,14,0,0,0,0
04,013,0926.00,3013,040130926003013,9,9,0,9,0,0,0,0
04,013,0926.00,3014,040130926003014,19,19,0,19,0,0,0,0
04,013,0926.00,3015,040130926003015,9,9,0,9,0,0,0,0
04,013,0926.00,3016,040130926003016,2,2,0,2,0,0,0,0
04,013,0926.00,3019,040130926003019,23,23,0,23,0,0,0,0
04,013,0926.00,3020,040130926003020,39,39,0,39,0,0,0,0
04,013,0926.00,3021,040130926003021,4,4,0,4,0,0,0,0
04,013,0926.00,3022,040130926003022,0,0,0,0,0,0,0,0
04,013,0926.00,3023,040130926003023,0,0,0,0,0,0,0,0
04,013,0926.00,3024,040130926003024,1,1,0,1,0,0,0,0
04,013,0926.00,3026,040130926003026,13,13,0,13,0,0,0,0
04,013,0926.00,3027,040130926003027,12,12,0,12,0,0,0,0
04,013,0926.00,3028,040130926003028,27,27,0,27,0,0,0,0
04,013,0926.00,3029,040130926003029,11,11,0,11,0,0,0,0
04,013,0927.05,1007,040130927051007,0,0,0,0,0,0,0,0
04,013,0927.05,1008,040130927051008,0,0,0,0,0,0,0,0
04,013,0927.05,1009,040130927051009,36,36,0,36,0,0,0,0
04,013,0927.05,1010,040130927051010,30,30,0,30,0,0,0,0
04,013,0927.05,1011,040130927051011,3,3,0,3,0,0,0,0
04,013,0927.05,1014,040130927051014,2,2,0,2,0,0,0,0
04,013,0927.05,1015,040130927051015,0,0,0,0,0,0,0,0
04,013,0927.05,1016,040130927051016,34,34,0,34,0,0,0,0
04,013,0927.05,1017,040130927051017,25,25,0,25,0,0,0,0
04,013,0927.05,1018,040130927051018,20,20,0,20,0,0,0,0
04,013,0927.05,1019,040130927051019,35,35,0,35,0,0,0,0
04,013,0927.05,1020,040130927051020,7,7,0,7,0,0,0,0
04,013,0927.05,1021,040130927051021,13,13,0,13,0,0,0,0
04,013,0927.05,1022,040130927051022,22,22,0,22,0,0,0,0
04,013,0927.05,1023,040130927051023,34,34,0,34,0,0,0,0
04,013,0927.05,1024,040130927051024,337,337,0,337,0,0,0,0
04,013,0927.05,1025,040130927051025,58,58,0,58,0,0,0,0
04,013,0927.05,1026,040130927051026,49,49,0,49,0,0,0,0
04,013,0927.05,1027,040130927051027,10,10,0,10,0,0,0,0
04,013,0927.05,1028,040130927051028,19,19,0,19,0,0,0,0
04,013,0927.05,2000,040130927052000,38,38,0,38,0,0,0,0
04,013,0927.05,2001,040130927052001,0,0,0,0,0,0,0,0
04,013,0927.05,2002,040130927052002,16,16,0,16,0,0,0,0
04,013,0927.05,2003,040130927052003,19,19,0,19,0,0,0,0
04,013,0927.05,2004,040130927052004,15,15,0,15,0,0,0,0
04,013,0927.05,2005,040130927052005,40,40,0,40,0,0,0,0
04,013,0927.05,2006,040130927052006,54,54,0,54,0,0,0,0
04,013,0927.05,2007,040130927052007,25,25,0,25,0,0,0,0
04,013,0927.05,2008,040130927052008,10,10,0,10,0,0,0,0
04,013,0927.05,2009,040130927052009,30,30,0,30,0,0,0,0
04,013,0927.05,2010,040130927052010,9,9,0,9,0,0,0,0
04,013,0927.05,2011,040130927052011,84,84,0,84,0,0,0,0
04,013,0927.05,2012,040130927052012,11,11,0,11,0,0,0,0
04,013,0927.05,2013,040130927052013,24,24,0,24,0,0,0,0
04,013,0927.05,2014,040130927052014,13,13,0,13,0,0,0,0
04,013,0927.05,2015,040130927052015,25,25,0,25,1,1,0,1
04,013,0927.05,2016,040130927052016,0,0,0,0,0,0,0,0
04,013,0927.05,2017,040130927052017,28,28,0,28,0,0,0,0
04,013,0927.05,2018,040130927052018,96,96,0,96,1,1,0,1
04,013,0927.05,2019,040130927052019,60,60,0,60,0,0,0,0
04,013,0927.05,2020,040130927052020,14,14,0,14,0,0,0,0
04,013,0927.05,2021,040130927052021,12,12,0,12,0,0,0,0
04,013,0927.05,2022,040130927052022,22,22,0,22,0,0,0,0
04,013,0927.05,2023,040130927052023,49,49,0,49,0,0,0,0
04,013,0927.05,2024,040130927052024,72,72,0,72,0,0,0,0
04,013,0927.05,2025,040130927052025,33,33,0,33,0,0,0,0
04,013,0927.05,2026,040130927052026,7,7,0,7,0,0,0,0
04,013,0927.10,1000,040130927101000,67,67,0,67,0,0,0,0
04,013,0927.10,1001,040130927101001,39,39,0,39,0,0,0,0
04,013,0927.10,1002,040130927101002,36,36,0,36,0,0,0,0
04,013,0927.10,1003,040130927101003,132,132,0,132,0,0,0,0
04,013,0927.10,1004,040130927101004,54,54,0,54,1,1,0,1
04,013,0927.10,1005,040130927101005,8,8,0,8,0,0,0,0
04,013,0927.10,1006,040130927101006,51,51,0,51,0,0,0,0
04,013,0927.10,1007,040130927101007,15,15,0,15,0,0,0,0
04,013,0927.10,1008,040130927101008,13,13,0,13,0,0,0,0
04,013,0927.10,1009,040130927101009,51,51,0,51,0,0,0,0
04,013,0927.10,1010,040130927101010,36,36,0,36,0,0,0,0
04,013,0927.10,1011,040130927101011,16,16,0,16,0,0,0,0
04,013,0927.10,1012,040130927101012,33,33,0,33,0,0,0,0
04,013,0927.10,1013,040130927101013,35,35,0,35,0,0,0,0
04,013,0927.10,1014,040130927101014,34,34,0,34,0,0,0,0
04,013,0927.10,1015,040130927101015,48,48,0,48,0,0,0,0
04,013,0927.10,1016,040130927101016,16,16,0,16,0,0,0,0
04,013,0927.10,1017,040130927101017,40,40,0,40,0,0,0,0
04,013,0927.10,1018,040130927101018,8,8,0,8,0,0,0,0
04,013,0927.10,1019,040130927101019,33,33,0,33,0,0,0,0
04,013,0927.10,2000,040130927102000,26,26,0,26,0,0,0,0
04,013,0927.10,2001,040130927102001,44,44,0,44,0,0,0,0
04,013,0927.10,2002,040130927102002,13,13,0,13,0,0,0,0
04,013,0927.10,2003,040130927102003,29,29,0,29,0,0,0,0
04,013,0927.10,2004,040130927102004,28,28,0,28,0,0,0,0
04,013,0927.10,2005,040130927102005,44,44,0,44,0,0,0,0
04,013,0927.10,2006,040130927102006,16,16,0,16,0,0,0,0
04,013,0927.10,2008,040130927102008,0,0,0,0,0,0,0,0
04,013,0927.10,2009,040130927102009,15,15,0,15,0,0,0,0
04,013,0927.10,2010,040130927102010,53,53,0,53,0,0,0,0
04,013,0927.10,2011,040130927102011,17,17,0,17,1,1,0,1
04,013,0927.10,2012,040130927102012,41,41,0,41,0,0,0,0
04,013,0927.10,2013,040130927102013,21,21,0,21,0,0,0,0
04,013,0927.10,2014,040130927102014,21,21,0,21,0,0,0,0
04,013,0927.10,2015,040130927102015,16,16,0,16,0,0,0,0
04,013,0927.10,2016,040130927102016,32,32,0,32,0,0,0,0
04,013,0927.10,2017,040130927102017,0,0,0,0,0,0,0,0
04,013,0927.10,2018,040130927102018,57,57,0,57,0,0,0,0
04,013,0927.10,2019,040130927102019,10,10,0,10,0,0,0,0
04,013,0927.10,2020,040130927102020,21,21,0,21,1,1,0,1
04,013,0927.10,2021,040130927102021,27,27,0,27,0,0,0,0
04,013,0927.10,2022,040130927102022,49,49,0,49,0,0,0,0
04,013,0927.10,2023,040130927102023,46,46,0,46,0,0,0,0
04,013,0927.10,2024,040130927102024,0,0,0,0,0,0,0,0
04,013,0927.10,2025,040130927102025,11,11,0,11,0,0,0,0
04,013,0927.10,2026,040130927102026,101,101,0,101,0,0,0,0
04,013,0927.10,2027,040130927102027,18,18,0,18,0,0,0,0
04,013,0927.10,2028,040130927102028,39,39,0,39,0,0,0,0
04,013,0927.10,2029,040130927102029,0,0,0,0,0,0,0,0
04,013,0927.11,1000,040130927111000,0,0,0,0,0,0,0,0
04,013,0927.11,1002,040130927111002,2,2,0,2,0,0,0,0
04,013,0927.11,1003,040130927111003,2,2,0,2,0,0,0,0
04,013,0927.11,1004,040130927111004,0,0,0,0,0,0,0,0
04,013,0927.11,1007,040130927111007,0,0,0,0,0,0,0,0
04,013,0927.11,1009,040130927111009,0,0,0,0,0,0,0,0
04,013,0927.11,1011,040130927111011,0,0,0,0,0,0,0,0
04,013,0927.11,1012,040130927111012,0,0,0,0,0,0,0,0
04,013,0927.11,1013,040130927111013,18,18,0,18,0,0,0,0
04,013,0927.11,1014,040130927111014,5,5,0,5,0,0,0,0
04,013,0927.11,1015,040130927111015,1,1,0,1,0,0,0,0
04,013,0927.11,1016,040130927111016,0,0,0,0,0,0,0,0
04,013,0927.11,1017,040130927111017,0,0,0,0,0,0,0,0
04,013,0927.11,1018,040130927111018,1,1,0,1,0,0,0,0
04,013,0927.11,1019,040130927111019,0,0,0,0,0,0,0,0
04,013,0927.11,1020,040130927111020,32,32,0,32,2,2,0,2
04,013,0927.11,1021,040130927111021,0,0,0,0,0,0,0,0
04,013,0927.11,1022,040130927111022,0,0,0,0,0,0,0,0
04,013,0927.11,1023,040130927111023,0,0,0,0,0,0,0,0
04,013,0927.11,1024,040130927111024,81,81,0,81,0,0,0,0
04,013,0927.11,1025,040130927111025,14,14,0,14,0,0,0,0
04,013,0927.11,1026,040130927111026,12,12,0,12,0,0,0,0
04,013,0927.11,1027,040130927111027,8,8,0,8,0,0,0,0
04,013,0927.11,1028,040130927111028,10,10,0,10,0,0,0,0
04,013,0927.11,1029,040130927111029,12,12,0,12,0,0,0,0
04,013,0927.11,1030,040130927111030,36,36,0,36,1,1,0,1
04,013,0927.11,1031,040130927111031,23,23,0,23,0,0,0,0
04,013,0927.11,1032,040130927111032,14,14,0,14,1,1,0,1
04,013,0927.11,1033,040130927111033,11,11,0,11,1,1,0,1
04,013,0927.11,1034,040130927111034,4,4,0,4,0,0,0,0
04,013,0927.11,1035,040130927111035,2,2,0,2,0,0,0,0
04,013,0927.11,1037,040130927111037,0,0,0,0,0,0,0,0
04,013,0927.11,1038,040130927111038,24,24,0,24,1,1,0,1
04,013,0927.11,1039,040130927111039,16,16,0,16,0,0,0,0
04,013,0927.11,1040,040130927111040,17,17,0,17,0,0,0,0
04,013,0927.11,1041,040130927111041,4,4,0,4,0,0,0,0
04,013,0927.11,1042,040130927111042,0,0,0,0,0,0,0,0
04,013,0927.11,1043,040130927111043,0,0,0,0,0,0,0,0
04,013,0927.11,2000,040130927112000,0,0,0,0,0,0,0,0
04,013,0927.11,2001,040130927112001,22,22,0,22,0,0,0,0
04,013,0927.11,2002,040130927112002,26,26,0,26,0,0,0,0
04,013,0927.11,2003,040130927112003,28,28,0,28,0,0,0,0
04,013,0927.11,2004,040130927112004,32,32,0,32,0,0,0,0
04,013,0927.11,2005,040130927112005,39,39,0,39,0,0,0,0
04,013,0927.11,2006,040130927112006,0,0,0,0,0,0,0,0
04,013,0927.11,2007,040130927112007,30,30,0,30,0,0,0,0
04,013,0927.11,2008,040130927112008,26,26,0,26,0,0,0,0
04,013,0927.11,2009,040130927112009,0,0,0,0,0,0,0,0
04,013,0927.11,2010,040130927112010,0,0,0,0,0,0,0,0
04,013,0927.11,2011,040130927112011,23,23,0,23,0,0,0,0
04,013,0927.11,2012,040130927112012,34,34,0,34,0,0,0,0
04,013,0927.11,2013,040130927112013,21,21,0,21,0,0,0,0
04,013,0927.11,2014,040130927112014,40,40,0,40,0,0,0,0
04,013,0927.11,2015,040130927112015,8,8,0,8,0,0,0,0
04,013,0927.11,2016,040130927112016,18,18,0,18,0,0,0,0
04,013,0927.11,2017,040130927112017,44,44,0,44,0,0,0,0
04,013,0927.11,2018,040130927112018,0,0,0,0,0,0,0,0
04,013,0927.11,2019,040130927112019,78,78,0,78,0,0,0,0
04,013,0927.11,2020,040130927112020,23,23,0,23,0,0,0,0
04,013,0927.11,2021,040130927112021,12,12,0,12,0,0,0,0
04,013,0927.11,2022,040130927112022,30,30,0,30,0,0,0,0
04,013,0927.11,2023,040130927112023,3,3,0,3,0,0,0,0
04,013,0927.12,1000,040130927121000,36,36,0,36,0,0,0,0
04,013,0927.12,1001,040130927121001,75,75,0,75,0,0,0,0
04,013,0927.12,1002,040130927121002,13,13,0,13,0,0,0,0
04,013,0927.12,1003,040130927121003,37,37,0,37,0,0,0,0
04,013,0927.12,1004,040130927121004,56,56,0,56,0,0,0,0
04,013,0927.12,1005,040130927121005,1,1,0,1,0,0,0,0
04,013,0927.12,1006,040130927121006,64,64,0,64,0,0,0,0
04,013,0927.12,1007,040130927121007,24,24,0,24,0,0,0,0
04,013,0927.12,1008,040130927121008,79,79,0,79,0,0,0,0
04,013,0927.12,1009,040130927121009,193,193,0,193,0,0,0,0
04,013,0927.12,1010,040130927121010,30,30,0,30,0,0,0,0
04,013,0927.12,1011,040130927121011,22,22,0,22,0,0,0,0
04,013,0927.12,1012,040130927121012,30,30,0,30,0,0,0,0
04,013,0927.12,1013,040130927121013,28,28,0,28,0,0,0,0
04,013,0927.12,1014,040130927121014,37,37,0,37,0,0,0,0
04,013,0927.12,1015,040130927121015,31,31,0,31,0,0,0,0
04,013,0927.12,1016,040130927121016,26,26,0,26,0,0,0,0
04,013,0927.12,1017,040130927121017,19,19,0,19,0,0,0,0
04,013,0927.12,1018,040130927121018,32,32,0,32,0,0,0,0
04,013,0927.12,1019,040130927121019,13,13,0,13,0,0,0,0
04,013,0927.12,2000,040130927122000,44,44,0,44,0,0,0,0
04,013,0927.12,2001,040130927122001,22,22,0,22,0,0,0,0
04,013,0927.12,2002,040130927122002,98,98,0,98,0,0,0,0
04,013,0927.12,2003,040130927122003,9,9,0,9,0,0,0,0
04,013,0927.12,2004,040130927122004,12,12,0,12,0,0,0,0
04,013,0927.12,2005,040130927122005,12,12,0,12,0,0,0,0
04,013,0927.12,2006,040130927122006,40,40,0,40,0,0,0,0
04,013,0927.12,2007,040130927122007,19,19,0,19,0,0,0,0
04,013,0927.12,2008,040130927122008,26,26,0,26,1,1,0,1
04,013,0927.12,2009,040130927122009,10,10,0,10,0,0,0,0
04,013,0927.12,2010,040130927122010,45,45,0,45,0,0,0,0
04,013,0927.12,2011,040130927122011,18,18,0,18,0,0,0,0
04,013,0927.12,2012,040130927122012,9,9,0,9,0,0,0,0
04,013,0927.12,2013,040130927122013,11,11,0,11,0,0,0,0
04,013,0927.12,2014,040130927122014,186,186,0,186,1,1,0,1
04,013,0927.12,2015,040130927122015,20,20,0,20,0,0,0,0
04,013,0927.12,2016,040130927122016,15,15,0,15,0,0,0,0
04,013,0927.12,2017,040130927122017,30,30,0,30,0,0,0,0
04,013,0927.12,2018,040130927122018,24,24,0,24,0,0,0,0
04,013,0927.12,2019,040130927122019,24,24,0,24,0,0,0,0
04,013,0927.12,2020,040130927122020,32,32,0,32,0,0,0,0
04,013,0927.12,2021,040130927122021,18,18,0,18,0,0,0,0
04,013,0927.12,2022,040130927122022,40,40,0,40,0,0,0,0
04,013,0927.12,2023,040130927122023,15,15,0,15,0,0,0,0
04,013,0927.12,2024,040130927122024,32,32,0,32,0,0,0,0
04,013,0927.13,1001,040130927131001,13,13,0,13,0,0,0,0
04,013,0927.13,1002,040130927131002,47,47,0,47,1,1,0,1
04,013,0927.13,1003,040130927131003,16,16,0,16,0,0,0,0
04,013,0927.13,1004,040130927131004,14,14,0,14,0,0,0,0
04,013,0927.13,1005,040130927131005,0,0,0,0,0,0,0,0
04,013,0927.13,1006,040130927131006,6,6,0,6,0,0,0,0
04,013,0927.13,1007,040130927131007,0,0,0,0,0,0,0,0
04,013,0927.13,1008,040130927131008,55,55,0,55,1,1,0,1
04,013,0927.13,1009,040130927131009,12,12,0,12,0,0,0,0
04,013,0927.13,1010,040130927131010,32,32,0,32,0,0,0,0
04,013,0927.13,1011,040130927131011,17,17,0,17,0,0,0,0
04,013,0927.13,1012,040130927131012,12,12,0,12,0,0,0,0
04,013,0927.13,1013,040130927131013,12,12,0,12,0,0,0,0
04,013,0927.13,1014,040130927131014,10,10,0,10,0,0,0,0
04,013,0927.13,1015,040130927131015,11,11,0,11,0,0,0,0
04,013,0927.13,1016,040130927131016,12,12,0,12,0,0,0,0
04,013,0927.13,1017,040130927131017,50,50,0,50,0,0,0,0
04,013,0927.13,1018,040130927131018,28,28,0,28,0,0,0,0
04,013,0927.13,1019,040130927131019,30,30,0,30,0,0,0,0
04,013,0927.13,1020,040130927131020,15,15,0,15,0,0,0,0
04,013,0927.13,1021,040130927131021,29,29,0,29,0,0,0,0
04,013,0927.13,1022,040130927131022,25,25,0,25,1,1,0,1
04,013,0927.13,1023,040130927131023,10,10,0,10,0,0,0,0
04,013,0927.13,1024,040130927131024,23,23,0,23,0,0,0,0
04,013,0927.13,1025,040130927131025,18,18,0,18,0,0,0,0
04,013,0927.13,1026,040130927131026,53,53,0,53,0,0,0,0
04,013,0927.13,1027,040130927131027,15,15,0,15,0,0,0,0
04,013,0927.13,1028,040130927131028,10,10,0,10,0,0,0,0
04,013,0927.13,1029,040130927131029,40,40,0,40,0,0,0,0
04,013,0927.13,1030,040130927131030,7,7,0,7,0,0,0,0
04,013,0927.13,1031,040130927131031,6,6,0,6,0,0,0,0
04,013,0927.13,1032,040130927131032,43,43,0,43,0,0,0,0
04,013,0927.13,2000,040130927132000,33,33,0,33,0,0,0,0
04,013,0927.13,2001,040130927132001,20,20,0,20,0,0,0,0
04,013,0927.13,2002,040130927132002,92,92,0,92,0,0,0,0
04,013,0927.13,2003,040130927132003,27,27,0,27,0,0,0,0
04,013,0927.13,2004,040130927132004,17,17,0,17,0,0,0,0
04,013,0927.13,2005,040130927132005,26,26,0,26,0,0,0,0
04,013,0927.13,2006,040130927132006,143,143,0,143,0,0,0,0
04,013,0927.13,2007,040130927132007,34,34,0,34,0,0,0,0
04,013,0927.13,2008,040130927132008,29,29,0,29,0,0,0,0
04,013,0927.13,2009,040130927132009,48,48,0,48,0,0,0,0
04,013,0927.13,2010,040130927132010,23,23,0,23,0,0,0,0
04,013,0927.13,2011,040130927132011,37,37,0,37,0,0,0,0
04,013,0927.13,2012,040130927132012,41,41,0,41,0,0,0,0
04,013,0927.13,2013,040130927132013,18,18,0,18,0,0,0,0
04,013,0927.13,2014,040130927132014,22,22,0,22,0,0,0,0
04,013,0927.13,2015,040130927132015,13,13,0,13,0,0,0,0
04,013,0927.13,2016,040130927132016,26,26,0,26,0,0,0,0
04,013,0927.13,2017,040130927132017,80,80,0,80,0,0,0,0
04,013,0927.13,2018,040130927132018,13,13,0,13,0,0,0,0
04,013,0927.13,2019,040130927132019,11,11,0,11,0,0,0,0
04,013,0927.13,2020,040130927132020,14,14,0,14,0,0,0,0
04,013,0927.13,2021,040130927132021,9,9,0,9,0,0,0,0
04,013,0927.13,2022,040130927132022,21,21,0,21,0,0,0,0
04,013,0927.15,1000,040130927151000,6,6,0,6,0,0,0,0
04,013,0927.15,1001,040130927151001,10,10,0,10,0,0,0,0
04,013,0927.15,1002,040130927151002,17,17,0,17,0,0,0,0
04,013,0927.15,1003,040130927151003,12,12,0,12,0,0,0,0
04,013,0927.15,1004,040130927151004,28,28,0,28,0,0,0,0
04,013,0927.15,1005,040130927151005,20,20,0,20,0,0,0,0
04,013,0927.15,1006,040130927151006,12,12,0,12,0,0,0,0
04,013,0927.15,1007,040130927151007,22,22,0,22,0,0,0,0
04,013,0927.15,1008,040130927151008,36,36,0,36,0,0,0,0
04,013,0927.15,1009,040130927151009,38,38,0,38,0,0,0,0
04,013,0927.15,1010,040130927151010,16,16,0,16,0,0,0,0
04,013,0927.15,1011,040130927151011,18,18,0,18,0,0,0,0
04,013,0927.15,1012,040130927151012,22,22,0,22,0,0,0,0
04,013,0927.15,1013,040130927151013,0,0,0,0,0,0,0,0
04,013,0927.15,1014,040130927151014,15,15,0,15,0,0,0,0
04,013,0927.15,1015,040130927151015,10,10,0,10,0,0,0,0
04,013,0927.15,2000,040130927152000,77,77,0,77,0,0,0,0
04,013,0927.15,2001,040130927152001,172,172,0,172,0,0,0,0
04,013,0927.15,2002,040130927152002,18,18,0,18,0,0,0,0
04,013,0927.15,2003,040130927152003,0,0,0,0,0,0,0,0
04,013,0927.15,2004,040130927152004,71,71,0,71,0,0,0,0
04,013,0927.15,2005,040130927152005,43,43,0,43,0,0,0,0
04,013,0927.15,2006,040130927152006,21,21,0,21,0,0,0,0
04,013,0927.15,2007,040130927152007,27,27,0,27,0,0,0,0
04,013,0927.15,2008,040130927152008,24,24,0,24,0,0,0,0
04,013,0927.15,2009,040130927152009,24,24,0,24,0,0,0,0
04,013,0927.15,2010,040130927152010,24,24,0,24,0,0,0,0
04,013,0927.15,2011,040130927152011,29,29,0,29,0,0,0,0
04,013,0927.15,2012,040130927152012,16,16,0,16,0,0,0,0
04,013,0927.15,2013,040130927152013,13,13,0,13,0,0,0,0
04,013,0927.15,2014,040130927152014,13,13,0,13,0,0,0,0
04,013,0927.15,3000,040130927153000,16,16,0,16,0,0,0,0
04,013,0927.15,3001,040130927153001,31,31,0,31,0,0,0,0
04,013,0927.15,3002,040130927153002,16,16,0,16,1,1,0,1
04,013,0927.15,3003,040130927153003,14,14,0,14,0,0,0,0
04,013,0927.15,3004,040130927153004,21,21,0,21,0,0,0,0
04,013,0927.15,3005,040130927153005,18,18,0,18,0,0,0,0
04,013,0927.15,3006,040130927153006,28,28,0,28,0,0,0,0
04,013,0927.15,3007,040130927153007,24,24,0,24,0,0,0,0
04,013,0927.15,3008,040130927153008,31,31,0,31,0,0,0,0
04,013,0927.15,3009,040130927153009,33,33,0,33,0,0,0,0
04,013,0927.15,3010,040130927153010,46,46,0,46,0,0,0,0
04,013,0927.15,3011,040130927153011,12,12,0,12,0,0,0,0
04,013,0927.15,3012,040130927153012,24,24,0,24,0,0,0,0
04,013,0927.15,3013,040130927153013,17,17,0,17,0,0,0,0
04,013,0927.15,3014,040130927153014,36,36,0,36,0,0,0,0
04,013,0927.15,3015,040130927153015,19,19,0,19,0,0,0,0
04,013,0927.15,3016,040130927153016,18,18,0,18,0,0,0,0
04,013,0927.15,3017,040130927153017,23,23,0,23,0,0,0,0
04,013,0927.15,3018,040130927153018,17,17,0,17,0,0,0,0
04,013,0927.15,3019,040130927153019,17,17,0,17,0,0,0,0
04,013,0927.16,1000,040130927161000,30,30,0,30,0,0,0,0
04,013,0927.16,1001,040130927161001,53,53,0,53,0,0,0,0
04,013,0927.16,1002,040130927161002,16,16,0,16,0,0,0,0
04,013,0927.16,1003,040130927161003,33,33,0,33,0,0,0,0
04,013,0927.16,1004,040130927161004,11,11,0,11,0,0,0,0
04,013,0927.16,1005,040130927161005,13,13,0,13,0,0,0,0
04,013,0927.16,1006,040130927161006,13,13,0,13,0,0,0,0
04,013,0927.16,1007,040130927161007,25,25,0,25,0,0,0,0
04,013,0927.16,1008,040130927161008,12,12,0,12,0,0,0,0
04,013,0927.16,1009,040130927161009,40,40,0,40,0,0,0,0
04,013,0927.16,1010,040130927161010,20,20,0,20,0,0,0,0
04,013,0927.16,1011,040130927161011,12,12,0,12,0,0,0,0
04,013,0927.16,1012,040130927161012,19,19,0,19,0,0,0,0
04,013,0927.16,1013,040130927161013,21,21,0,21,0,0,0,0
04,013,0927.16,1014,040130927161014,16,16,0,16,0,0,0,0
04,013,0927.16,1015,040130927161015,16,16,0,16,0,0,0,0
04,013,0927.16,1016,040130927161016,45,45,0,45,0,0,0,0
04,013,0927.16,1017,040130927161017,22,22,0,22,0,0,0,0
04,013,0927.16,1018,040130927161018,23,23,0,23,0,0,0,0
04,013,0927.16,1019,040130927161019,16,16,0,16,0,0,0,0
04,013,0927.16,1020,040130927161020,9,9,0,9,0,0,0,0
04,013,0927.16,1021,040130927161021,14,14,0,14,0,0,0,0
04,013,0927.16,1022,040130927161022,12,12,0,12,0,0,0,0
04,013,0927.16,1023,040130927161023,11,11,0,11,0,0,0,0
04,013,0927.16,2001,040130927162001,35,35,0,35,0,0,0,0
04,013,0927.16,2002,040130927162002,42,42,0,42,0,0,0,0
04,013,0927.16,2003,040130927162003,12,12,0,12,0,0,0,0
04,013,0927.16,2004,040130927162004,35,35,0,35,0,0,0,0
04,013,0927.16,2005,040130927162005,32,32,0,32,0,0,0,0
04,013,0927.16,2006,040130927162006,32,32,0,32,0,0,0,0
04,013,0927.16,2007,040130927162007,37,37,0,37,0,0,0,0
04,013,0927.16,2008,040130927162008,18,18,0,18,0,0,0,0
04,013,0927.16,2009,040130927162009,18,18,0,18,0,0,0,0
04,013,0927.16,2010,040130927162010,16,16,0,16,0,0,0,0
04,013,0927.16,2011,040130927162011,16,16,0,16,0,0,0,0
04,013,0927.16,2012,040130927162012,23,23,0,23,0,0,0,0
04,013,0927.16,2013,040130927162013,8,8,0,8,0,0,0,0
04,013,0927.16,2014,040130927162014,37,37,0,37,0,0,0,0
04,013,0927.16,3000,040130927163000,38,38,0,38,0,0,0,0
04,013,0927.16,3001,040130927163001,15,15,0,15,1,1,0,1
04,013,0927.16,3002,040130927163002,25,25,0,25,0,0,0,0
04,013,0927.16,3003,040130927163003,15,15,0,15,0,0,0,0
04,013,0927.16,3004,040130927163004,15,15,0,15,0,0,0,0
04,013,0927.16,3005,040130927163005,7,7,0,7,0,0,0,0
04,013,0927.16,3006,040130927163006,37,37,0,37,0,0,0,0
04,013,0927.16,3007,040130927163007,28,28,0,28,1,1,0,1
04,013,0927.16,3008,040130927163008,10,10,0,10,0,0,0,0
04,013,0927.16,3009,040130927163009,22,22,0,22,0,0,0,0
04,013,0927.16,3010,040130927163010,44,44,0,44,0,0,0,0
04,013,0927.16,3011,040130927163011,17,17,0,17,0,0,0,0
04,013,0927.16,3012,040130927163012,18,18,0,18,0,0,0,0
04,013,0927.16,3013,040130927163013,16,16,0,16,0,0,0,0
04,013,0927.17,1000,040130927171000,12,12,0,12,0,0,0,0
04,013,0927.17,1001,040130927171001,207,207,0,207,0,0,0,0
04,013,0927.17,1002,040130927171002,11,11,0,11,0,0,0,0
04,013,0927.17,1003,040130927171003,10,10,0,10,0,0,0,0
04,013,0927.17,1004,040130927171004,363,363,0,363,0,0,0,0
04,013,0927.17,1005,040130927171005,0,0,0,0,0,0,0,0
04,013,0927.17,1006,040130927171006,232,232,0,232,0,0,0,0
04,013,0927.17,1007,040130927171007,0,0,0,0,0,0,0,0
04,013,0927.17,1008,040130927171008,1,1,0,1,0,0,0,0
04,013,0927.17,1009,040130927171009,61,61,0,61,0,0,0,0
04,013,0927.17,1010,040130927171010,37,37,0,37,0,0,0,0
04,013,0927.17,1011,040130927171011,32,32,0,32,0,0,0,0
04,013,0927.17,1012,040130927171012,9,9,0,9,0,0,0,0
04,013,0927.17,1013,040130927171013,31,31,0,31,0,0,0,0
04,013,0927.17,2000,040130927172000,34,34,0,34,0,0,0,0
04,013,0927.17,2001,040130927172001,28,28,0,28,0,0,0,0
04,013,0927.17,2002,040130927172002,33,33,0,33,0,0,0,0
04,013,0927.17,2003,040130927172003,10,10,0,10,0,0,0,0
04,013,0927.17,2004,040130927172004,17,17,0,17,0,0,0,0
04,013,0927.17,2005,040130927172005,17,17,0,17,0,0,0,0
04,013,0927.17,2006,040130927172006,43,43,0,43,0,0,0,0
04,013,0927.17,2007,040130927172007,38,38,0,38,0,0,0,0
04,013,0927.17,2008,040130927172008,28,28,0,28,0,0,0,0
04,013,0927.17,2009,040130927172009,44,44,0,44,1,1,0,1
04,013,0927.17,2010,040130927172010,40,40,0,40,0,0,0,0
04,013,0927.17,2011,040130927172011,6,6,0,6,0,0,0,0
04,013,0927.17,2012,040130927172012,37,37,0,37,0,0,0,0
04,013,0927.17,2013,040130927172013,22,22,0,22,0,0,0,0
04,013,0927.17,2014,040130927172014,22,22,0,22,0,0,0,0
04,013,0927.17,2015,040130927172015,34,34,0,34,0,0,0,0
04,013,0927.17,2016,040130927172016,24,24,0,24,0,0,0,0
04,013,0927.17,2017,040130927172017,55,55,0,55,0,0,0,0
04,013,0927.17,2018,040130927172018,18,18,0,18,0,0,0,0
04,013,0927.17,2019,040130927172019,32,32,0,32,0,0,0,0
04,013,0927.17,2020,040130927172020,26,26,0,26,0,0,0,0
04,013,0927.18,1000,040130927181000,20,20,0,20,0,0,0,0
04,013,0927.18,1001,040130927181001,21,21,0,21,0,0,0,0
04,013,0927.18,1002,040130927181002,21,21,0,21,0,0,0,0
04,013,0927.18,1003,040130927181003,81,81,0,81,1,1,0,1
04,013,0927.18,1004,040130927181004,16,16,0,16,0,0,0,0
04,013,0927.18,1005,040130927181005,20,20,0,20,0,0,0,0
04,013,0927.18,1006,040130927181006,18,18,0,18,0,0,0,0
04,013,0927.18,1007,040130927181007,16,16,0,16,0,0,0,0
04,013,0927.18,1008,040130927181008,19,19,0,19,1,1,0,1
04,013,0927.18,1009,040130927181009,37,37,0,37,0,0,0,0
04,013,0927.18,1011,040130927181011,26,26,0,26,0,0,0,0
04,013,0927.18,1012,040130927181012,48,48,0,48,0,0,0,0
04,013,0927.18,1013,040130927181013,6,6,0,6,0,0,0,0
04,013,0927.18,1014,040130927181014,25,25,0,25,0,0,0,0
04,013,0927.18,1015,040130927181015,14,14,0,14,0,0,0,0
04,013,0927.18,1016,040130927181016,14,14,0,14,0,0,0,0
04,013,0927.18,2000,040130927182000,57,57,0,57,0,0,0,0
04,013,0927.18,2001,040130927182001,132,132,0,132,0,0,0,0
04,013,0927.18,2002,040130927182002,0,0,0,0,0,0,0,0
04,013,0927.18,2003,040130927182003,56,56,0,56,0,0,0,0
04,013,0927.18,2004,040130927182004,0,0,0,0,0,0,0,0
04,013,0927.18,2005,040130927182005,120,120,0,120,0,0,0,0
04,013,0927.18,2006,040130927182006,0,0,0,0,0,0,0,0
04,013,0927.18,2007,040130927182007,22,22,0,22,0,0,0,0
04,013,0927.18,2008,040130927182008,80,80,0,80,0,0,0,0
04,013,0927.18,2009,040130927182009,160,160,0,160,0,0,0,0
04,013,0927.18,2010,040130927182010,87,87,0,87,0,0,0,0
04,013,0927.18,2011,040130927182011,28,28,0,28,0,0,0,0
04,013,0927.18,2012,040130927182012,24,24,0,24,0,0,0,0
04,013,0927.18,2013,040130927182013,20,20,0,20,0,0,0,0
04,013,0927.18,2014,040130927182014,46,46,0,46,0,0,0,0
04,013,0927.18,2015,040130927182015,20,20,0,20,0,0,0,0
04,013,0927.18,2016,040130927182016,8,8,0,8,0,0,0,0
04,013,0927.18,2017,040130927182017,30,30,0,30,1,1,0,1
04,013,0927.19,1000,040130927191000,0,0,0,0,0,0,0,0
04,013,0927.19,1001,040130927191001,0,0,0,0,0,0,0,0
04,013,0927.19,1023,040130927191023,0,0,0,0,0,0,0,0
04,013,0927.20,1000,040130927201000,0,0,0,0,0,0,0,0
04,013,0927.20,1001,040130927201001,0,0,0,0,0,0,0,0
04,013,0927.20,1002,040130927201002,0,0,0,0,0,0,0,0
04,013,0927.20,1003,040130927201003,0,0,0,0,0,0,0,0
04,013,0927.20,1007,040130927201007,0,0,0,0,0,0,0,0
04,013,0927.20,1009,040130927201009,618,618,0,618,0,0,0,0
04,013,0927.20,1010,040130927201010,0,0,0,0,0,0,0,0
04,013,0927.20,1011,040130927201011,0,0,0,0,0,0,0,0
04,013,0927.20,1012,040130927201012,0,0,0,0,0,0,0,0
04,013,0927.20,1017,040130927201017,0,0,0,0,0,0,0,0
04,013,0927.20,1019,040130927201019,0,0,0,0,0,0,0,0
04,013,0927.20,1020,040130927201020,0,0,0,0,0,0,0,0
04,013,0927.20,1021,040130927201021,0,0,0,0,0,0,0,0
04,013,0927.20,1024,040130927201024,0,0,0,0,0,0,0,0
04,013,0927.20,2001,040130927202001,0,0,0,0,0,0,0,0
04,013,0927.20,2002,040130927202002,0,0,0,0,0,0,0,0
04,013,0927.20,2003,040130927202003,1,1,0,1,0,0,0,0
04,013,0927.20,2004,040130927202004,13,13,0,13,0,0,0,0
04,013,0927.20,2005,040130927202005,10,10,0,10,0,0,0,0
04,013,0927.20,2006,040130927202006,14,14,0,14,0,0,0,0
04,013,0927.20,2007,040130927202007,5,5,0,5,0,0,0,0
04,013,0927.20,2008,040130927202008,19,19,0,19,0,0,0,0
04,013,0927.20,2009,040130927202009,42,42,0,42,1,1,0,1
04,013,0927.20,2010,040130927202010,49,49,0,49,0,0,0,0
04,013,0927.20,2011,040130927202011,14,14,0,14,0,0,0,0
04,013,0927.20,2012,040130927202012,43,43,0,43,1,1,0,1
04,013,0927.20,2013,040130927202013,19,19,0,19,0,0,0,0
04,013,0927.20,2014,040130927202014,20,20,0,20,1,1,0,1
04,013,0927.20,2015,040130927202015,41,41,0,41,0,0,0,0
04,013,0927.20,2016,040130927202016,14,14,0,14,0,0,0,0
04,013,0927.20,2017,040130927202017,29,29,0,29,0,0,0,0
04,013,0927.20,2018,040130927202018,26,26,0,26,0,0,0,0
04,013,0927.20,2019,040130927202019,26,26,0,26,0,0,0,0
04,013,0927.20,3000,040130927203000,68,68,0,68,0,0,0,0
04,013,0927.20,3003,040130927203003,0,0,0,0,0,0,0,0
04,013,0927.20,3004,040130927203004,0,0,0,0,0,0,0,0
04,013,0927.20,3005,040130927203005,0,0,0,0,0,0,0,0
04,013,0927.20,3007,040130927203007,0,0,0,0,0,0,0,0
04,013,0927.20,3008,040130927203008,1,1,0,1,0,0,0,0
04,013,0927.20,3009,040130927203009,251,251,0,251,0,0,0,0
04,013,0927.20,3010,040130927203010,0,0,0,0,0,0,0,0
04,013,0927.20,3013,040130927203013,0,0,0,0,0,0,0,0
04,013,0927.20,3014,040130927203014,0,0,0,0,0,0,0,0
04,013,0927.20,3015,040130927203015,0,0,0,0,0,0,0,0
04,013,0927.20,3016,040130927203016,0,0,0,0,0,0,0,0
04,013,0927.20,3017,040130927203017,0,0,0,0,0,0,0,0
04,013,0927.20,3018,040130927203018,0,0,0,0,0,0,0,0
04,013,0927.20,3019,040130927203019,0,0,0,0,0,0,0,0
04,013,0927.20,3020,040130927203020,0,0,0,0,0,0,0,0
04,013,0927.20,3023,040130927203023,0,0,0,0,0,0,0,0
04,013,0927.20,3025,040130927203025,2,2,0,2,0,0,0,0
04,013,0927.20,3026,040130927203026,103,103,0,103,0,0,0,0
04,013,0927.20,3027,040130927203027,5,5,0,5,0,0,0,0
04,013,0927.20,3029,040130927203029,0,0,0,0,0,0,0,0
04,013,0927.20,3030,040130927203030,0,0,0,0,0,0,0,0
04,013,0927.20,3040,040130927203040,184,184,0,184,0,0,0,0
04,013,0927.20,3041,040130927203041,1,1,0,1,0,0,0,0
04,013,0927.20,3045,040130927203045,0,0,0,0,0,0,0,0
04,013,0927.20,3046,040130927203046,0,0,0,0,0,0,0,0
04,013,0927.20,3047,040130927203047,0,0,0,0,0,0,0,0
04,013,0927.20,3048,040130927203048,0,0,0,0,0,0,0,0
04,013,0927.20,3049,040130927203049,0,0,0,0,0,0,0,0
04,013,0927.20,3051,040130927203051,0,0,0,0,0,0,0,0
04,013,0927.20,3053,040130927203053,0,0,0,0,0,0,0,0
04,013,0927.20,3055,040130927203055,0,0,0,0,0,0,0,0
04,013,0927.20,3056,040130927203056,0,0,0,0,0,0,0,0
04,013,0927.20,3059,040130927203059,0,0,0,0,0,0,0,0
04,013,0927.20,4000,040130927204000,0,0,0,0,0,0,0,0
04,013,0927.20,4001,040130927204001,0,0,0,0,0,0,0,0
04,013,0927.20,4002,040130927204002,0,0,0,0,0,0,0,0
04,013,0927.20,4003,040130927204003,0,0,0,0,0,0,0,0
04,013,0927.20,4004,040130927204004,0,0,0,0,0,0,0,0
04,013,0927.20,4005,040130927204005,0,0,0,0,0,0,0,0
04,013,0927.20,4006,040130927204006,0,0,0,0,0,0,0,0
04,013,0927.20,4007,040130927204007,0,0,0,0,0,0,0,0
04,013,0927.20,4008,040130927204008,0,0,0,0,0,0,0,0
04,013,0927.20,4009,040130927204009,0,0,0,0,0,0,0,0
04,013,0927.20,4010,040130927204010,0,0,0,0,0,0,0,0
04,013,0927.20,4024,040130927204024,1,1,0,1,0,0,0,0
04,013,0927.20,4037,040130927204037,0,0,0,0,0,0,0,0
04,013,0927.20,4039,040130927204039,2,2,0,2,0,0,0,0
04,013,0927.20,4040,040130927204040,1,1,0,1,0,0,0,0
04,013,0927.20,4044,040130927204044,0,0,0,0,0,0,0,0
04,013,0927.21,1000,040130927211000,191,191,0,191,0,0,0,0
04,013,0927.21,1001,040130927211001,30,30,0,30,1,1,0,1
04,013,0927.21,1002,040130927211002,14,14,0,14,0,0,0,0
04,013,0927.21,1003,040130927211003,16,16,0,16,0,0,0,0
04,013,0927.21,1004,040130927211004,17,17,0,17,0,0,0,0
04,013,0927.21,1005,040130927211005,20,20,0,20,0,0,0,0
04,013,0927.21,1006,040130927211006,24,24,0,24,0,0,0,0
04,013,0927.21,1007,040130927211007,26,26,0,26,0,0,0,0
04,013,0927.21,1008,040130927211008,28,28,0,28,0,0,0,0
04,013,0927.21,1009,040130927211009,17,17,0,17,0,0,0,0
04,013,0927.21,1010,040130927211010,25,25,0,25,0,0,0,0
04,013,0927.21,1011,040130927211011,62,62,0,62,0,0,0,0
04,013,0927.21,1012,040130927211012,29,29,0,29,0,0,0,0
04,013,0927.21,1013,040130927211013,43,43,0,43,0,0,0,0
04,013,0927.21,1014,040130927211014,12,12,0,12,0,0,0,0
04,013,0927.21,1015,040130927211015,38,38,0,38,0,0,0,0
04,013,0927.21,1016,040130927211016,26,26,0,26,0,0,0,0
04,013,0927.21,1017,040130927211017,3,3,0,3,0,0,0,0
04,013,0927.21,2000,040130927212000,0,0,0,0,0,0,0,0
04,013,0927.21,2001,040130927212001,0,0,0,0,0,0,0,0
04,013,0927.21,2002,040130927212002,0,0,0,0,0,0,0,0
04,013,0927.21,2003,040130927212003,0,0,0,0,0,0,0,0
04,013,0927.21,2004,040130927212004,0,0,0,0,0,0,0,0
04,013,0927.21,2005,040130927212005,1,1,0,1,0,0,0,0
04,013,0927.21,2006,040130927212006,47,47,0,47,0,0,0,0
04,013,0927.21,2007,040130927212007,48,48,0,48,0,0,0,0
04,013,0927.21,2008,040130927212008,23,23,0,23,0,0,0,0
04,013,0927.21,2009,040130927212009,131,131,0,131,0,0,0,0
04,013,0927.21,2010,040130927212010,31,31,0,31,0,0,0,0
04,013,0927.21,2011,040130927212011,28,28,0,28,0,0,0,0
04,013,0927.21,2012,040130927212012,6,6,0,6,0,0,0,0
04,013,0927.21,2013,040130927212013,0,0,0,0,0,0,0,0
04,013,0927.21,2014,040130927212014,48,48,0,48,0,0,0,0
04,013,0927.21,2015,040130927212015,14,14,0,14,0,0,0,0
04,013,0927.21,2016,040130927212016,29,29,0,29,0,0,0,0
04,013,0927.21,2017,040130927212017,0,0,0,0,0,0,0,0
04,013,0928.01,1000,040130928011000,88,88,0,88,0,0,0,0
04,013,0928.01,1001,040130928011001,75,75,0,75,0,0,0,0
04,013,0928.01,1002,040130928011002,52,52,0,52,0,0,0,0
04,013,0928.01,1003,040130928011003,43,43,0,43,0,0,0,0
04,013,0928.01,1004,040130928011004,47,47,0,47,0,0,0,0
04,013,0928.01,1005,040130928011005,20,20,0,20,0,0,0,0
04,013,0928.01,1006,040130928011006,20,20,0,20,0,0,0,0
04,013,0928.01,1007,040130928011007,21,21,0,21,0,0,0,0
04,013,0928.01,1008,040130928011008,29,29,0,29,0,0,0,0
04,013,0928.01,1009,040130928011009,29,29,0,29,0,0,0,0
04,013,0928.01,2000,040130928012000,17,17,0,17,0,0,0,0
04,013,0928.01,2001,040130928012001,32,32,0,32,0,0,0,0
04,013,0928.01,2002,040130928012002,39,39,0,39,0,0,0,0
04,013,0928.01,2003,040130928012003,20,20,0,20,0,0,0,0
04,013,0928.01,2004,040130928012004,28,28,0,28,0,0,0,0
04,013,0928.01,2005,040130928012005,24,24,0,24,0,0,0,0
04,013,0928.01,2006,040130928012006,109,109,0,109,0,0,0,0
04,013,0928.01,2007,040130928012007,31,31,0,31,0,0,0,0
04,013,0928.01,2008,040130928012008,50,50,0,50,0,0,0,0
04,013,0928.01,2009,040130928012009,25,25,0,25,0,0,0,0
04,013,0928.01,3000,040130928013000,15,15,0,15,0,0,0,0
04,013,0928.01,3001,040130928013001,134,134,0,134,0,0,0,0
04,013,0928.01,3002,040130928013002,8,8,0,8,0,0,0,0
04,013,0928.01,3003,040130928013003,8,8,0,8,0,0,0,0
04,013,0928.01,3004,040130928013004,12,12,0,12,0,0,0,0
04,013,0928.01,3005,040130928013005,16,16,0,16,0,0,0,0
04,013,0928.01,3006,040130928013006,101,101,0,101,0,0,0,0
04,013,0928.01,3007,040130928013007,0,0,0,0,0,0,0,0
04,013,0928.01,3008,040130928013008,35,35,0,35,0,0,0,0
04,013,0928.01,3009,040130928013009,0,0,0,0,0,0,0,0
04,013,0928.01,3010,040130928013010,11,11,0,11,1,1,0,1
04,013,0928.01,3011,040130928013011,0,0,0,0,0,0,0,0
04,013,0928.01,3012,040130928013012,1,1,0,1,0,0,0,0
04,013,0928.01,3013,040130928013013,71,71,0,71,0,0,0,0
04,013,0928.01,3014,040130928013014,0,0,0,0,0,0,0,0
04,013,0928.01,3015,040130928013015,24,24,0,24,0,0,0,0
04,013,0928.01,3016,040130928013016,1,1,0,1,0,0,0,0
04,013,0928.01,3017,040130928013017,20,20,0,20,0,0,0,0
04,013,0928.01,3018,040130928013018,0,0,0,0,0,0,0,0
04,013,0928.01,4000,040130928014000,68,68,0,68,0,0,0,0
04,013,0928.01,4001,040130928014001,25,25,0,25,0,0,0,0
04,013,0928.01,4002,040130928014002,12,12,0,12,0,0,0,0
04,013,0928.01,4003,040130928014003,16,16,0,16,0,0,0,0
04,013,0928.01,4004,040130928014004,167,167,0,167,0,0,0,0
04,013,0928.01,4005,040130928014005,0,0,0,0,0,0,0,0
04,013,0928.01,4006,040130928014006,160,160,0,160,0,0,0,0
04,013,0928.01,4007,040130928014007,45,45,0,45,0,0,0,0
04,013,0928.01,4008,040130928014008,17,17,0,17,0,0,0,0
04,013,0928.01,4009,040130928014009,12,12,0,12,0,0,0,0
04,013,0928.02,1000,040130928021000,121,121,0,121,0,0,0,0
04,013,0928.02,1001,040130928021001,345,345,0,345,0,0,0,0
04,013,0928.02,1002,040130928021002,0,0,0,0,0,0,0,0
04,013,0928.02,1003,040130928021003,11,11,0,11,0,0,0,0
04,013,0928.02,1004,040130928021004,0,0,0,0,0,0,0,0
04,013,0928.02,1005,040130928021005,11,11,0,11,0,0,0,0
04,013,0928.02,1006,040130928021006,149,149,0,149,0,0,0,0
04,013,0928.02,1007,040130928021007,0,0,0,0,0,0,0,0
04,013,0928.02,1008,040130928021008,147,147,0,147,0,0,0,0
04,013,0928.02,1009,040130928021009,75,75,0,75,0,0,0,0
04,013,0928.02,2000,040130928022000,18,18,0,18,0,0,0,0
04,013,0928.02,2001,040130928022001,10,10,0,10,0,0,0,0
04,013,0928.02,2002,040130928022002,20,20,0,20,0,0,0,0
04,013,0928.02,2003,040130928022003,38,38,0,38,0,0,0,0
04,013,0928.02,2004,040130928022004,34,34,0,34,0,0,0,0
04,013,0928.02,2005,040130928022005,23,23,0,23,0,0,0,0
04,013,0928.02,2006,040130928022006,36,36,0,36,0,0,0,0
04,013,0928.02,2007,040130928022007,27,27,0,27,0,0,0,0
04,013,0928.02,2008,040130928022008,15,15,0,15,0,0,0,0
04,013,0928.02,2009,040130928022009,10,10,0,10,0,0,0,0
04,013,0928.02,3000,040130928023000,19,19,0,19,0,0,0,0
04,013,0928.02,3001,040130928023001,9,9,0,9,0,0,0,0
04,013,0928.02,3002,040130928023002,55,55,0,55,0,0,0,0
04,013,0928.02,3003,040130928023003,77,77,0,77,1,1,0,1
04,013,0928.02,3004,040130928023004,124,124,0,124,0,0,0,0
04,013,0928.02,4000,040130928024000,12,12,0,12,0,0,0,0
04,013,0928.02,4001,040130928024001,9,9,0,9,0,0,0,0
04,013,0928.02,4002,040130928024002,44,44,0,44,0,0,0,0
04,013,0928.02,4003,040130928024003,18,18,0,18,0,0,0,0
04,013,0928.02,4004,040130928024004,21,21,0,21,0,0,0,0
04,013,0928.02,4005,040130928024005,18,18,0,18,0,0,0,0
04,013,0928.02,4006,040130928024006,42,42,0,42,0,0,0,0
04,013,0928.02,4007,040130928024007,18,18,0,18,0,0,0,0
04,013,0928.02,4008,040130928024008,19,19,0,19,0,0,0,0
04,013,0928.02,4009,040130928024009,11,11,0,11,0,0,0,0
04,013,0928.02,4010,040130928024010,42,42,0,42,0,0,0,0
04,013,0928.02,4011,040130928024011,18,18,0,18,0,0,0,0
04,013,0928.02,4012,040130928024012,42,42,0,42,0,0,0,0
04,013,0928.02,4013,040130928024013,42,42,0,42,0,0,0,0
04,013,0928.02,4014,040130928024014,34,34,0,34,0,0,0,0
04,013,0928.02,4015,040130928024015,58,58,0,58,0,0,0,0
04,013,0928.02,4016,040130928024016,0,0,0,0,0,0,0,0
04,013,0929.00,1002,040130929001002,4,4,0,4,0,0,0,0
04,013,0929.00,1003,040130929001003,5,5,0,5,0,0,0,0
04,013,0929.00,1004,040130929001004,2,2,0,2,0,0,0,0
04,013,0929.00,1006,040130929001006,19,19,0,19,0,0,0,0
04,013,0929.00,1007,040130929001007,36,36,0,36,0,0,0,0
04,013,0929.00,1008,040130929001008,26,26,0,26,0,0,0,0
04,013,0929.00,1009,040130929001009,37,37,0,37,0,0,0,0
04,013,0929.00,1010,040130929001010,39,39,0,39,0,0,0,0
04,013,0929.00,1011,040130929001011,22,22,0,22,0,0,0,0
04,013,0929.00,1012,040130929001012,28,28,0,28,0,0,0,0
04,013,0929.00,1013,040130929001013,9,9,0,9,0,0,0,0
04,013,0929.00,1014,040130929001014,36,36,0,36,0,0,0,0
04,013,0929.00,1015,040130929001015,36,36,0,36,0,0,0,0
04,013,0929.00,1016,040130929001016,16,16,0,16,0,0,0,0
04,013,0929.00,1017,040130929001017,89,89,0,89,0,0,0,0
04,013,0929.00,1018,040130929001018,34,34,0,34,0,0,0,0
04,013,0929.00,1019,040130929001019,28,28,0,28,0,0,0,0
04,013,0929.00,1020,040130929001020,25,25,0,25,0,0,0,0
04,013,0929.00,1022,040130929001022,0,0,0,0,0,0,0,0
04,013,0929.00,1023,040130929001023,34,34,0,34,0,0,0,0
04,013,0929.00,1025,040130929001025,0,0,0,0,0,0,0,0
04,013,0929.00,1027,040130929001027,0,0,0,0,0,0,0,0
04,013,0929.00,1028,040130929001028,1,1,0,1,0,0,0,0
04,013,0929.00,1029,040130929001029,0,0,0,0,0,0,0,0
04,013,0929.00,1030,040130929001030,0,0,0,0,0,0,0,0
04,013,0929.00,1032,040130929001032,9,9,0,9,0,0,0,0
04,013,0929.00,1033,040130929001033,23,23,0,23,0,0,0,0
04,013,0929.00,1034,040130929001034,14,14,0,14,0,0,0,0
04,013,0929.00,2000,040130929002000,4,4,0,4,0,0,0,0
04,013,0929.00,2004,040130929002004,0,0,0,0,0,0,0,0
04,013,0929.00,2006,040130929002006,0,0,0,0,0,0,0,0
04,013,0929.00,2009,040130929002009,0,0,0,0,0,0,0,0
04,013,0929.00,2011,040130929002011,6,6,0,6,0,0,0,0
04,013,0929.00,2012,040130929002012,0,0,0,0,0,0,0,0
04,013,0929.00,2013,040130929002013,7,7,0,7,0,0,0,0
04,013,0929.00,2014,040130929002014,8,8,0,8,0,0,0,0
04,013,0929.00,2015,040130929002015,14,14,0,14,0,0,0,0
04,013,0929.00,2016,040130929002016,34,34,0,34,0,0,0,0
04,013,0929.00,2017,040130929002017,10,10,0,10,0,0,0,0
04,013,0929.00,2018,040130929002018,3,3,0,3,0,0,0,0
04,013,0929.00,2019,040130929002019,15,15,0,15,0,0,0,0
04,013,0929.00,2020,040130929002020,82,82,0,82,0,0,0,0
04,013,0929.00,2021,040130929002021,28,28,0,28,0,0,0,0
04,013,0929.00,2022,040130929002022,12,12,0,12,0,0,0,0
04,013,0929.00,2023,040130929002023,43,43,0,43,0,0,0,0
04,013,0929.00,2024,040130929002024,62,62,0,62,0,0,0,0
04,013,0929.00,2025,040130929002025,8,8,0,8,0,0,0,0
04,013,0929.00,2026,040130929002026,1,1,0,1,0,0,0,0
04,013,0929.00,2028,040130929002028,247,247,0,247,0,0,0,0
04,013,0929.00,2031,040130929002031,5,5,0,5,0,0,0,0
04,013,0929.00,2032,040130929002032,29,29,0,29,0,0,0,0
04,013,0930.01,1000,040130930011000,48,48,0,48,0,0,0,0
04,013,0930.01,1001,040130930011001,32,32,0,32,0,0,0,0
04,013,0930.01,1002,040130930011002,20,20,0,20,0,0,0,0
04,013,0930.01,1003,040130930011003,20,20,0,20,0,0,0,0
04,013,0930.01,1004,040130930011004,96,96,0,96,0,0,0,0
04,013,0930.01,1005,040130930011005,19,19,0,19,0,0,0,0
04,013,0930.01,1006,040130930011006,36,36,0,36,0,0,0,0
04,013,0930.01,1007,040130930011007,36,36,0,36,0,0,0,0
04,013,0930.01,1008,040130930011008,36,36,0,36,0,0,0,0
04,013,0930.01,1009,040130930011009,39,39,0,39,0,0,0,0
04,013,0930.01,1010,040130930011010,38,38,0,38,0,0,0,0
04,013,0930.01,1011,040130930011011,38,38,0,38,0,0,0,0
04,013,0930.01,1012,040130930011012,0,0,0,0,0,0,0,0
04,013,0930.01,1013,040130930011013,61,61,0,61,0,0,0,0
04,013,0930.01,1014,040130930011014,22,22,0,22,0,0,0,0
04,013,0930.01,1015,040130930011015,0,0,0,0,0,0,0,0
04,013,0930.01,1016,040130930011016,0,0,0,0,0,0,0,0
04,013,0930.01,1017,040130930011017,11,11,0,11,0,0,0,0
04,013,0930.01,1018,040130930011018,39,39,0,39,0,0,0,0
04,013,0930.01,1019,040130930011019,38,38,0,38,0,0,0,0
04,013,0930.01,1020,040130930011020,38,38,0,38,0,0,0,0
04,013,0930.01,1021,040130930011021,26,26,0,26,0,0,0,0
04,013,0930.01,1023,040130930011023,11,11,0,11,0,0,0,0
04,013,0930.01,1024,040130930011024,24,24,0,24,0,0,0,0
04,013,0930.01,1026,040130930011026,5,5,0,5,0,0,0,0
04,013,0930.01,1028,040130930011028,108,108,0,108,0,0,0,0
04,013,0930.01,1030,040130930011030,0,0,0,0,0,0,0,0
04,013,0930.01,1031,040130930011031,197,197,0,197,0,0,0,0
04,013,0930.01,2001,040130930012001,293,293,0,293,0,0,0,0
04,013,0930.01,2002,040130930012002,11,11,0,11,0,0,0,0
04,013,0930.01,2003,040130930012003,0,0,0,0,0,0,0,0
04,013,0930.01,2004,040130930012004,66,66,0,66,0,0,0,0
04,013,0930.01,2008,040130930012008,172,172,0,172,0,0,0,0
04,013,0930.01,2009,040130930012009,13,13,0,13,0,0,0,0
04,013,0930.01,2010,040130930012010,5,5,0,5,0,0,0,0
04,013,0930.01,2011,040130930012011,25,25,0,25,0,0,0,0
04,013,0930.01,3000,040130930013000,23,23,0,23,0,0,0,0
04,013,0930.01,3002,040130930013002,120,120,0,120,0,0,0,0
04,013,0930.01,3003,040130930013003,194,194,0,194,0,0,0,0
04,013,0930.01,3004,040130930013004,5,5,0,5,0,0,0,0
04,013,0930.01,3005,040130930013005,72,72,0,72,0,0,0,0
04,013,0930.01,3006,040130930013006,5,5,0,5,0,0,0,0
04,013,0930.01,3007,040130930013007,3,3,0,3,0,0,0,0
04,013,0930.01,3008,040130930013008,126,126,0,126,0,0,0,0
04,013,0930.01,3009,040130930013009,93,93,0,93,0,0,0,0
04,013,0930.01,3010,040130930013010,11,11,0,11,0,0,0,0
04,013,0930.01,3011,040130930013011,0,0,0,0,0,0,0,0
04,013,0930.01,3012,040130930013012,10,10,0,10,0,0,0,0
04,013,0930.01,3013,040130930013013,0,0,0,0,0,0,0,0
04,013,0930.01,3014,040130930013014,0,0,0,0,0,0,0,0
04,013,0930.02,1000,040130930021000,94,94,0,94,0,0,0,0
04,013,0930.02,1001,040130930021001,55,55,0,55,0,0,0,0
04,013,0930.02,1002,040130930021002,58,58,0,58,0,0,0,0
04,013,0930.02,1003,040130930021003,19,19,0,19,0,0,0,0
04,013,0930.02,1004,040130930021004,20,20,0,20,0,0,0,0
04,013,0930.02,1005,040130930021005,41,41,0,41,1,1,0,1
04,013,0930.02,1006,040130930021006,19,19,0,19,0,0,0,0
04,013,0930.02,2001,040130930022001,36,36,0,36,0,0,0,0
04,013,0930.02,2002,040130930022002,37,37,0,37,0,0,0,0
04,013,0930.02,2003,040130930022003,29,29,0,29,0,0,0,0
04,013,0930.02,2004,040130930022004,25,25,0,25,0,0,0,0
04,013,0930.02,2005,040130930022005,51,51,0,51,0,0,0,0
04,013,0930.02,2006,040130930022006,151,151,0,151,0,0,0,0
04,013,0930.02,2007,040130930022007,0,0,0,0,0,0,0,0
04,013,0930.02,2008,040130930022008,32,32,0,32,0,0,0,0
04,013,0930.02,2009,040130930022009,189,189,0,189,0,0,0,0
04,013,0930.02,2012,040130930022012,35,35,0,35,0,0,0,0
04,013,0930.02,2013,040130930022013,37,37,0,37,0,0,0,0
04,013,0930.02,2014,040130930022014,38,38,0,38,0,0,0,0
04,013,0930.02,3001,040130930023001,33,33,0,33,0,0,0,0
04,013,0930.02,3002,040130930023002,49,49,0,49,0,0,0,0
04,013,0930.02,3004,040130930023004,14,14,0,14,0,0,0,0
04,013,0930.02,3005,040130930023005,13,13,0,13,0,0,0,0
04,013,0930.02,3006,040130930023006,49,49,0,49,0,0,0,0
04,013,0930.02,3007,040130930023007,57,57,0,57,0,0,0,0
04,013,0930.02,3008,040130930023008,29,29,0,29,0,0,0,0
04,013,0930.02,3009,040130930023009,28,28,0,28,0,0,0,0
04,013,0930.02,3010,040130930023010,20,20,0,20,0,0,0,0
04,013,0930.02,3011,040130930023011,36,36,0,36,0,0,0,0
04,013,0930.02,3013,040130930023013,45,45,0,45,0,0,0,0
04,013,0930.02,3014,040130930023014,78,78,0,78,0,0,0,0
04,013,0930.02,3015,040130930023015,0,0,0,0,0,0,0,0
04,013,0931.01,1001,040130931011001,25,25,0,25,0,0,0,0
04,013,0931.01,1002,040130931011002,10,10,0,10,0,0,0,0
04,013,0931.01,1003,040130931011003,247,247,0,247,0,0,0,0
04,013,0931.01,1004,040130931011004,1,1,0,1,0,0,0,0
04,013,0931.01,1005,040130931011005,5,5,0,5,0,0,0,0
04,013,0931.01,1006,040130931011006,14,14,0,14,0,0,0,0
04,013,0931.01,1007,040130931011007,112,112,0,112,0,0,0,0
04,013,0931.01,1008,040130931011008,5,5,0,5,0,0,0,0
04,013,0931.01,1012,040130931011012,7,7,0,7,0,0,0,0
04,013,0931.01,1013,040130931011013,14,14,0,14,0,0,0,0
04,013,0931.01,2000,040130931012000,14,14,0,14,0,0,0,0
04,013,0931.01,2001,040130931012001,10,10,0,10,0,0,0,0
04,013,0931.01,2002,040130931012002,10,10,0,10,0,0,0,0
04,013,0931.01,2003,040130931012003,9,9,0,9,0,0,0,0
04,013,0931.01,2004,040130931012004,10,10,0,10,0,0,0,0
04,013,0931.01,2005,040130931012005,36,36,0,36,0,0,0,0
04,013,0931.01,2006,040130931012006,14,14,0,14,0,0,0,0
04,013,0931.01,2007,040130931012007,16,16,0,16,0,0,0,0
04,013,0931.01,2008,040130931012008,16,16,0,16,0,0,0,0
04,013,0931.01,2009,040130931012009,24,24,0,24,0,0,0,0
04,013,0931.01,2010,040130931012010,40,40,0,40,0,0,0,0
04,013,0931.01,2011,040130931012011,26,26,0,26,0,0,0,0
04,013,0931.01,2012,040130931012012,19,19,0,19,0,0,0,0
04,013,0931.01,2013,040130931012013,32,32,0,32,1,1,0,1
04,013,0931.01,2014,040130931012014,11,11,0,11,0,0,0,0
04,013,0931.01,2015,040130931012015,9,9,0,9,0,0,0,0
04,013,0931.01,2016,040130931012016,17,17,0,17,0,0,0,0
04,013,0931.01,2017,040130931012017,18,18,0,18,0,0,0,0
04,013,0931.01,2018,040130931012018,17,17,0,17,0,0,0,0
04,013,0931.01,3000,040130931013000,82,82,0,82,0,0,0,0
04,013,0931.01,3001,040130931013001,10,10,0,10,0,0,0,0
04,013,0931.01,3002,040130931013002,24,24,0,24,0,0,0,0
04,013,0931.01,3003,040130931013003,26,26,0,26,0,0,0,0
04,013,0931.01,3004,040130931013004,20,20,0,20,0,0,0,0
04,013,0931.01,3005,040130931013005,18,18,0,18,0,0,0,0
04,013,0931.01,3006,040130931013006,0,0,0,0,0,0,0,0
04,013,0931.01,3007,040130931013007,58,58,0,58,0,0,0,0
04,013,0931.01,3008,040130931013008,60,60,0,60,0,0,0,0
04,013,0931.01,3009,040130931013009,30,30,0,30,0,0,0,0
04,013,0931.01,4001,040130931014001,59,59,0,59,0,0,0,0
04,013,0931.01,4002,040130931014002,10,10,0,10,0,0,0,0
04,013,0931.01,4003,040130931014003,19,19,0,19,0,0,0,0
04,013,0931.01,4004,040130931014004,16,16,0,16,0,0,0,0
04,013,0931.01,4005,040130931014005,19,19,0,19,0,0,0,0
04,013,0931.01,4006,040130931014006,6,6,0,6,0,0,0,0
04,013,0931.01,4007,040130931014007,16,16,0,16,0,0,0,0
04,013,0931.01,4008,040130931014008,16,16,0,16,0,0,0,0
04,013,0931.01,4009,040130931014009,37,37,0,37,0,0,0,0
04,013,0931.01,4010,040130931014010,10,10,0,10,0,0,0,0
04,013,0931.01,4011,040130931014011,10,10,0,10,0,0,0,0
04,013,0931.01,4012,040130931014012,6,6,0,6,0,0,0,0
04,013,0931.01,4013,040130931014013,19,19,0,19,0,0,0,0
04,013,0931.01,4014,040130931014014,0,0,0,0,0,0,0,0
04,013,0931.01,4015,040130931014015,123,123,0,123,0,0,0,0
04,013,0931.01,4016,040130931014016,12,12,0,12,0,0,0,0
04,013,0931.01,4017,040130931014017,0,0,0,0,0,0,0,0
04,013,0931.01,4018,040130931014018,104,104,0,104,0,0,0,0
04,013,0931.01,4019,040130931014019,13,13,0,13,0,0,0,0
04,013,0931.01,4020,040130931014020,41,41,0,41,0,0,0,0
04,013,0931.01,4021,040130931014021,11,11,0,11,0,0,0,0
04,013,0931.01,4022,040130931014022,14,14,0,14,0,0,0,0
04,013,0931.01,4023,040130931014023,18,18,0,18,0,0,0,0
04,013,0931.01,4024,040130931014024,8,8,0,8,0,0,0,0
04,013,0931.01,4025,040130931014025,16,16,0,16,0,0,0,0
04,013,0931.01,4026,040130931014026,36,36,0,36,0,0,0,0
04,013,0931.01,4027,040130931014027,15,15,0,15,0,0,0,0
04,013,0931.01,4030,040130931014030,0,0,0,0,0,0,0,0
04,013,0931.01,4031,040130931014031,0,0,0,0,0,0,0,0
04,013,0931.04,1000,040130931041000,237,237,0,237,0,0,0,0
04,013,0931.04,1001,040130931041001,109,109,0,109,0,0,0,0
04,013,0931.04,1002,040130931041002,0,0,0,0,0,0,0,0
04,013,0931.04,1003,040130931041003,144,144,0,144,0,0,0,0
04,013,0931.04,1004,040130931041004,0,0,0,0,0,0,0,0
04,013,0931.04,1005,040130931041005,0,0,0,0,0,0,0,0
04,013,0931.04,1006,040130931041006,0,0,0,0,0,0,0,0
04,013,0931.04,1007,040130931041007,80,80,0,80,0,0,0,0
04,013,0931.04,1008,040130931041008,0,0,0,0,0,0,0,0
04,013,0931.04,1009,040130931041009,20,20,0,20,0,0,0,0
04,013,0931.04,1010,040130931041010,2,2,0,2,0,0,0,0
04,013,0931.04,1011,040130931041011,91,91,0,91,0,0,0,0
04,013,0931.04,1012,040130931041012,132,132,0,132,0,0,0,0
04,013,0931.04,2000,040130931042000,58,58,0,58,0,0,0,0
04,013,0931.04,2001,040130931042001,17,17,0,17,0,0,0,0
04,013,0931.04,2002,040130931042002,24,24,0,24,0,0,0,0
04,013,0931.04,2003,040130931042003,7,7,0,7,0,0,0,0
04,013,0931.04,2004,040130931042004,13,13,0,13,0,0,0,0
04,013,0931.04,2005,040130931042005,20,20,0,20,0,0,0,0
04,013,0931.04,2006,040130931042006,10,10,0,10,0,0,0,0
04,013,0931.04,2007,040130931042007,79,79,0,79,0,0,0,0
04,013,0931.04,2008,040130931042008,2,2,0,2,0,0,0,0
04,013,0931.04,2009,040130931042009,18,18,0,18,0,0,0,0
04,013,0931.04,2010,040130931042010,29,29,0,29,0,0,0,0
04,013,0931.04,2011,040130931042011,16,16,0,16,0,0,0,0
04,013,0931.04,2012,040130931042012,16,16,0,16,0,0,0,0
04,013,0931.04,2013,040130931042013,4,4,0,4,0,0,0,0
04,013,0931.04,2014,040130931042014,9,9,0,9,0,0,0,0
04,013,0931.04,3000,040130931043000,131,131,0,131,0,0,0,0
04,013,0931.04,3001,040130931043001,12,12,0,12,0,0,0,0
04,013,0931.04,3002,040130931043002,18,18,0,18,0,0,0,0
04,013,0931.04,3003,040130931043003,6,6,0,6,0,0,0,0
04,013,0931.04,3004,040130931043004,0,0,0,0,0,0,0,0
04,013,0931.04,3005,040130931043005,14,14,0,14,0,0,0,0
04,013,0931.04,3006,040130931043006,1,1,0,1,0,0,0,0
04,013,0931.04,3007,040130931043007,44,44,0,44,0,0,0,0
04,013,0931.04,3009,040130931043009,71,71,0,71,1,1,0,1
04,013,0931.04,3010,040130931043010,16,16,0,16,0,0,0,0
04,013,0931.04,3012,040130931043012,88,88,0,88,0,0,0,0
04,013,0931.04,3013,040130931043013,117,117,0,117,0,0,0,0
04,013,0931.04,4000,040130931044000,0,0,0,0,0,0,0,0
04,013,0931.04,4001,040130931044001,0,0,0,0,0,0,0,0
04,013,0931.04,4002,040130931044002,0,0,0,0,0,0,0,0
04,013,0931.04,4004,040130931044004,0,0,0,0,0,0,0,0
04,013,0931.04,4006,040130931044006,0,0,0,0,0,0,0,0
04,013,0931.04,4011,040130931044011,276,276,0,276,0,0,0,0
04,013,0931.04,4012,040130931044012,1,1,0,1,0,0,0,0
04,013,0931.04,4013,040130931044013,3,3,0,3,0,0,0,0
04,013,0931.04,4018,040130931044018,1,1,0,1,0,0,0,0
04,013,0931.04,4021,040130931044021,1,1,0,1,0,0,0,0
04,013,0931.04,4023,040130931044023,0,0,0,0,0,0,0,0
04,013,0931.04,4026,040130931044026,0,0,0,0,0,0,0,0
04,013,0931.04,4029,040130931044029,0,0,0,0,0,0,0,0
04,013,0931.04,4030,040130931044030,0,0,0,0,0,0,0,0
04,013,0931.04,4031,040130931044031,0,0,0,0,0,0,0,0
04,013,0931.04,4032,040130931044032,0,0,0,0,0,0,0,0
04,013,0931.05,1000,040130931051000,57,57,0,57,0,0,0,0
04,013,0931.05,1001,040130931051001,5,5,0,5,0,0,0,0
04,013,0931.05,1002,040130931051002,36,36,0,36,0,0,0,0
04,013,0931.05,1003,040130931051003,21,21,0,21,0,0,0,0
04,013,0931.05,1004,040130931051004,57,57,0,57,0,0,0,0
04,013,0931.05,1005,040130931051005,35,35,0,35,0,0,0,0
04,013,0931.05,1006,040130931051006,118,118,0,118,0,0,0,0
04,013,0931.05,1007,040130931051007,24,24,0,24,0,0,0,0
04,013,0931.05,1008,040130931051008,26,26,0,26,0,0,0,0
04,013,0931.05,2000,040130931052000,152,152,0,152,0,0,0,0
04,013,0931.05,2002,040130931052002,33,33,0,33,0,0,0,0
04,013,0931.05,2003,040130931052003,91,91,0,91,0,0,0,0
04,013,0931.05,2004,040130931052004,98,98,0,98,0,0,0,0
04,013,0931.05,2005,040130931052005,101,101,0,101,0,0,0,0
04,013,0931.05,3000,040130931053000,216,216,0,216,0,0,0,0
04,013,0931.05,3001,040130931053001,0,0,0,0,0,0,0,0
04,013,0931.05,3002,040130931053002,0,0,0,0,0,0,0,0
04,013,0931.05,3003,040130931053003,0,0,0,0,0,0,0,0
04,013,0931.05,3004,040130931053004,0,0,0,0,0,0,0,0
04,013,0931.05,3005,040130931053005,0,0,0,0,0,0,0,0
04,013,0931.05,3006,040130931053006,134,134,0,134,0,0,0,0
04,013,0931.05,3007,040130931053007,443,443,0,443,0,0,0,0
04,013,0931.05,3008,040130931053008,36,36,0,36,0,0,0,0
04,013,0931.05,3009,040130931053009,26,26,0,26,0,0,0,0
04,013,0931.05,3010,040130931053010,10,10,0,10,0,0,0,0
04,013,0931.05,3011,040130931053011,16,16,0,16,0,0,0,0
04,013,0931.05,3012,040130931053012,26,26,0,26,0,0,0,0
04,013,0931.05,3013,040130931053013,25,25,0,25,0,0,0,0
04,013,0931.05,3014,040130931053014,25,25,0,25,0,0,0,0
04,013,0931.05,3015,040130931053015,16,16,0,16,0,0,0,0
04,013,0931.05,3016,040130931053016,1,1,0,1,0,0,0,0
04,013,0931.05,3017,040130931053017,21,21,0,21,0,0,0,0
04,013,0931.05,3018,040130931053018,17,17,0,17,0,0,0,0
04,013,0931.05,4000,040130931054000,0,0,0,0,0,0,0,0
04,013,0931.05,4001,040130931054001,31,31,0,31,0,0,0,0
04,013,0931.05,4002,040130931054002,24,24,0,24,0,0,0,0
04,013,0931.05,4003,040130931054003,18,18,0,18,0,0,0,0
04,013,0931.05,4004,040130931054004,24,24,0,24,0,0,0,0
04,013,0931.05,4005,040130931054005,21,21,0,21,0,0,0,0
04,013,0931.05,4006,040130931054006,45,45,0,45,0,0,0,0
04,013,0931.05,4007,040130931054007,45,45,0,45,0,0,0,0
04,013,0931.05,4008,040130931054008,47,47,0,47,0,0,0,0
04,013,0931.05,4009,040130931054009,27,27,0,27,0,0,0,0
04,013,0931.05,4010,040130931054010,38,38,0,38,0,0,0,0
04,013,0931.05,4011,040130931054011,12,12,0,12,0,0,0,0
04,013,0931.05,4012,040130931054012,23,23,0,23,0,0,0,0
04,013,0931.05,4013,040130931054013,12,12,0,12,0,0,0,0
04,013,0931.06,1000,040130931061000,9,9,0,9,0,0,0,0
04,013,0931.06,1001,040130931061001,19,19,0,19,0,0,0,0
04,013,0931.06,1002,040130931061002,7,7,0,7,0,0,0,0
04,013,0931.06,1003,040130931061003,12,12,0,12,1,1,0,1
04,013,0931.06,1004,040130931061004,17,17,0,17,0,0,0,0
04,013,0931.06,1005,040130931061005,9,9,0,9,0,0,0,0
04,013,0931.06,1006,040130931061006,0,0,0,0,0,0,0,0
04,013,0931.06,1007,040130931061007,23,23,0,23,0,0,0,0
04,013,0931.06,1008,040130931061008,29,29,0,29,0,0,0,0
04,013,0931.06,1009,040130931061009,30,30,0,30,0,0,0,0
04,013,0931.06,1010,040130931061010,25,25,0,25,0,0,0,0
04,013,0931.06,1011,040130931061011,43,43,0,43,0,0,0,0
04,013,0931.06,1012,040130931061012,31,31,0,31,0,0,0,0
04,013,0931.06,1013,040130931061013,17,17,0,17,0,0,0,0
04,013,0931.06,1014,040130931061014,22,22,0,22,0,0,0,0
04,013,0931.06,1015,040130931061015,25,25,0,25,0,0,0,0
04,013,0931.06,1016,040130931061016,18,18,0,18,0,0,0,0
04,013,0931.06,1017,040130931061017,8,8,0,8,0,0,0,0
04,013,0931.06,1018,040130931061018,0,0,0,0,0,0,0,0
04,013,0931.06,1019,040130931061019,16,16,0,16,0,0,0,0
04,013,0931.06,1020,040130931061020,7,7,0,7,0,0,0,0
04,013,0931.06,1021,040130931061021,15,15,0,15,0,0,0,0
04,013,0931.06,1022,040130931061022,30,30,0,30,0,0,0,0
04,013,0931.06,1023,040130931061023,24,24,0,24,0,0,0,0
04,013,0931.06,2000,040130931062000,31,31,0,31,0,0,0,0
04,013,0931.06,2001,040130931062001,26,26,0,26,0,0,0,0
04,013,0931.06,2002,040130931062002,24,24,0,24,0,0,0,0
04,013,0931.06,2003,040130931062003,70,70,0,70,0,0,0,0
04,013,0931.06,2004,040130931062004,118,118,0,118,0,0,0,0
04,013,0931.06,2005,040130931062005,56,56,0,56,0,0,0,0
04,013,0931.06,2006,040130931062006,84,84,0,84,0,0,0,0
04,013,0931.06,3000,040130931063000,37,37,0,37,1,1,0,1
04,013,0931.06,3001,040130931063001,26,26,0,26,0,0,0,0
04,013,0931.06,3002,040130931063002,23,23,0,23,0,0,0,0
04,013,0931.06,3003,040130931063003,11,11,0,11,0,0,0,0
04,013,0931.06,3004,040130931063004,43,43,0,43,0,0,0,0
04,013,0931.06,3005,040130931063005,36,36,0,36,0,0,0,0
04,013,0931.06,3006,040130931063006,0,0,0,0,0,0,0,0
04,013,0931.06,3007,040130931063007,6,6,0,6,0,0,0,0
04,013,0931.06,3008,040130931063008,32,32,0,32,2,2,0,2
04,013,0931.06,3009,040130931063009,11,11,0,11,0,0,0,0
04,013,0931.06,3010,040130931063010,28,28,0,28,0,0,0,0
04,013,0931.06,3011,040130931063011,32,32,0,32,0,0,0,0
04,013,0931.06,3012,040130931063012,23,23,0,23,0,0,0,0
04,013,0931.06,3013,040130931063013,17,17,0,17,1,1,0,1
04,013,0931.06,3015,040130931063015,12,12,0,12,0,0,0,0
04,013,0931.06,3016,040130931063016,13,13,0,13,0,0,0,0
04,013,0932.00,1000,040130932001000,423,423,0,423,0,0,0,0
04,013,0932.00,1001,040130932001001,4,4,0,4,0,0,0,0
04,013,0932.00,1002,040130932001002,220,220,0,220,0,0,0,0
04,013,0932.00,1003,040130932001003,0,0,0,0,0,0,0,0
04,013,0932.00,1004,040130932001004,0,0,0,0,0,0,0,0
04,013,0932.00,1005,040130932001005,0,0,0,0,0,0,0,0
04,013,0932.00,1006,040130932001006,0,0,0,0,0,0,0,0
04,013,0932.00,1007,040130932001007,0,0,0,0,0,0,0,0
04,013,0932.00,1009,040130932001009,1,1,0,1,0,0,0,0
04,013,0932.00,1010,040130932001010,0,0,0,0,0,0,0,0
04,013,0932.00,1011,040130932001011,0,0,0,0,0,0,0,0
04,013,0932.00,1013,040130932001013,2,2,0,2,0,0,0,0
04,013,0932.00,1014,040130932001014,0,0,0,0,0,0,0,0
04,013,0932.00,3000,040130932003000,25,25,0,25,0,0,0,0
04,013,0932.00,3003,040130932003003,32,32,0,32,0,0,0,0
04,013,0932.00,3004,040130932003004,14,14,0,14,1,1,0,1
04,013,0932.00,3005,040130932003005,27,27,0,27,1,1,0,1
04,013,0932.00,3006,040130932003006,37,37,0,37,0,0,0,0
04,013,0932.00,3007,040130932003007,55,55,0,55,0,0,0,0
04,013,0932.00,3008,040130932003008,16,16,0,16,0,0,0,0
04,013,0932.00,3009,040130932003009,10,10,0,10,0,0,0,0
04,013,0932.00,3010,040130932003010,14,14,0,14,0,0,0,0
04,013,0932.00,3011,040130932003011,52,52,0,52,0,0,0,0
04,013,0932.00,3012,040130932003012,24,24,0,24,0,0,0,0
04,013,0932.00,3013,040130932003013,12,12,0,12,0,0,0,0
04,013,0932.00,3014,040130932003014,30,30,0,30,0,0,0,0
04,013,0932.00,3015,040130932003015,25,25,0,25,0,0,0,0
04,013,0932.00,3016,040130932003016,0,0,0,0,0,0,0,0
04,013,0932.00,3017,040130932003017,0,0,0,0,0,0,0,0
04,013,0932.00,3018,040130932003018,121,121,0,121,0,0,0,0
04,013,0932.00,3019,040130932003019,19,19,0,19,0,0,0,0
04,013,0932.00,3020,040130932003020,13,13,0,13,0,0,0,0
04,013,0932.00,3021,040130932003021,19,19,0,19,0,0,0,0
04,013,0932.00,3022,040130932003022,40,40,0,40,0,0,0,0
04,013,0932.00,3023,040130932003023,16,16,0,16,0,0,0,0
04,013,0932.00,3024,040130932003024,14,14,0,14,0,0,0,0
04,013,0932.00,3025,040130932003025,16,16,0,16,0,0,0,0
04,013,0932.00,3026,040130932003026,5,5,0,5,0,0,0,0
04,013,0932.00,3027,040130932003027,13,13,0,13,0,0,0,0
04,013,0932.00,3028,040130932003028,10,10,0,10,0,0,0,0
04,013,0932.00,3029,040130932003029,17,17,0,17,0,0,0,0
04,013,0932.00,3030,040130932003030,14,14,0,14,0,0,0,0
04,013,0932.00,3031,040130932003031,19,19,0,19,0,0,0,0
04,013,0932.00,3032,040130932003032,20,20,0,20,0,0,0,0
04,013,0932.00,3033,040130932003033,13,13,0,13,0,0,0,0
04,013,0932.00,3034,040130932003034,10,10,0,10,0,0,0,0
04,013,0932.00,3035,040130932003035,12,12,0,12,0,0,0,0
04,013,0932.00,3036,040130932003036,5,5,0,5,0,0,0,0
04,013,0932.00,3037,040130932003037,8,8,0,8,0,0,0,0
04,013,0932.00,3038,040130932003038,4,4,0,4,0,0,0,0
04,013,0932.00,3039,040130932003039,4,4,0,4,0,0,0,0
04,013,0932.00,3040,040130932003040,8,8,0,8,0,0,0,0
04,013,0932.00,3041,040130932003041,63,63,0,63,0,0,0,0
04,013,0932.00,3042,040130932003042,2,2,0,2,0,0,0,0
04,013,1042.14,1000,040131042141000,25,25,0,25,0,0,0,0
04,013,1042.14,1001,040131042141001,25,25,0,25,0,0,0,0
04,013,1042.14,1002,040131042141002,24,24,0,24,1,1,0,1
04,013,1042.14,1003,040131042141003,25,25,0,25,0,0,0,0
04,013,1042.14,1004,040131042141004,11,11,0,11,0,0,0,0
04,013,1042.14,1005,040131042141005,26,26,0,26,0,0,0,0
04,013,1042.14,1006,040131042141006,41,41,0,41,0,0,0,0
04,013,1042.14,1007,040131042141007,20,20,0,20,0,0,0,0
04,013,1042.14,1008,040131042141008,30,30,0,30,0,0,0,0
04,013,1042.14,1009,040131042141009,6,6,0,6,0,0,0,0
04,013,1042.14,1010,040131042141010,21,21,0,21,0,0,0,0
04,013,1042.14,1011,040131042141011,32,32,0,32,0,0,0,0
04,013,1042.14,1012,040131042141012,14,14,0,14,1,1,0,1
04,013,1042.14,1013,040131042141013,14,14,0,14,1,1,0,1
04,013,1042.14,1014,040131042141014,19,19,0,19,0,0,0,0
04,013,1042.14,1015,040131042141015,36,36,0,36,1,1,0,1
04,013,1042.14,1016,040131042141016,15,15,0,15,0,0,0,0
04,013,1042.14,1017,040131042141017,20,20,0,20,0,0,0,0
04,013,1042.14,1018,040131042141018,9,9,0,9,1,1,0,1
04,013,1042.14,2002,040131042142002,124,124,0,124,0,0,0,0
04,013,1042.14,2003,040131042142003,13,13,0,13,0,0,0,0
04,013,1042.14,2006,040131042142006,32,32,0,32,0,0,0,0
04,013,1042.14,2010,040131042142010,33,33,0,33,0,0,0,0
04,013,1042.14,2011,040131042142011,20,20,0,20,0,0,0,0
04,013,1042.14,2012,040131042142012,20,20,0,20,0,0,0,0
04,013,1042.14,2013,040131042142013,20,20,0,20,0,0,0,0
04,013,1042.14,2014,040131042142014,20,20,0,20,0,0,0,0
04,013,1042.14,2015,040131042142015,20,20,0,20,0,0,0,0
04,013,1042.14,2018,040131042142018,22,22,0,22,0,0,0,0
04,013,1042.14,2019,040131042142019,24,24,0,24,0,0,0,0
04,013,1042.14,2020,040131042142020,26,26,0,26,0,0,0,0
04,013,1042.14,2021,040131042142021,25,25,0,25,0,0,0,0
04,013,1042.14,2022,040131042142022,22,22,0,22,0,0,0,0
04,013,1042.15,1000,040131042151000,32,32,0,32,0,0,0,0
04,013,1042.15,1001,040131042151001,20,20,0,20,0,0,0,0
04,013,1042.15,1002,040131042151002,21,21,0,21,0,0,0,0
04,013,1042.15,1003,040131042151003,59,59,0,59,0,0,0,0
04,013,1042.15,1004,040131042151004,22,22,0,22,0,0,0,0
04,013,1042.15,1005,040131042151005,30,30,0,30,0,0,0,0
04,013,1042.15,1006,040131042151006,18,18,0,18,0,0,0,0
04,013,1042.15,1007,040131042151007,18,18,0,18,0,0,0,0
04,013,1042.15,1008,040131042151008,20,20,0,20,0,0,0,0
04,013,1042.15,2000,040131042152000,443,443,0,443,0,0,0,0
04,013,1042.15,2001,040131042152001,28,28,0,28,0,0,0,0
04,013,1042.15,3000,040131042153000,15,15,0,15,0,0,0,0
04,013,1042.15,3001,040131042153001,14,14,0,14,0,0,0,0
04,013,1042.15,3002,040131042153002,47,47,0,47,1,1,0,1
04,013,1042.15,3003,040131042153003,25,25,0,25,0,0,0,0
04,013,1042.15,3004,040131042153004,25,25,0,25,0,0,0,0
04,013,1042.15,3005,040131042153005,21,21,0,21,0,0,0,0
04,013,1042.15,3006,040131042153006,20,20,0,20,0,0,0,0
04,013,1042.15,3007,040131042153007,30,30,0,30,2,2,0,2
04,013,1042.15,3008,040131042153008,23,23,0,23,1,1,0,1
04,013,1042.15,3009,040131042153009,25,25,0,25,0,0,0,0
04,013,1042.15,3010,040131042153010,18,18,0,18,0,0,0,0
04,013,1042.15,4000,040131042154000,43,43,0,43,0,0,0,0
04,013,1042.15,4001,040131042154001,26,26,0,26,0,0,0,0
04,013,1042.15,4002,040131042154002,32,32,0,32,0,0,0,0
04,013,1042.15,4003,040131042154003,19,19,0,19,1,1,0,1
04,013,1042.15,4004,040131042154004,36,36,0,36,0,0,0,0
04,013,1042.15,4005,040131042154005,19,19,0,19,1,1,0,1
04,013,1042.15,4006,040131042154006,45,45,0,45,0,0,0,0
04,013,1042.15,5000,040131042155000,25,25,0,25,0,0,0,0
04,013,1042.15,5001,040131042155001,20,20,0,20,0,0,0,0
04,013,1042.15,5002,040131042155002,20,20,0,20,0,0,0,0
04,013,1042.15,5003,040131042155003,14,14,0,14,0,0,0,0
04,013,1042.15,5004,040131042155004,66,66,0,66,0,0,0,0
04,013,1042.15,5005,040131042155005,10,10,0,10,0,0,0,0
04,013,1042.15,5006,040131042155006,10,10,0,10,0,0,0,0
04,013,1042.15,5007,040131042155007,51,51,0,51,0,0,0,0
04,013,1042.15,5008,040131042155008,53,53,0,53,0,0,0,0
04,013,1042.15,5009,040131042155009,42,42,0,42,0,0,0,0
04,013,1042.15,5010,040131042155010,32,32,0,32,0,0,0,0
04,013,1042.15,5011,040131042155011,30,30,0,30,0,0,0,0
04,013,1042.15,5012,040131042155012,32,32,0,32,0,0,0,0
04,013,1042.15,5013,040131042155013,28,28,0,28,0,0,0,0
04,013,1042.15,5014,040131042155014,8,8,0,8,0,0,0,0
04,013,1042.15,5015,040131042155015,26,26,0,26,0,0,0,0
04,013,1042.15,5016,040131042155016,28,28,0,28,0,0,0,0
04,013,1042.15,5017,040131042155017,24,24,0,24,1,1,0,1
04,013,1042.15,5018,040131042155018,16,16,0,16,0,0,0,0
04,013,1042.16,1000,040131042161000,36,36,0,36,0,0,0,0
04,013,1042.16,1001,040131042161001,0,0,0,0,0,0,0,0
04,013,1042.16,1002,040131042161002,175,175,0,175,0,0,0,0
04,013,1042.16,1003,040131042161003,43,43,0,43,0,0,0,0
04,013,1042.16,1004,040131042161004,97,97,0,97,0,0,0,0
04,013,1042.16,1005,040131042161005,176,176,0,176,0,0,0,0
04,013,1042.16,1007,040131042161007,0,0,0,0,0,0,0,0
04,013,1042.16,1008,040131042161008,184,184,0,184,0,0,0,0
04,013,1042.16,1009,040131042161009,0,0,0,0,0,0,0,0
04,013,1042.16,1010,040131042161010,0,0,0,0,0,0,0,0
04,013,1042.16,1011,040131042161011,29,29,0,29,0,0,0,0
04,013,1042.16,1012,040131042161012,16,16,0,16,0,0,0,0
04,013,1042.16,2000,040131042162000,20,20,0,20,0,0,0,0
04,013,1042.16,2001,040131042162001,35,35,0,35,0,0,0,0
04,013,1042.16,2002,040131042162002,42,42,0,42,0,0,0,0
04,013,1042.16,2003,040131042162003,24,24,0,24,0,0,0,0
04,013,1042.16,2004,040131042162004,24,24,0,24,0,0,0,0
04,013,1042.16,2005,040131042162005,31,31,0,31,1,1,0,1
04,013,1042.16,2006,040131042162006,13,13,0,13,0,0,0,0
04,013,1042.16,2007,040131042162007,48,48,0,48,1,1,0,1
04,013,1042.16,2008,040131042162008,25,25,0,25,1,1,0,1
04,013,1042.16,2009,040131042162009,8,8,0,8,1,1,0,1
04,013,1042.16,2010,040131042162010,23,23,0,23,0,0,0,0
04,013,1042.16,2011,040131042162011,1,1,0,1,1,1,0,1
04,013,1042.16,2012,040131042162012,9,9,0,9,1,1,0,1
04,013,1042.16,2013,040131042162013,11,11,0,11,0,0,0,0
04,013,1042.16,2014,040131042162014,15,15,0,15,0,0,0,0
04,013,1042.16,2015,040131042162015,20,20,0,20,0,0,0,0
04,013,1042.16,2016,040131042162016,0,0,0,0,0,0,0,0
04,013,1042.16,2017,040131042162017,0,0,0,0,0,0,0,0
04,013,1042.16,2018,040131042162018,10,10,0,10,0,0,0,0
04,013,1042.16,2019,040131042162019,5,5,0,5,0,0,0,0
04,013,1042.16,2020,040131042162020,21,21,0,21,0,0,0,0
04,013,1042.16,3000,040131042163000,27,27,0,27,0,0,0,0
04,013,1042.16,3001,040131042163001,43,43,0,43,0,0,0,0
04,013,1042.16,3002,040131042163002,80,80,0,80,1,1,0,1
04,013,1042.16,3003,040131042163003,4,4,0,4,0,0,0,0
04,013,1042.16,3004,040131042163004,4,4,0,4,0,0,0,0
04,013,1042.16,3005,040131042163005,48,48,0,48,0,0,0,0
04,013,1042.16,3006,040131042163006,22,22,0,22,0,0,0,0
04,013,1042.16,3007,040131042163007,1,1,0,1,0,0,0,0
04,013,1042.16,3008,040131042163008,39,39,0,39,0,0,0,0
04,013,1042.16,3009,040131042163009,20,20,0,20,0,0,0,0
04,013,1042.16,3010,040131042163010,0,0,0,0,0,0,0,0
04,013,1042.16,3011,040131042163011,84,84,0,84,0,0,0,0
04,013,1042.16,3012,040131042163012,10,10,0,10,0,0,0,0
04,013,1042.16,3013,040131042163013,15,15,0,15,0,0,0,0
04,013,1042.16,3014,040131042163014,14,14,0,14,0,0,0,0
04,013,1042.16,3015,040131042163015,9,9,0,9,2,2,0,2
04,013,1042.16,3016,040131042163016,0,0,0,0,0,0,0,0
04,013,1042.16,3017,040131042163017,0,0,0,0,0,0,0,0
04,013,1042.16,3018,040131042163018,0,0,0,0,0,0,0,0
04,013,1042.16,3019,040131042163019,91,91,0,91,0,0,0,0
04,013,1042.16,3020,040131042163020,13,13,0,13,0,0,0,0
04,013,1042.16,3021,040131042163021,22,22,0,22,0,0,0,0
04,013,1042.16,3022,040131042163022,22,22,0,22,0,0,0,0
04,013,1042.16,3023,040131042163023,17,17,0,17,0,0,0,0
04,013,1042.16,3025,040131042163025,0,0,0,0,0,0,0,0
04,013,1042.16,3026,040131042163026,18,18,0,18,0,0,0,0
04,013,1042.16,3027,040131042163027,22,22,0,22,0,0,0,0
04,013,1042.16,3028,040131042163028,41,41,0,41,0,0,0,0
04,013,1042.16,3029,040131042163029,10,10,0,10,0,0,0,0
04,013,1042.16,3030,040131042163030,22,22,0,22,0,0,0,0
04,013,1042.16,3031,040131042163031,19,19,0,19,0,0,0,0
04,013,1042.16,3032,040131042163032,27,27,0,27,0,0,0,0
04,013,1042.16,3033,040131042163033,33,33,0,33,0,0,0,0
04,013,1042.16,3034,040131042163034,26,26,0,26,0,0,0,0
04,013,1042.16,3035,040131042163035,26,26,0,26,0,0,0,0
04,013,1042.16,3036,040131042163036,9,9,0,9,0,0,0,0
04,013,1042.16,3037,040131042163037,12,12,0,12,0,0,0,0
04,013,1042.16,3038,040131042163038,11,11,0,11,0,0,0,0
04,013,1042.16,3039,040131042163039,13,13,0,13,0,0,0,0
04,013,1042.16,3040,040131042163040,15,15,0,15,0,0,0,0
04,013,1042.16,3041,040131042163041,11,11,0,11,0,0,0,0
04,013,1042.17,1001,040131042171001,28,28,0,28,0,0,0,0
04,013,1042.17,1002,040131042171002,18,18,0,18,0,0,0,0
04,013,1042.17,1003,040131042171003,10,10,0,10,0,0,0,0
04,013,1042.17,1004,040131042171004,10,10,0,10,0,0,0,0
04,013,1042.17,1005,040131042171005,10,10,0,10,0,0,0,0
04,013,1042.17,1006,040131042171006,10,10,0,10,0,0,0,0
04,013,1042.17,1007,040131042171007,10,10,0,10,0,0,0,0
04,013,1042.17,1008,040131042171008,0,0,0,0,0,0,0,0
04,013,1042.17,1009,040131042171009,10,10,0,10,0,0,0,0
04,013,1042.17,1010,040131042171010,28,28,0,28,0,0,0,0
04,013,1042.17,1011,040131042171011,28,28,0,28,0,0,0,0
04,013,1042.17,1012,040131042171012,0,0,0,0,0,0,0,0
04,013,1042.17,1013,040131042171013,20,20,0,20,0,0,0,0
04,013,1042.17,1014,040131042171014,28,28,0,28,0,0,0,0
04,013,1042.17,1015,040131042171015,28,28,0,28,0,0,0,0
04,013,1042.17,1016,040131042171016,20,20,0,20,0,0,0,0
04,013,1042.17,1017,040131042171017,21,21,0,21,0,0,0,0
04,013,1042.17,1018,040131042171018,28,28,0,28,0,0,0,0
04,013,1042.17,1019,040131042171019,26,26,0,26,0,0,0,0
04,013,1042.17,1020,040131042171020,28,28,0,28,0,0,0,0
04,013,1042.17,1021,040131042171021,13,13,0,13,0,0,0,0
04,013,1042.17,1022,040131042171022,38,38,0,38,0,0,0,0
04,013,1042.17,1023,040131042171023,25,25,0,25,0,0,0,0
04,013,1042.17,1024,040131042171024,46,46,0,46,0,0,0,0
04,013,1042.17,1025,040131042171025,28,28,0,28,0,0,0,0
04,013,1042.17,1026,040131042171026,26,26,0,26,0,0,0,0
04,013,1042.17,1027,040131042171027,38,38,0,38,1,1,0,1
04,013,1042.17,1028,040131042171028,39,39,0,39,0,0,0,0
04,013,1042.17,1029,040131042171029,17,17,0,17,0,0,0,0
04,013,1042.17,2000,040131042172000,31,31,0,31,2,2,0,2
04,013,1042.17,2001,040131042172001,0,0,0,0,0,0,0,0
04,013,1042.17,2002,040131042172002,0,0,0,0,3,3,0,3
04,013,1042.17,2003,040131042172003,0,0,0,0,0,0,0,0
04,013,1042.17,2005,040131042172005,26,26,0,26,0,0,0,0
04,013,1042.17,2006,040131042172006,16,16,0,16,0,0,0,0
04,013,1042.17,2007,040131042172007,10,10,0,10,0,0,0,0
04,013,1042.17,2008,040131042172008,10,10,0,10,0,0,0,0
04,013,1042.17,2009,040131042172009,8,8,0,8,0,0,0,0
04,013,1042.17,2010,040131042172010,12,12,0,12,0,0,0,0
04,013,1042.17,2011,040131042172011,47,47,0,47,0,0,0,0
04,013,1042.17,2012,040131042172012,40,40,0,40,0,0,0,0
04,013,1042.17,2013,040131042172013,21,21,0,21,0,0,0,0
04,013,1042.17,2014,040131042172014,13,13,0,13,0,0,0,0
04,013,1042.17,2015,040131042172015,17,17,0,17,0,0,0,0
04,013,1042.17,2016,040131042172016,40,40,0,40,0,0,0,0
04,013,1042.17,2017,040131042172017,10,10,0,10,0,0,0,0
04,013,1042.17,2018,040131042172018,5,5,0,5,0,0,0,0
04,013,1042.17,2019,040131042172019,33,33,0,33,0,0,0,0
04,013,1042.17,2020,040131042172020,22,22,0,22,0,0,0,0
04,013,1042.17,2021,040131042172021,12,12,0,12,0,0,0,0
04,013,1042.17,2022,040131042172022,10,10,0,10,0,0,0,0
04,013,1042.17,2023,040131042172023,18,18,0,18,0,0,0,0
04,013,1042.17,2024,040131042172024,25,25,0,25,1,1,0,1
04,013,1042.17,2025,040131042172025,16,16,0,16,0,0,0,0
04,013,1042.17,2026,040131042172026,10,10,0,10,0,0,0,0
04,013,1042.17,2027,040131042172027,31,31,0,31,0,0,0,0
04,013,1042.17,2028,040131042172028,26,26,0,26,0,0,0,0
04,013,1042.17,2029,040131042172029,18,18,0,18,0,0,0,0
04,013,1042.17,2030,040131042172030,21,21,0,21,0,0,0,0
04,013,1042.17,2031,040131042172031,12,12,0,12,0,0,0,0
04,013,1042.17,2032,040131042172032,8,8,0,8,0,0,0,0
04,013,1042.17,2033,040131042172033,16,16,0,16,0,0,0,0
04,013,1042.17,2034,040131042172034,0,0,0,0,1,1,0,1
04,013,1042.17,3001,040131042173001,10,10,0,10,2,2,0,2
04,013,1042.17,3002,040131042173002,34,34,0,34,0,0,0,0
04,013,1042.17,3004,040131042173004,14,14,0,14,0,0,0,0
04,013,1042.17,3005,040131042173005,30,30,0,30,0,0,0,0
04,013,1042.17,3006,040131042173006,28,28,0,28,0,0,0,0
04,013,1042.17,3007,040131042173007,10,10,0,10,0,0,0,0
04,013,1042.17,3008,040131042173008,82,82,0,82,0,0,0,0
04,013,1042.17,3009,040131042173009,19,19,0,19,0,0,0,0
04,013,1042.17,3010,040131042173010,9,9,0,9,0,0,0,0
04,013,1042.17,3011,040131042173011,39,39,0,39,0,0,0,0
04,013,1042.17,3012,040131042173012,18,18,0,18,0,0,0,0
04,013,1042.17,3013,040131042173013,10,10,0,10,0,0,0,0
04,013,1042.17,3014,040131042173014,15,15,0,15,0,0,0,0
04,013,1042.17,3015,040131042173015,28,28,0,28,0,0,0,0
04,013,1042.17,3016,040131042173016,14,14,0,14,1,1,0,1
04,013,1042.17,3017,040131042173017,31,31,0,31,0,0,0,0
04,013,1042.17,3018,040131042173018,14,14,0,14,0,0,0,0
04,013,1042.17,3019,040131042173019,11,11,0,11,0,0,0,0
04,013,1042.17,3020,040131042173020,10,10,0,10,0,0,0,0
04,013,1042.17,3021,040131042173021,11,11,0,11,0,0,0,0
04,013,1042.17,3022,040131042173022,11,11,0,11,0,0,0,0
04,013,1042.17,3023,040131042173023,8,8,0,8,0,0,0,0
04,013,1042.17,3024,040131042173024,398,398,0,398,0,0,0,0
04,013,1042.17,3025,040131042173025,24,24,0,24,0,0,0,0
04,013,1042.17,3026,040131042173026,35,35,0,35,0,0,0,0
04,013,1042.17,3027,040131042173027,3,3,0,3,0,0,0,0
04,013,1042.21,1000,040131042211000,43,43,0,43,0,0,0,0
04,013,1042.21,1001,040131042211001,22,22,0,22,0,0,0,0
04,013,1042.21,1002,040131042211002,14,14,0,14,0,0,0,0
04,013,1042.21,1003,040131042211003,14,14,0,14,0,0,0,0
04,013,1042.21,1004,040131042211004,13,13,0,13,0,0,0,0
04,013,1042.21,1005,040131042211005,16,16,0,16,0,0,0,0
04,013,1042.21,1006,040131042211006,50,50,0,50,0,0,0,0
04,013,1042.21,1007,040131042211007,22,22,0,22,0,0,0,0
04,013,1042.21,1008,040131042211008,14,14,0,14,1,1,0,1
04,013,1042.21,1009,040131042211009,46,46,0,46,0,0,0,0
04,013,1042.21,1010,040131042211010,43,43,0,43,0,0,0,0
04,013,1042.21,1011,040131042211011,33,33,0,33,0,0,0,0
04,013,1042.21,1012,040131042211012,24,24,0,24,0,0,0,0
04,013,1042.21,1013,040131042211013,24,24,0,24,0,0,0,0
04,013,1042.21,1014,040131042211014,29,29,0,29,1,1,0,1
04,013,1042.21,1015,040131042211015,42,42,0,42,0,0,0,0
04,013,1042.21,1016,040131042211016,13,13,0,13,0,0,0,0
04,013,1042.21,1017,040131042211017,6,6,0,6,0,0,0,0
04,013,1042.21,2001,040131042212001,0,0,0,0,0,0,0,0
04,013,1042.21,2002,040131042212002,0,0,0,0,0,0,0,0
04,013,1042.21,2003,040131042212003,0,0,0,0,0,0,0,0
04,013,1042.21,2004,040131042212004,0,0,0,0,0,0,0,0
04,013,1042.21,2005,040131042212005,0,0,0,0,0,0,0,0
04,013,1042.21,2006,040131042212006,35,35,0,35,0,0,0,0
04,013,1042.21,2007,040131042212007,9,9,0,9,0,0,0,0
04,013,1042.21,2008,040131042212008,25,25,0,25,0,0,0,0
04,013,1042.21,2009,040131042212009,181,181,0,181,1,1,0,1
04,013,1042.21,2010,040131042212010,10,10,0,10,0,0,0,0
04,013,1042.21,2011,040131042212011,24,24,0,24,0,0,0,0
04,013,1042.21,2012,040131042212012,20,20,0,20,0,0,0,0
04,013,1042.21,2013,040131042212013,20,20,0,20,0,0,0,0
04,013,1042.21,2014,040131042212014,8,8,0,8,0,0,0,0
04,013,1042.21,2015,040131042212015,19,19,0,19,1,1,0,1
04,013,1042.21,2016,040131042212016,9,9,0,9,0,0,0,0
04,013,1042.21,2017,040131042212017,15,15,0,15,0,0,0,0
04,013,1042.21,2018,040131042212018,38,38,0,38,1,1,0,1
04,013,1042.21,2019,040131042212019,36,36,0,36,0,0,0,0
04,013,1042.21,2020,040131042212020,36,36,0,36,0,0,0,0
04,013,1042.21,2021,040131042212021,36,36,0,36,0,0,0,0
04,013,1042.21,2022,040131042212022,34,34,0,34,0,0,0,0
04,013,1042.21,2023,040131042212023,34,34,0,34,0,0,0,0
04,013,1042.21,2024,040131042212024,17,17,0,17,0,0,0,0
04,013,1042.21,2025,040131042212025,30,30,0,30,0,0,0,0
04,013,1042.21,2026,040131042212026,22,22,0,22,0,0,0,0
04,013,1042.21,2027,040131042212027,24,24,0,24,0,0,0,0
04,013,1042.21,2028,040131042212028,24,24,0,24,0,0,0,0
04,013,1042.21,3000,040131042213000,43,43,0,43,1,1,0,1
04,013,1042.21,3001,040131042213001,13,13,0,13,1,1,0,1
04,013,1042.21,3002,040131042213002,14,14,0,14,0,0,0,0
04,013,1042.21,3003,040131042213003,15,15,0,15,0,0,0,0
04,013,1042.21,3004,040131042213004,22,22,0,22,0,0,0,0
04,013,1042.21,3005,040131042213005,38,38,0,38,0,0,0,0
04,013,1042.21,3006,040131042213006,38,38,0,38,0,0,0,0
04,013,1042.21,3007,040131042213007,23,23,0,23,0,0,0,0
04,013,1042.21,3008,040131042213008,20,20,0,20,0,0,0,0
04,013,1042.21,3009,040131042213009,12,12,0,12,0,0,0,0
04,013,1042.21,3010,040131042213010,20,20,0,20,0,0,0,0
04,013,1042.21,3011,040131042213011,11,11,0,11,1,1,0,1
04,013,1042.21,3012,040131042213012,12,12,0,12,0,0,0,0
04,013,1042.21,3013,040131042213013,17,17,0,17,0,0,0,0
04,013,1042.21,3014,040131042213014,32,32,0,32,0,0,0,0
04,013,1042.21,3015,040131042213015,11,11,0,11,0,0,0,0
04,013,1042.21,3016,040131042213016,8,8,0,8,0,0,0,0
04,013,1042.21,3017,040131042213017,8,8,0,8,0,0,0,0
04,013,1042.21,3018,040131042213018,7,7,0,7,0,0,0,0
04,013,1042.21,4000,040131042214000,14,14,0,14,0,0,0,0
04,013,1042.21,4001,040131042214001,21,21,0,21,1,1,0,1
04,013,1042.21,4002,040131042214002,20,20,0,20,0,0,0,0
04,013,1042.21,4003,040131042214003,20,20,0,20,0,0,0,0
04,013,1042.21,4004,040131042214004,35,35,0,35,1,1,0,1
04,013,1042.21,4005,040131042214005,28,28,0,28,0,0,0,0
04,013,1042.21,4006,040131042214006,44,44,0,44,0,0,0,0
04,013,1042.21,4007,040131042214007,20,20,0,20,0,0,0,0
04,013,1042.21,4008,040131042214008,29,29,0,29,0,0,0,0
04,013,1042.21,4009,040131042214009,35,35,0,35,0,0,0,0
04,013,1042.21,4010,040131042214010,35,35,0,35,0,0,0,0
04,013,1042.21,4011,040131042214011,34,34,0,34,0,0,0,0
04,013,1042.21,4012,040131042214012,34,34,0,34,0,0,0,0
04,013,1042.21,4013,040131042214013,110,110,0,110,0,0,0,0
04,013,1042.21,4014,040131042214014,20,20,0,20,0,0,0,0
04,013,1042.21,4015,040131042214015,31,31,0,31,1,1,0,1
04,013,1042.21,4016,040131042214016,27,27,0,27,0,0,0,0
04,013,1042.21,4017,040131042214017,19,19,0,19,0,0,0,0
04,013,1042.21,4018,040131042214018,34,34,0,34,0,0,0,0
04,013,1042.21,4019,040131042214019,11,11,0,11,1,1,0,1
04,013,1042.22,1000,040131042221000,59,59,0,59,1,1,0,1
04,013,1042.22,1001,040131042221001,16,16,0,16,0,0,0,0
04,013,1042.22,1002,040131042221002,23,23,0,23,0,0,0,0
04,013,1042.22,1003,040131042221003,19,19,0,19,0,0,0,0
04,013,1042.22,1004,040131042221004,28,28,0,28,0,0,0,0
04,013,1042.22,1005,040131042221005,14,14,0,14,0,0,0,0
04,013,1042.22,1006,040131042221006,13,13,0,13,0,0,0,0
04,013,1042.22,1007,040131042221007,35,35,0,35,0,0,0,0
04,013,1042.22,1008,040131042221008,29,29,0,29,1,1,0,1
04,013,1042.22,1009,040131042221009,23,23,0,23,0,0,0,0
04,013,1042.22,1010,040131042221010,42,42,0,42,0,0,0,0
04,013,1042.22,1011,040131042221011,19,19,0,19,0,0,0,0
04,013,1042.22,1012,040131042221012,11,11,0,11,0,0,0,0
04,013,1042.22,1013,040131042221013,18,18,0,18,0,0,0,0
04,013,1042.22,1014,040131042221014,24,24,0,24,0,0,0,0
04,013,1042.22,1015,040131042221015,0,0,0,0,0,0,0,0
04,013,1042.22,2000,040131042222000,31,31,0,31,0,0,0,0
04,013,1042.22,2001,040131042222001,16,16,0,16,0,0,0,0
04,013,1042.22,2002,040131042222002,7,7,0,7,0,0,0,0
04,013,1042.22,2003,040131042222003,150,150,0,150,0,0,0,0
04,013,1042.22,2004,040131042222004,31,31,0,31,0,0,0,0
04,013,1042.22,2005,040131042222005,17,17,0,17,0,0,0,0
04,013,1042.22,2006,040131042222006,49,49,0,49,0,0,0,0
04,013,1042.22,2007,040131042222007,30,30,0,30,0,0,0,0
04,013,1042.22,2008,040131042222008,27,27,0,27,0,0,0,0
04,013,1042.22,2009,040131042222009,10,10,0,10,0,0,0,0
04,013,1042.22,2010,040131042222010,35,35,0,35,0,0,0,0
04,013,1042.22,2011,040131042222011,23,23,0,23,0,0,0,0
04,013,1042.22,2012,040131042222012,20,20,0,20,0,0,0,0
04,013,1042.22,2013,040131042222013,14,14,0,14,0,0,0,0
04,013,1042.22,2014,040131042222014,28,28,0,28,0,0,0,0
04,013,1042.22,2015,040131042222015,26,26,0,26,0,0,0,0
04,013,1042.22,2016,040131042222016,26,26,0,26,0,0,0,0
04,013,1042.22,2017,040131042222017,6,6,0,6,0,0,0,0
04,013,1042.22,2018,040131042222018,30,30,0,30,0,0,0,0
04,013,1042.22,2019,040131042222019,26,26,0,26,0,0,0,0
04,013,1042.22,2020,040131042222020,28,28,0,28,0,0,0,0
04,013,1042.22,2021,040131042222021,28,28,0,28,0,0,0,0
04,013,1042.22,3000,040131042223000,59,59,0,59,1,1,0,1
04,013,1042.22,3001,040131042223001,28,28,0,28,0,0,0,0
04,013,1042.22,3002,040131042223002,21,21,0,21,0,0,0,0
04,013,1042.22,3003,040131042223003,31,31,0,31,0,0,0,0
04,013,1042.22,3004,040131042223004,6,6,0,6,0,0,0,0
04,013,1042.22,3005,040131042223005,30,30,0,30,0,0,0,0
04,013,1042.22,3006,040131042223006,35,35,0,35,0,0,0,0
04,013,1042.22,3007,040131042223007,26,26,0,26,0,0,0,0
04,013,1042.22,3008,040131042223008,58,58,0,58,0,0,0,0
04,013,1042.22,3009,040131042223009,34,34,0,34,0,0,0,0
04,013,1042.22,3010,040131042223010,31,31,0,31,0,0,0,0
04,013,1042.22,3011,040131042223011,28,28,0,28,0,0,0,0
04,013,1042.22,3012,040131042223012,14,14,0,14,2,2,0,2
04,013,1042.22,3013,040131042223013,17,17,0,17,0,0,0,0
04,013,1042.22,3014,040131042223014,25,25,0,25,1,1,0,1
04,013,1042.22,3015,040131042223015,24,24,0,24,0,0,0,0
04,013,1042.22,3016,040131042223016,7,7,0,7,0,0,0,0
04,013,1042.22,3017,040131042223017,16,16,0,16,0,0,0,0
04,013,1042.22,4000,040131042224000,35,35,0,35,0,0,0,0
04,013,1042.22,4001,040131042224001,66,66,0,66,0,0,0,0
04,013,1042.22,4002,040131042224002,46,46,0,46,0,0,0,0
04,013,1042.22,4003,040131042224003,18,18,0,18,0,0,0,0
04,013,1042.22,4004,040131042224004,37,37,0,37,0,0,0,0
04,013,1042.22,4005,040131042224005,44,44,0,44,0,0,0,0
04,013,1042.22,4006,040131042224006,108,108,0,108,0,0,0,0
04,013,1042.22,4007,040131042224007,16,16,0,16,0,0,0,0
04,013,1042.22,4009,040131042224009,29,29,0,29,0,0,0,0
04,013,1042.22,4010,040131042224010,103,103,0,103,0,0,0,0
04,013,1042.22,4011,040131042224011,0,0,0,0,0,0,0,0
04,013,1042.22,4012,040131042224012,0,0,0,0,0,0,0,0
04,013,1042.22,4013,040131042224013,31,31,0,31,0,0,0,0
04,013,1042.22,4014,040131042224014,30,30,0,30,0,0,0,0
04,013,1042.22,4015,040131042224015,22,22,0,22,0,0,0,0
04,013,1042.22,4016,040131042224016,24,24,0,24,0,0,0,0
04,013,1042.22,4017,040131042224017,78,78,0,78,0,0,0,0
04,013,1042.22,4018,040131042224018,60,60,0,60,0,0,0,0
04,013,1042.23,1000,040131042231000,29,29,0,29,0,0,0,0
04,013,1042.23,1001,040131042231001,18,18,0,18,0,0,0,0
04,013,1042.23,1002,040131042231002,18,18,0,18,0,0,0,0
04,013,1042.23,1003,040131042231003,7,7,0,7,0,0,0,0
04,013,1042.23,1004,040131042231004,18,18,0,18,0,0,0,0
04,013,1042.23,1005,040131042231005,14,14,0,14,0,0,0,0
04,013,1042.23,1006,040131042231006,14,14,0,14,0,0,0,0
04,013,1042.23,1007,040131042231007,18,18,0,18,0,0,0,0
04,013,1042.23,1008,040131042231008,0,0,0,0,0,0,0,0
04,013,1042.23,1009,040131042231009,34,34,0,34,0,0,0,0
04,013,1042.23,1010,040131042231010,22,22,0,22,0,0,0,0
04,013,1042.23,1011,040131042231011,22,22,0,22,0,0,0,0
04,013,1042.23,1012,040131042231012,28,28,0,28,1,1,0,1
04,013,1042.23,1013,040131042231013,29,29,0,29,0,0,0,0
04,013,1042.23,1014,040131042231014,22,22,0,22,0,0,0,0
04,013,1042.23,1015,040131042231015,3,3,0,3,1,1,0,1
04,013,1042.23,1016,040131042231016,10,10,0,10,0,0,0,0
04,013,1042.23,1017,040131042231017,19,19,0,19,0,0,0,0
04,013,1042.23,2001,040131042232001,0,0,0,0,0,0,0,0
04,013,1042.23,2002,040131042232002,1,1,0,1,0,0,0,0
04,013,1042.23,2003,040131042232003,0,0,0,0,0,0,0,0
04,013,1042.23,2004,040131042232004,108,108,0,108,0,0,0,0
04,013,1042.23,2005,040131042232005,6,6,0,6,0,0,0,0
04,013,1042.23,2006,040131042232006,13,13,0,13,0,0,0,0
04,013,1042.23,2007,040131042232007,11,11,0,11,1,1,0,1
04,013,1042.23,2008,040131042232008,7,7,0,7,0,0,0,0
04,013,1042.23,2009,040131042232009,6,6,0,6,0,0,0,0
04,013,1042.23,2010,040131042232010,11,11,0,11,0,0,0,0
04,013,1042.23,2011,040131042232011,18,18,0,18,0,0,0,0
04,013,1042.23,2012,040131042232012,11,11,0,11,0,0,0,0
04,013,1042.23,2013,040131042232013,18,18,0,18,1,1,0,1
04,013,1042.23,2014,040131042232014,30,30,0,30,0,0,0,0
04,013,1042.23,2015,040131042232015,9,9,0,9,0,0,0,0
04,013,1042.23,2016,040131042232016,0,0,0,0,0,0,0,0
04,013,1042.23,2017,040131042232017,19,19,0,19,0,0,0,0
04,013,1042.23,2018,040131042232018,13,13,0,13,0,0,0,0
04,013,1042.23,2019,040131042232019,12,12,0,12,0,0,0,0
04,013,1042.23,2020,040131042232020,12,12,0,12,0,0,0,0
04,013,1042.23,2021,040131042232021,13,13,0,13,0,0,0,0
04,013,1042.23,2022,040131042232022,7,7,0,7,0,0,0,0
04,013,1042.24,1003,040131042241003,0,0,0,0,0,0,0,0
04,013,1042.24,1004,040131042241004,0,0,0,0,0,0,0,0
04,013,1042.24,1005,040131042241005,0,0,0,0,0,0,0,0
04,013,1042.24,1007,040131042241007,134,134,0,134,0,0,0,0
04,013,1042.24,1010,040131042241010,152,152,0,152,0,0,0,0
04,013,1042.24,1011,040131042241011,0,0,0,0,0,0,0,0
04,013,1042.24,1012,040131042241012,54,54,0,54,0,0,0,0
04,013,1042.24,1013,040131042241013,24,24,0,24,0,0,0,0
04,013,1042.24,1014,040131042241014,44,44,0,44,0,0,0,0
04,013,1042.24,1015,040131042241015,20,20,0,20,0,0,0,0
04,013,1042.24,1017,040131042241017,22,22,0,22,0,0,0,0
04,013,1042.24,1018,040131042241018,20,20,0,20,0,0,0,0
04,013,1042.24,2000,040131042242000,24,24,0,24,0,0,0,0
04,013,1042.24,2001,040131042242001,24,24,0,24,0,0,0,0
04,013,1042.24,2002,040131042242002,23,23,0,23,0,0,0,0
04,013,1042.24,2003,040131042242003,42,42,0,42,0,0,0,0
04,013,1042.24,2004,040131042242004,11,11,0,11,0,0,0,0
04,013,1042.24,2005,040131042242005,35,35,0,35,0,0,0,0
04,013,1042.24,2006,040131042242006,0,0,0,0,0,0,0,0
04,013,1042.24,2007,040131042242007,35,35,0,35,0,0,0,0
04,013,1042.24,2008,040131042242008,18,18,0,18,0,0,0,0
04,013,1042.24,2009,040131042242009,26,26,0,26,1,1,0,1
04,013,1042.24,2010,040131042242010,31,31,0,31,0,0,0,0
04,013,1042.24,2011,040131042242011,33,33,0,33,0,0,0,0
04,013,1042.24,2012,040131042242012,16,16,0,16,1,1,0,1
04,013,1042.24,2013,040131042242013,0,0,0,0,0,0,0,0
04,013,1042.24,2014,040131042242014,0,0,0,0,0,0,0,0
04,013,1042.24,2015,040131042242015,0,0,0,0,0,0,0,0
04,013,1042.24,2016,040131042242016,0,0,0,0,0,0,0,0
04,013,1042.24,2017,040131042242017,29,29,0,29,0,0,0,0
04,013,1042.24,2018,040131042242018,23,23,0,23,0,0,0,0
04,013,1042.24,2019,040131042242019,27,27,0,27,0,0,0,0
04,013,1042.24,2020,040131042242020,17,17,0,17,0,0,0,0
04,013,1042.24,2021,040131042242021,19,19,0,19,0,0,0,0
04,013,1042.24,2022,040131042242022,23,23,0,23,0,0,0,0
04,013,1042.24,2023,040131042242023,29,29,0,29,0,0,0,0
04,013,1042.24,2024,040131042242024,23,23,0,23,2,2,0,2
04,013,1042.24,2025,040131042242025,40,40,0,40,0,0,0,0
04,013,1042.24,2026,040131042242026,33,33,0,33,0,0,0,0
04,013,1042.24,2027,040131042242027,43,43,0,43,0,0,0,0
04,013,1042.24,2028,040131042242028,16,16,0,16,0,0,0,0
04,013,1042.24,2031,040131042242031,40,40,0,40,0,0,0,0
04,013,1042.24,3000,040131042243000,474,474,0,474,0,0,0,0
04,013,1042.24,3001,040131042243001,0,0,0,0,0,0,0,0
04,013,1042.24,3002,040131042243002,201,201,0,201,0,0,0,0
04,013,1042.24,3003,040131042243003,1,1,0,1,0,0,0,0
04,013,1042.24,3004,040131042243004,1,1,0,1,0,0,0,0
04,013,1042.24,3005,040131042243005,0,0,0,0,0,0,0,0
04,013,1042.24,3006,040131042243006,0,0,0,0,0,0,0,0
04,013,1042.24,3007,040131042243007,0,0,0,0,1,1,0,1
04,013,1042.24,3009,040131042243009,76,76,0,76,0,0,0,0
04,013,1042.24,3010,040131042243010,76,76,0,76,0,0,0,0
04,013,1042.24,3011,040131042243011,0,0,0,0,0,0,0,0
04,013,1042.24,3012,040131042243012,3,3,0,3,0,0,0,0
04,013,1042.24,3013,040131042243013,6,6,0,6,0,0,0,0
04,013,1042.24,3014,040131042243014,1,1,0,1,0,0,0,0
04,013,1042.24,3015,040131042243015,0,0,0,0,0,0,0,0
04,013,1042.24,3016,040131042243016,0,0,0,0,0,0,0,0
04,013,1042.24,3017,040131042243017,86,86,0,86,0,0,0,0
04,013,1042.24,3018,040131042243018,0,0,0,0,0,0,0,0
04,013,1042.24,3019,040131042243019,6,6,0,6,0,0,0,0
04,013,1042.24,3020,040131042243020,1,1,0,1,0,0,0,0
04,013,1042.24,3021,040131042243021,1,1,0,1,0,0,0,0
04,013,1042.24,4000,040131042244000,0,0,0,0,0,0,0,0
04,013,1042.24,4001,040131042244001,0,0,0,0,0,0,0,0
04,013,1042.24,4002,040131042244002,119,119,0,119,0,0,0,0
04,013,1042.24,4003,040131042244003,20,20,0,20,0,0,0,0
04,013,1042.24,4004,040131042244004,27,27,0,27,0,0,0,0
04,013,1042.24,4005,040131042244005,15,15,0,15,0,0,0,0
04,013,1042.24,4006,040131042244006,23,23,0,23,0,0,0,0
04,013,1042.24,4007,040131042244007,19,19,0,19,0,0,0,0
04,013,1042.24,4008,040131042244008,7,7,0,7,0,0,0,0
04,013,1042.24,4009,040131042244009,21,21,0,21,0,0,0,0
04,013,1042.24,4010,040131042244010,24,24,0,24,0,0,0,0
04,013,1042.24,4011,040131042244011,19,19,0,19,0,0,0,0
04,013,1042.24,4012,040131042244012,0,0,0,0,0,0,0,0
04,013,1042.24,4013,040131042244013,0,0,0,0,0,0,0,0
04,013,1042.24,4014,040131042244014,20,20,0,20,0,0,0,0
04,013,1042.24,4015,040131042244015,26,26,0,26,0,0,0,0
04,013,1042.24,4016,040131042244016,35,35,0,35,0,0,0,0
04,013,1042.24,4017,040131042244017,23,23,0,23,0,0,0,0
04,013,1042.24,4018,040131042244018,32,32,0,32,0,0,0,0
04,013,1042.24,4019,040131042244019,13,13,0,13,0,0,0,0
04,013,1042.24,4020,040131042244020,7,7,0,7,0,0,0,0
04,013,1042.24,4021,040131042244021,26,26,0,26,0,0,0,0
04,013,1042.27,1002,040131042271002,0,0,0,0,0,0,0,0
04,013,1042.27,1004,040131042271004,47,47,0,47,0,0,0,0
04,013,1042.27,1005,040131042271005,33,33,0,33,0,0,0,0
04,013,1042.27,1006,040131042271006,9,9,0,9,0,0,0,0
04,013,1042.27,1007,040131042271007,15,15,0,15,0,0,0,0
04,013,1042.27,1008,040131042271008,12,12,0,12,0,0,0,0
04,013,1042.27,1009,040131042271009,10,10,0,10,0,0,0,0
04,013,1042.27,1010,040131042271010,14,14,0,14,0,0,0,0
04,013,1042.27,1011,040131042271011,29,29,0,29,0,0,0,0
04,013,1042.27,1012,040131042271012,20,20,0,20,0,0,0,0
04,013,1042.27,1013,040131042271013,18,18,0,18,0,0,0,0
04,013,1042.27,1014,040131042271014,32,32,0,32,0,0,0,0
04,013,1042.27,1015,040131042271015,20,20,0,20,0,0,0,0
04,013,1042.27,1016,040131042271016,24,24,0,24,0,0,0,0
04,013,1042.27,1017,040131042271017,9,9,0,9,0,0,0,0
04,013,1042.27,1018,040131042271018,10,10,0,10,0,0,0,0
04,013,1042.27,1019,040131042271019,24,24,0,24,0,0,0,0
04,013,1042.27,1020,040131042271020,183,183,0,183,0,0,0,0
04,013,1042.27,1021,040131042271021,9,9,0,9,0,0,0,0
04,013,1042.27,1022,040131042271022,8,8,0,8,0,0,0,0
04,013,1042.27,1023,040131042271023,18,18,0,18,0,0,0,0
04,013,1042.27,2001,040131042272001,0,0,0,0,0,0,0,0
04,013,1042.27,2003,040131042272003,0,0,0,0,0,0,0,0
04,013,1042.27,2004,040131042272004,15,15,0,15,0,0,0,0
04,013,1042.27,2005,040131042272005,30,30,0,30,0,0,0,0
04,013,1042.27,2006,040131042272006,23,23,0,23,0,0,0,0
04,013,1042.27,2007,040131042272007,22,22,0,22,0,0,0,0
04,013,1042.27,2008,040131042272008,14,14,0,14,0,0,0,0
04,013,1042.27,2009,040131042272009,17,17,0,17,0,0,0,0
04,013,1042.27,2010,040131042272010,22,22,0,22,0,0,0,0
04,013,1042.27,2011,040131042272011,21,21,0,21,0,0,0,0
04,013,1042.27,2012,040131042272012,33,33,0,33,0,0,0,0
04,013,1042.27,2013,040131042272013,31,31,0,31,0,0,0,0
04,013,1042.27,2014,040131042272014,10,10,0,10,0,0,0,0
04,013,1042.27,2015,040131042272015,29,29,0,29,0,0,0,0
04,013,1042.27,2016,040131042272016,29,29,0,29,0,0,0,0
04,013,1093.00,1001,040131093001001,0,0,0,0,0,0,0,0
04,013,1093.00,1005,040131093001005,0,0,0,0,0,0,0,0
04,013,1094.00,1000,040131094001000,0,0,0,0,0,0,0,0
04,013,1094.00,1001,040131094001001,0,0,0,0,0,0,0,0
04,013,1094.00,1002,040131094001002,0,0,0,0,0,0,0,0
04,013,1094.00,1003,040131094001003,0,0,0,0,0,0,0,0
04,013,1094.00,2000,040131094002000,0,0,0,0,0,0,0,0
04,013,1094.00,2001,040131094002001,0,0,0,0,0,0,0,0
04,013,1094.00,3000,040131094003000,0,0,0,0,0,0,0,0
04,013,1094.00,3001,040131094003001,0,0,0,0,0,0,0,0
04,013,1095.00,1000,040131095001000,0,0,0,0,0,0,0,0
04,013,1095.00,1001,040131095001001,0,0,0,0,0,0,0,0
04,013,1095.00,1002,040131095001002,0,0,0,0,0,0,0,0
04,013,1095.00,1003,040131095001003,0,0,0,0,0,0,0,0
04,013,1095.00,1004,040131095001004,0,0,0,0,0,0,0,0
04,013,1095.00,1005,040131095001005,0,0,0,0,0,0,0,0
04,013,1095.00,1006,040131095001006,0,0,0,0,0,0,0,0
04,013,1095.00,1007,040131095001007,0,0,0,0,0,0,0,0
04,013,1095.00,3000,040131095003000,0,0,0,0,0,0,0,0
04,013,1095.00,3001,040131095003001,0,0,0,0,0,0,0,0
04,013,1095.00,3002,040131095003002,0,0,0,0,0,0,0,0
04,013,1095.00,3003,040131095003003,0,0,0,0,0,0,0,0
04,013,1095.00,3004,040131095003004,0,0,0,0,0,0,0,0
04,013,1095.00,3005,040131095003005,0,0,0,0,0,0,0,0
04,013,1096.01,1000,040131096011000,0,0,0,0,0,0,0,0
04,013,1096.01,1001,040131096011001,0,0,0,0,0,0,0,0
04,013,1096.01,1002,040131096011002,0,0,0,0,0,0,0,0
04,013,1096.01,1003,040131096011003,0,0,0,0,0,0,0,0
04,013,1096.02,1000,040131096021000,0,0,0,0,0,0,0,0
04,013,1096.02,1001,040131096021001,0,0,0,0,0,0,0,0
04,013,1096.03,3000,040131096033000,0,0,0,0,0,0,0,0
04,013,1096.03,3001,040131096033001,0,0,0,0,0,0,0,0
04,013,1096.04,1000,040131096041000,0,0,0,0,0,0,0,0
04,013,1096.04,1001,040131096041001,0,0,0,0,0,0,0,0
04,013,1096.04,1002,040131096041002,0,0,0,0,0,0,0,0
04,013,1096.04,1003,040131096041003,0,0,0,0,0,0,0,0
04,013,1096.04,1004,040131096041004,0,0,0,0,0,0,0,0
04,013,1096.04,2001,040131096042001,0,0,0,0,0,0,0,0
04,013,6139.00,1000,040136139001000,0,0,0,0,0,0,0,0
04,013,6139.00,1001,040136139001001,0,0,0,0,0,0,0,0
04,013,6139.00,2032,040136139002032,0,0,0,0,0,0,0,0
04,013,6140.00,1001,040136140001001,68,68,0,68,0,0,0,0
04,013,6140.00,1002,040136140001002,27,27,0,27,0,0,0,0
04,013,6140.00,1003,040136140001003,21,21,0,21,0,0,0,0
04,013,6140.00,1004,040136140001004,19,19,0,19,0,0,0,0
04,013,6140.00,1005,040136140001005,7,7,0,7,1,1,0,1
04,013,6140.00,1006,040136140001006,11,11,0,11,0,0,0,0
04,013,6140.00,1007,040136140001007,13,13,0,13,0,0,0,0
04,013,6140.00,1008,040136140001008,24,24,0,24,0,0,0,0
04,013,6140.00,1009,040136140001009,14,14,0,14,0,0,0,0
04,013,6140.00,1010,040136140001010,106,106,0,106,0,0,0,0
04,013,6140.00,1011,040136140001011,45,45,0,45,0,0,0,0
04,013,6140.00,1012,040136140001012,0,0,0,0,0,0,0,0
04,013,6140.00,1013,040136140001013,0,0,0,0,0,0,0,0
04,013,6140.00,1014,040136140001014,29,29,0,29,1,1,0,1
04,013,6140.00,1015,040136140001015,14,14,0,14,0,0,0,0
04,013,6140.00,1016,040136140001016,7,7,0,7,0,0,0,0
04,013,6140.00,1017,040136140001017,32,32,0,32,0,0,0,0
04,013,6140.00,1018,040136140001018,0,0,0,0,0,0,0,0
04,013,6140.00,2000,040136140002000,72,72,0,72,2,2,0,2
04,013,6140.00,2001,040136140002001,28,28,0,28,0,0,0,0
04,013,6140.00,2002,040136140002002,24,24,0,24,0,0,0,0
04,013,6140.00,2003,040136140002003,17,17,0,17,0,0,0,0
04,013,6140.00,2004,040136140002004,55,55,0,55,0,0,0,0
04,013,6140.00,2005,040136140002005,23,23,0,23,0,0,0,0
04,013,6140.00,2006,040136140002006,27,27,0,27,0,0,0,0
04,013,6140.00,2007,040136140002007,33,33,0,33,0,0,0,0
04,013,6140.00,2008,040136140002008,0,0,0,0,0,0,0,0
04,013,6140.00,2009,040136140002009,0,0,0,0,0,0,0,0
04,013,6140.00,2012,040136140002012,16,16,0,16,0,0,0,0
04,013,6140.00,2013,040136140002013,0,0,0,0,0,0,0,0
04,013,6140.00,2014,040136140002014,0,0,0,0,0,0,0,0
04,013,6140.00,2015,040136140002015,12,12,0,12,0,0,0,0
04,013,6140.00,2016,040136140002016,0,0,0,0,0,0,0,0
04,013,6140.00,2017,040136140002017,82,82,0,82,0,0,0,0
04,013,6140.00,2018,040136140002018,25,25,0,25,0,0,0,0
04,013,6140.00,2019,040136140002019,27,27,0,27,0,0,0,0
04,013,6140.00,2020,040136140002020,40,40,0,40,0,0,0,0
04,013,6140.00,2021,040136140002021,30,30,0,30,0,0,0,0
04,013,6140.00,2022,040136140002022,38,38,0,38,0,0,0,0
04,013,6140.00,2023,040136140002023,0,0,0,0,0,0,0,0
04,013,6140.00,2024,040136140002024,31,31,0,31,0,0,0,0
04,013,6140.00,2025,040136140002025,0,0,0,0,0,0,0,0
04,013,6140.00,2026,040136140002026,21,21,0,21,0,0,0,0
04,013,6140.00,3000,040136140003000,0,0,0,0,0,0,0,0
04,013,6140.00,3001,040136140003001,33,33,0,33,0,0,0,0
04,013,6140.00,3002,040136140003002,14,14,0,14,0,0,0,0
04,013,6140.00,3003,040136140003003,18,18,0,18,0,0,0,0
04,013,6140.00,3004,040136140003004,12,12,0,12,0,0,0,0
04,013,6140.00,3005,040136140003005,16,16,0,16,0,0,0,0
04,013,6140.00,3006,040136140003006,13,13,0,13,0,0,0,0
04,013,6140.00,3007,040136140003007,12,12,0,12,0,0,0,0
04,013,6140.00,3008,040136140003008,50,50,0,50,0,0,0,0
04,013,6140.00,3009,040136140003009,131,131,0,131,1,1,0,1
04,013,6140.00,3010,040136140003010,20,20,0,20,0,0,0,0
04,013,6140.00,3011,040136140003011,24,24,0,24,1,1,0,1
04,013,6140.00,3012,040136140003012,17,17,0,17,0,0,0,0
04,013,6140.00,3013,040136140003013,5,5,0,5,0,0,0,0
04,013,6140.00,3015,040136140003015,19,19,0,19,0,0,0,0
04,013,6140.00,3016,040136140003016,20,20,0,20,0,0,0,0
04,013,6140.00,3017,040136140003017,24,24,0,24,0,0,0,0
04,013,6140.00,3018,040136140003018,14,14,0,14,1,1,0,1
04,013,6140.00,3019,040136140003019,6,6,0,6,1,1,0,1
04,013,6140.00,3020,040136140003020,49,49,0,49,0,0,0,0
04,013,6140.00,3021,040136140003021,25,25,0,25,0,0,0,0
04,013,6140.00,3022,040136140003022,17,17,0,17,0,0,0,0
04,013,6141.00,1000,040136141001000,29,29,0,29,0,0,0,0
04,013,6141.00,1002,040136141001002,19,19,0,19,0,0,0,0
04,013,6141.00,1003,040136141001003,14,14,0,14,0,0,0,0
04,013,6141.00,1006,040136141001006,0,0,0,0,0,0,0,0
04,013,6141.00,1008,040136141001008,17,17,0,17,0,0,0,0
04,013,6141.00,1009,040136141001009,0,0,0,0,0,0,0,0
04,013,6141.00,1010,040136141001010,0,0,0,0,0,0,0,0
04,013,6141.00,1011,040136141001011,0,0,0,0,0,0,0,0
04,013,6141.00,1012,040136141001012,0,0,0,0,0,0,0,0
04,013,6141.00,1014,040136141001014,0,0,0,0,0,0,0,0
04,013,6141.00,1015,040136141001015,0,0,0,0,0,0,0,0
04,013,6141.00,1018,040136141001018,0,0,0,0,0,0,0,0
04,013,6141.00,1019,040136141001019,0,0,0,0,0,0,0,0
04,013,6141.00,1020,040136141001020,0,0,0,0,0,0,0,0
04,013,6141.00,1021,040136141001021,0,0,0,0,0,0,0,0
04,013,6141.00,1022,040136141001022,253,253,0,253,0,0,0,0
04,013,6141.00,1023,040136141001023,38,38,0,38,0,0,0,0
04,013,6141.00,1024,040136141001024,36,36,0,36,1,1,0,1
04,013,6141.00,1025,040136141001025,16,16,0,16,0,0,0,0
04,013,6141.00,1026,040136141001026,12,12,0,12,0,0,0,0
04,013,6141.00,1028,040136141001028,0,0,0,0,0,0,0,0
04,013,6141.00,1029,040136141001029,121,121,0,121,0,0,0,0
04,013,6141.00,1030,040136141001030,34,34,0,34,0,0,0,0
04,013,6141.00,1031,040136141001031,4,4,0,4,0,0,0,0
04,013,6141.00,2000,040136141002000,33,33,0,33,0,0,0,0
04,013,6141.00,2001,040136141002001,19,19,0,19,0,0,0,0
04,013,6141.00,2002,040136141002002,42,42,0,42,0,0,0,0
04,013,6141.00,2003,040136141002003,26,26,0,26,0,0,0,0
04,013,6141.00,2004,040136141002004,152,152,0,152,0,0,0,0
04,013,6141.00,2005,040136141002005,18,18,0,18,2,2,0,2
04,013,6141.00,2006,040136141002006,15,15,0,15,0,0,0,0
04,013,6141.00,2007,040136141002007,15,15,0,15,0,0,0,0
04,013,6141.00,2008,040136141002008,21,21,0,21,0,0,0,0
04,013,6141.00,2009,040136141002009,13,13,0,13,2,2,0,2
04,013,6141.00,2010,040136141002010,0,0,0,0,0,0,0,0
04,013,6141.00,2011,040136141002011,43,43,0,43,0,0,0,0
04,013,6141.00,2012,040136141002012,38,38,0,38,1,1,0,1
04,013,6141.00,3000,040136141003000,94,94,0,94,0,0,0,0
04,013,6141.00,3001,040136141003001,28,28,0,28,0,0,0,0
04,013,6141.00,3002,040136141003002,28,28,0,28,0,0,0,0
04,013,6141.00,3003,040136141003003,256,256,0,256,0,0,0,0
04,013,6141.00,3004,040136141003004,10,10,0,10,0,0,0,0
04,013,6141.00,3005,040136141003005,27,27,0,27,0,0,0,0
04,013,6141.00,3006,040136141003006,57,57,0,57,0,0,0,0
04,013,6141.00,3007,040136141003007,12,12,0,12,0,0,0,0
04,013,6141.00,3008,040136141003008,36,36,0,36,0,0,0,0
04,013,6141.00,3010,040136141003010,0,0,0,0,0,0,0,0
04,013,6141.00,4000,040136141004000,26,26,0,26,0,0,0,0
04,013,6141.00,4001,040136141004001,18,18,0,18,0,0,0,0
04,013,6141.00,4002,040136141004002,32,32,0,32,0,0,0,0
04,013,6141.00,4003,040136141004003,32,32,0,32,0,0,0,0
04,013,6141.00,4004,040136141004004,21,21,0,21,0,0,0,0
04,013,6141.00,4005,040136141004005,151,151,0,151,0,0,0,0
04,013,6141.00,4006,040136141004006,6,6,0,6,0,0,0,0
04,013,6141.00,4007,040136141004007,31,31,0,31,0,0,0,0
04,013,6141.00,4008,040136141004008,44,44,0,44,0,0,0,0
04,013,6141.00,4009,040136141004009,22,22,0,22,0,0,0,0
04,013,6141.00,4010,040136141004010,22,22,0,22,0,0,0,0
04,013,6141.00,4011,040136141004011,25,25,0,25,0,0,0,0
04,013,6141.00,4012,040136141004012,24,24,0,24,0,0,0,0
04,013,6141.00,4013,040136141004013,43,43,0,43,0,0,0,0
04,013,6141.00,4014,040136141004014,21,21,0,21,0,0,0,0
04,013,6141.00,4015,040136141004015,39,39,0,39,0,0,0,0
04,013,6141.00,4016,040136141004016,21,21,0,21,0,0,0,0
04,013,6141.00,4017,040136141004017,51,51,0,51,0,0,0,0
04,013,6141.00,4018,040136141004018,27,27,0,27,0,0,0,0
04,013,6141.00,4019,040136141004019,28,28,0,28,0,0,0,0
04,013,6142.00,1001,040136142001001,0,0,0,0,0,0,0,0
04,013,6142.00,1002,040136142001002,178,178,0,178,0,0,0,0
04,013,6142.00,1003,040136142001003,12,12,0,12,0,0,0,0
04,013,6142.00,1005,040136142001005,20,20,0,20,0,0,0,0
04,013,6142.00,1006,040136142001006,0,0,0,0,0,0,0,0
04,013,6142.00,1007,040136142001007,12,12,0,12,0,0,0,0
04,013,6142.00,1008,040136142001008,37,37,0,37,0,0,0,0
04,013,6142.00,1009,040136142001009,25,25,0,25,0,0,0,0
04,013,6142.00,1010,040136142001010,12,12,0,12,0,0,0,0
04,013,6142.00,1011,040136142001011,12,12,0,12,0,0,0,0
04,013,6142.00,1012,040136142001012,126,126,0,126,1,1,0,1
04,013,6142.00,1013,040136142001013,13,13,0,13,0,0,0,0
04,013,6142.00,1014,040136142001014,6,6,0,6,0,0,0,0
04,013,6142.00,1015,040136142001015,17,17,0,17,1,1,0,1
04,013,6142.00,1016,040136142001016,34,34,0,34,0,0,0,0
04,013,6142.00,1017,040136142001017,0,0,0,0,0,0,0,0
04,013,6142.00,1018,040136142001018,42,42,0,42,0,0,0,0
04,013,6142.00,1022,040136142001022,0,0,0,0,0,0,0,0
04,013,6142.00,2000,040136142002000,20,20,0,20,0,0,0,0
04,013,6142.00,2001,040136142002001,43,43,0,43,0,0,0,0
04,013,6142.00,2002,040136142002002,11,11,0,11,0,0,0,0
04,013,6142.00,2003,040136142002003,23,23,0,23,0,0,0,0
04,013,6142.00,2004,040136142002004,349,349,0,349,0,0,0,0
04,013,6142.00,2005,040136142002005,27,27,0,27,0,0,0,0
04,013,6142.00,2006,040136142002006,10,10,0,10,0,0,0,0
04,013,6142.00,2008,040136142002008,10,10,0,10,0,0,0,0
04,013,6142.00,2009,040136142002009,9,9,0,9,0,0,0,0
04,013,6142.00,2010,040136142002010,8,8,0,8,0,0,0,0
04,013,6142.00,2011,040136142002011,131,131,0,131,0,0,0,0
04,013,6142.00,2012,040136142002012,33,33,0,33,0,0,0,0
04,013,6142.00,2013,040136142002013,14,14,0,14,0,0,0,0
04,013,6142.00,2014,040136142002014,49,49,0,49,0,0,0,0
04,013,6142.00,2015,040136142002015,59,59,0,59,0,0,0,0
04,013,6142.00,2016,040136142002016,33,33,0,33,0,0,0,0
04,013,6142.00,2017,040136142002017,13,13,0,13,1,1,0,1
04,013,6142.00,2018,040136142002018,0,0,0,0,0,0,0,0
04,013,6142.00,2019,040136142002019,0,0,0,0,0,0,0,0
04,013,6142.00,3000,040136142003000,116,116,0,116,0,0,0,0
04,013,6142.00,3001,040136142003001,5,5,0,5,0,0,0,0
04,013,6142.00,3002,040136142003002,105,105,0,105,0,0,0,0
04,013,6142.00,3003,040136142003003,16,16,0,16,0,0,0,0
04,013,6142.00,3004,040136142003004,10,10,0,10,0,0,0,0
04,013,6142.00,3005,040136142003005,140,140,0,140,0,0,0,0
04,013,6142.00,3006,040136142003006,15,15,0,15,0,0,0,0
04,013,6142.00,3007,040136142003007,42,42,0,42,0,0,0,0
04,013,6142.00,3008,040136142003008,9,9,0,9,0,0,0,0
04,013,6142.00,3009,040136142003009,94,94,0,94,0,0,0,0
04,013,6142.00,3010,040136142003010,13,13,0,13,0,0,0,0
04,013,6142.00,3011,040136142003011,45,45,0,45,0,0,0,0
04,013,6142.00,3012,040136142003012,0,0,0,0,0,0,0,0
04,013,6143.00,1007,040136143001007,75,75,0,75,0,0,0,0
04,013,6143.00,1008,040136143001008,29,29,0,29,0,0,0,0
04,013,6143.00,1010,040136143001010,0,0,0,0,0,0,0,0
04,013,6143.00,1011,040136143001011,79,79,0,79,0,0,0,0
04,013,6143.00,1012,040136143001012,27,27,0,27,0,0,0,0
04,013,6143.00,1013,040136143001013,15,15,0,15,0,0,0,0
04,013,6143.00,1014,040136143001014,0,0,0,0,0,0,0,0
04,013,6143.00,1016,040136143001016,0,0,0,0,0,0,0,0
04,013,6143.00,1017,040136143001017,51,51,0,51,0,0,0,0
04,013,6143.00,1018,040136143001018,134,134,0,134,1,1,0,1
04,013,6143.00,1019,040136143001019,29,29,0,29,0,0,0,0
04,013,6143.00,1020,040136143001020,0,0,0,0,0,0,0,0
04,013,6143.00,1021,040136143001021,5,5,0,5,0,0,0,0
04,013,6143.00,1022,040136143001022,0,0,0,0,0,0,0,0
04,013,6143.00,1023,040136143001023,0,0,0,0,0,0,0,0
04,013,6143.00,1027,040136143001027,0,0,0,0,0,0,0,0
04,013,6143.00,1029,040136143001029,0,0,0,0,0,0,0,0
04,013,6143.00,2000,040136143002000,149,149,0,149,0,0,0,0
04,013,6143.00,2001,040136143002001,50,50,0,50,0,0,0,0
04,013,6143.00,2002,040136143002002,55,55,0,55,1,1,0,1
04,013,6143.00,2003,040136143002003,10,10,0,10,0,0,0,0
04,013,6143.00,2004,040136143002004,37,37,0,37,0,0,0,0
04,013,6143.00,2005,040136143002005,26,26,0,26,0,0,0,0
04,013,6143.00,2006,040136143002006,134,134,0,134,0,0,0,0
04,013,6143.00,2007,040136143002007,56,56,0,56,0,0,0,0
04,013,6143.00,2008,040136143002008,7,7,0,7,0,0,0,0
04,013,6143.00,2009,040136143002009,7,7,0,7,0,0,0,0
04,013,6143.00,3000,040136143003000,132,132,0,132,0,0,0,0
04,013,6143.00,3001,040136143003001,11,11,0,11,0,0,0,0
04,013,6143.00,3002,040136143003002,2,2,0,2,0,0,0,0
04,013,6143.00,3003,040136143003003,27,27,0,27,0,0,0,0
04,013,6143.00,3004,040136143003004,9,9,0,9,0,0,0,0
04,013,6143.00,3005,040136143003005,8,8,0,8,0,0,0,0
04,013,6143.00,3006,040136143003006,35,35,0,35,0,0,0,0
04,013,6143.00,3007,040136143003007,45,45,0,45,0,0,0,0
04,013,6143.00,3008,040136143003008,14,14,0,14,0,0,0,0
04,013,6143.00,3009,040136143003009,32,32,0,32,0,0,0,0
04,013,6143.00,3010,040136143003010,28,28,0,28,0,0,0,0
04,013,6143.00,3011,040136143003011,0,0,0,0,0,0,0,0
04,013,6143.00,3013,040136143003013,0,0,0,0,0,0,0,0
04,013,6156.00,2005,040136156002005,0,0,0,0,0,0,0,0
04,013,6156.00,2009,040136156002009,0,0,0,0,0,0,0,0
04,013,6156.00,2010,040136156002010,0,0,0,0,0,0,0,0
04,013,6156.00,2011,040136156002011,0,0,0,0,0,0,0,0
04,013,6156.00,2013,040136156002013,0,0,0,0,0,0,0,0
04,013,6157.00,1000,040136157001000,0,0,0,0,0,0,0,0
04,013,6157.00,1001,040136157001001,0,0,0,0,0,0,0,0
04,013,6157.00,1002,040136157001002,28,28,0,28,0,0,0,0
04,013,6157.00,1003,040136157001003,14,14,0,14,0,0,0,0
04,013,6157.00,1004,040136157001004,91,91,0,91,0,0,0,0
04,013,6157.00,1005,040136157001005,22,22,0,22,0,0,0,0
04,013,6157.00,1006,040136157001006,115,115,0,115,0,0,0,0
04,013,6157.00,1007,040136157001007,5,5,0,5,0,0,0,0
04,013,6157.00,1008,040136157001008,12,12,0,12,0,0,0,0
04,013,6157.00,1009,040136157001009,8,8,0,8,0,0,0,0
04,013,6157.00,1010,040136157001010,16,16,0,16,0,0,0,0
04,013,6157.00,1011,040136157001011,0,0,0,0,0,0,0,0
04,013,6157.00,1012,040136157001012,0,0,0,0,0,0,0,0
04,013,6157.00,1013,040136157001013,0,0,0,0,0,0,0,0
04,013,6157.00,1014,040136157001014,0,0,0,0,0,0,0,0
04,013,6157.00,1015,040136157001015,0,0,0,0,0,0,0,0
04,013,6157.00,1017,040136157001017,0,0,0,0,0,0,0,0
04,013,6157.00,1018,040136157001018,0,0,0,0,0,0,0,0
04,013,6157.00,1019,040136157001019,0,0,0,0,0,0,0,0
04,013,6157.00,1020,040136157001020,60,60,0,60,1,1,0,1
04,013,6157.00,1021,040136157001021,19,19,0,19,0,0,0,0
04,013,6157.00,1022,040136157001022,17,17,0,17,0,0,0,0
04,013,6157.00,1023,040136157001023,5,5,0,5,0,0,0,0
04,013,6157.00,1024,040136157001024,24,24,0,24,0,0,0,0
04,013,6157.00,1025,040136157001025,18,18,0,18,0,0,0,0
04,013,6157.00,1026,040136157001026,20,20,0,20,1,1,0,1
04,013,6157.00,1027,040136157001027,4,4,0,4,0,0,0,0
04,013,6157.00,1028,040136157001028,64,64,0,64,0,0,0,0
04,013,6157.00,1029,040136157001029,8,8,0,8,0,0,0,0
04,013,6157.00,1030,040136157001030,10,10,0,10,0,0,0,0
04,013,6157.00,1031,040136157001031,22,22,0,22,0,0,0,0
04,013,6157.00,1032,040136157001032,0,0,0,0,0,0,0,0
04,013,6157.00,2000,040136157002000,108,108,0,108,0,0,0,0
04,013,6157.00,2001,040136157002001,148,148,0,148,0,0,0,0
04,013,6157.00,2002,040136157002002,11,11,0,11,0,0,0,0
04,013,6157.00,2003,040136157002003,17,17,0,17,0,0,0,0
04,013,6157.00,2004,040136157002004,49,49,0,49,0,0,0,0
04,013,6157.00,2005,040136157002005,18,18,0,18,0,0,0,0
04,013,6157.00,2006,040136157002006,21,21,0,21,0,0,0,0
04,013,6157.00,2007,040136157002007,33,33,0,33,0,0,0,0
04,013,6157.00,2008,040136157002008,24,24,0,24,0,0,0,0
04,013,6157.00,2009,040136157002009,23,23,0,23,0,0,0,0
04,013,6157.00,2010,040136157002010,23,23,0,23,0,0,0,0
04,013,6157.00,2011,040136157002011,65,65,0,65,0,0,0,0
04,013,6157.00,2012,040136157002012,9,9,0,9,0,0,0,0
04,013,6157.00,2013,040136157002013,9,9,0,9,0,0,0,0
04,013,6157.00,2014,040136157002014,30,30,0,30,0,0,0,0
04,013,6157.00,2015,040136157002015,43,43,0,43,0,0,0,0
04,013,6158.00,1000,040136158001000,72,72,0,72,0,0,0,0
04,013,6158.00,1001,040136158001001,82,82,0,82,0,0,0,0
04,013,6158.00,1002,040136158001002,16,16,0,16,0,0,0,0
04,013,6158.00,1003,040136158001003,52,52,0,52,0,0,0,0
04,013,6158.00,1004,040136158001004,10,10,0,10,0,0,0,0
04,013,6158.00,1005,040136158001005,16,16,0,16,0,0,0,0
04,013,6158.00,1006,040136158001006,35,35,0,35,0,0,0,0
04,013,6158.00,1007,040136158001007,31,31,0,31,0,0,0,0
04,013,6158.00,1008,040136158001008,20,20,0,20,0,0,0,0
04,013,6158.00,1009,040136158001009,34,34,0,34,0,0,0,0
04,013,6158.00,1010,040136158001010,44,44,0,44,0,0,0,0
04,013,6158.00,1011,040136158001011,15,15,0,15,0,0,0,0
04,013,6158.00,1012,040136158001012,24,24,0,24,1,1,0,1
04,013,6158.00,2001,040136158002001,0,0,0,0,0,0,0,0
04,013,6158.00,2002,040136158002002,1,1,0,1,0,0,0,0
04,013,6158.00,2003,040136158002003,0,0,0,0,0,0,0,0
04,013,6158.00,2004,040136158002004,43,43,0,43,0,0,0,0
04,013,6158.00,2005,040136158002005,33,33,0,33,0,0,0,0
04,013,6158.00,2006,040136158002006,548,548,0,548,1,1,0,1
04,013,6158.00,2007,040136158002007,12,12,0,12,0,0,0,0
04,013,6158.00,2008,040136158002008,24,24,0,24,0,0,0,0
04,013,6158.00,2009,040136158002009,25,25,0,25,0,0,0,0
04,013,6158.00,2010,040136158002010,27,27,0,27,0,0,0,0
04,013,6158.00,2011,040136158002011,22,22,0,22,0,0,0,0
04,013,6158.00,2012,040136158002012,22,22,0,22,0,0,0,0
04,013,6158.00,2013,040136158002013,1,1,0,1,0,0,0,0
04,013,6158.00,2014,040136158002014,3,3,0,3,0,0,0,0
04,013,6158.00,2015,040136158002015,23,23,0,23,0,0,0,0
04,013,6158.00,2016,040136158002016,24,24,0,24,0,0,0,0
04,013,6158.00,2017,040136158002017,17,17,0,17,0,0,0,0
04,013,6158.00,2018,040136158002018,30,30,0,30,0,0,0,0
04,013,6158.00,2019,040136158002019,12,12,0,12,0,0,0,0
04,013,6158.00,2020,040136158002020,26,26,0,26,0,0,0,0
04,013,6158.00,2021,040136158002021,12,12,0,12,0,0,0,0
04,013,6158.00,2022,040136158002022,2,2,0,2,0,0,0,0
04,013,6158.00,2023,040136158002023,5,5,0,5,0,0,0,0
04,013,6158.00,2024,040136158002024,239,239,0,239,0,0,0,0
04,013,6158.00,2025,040136158002025,0,0,0,0,0,0,0,0
04,013,6158.00,3000,040136158003000,37,37,0,37,0,0,0,0
04,013,6158.00,3001,040136158003001,30,30,0,30,0,0,0,0
04,013,6158.00,3002,040136158003002,141,141,0,141,0,0,0,0
04,013,6158.00,3003,040136158003003,25,25,0,25,0,0,0,0
04,013,6158.00,3004,040136158003004,27,27,0,27,0,0,0,0
04,013,6158.00,3005,040136158003005,23,23,0,23,0,0,0,0
04,013,6158.00,3006,040136158003006,21,21,0,21,0,0,0,0
04,013,6158.00,3007,040136158003007,27,27,0,27,0,0,0,0
04,013,6158.00,3008,040136158003008,25,25,0,25,0,0,0,0
04,013,6158.00,3009,040136158003009,20,20,0,20,0,0,0,0
04,013,6158.00,3010,040136158003010,37,37,0,37,0,0,0,0
04,013,6158.00,3011,040136158003011,30,30,0,30,0,0,0,0
04,013,6158.00,3012,040136158003012,46,46,0,46,0,0,0,0
04,013,6158.00,3013,040136158003013,27,27,0,27,0,0,0,0
04,013,6158.00,3014,040136158003014,21,21,0,21,0,0,0,0
04,013,6158.00,3015,040136158003015,18,18,0,18,0,0,0,0
04,013,6158.00,3016,040136158003016,19,19,0,19,0,0,0,0
04,013,6159.00,1002,040136159001002,0,0,0,0,0,0,0,0
04,013,6159.00,1003,040136159001003,72,72,0,72,3,3,0,3
04,013,6159.00,1004,040136159001004,59,59,0,59,0,0,0,0
04,013,6159.00,1005,040136159001005,26,26,0,26,0,0,0,0
04,013,6159.00,1006,040136159001006,17,17,0,17,0,0,0,0
04,013,6159.00,1007,040136159001007,36,36,0,36,0,0,0,0
04,013,6159.00,1008,040136159001008,18,18,0,18,0,0,0,0
04,013,6159.00,1009,040136159001009,64,64,0,64,0,0,0,0
04,013,6159.00,1010,040136159001010,18,18,0,18,0,0,0,0
04,013,6159.00,1011,040136159001011,17,17,0,17,0,0,0,0
04,013,6159.00,1012,040136159001012,58,58,0,58,1,1,0,1
04,013,6159.00,1013,040136159001013,30,30,0,30,0,0,0,0
04,013,6159.00,1014,040136159001014,60,60,0,60,0,0,0,0
04,013,6159.00,1015,040136159001015,27,27,0,27,0,0,0,0
04,013,6159.00,1016,040136159001016,12,12,0,12,0,0,0,0
04,013,6159.00,1018,040136159001018,31,31,0,31,0,0,0,0
04,013,6159.00,2000,040136159002000,0,0,0,0,0,0,0,0
04,013,6159.00,2001,040136159002001,0,0,0,0,0,0,0,0
04,013,6159.00,2002,040136159002002,0,0,0,0,0,0,0,0
04,013,6159.00,2004,040136159002004,148,148,0,148,0,0,0,0
04,013,6159.00,2005,040136159002005,577,577,0,577,0,0,0,0
04,013,6159.00,2006,040136159002006,41,41,0,41,0,0,0,0
04,013,6159.00,3000,040136159003000,224,224,0,224,0,0,0,0
04,013,6159.00,3001,040136159003001,22,22,0,22,0,0,0,0
04,013,6159.00,3002,040136159003002,18,18,0,18,0,0,0,0
04,013,6159.00,3003,040136159003003,26,26,0,26,0,0,0,0
04,013,6159.00,3004,040136159003004,23,23,0,23,0,0,0,0
04,013,6159.00,3005,040136159003005,29,29,0,29,0,0,0,0
04,013,6159.00,3006,040136159003006,22,22,0,22,0,0,0,0
04,013,6159.00,3007,040136159003007,43,43,0,43,0,0,0,0
04,013,6159.00,3008,040136159003008,12,12,0,12,0,0,0,0
04,013,6159.00,3009,040136159003009,54,54,0,54,0,0,0,0
04,013,6159.00,3010,040136159003010,18,18,0,18,0,0,0,0
04,013,6159.00,3011,040136159003011,12,12,0,12,0,0,0,0
04,013,6159.00,3012,040136159003012,15,15,0,15,0,0,0,0
04,013,6159.00,3013,040136159003013,18,18,0,18,1,1,0,1
04,013,6159.00,3014,040136159003014,19,19,0,19,1,1,0,1
04,013,6159.00,3015,040136159003015,13,13,0,13,0,0,0,0
04,013,6159.00,3016,040136159003016,6,6,0,6,0,0,0,0
04,013,6160.00,1003,040136160001003,33,33,0,33,0,0,0,0
04,013,6160.00,1004,040136160001004,32,32,0,32,0,0,0,0
04,013,6160.00,1005,040136160001005,96,96,0,96,0,0,0,0
04,013,6160.00,1006,040136160001006,19,19,0,19,0,0,0,0
04,013,6160.00,1007,040136160001007,22,22,0,22,1,1,0,1
04,013,6160.00,1008,040136160001008,16,16,0,16,0,0,0,0
04,013,6160.00,1009,040136160001009,12,12,0,12,0,0,0,0
04,013,6160.00,1010,040136160001010,9,9,0,9,0,0,0,0
04,013,6160.00,1011,040136160001011,44,44,0,44,1,1,0,1
04,013,6160.00,1012,040136160001012,16,16,0,16,0,0,0,0
04,013,6160.00,1013,040136160001013,36,36,0,36,0,0,0,0
04,013,6160.00,1014,040136160001014,16,16,0,16,0,0,0,0
04,013,6160.00,1015,040136160001015,45,45,0,45,1,1,0,1
04,013,6160.00,1016,040136160001016,60,60,0,60,0,0,0,0
04,013,6160.00,1019,040136160001019,4,4,0,4,0,0,0,0
04,013,6160.00,2001,040136160002001,0,0,0,0,0,0,0,0
04,013,6160.00,2002,040136160002002,0,0,0,0,0,0,0,0
04,013,6160.00,2003,040136160002003,120,120,0,120,10,10,0,10
04,013,6160.00,2004,040136160002004,2,2,0,2,1,1,0,1
04,013,6160.00,2005,040136160002005,35,35,0,35,0,0,0,0
04,013,6160.00,2006,040136160002006,0,0,0,0,0,0,0,0
04,013,6160.00,2007,040136160002007,82,82,0,82,0,0,0,0
04,013,6160.00,2008,040136160002008,0,0,0,0,0,0,0,0
04,013,6160.00,2009,040136160002009,26,26,0,26,0,0,0,0
04,013,6160.00,2010,040136160002010,17,17,0,17,1,1,0,1
04,013,6160.00,2011,040136160002011,20,20,0,20,0,0,0,0
04,013,6176.00,4000,040136176004000,0,0,0,0,0,0,0,0
04,013,6176.00,4001,040136176004001,0,0,0,0,0,0,0,0
04,013,6176.00,4003,040136176004003,0,0,0,0,0,0,0,0
04,013,6176.00,4013,040136176004013,0,0,0,0,0,0,0,0
04,013,6176.00,4014,040136176004014,0,0,0,0,0,0,0,0
04,013,6176.00,4015,040136176004015,0,0,0,0,0,0,0,0
04,013,6177.00,1000,040136177001000,1012,1012,0,1012,0,0,0,0
04,013,6177.00,1001,040136177001001,0,0,0,0,0,0,0,0
04,013,6177.00,1002,040136177001002,0,0,0,0,0,0,0,0
04,013,6177.00,1003,040136177001003,0,0,0,0,0,0,0,0
04,013,6177.00,1004,040136177001004,0,0,0,0,0,0,0,0
04,013,6177.00,1005,040136177001005,0,0,0,0,0,0,0,0
04,013,6177.00,1007,040136177001007,0,0,0,0,0,0,0,0
04,013,6177.00,1008,040136177001008,0,0,0,0,0,0,0,0
04,013,6177.00,1009,040136177001009,0,0,0,0,0,0,0,0
04,013,6177.00,1010,040136177001010,0,0,0,0,0,0,0,0
04,013,6177.00,1014,040136177001014,0,0,0,0,0,0,0,0
04,013,6177.00,1015,040136177001015,0,0,0,0,0,0,0,0
04,013,6177.00,1016,040136177001016,0,0,0,0,0,0,0,0
04,013,6177.00,1017,040136177001017,1,1,0,1,0,0,0,0
04,013,6177.00,1018,040136177001018,0,0,0,0,0,0,0,0
04,013,6177.00,1021,040136177001021,0,0,0,0,0,0,0,0
04,013,6177.00,1022,040136177001022,0,0,0,0,0,0,0,0
04,013,6177.00,2000,040136177002000,14,14,0,14,0,0,0,0
04,013,6177.00,2001,040136177002001,14,14,0,14,1,1,0,1
04,013,6177.00,2002,040136177002002,13,13,0,13,0,0,0,0
04,013,6177.00,2003,040136177002003,47,47,0,47,0,0,0,0
04,013,6177.00,2004,040136177002004,11,11,0,11,0,0,0,0
04,013,6177.00,2005,040136177002005,14,14,0,14,0,0,0,0
04,013,6177.00,2006,040136177002006,13,13,0,13,0,0,0,0
04,013,6177.00,2007,040136177002007,14,14,0,14,0,0,0,0
04,013,6177.00,2008,040136177002008,16,16,0,16,0,0,0,0
04,013,6177.00,2009,040136177002009,16,16,0,16,0,0,0,0
04,013,6177.00,2010,040136177002010,15,15,0,15,1,1,0,1
04,013,6177.00,2011,040136177002011,16,16,0,16,0,0,0,0
04,013,6177.00,2012,040136177002012,15,15,0,15,1,1,0,1
04,013,6177.00,2013,040136177002013,10,10,0,10,0,0,0,0
04,013,6177.00,2014,040136177002014,14,14,0,14,1,1,0,1
04,013,6177.00,2015,040136177002015,10,10,0,10,0,0,0,0
04,013,6177.00,3001,040136177003001,471,471,0,471,0,0,0,0
04,013,6177.00,3007,040136177003007,0,0,0,0,0,0,0,0
04,013,6178.00,1000,040136178001000,0,0,0,0,0,0,0,0
04,013,6178.00,1001,040136178001001,29,29,0,29,0,0,0,0
04,013,6178.00,1002,040136178001002,9,9,0,9,0,0,0,0
04,013,6178.00,1003,040136178001003,14,14,0,14,0,0,0,0
04,013,6178.00,1004,040136178001004,17,17,0,17,1,1,0,1
04,013,6178.00,1005,040136178001005,12,12,0,12,0,0,0,0
04,013,6178.00,1006,040136178001006,17,17,0,17,0,0,0,0
04,013,6178.00,1007,040136178001007,9,9,0,9,0,0,0,0
04,013,6178.00,1008,040136178001008,34,34,0,34,0,0,0,0
04,013,6178.00,1009,040136178001009,11,11,0,11,0,0,0,0
04,013,6178.00,1010,040136178001010,11,11,0,11,0,0,0,0
04,013,6178.00,1011,040136178001011,11,11,0,11,1,1,0,1
04,013,6178.00,1012,040136178001012,10,10,0,10,0,0,0,0
04,013,6178.00,1013,040136178001013,31,31,0,31,0,0,0,0
04,013,6178.00,1014,040136178001014,4,4,0,4,0,0,0,0
04,013,6178.00,2000,040136178002000,24,24,0,24,1,1,0,1
04,013,6178.00,2001,040136178002001,16,16,0,16,0,0,0,0
04,013,6178.00,2002,040136178002002,12,12,0,12,0,0,0,0
04,013,6178.00,2003,040136178002003,18,18,0,18,0,0,0,0
04,013,6178.00,2004,040136178002004,35,35,0,35,0,0,0,0
04,013,6178.00,2005,040136178002005,6,6,0,6,0,0,0,0
04,013,6178.00,2006,040136178002006,69,69,0,69,0,0,0,0
04,013,6178.00,2007,040136178002007,25,25,0,25,2,2,0,2
04,013,6178.00,2008,040136178002008,15,15,0,15,0,0,0,0
04,013,6178.00,2009,040136178002009,18,18,0,18,0,0,0,0
04,013,6178.00,2010,040136178002010,20,20,0,20,0,0,0,0
04,013,6178.00,2011,040136178002011,18,18,0,18,1,1,0,1
04,013,6178.00,2012,040136178002012,22,22,0,22,0,0,0,0
04,013,6178.00,2013,040136178002013,10,10,0,10,0,0,0,0
04,013,6178.00,2014,040136178002014,10,10,0,10,0,0,0,0
04,013,6178.00,2015,040136178002015,16,16,0,16,1,1,0,1
04,013,6178.00,2016,040136178002016,6,6,0,6,0,0,0,0
04,013,6178.00,2017,040136178002017,12,12,0,12,0,0,0,0
04,013,6178.00,2018,040136178002018,23,23,0,23,0,0,0,0
04,013,6178.00,2019,040136178002019,41,41,0,41,0,0,0,0
04,013,6178.00,2020,040136178002020,17,17,0,17,0,0,0,0
04,013,6178.00,2021,040136178002021,18,18,0,18,0,0,0,0
04,013,6178.00,2022,040136178002022,17,17,0,17,0,0,0,0
04,013,6178.00,2023,040136178002023,9,9,0,9,0,0,0,0
04,013,6178.00,2024,040136178002024,20,20,0,20,0,0,0,0
04,013,6178.00,2025,040136178002025,11,11,0,11,0,0,0,0
04,013,6178.00,2026,040136178002026,11,11,0,11,0,0,0,0
04,013,6178.00,2027,040136178002027,14,14,0,14,0,0,0,0
04,013,6178.00,2028,040136178002028,17,17,0,17,0,0,0,0
04,013,6178.00,2029,040136178002029,26,26,0,26,0,0,0,0
04,013,6178.00,2030,040136178002030,12,12,0,12,0,0,0,0
04,013,6178.00,2031,040136178002031,19,19,0,19,0,0,0,0
04,013,6178.00,2032,040136178002032,11,11,0,11,0,0,0,0
04,013,6178.00,2033,040136178002033,18,18,0,18,0,0,0,0
04,013,6178.00,2036,040136178002036,22,22,0,22,0,0,0,0
04,013,6178.00,2037,040136178002037,28,28,0,28,0,0,0,0
04,013,6178.00,2038,040136178002038,28,28,0,28,0,0,0,0
04,013,6178.00,2039,040136178002039,23,23,0,23,0,0,0,0
04,013,6179.00,1000,040136179001000,107,107,0,107,0,0,0,0
04,013,6179.00,1001,040136179001001,4,4,0,4,0,0,0,0
04,013,6179.00,1002,040136179001002,25,25,0,25,0,0,0,0
04,013,6179.00,1003,040136179001003,27,27,0,27,0,0,0,0
04,013,6179.00,1004,040136179001004,10,10,0,10,0,0,0,0
04,013,6179.00,1005,040136179001005,12,12,0,12,0,0,0,0
04,013,6179.00,1006,040136179001006,27,27,0,27,0,0,0,0
04,013,6179.00,1007,040136179001007,35,35,0,35,0,0,0,0
04,013,6179.00,1008,040136179001008,39,39,0,39,0,0,0,0
04,013,6179.00,1009,040136179001009,34,34,0,34,0,0,0,0
04,013,6179.00,1010,040136179001010,10,10,0,10,0,0,0,0
04,013,6179.00,1011,040136179001011,18,18,0,18,0,0,0,0
04,013,6179.00,1012,040136179001012,32,32,0,32,0,0,0,0
04,013,6179.00,1013,040136179001013,23,23,0,23,0,0,0,0
04,013,6179.00,1014,040136179001014,236,236,0,236,0,0,0,0
04,013,6179.00,1015,040136179001015,11,11,0,11,0,0,0,0
04,013,6179.00,1016,040136179001016,15,15,0,15,0,0,0,0
04,013,6179.00,1017,040136179001017,14,14,0,14,0,0,0,0
04,013,6179.00,1019,040136179001019,17,17,0,17,0,0,0,0
04,013,6179.00,1020,040136179001020,32,32,0,32,0,0,0,0
04,013,6179.00,1021,040136179001021,24,24,0,24,0,0,0,0
04,013,6179.00,1022,040136179001022,22,22,0,22,0,0,0,0
04,013,6179.00,2000,040136179002000,25,25,0,25,2,2,0,2
04,013,6179.00,2001,040136179002001,16,16,0,16,0,0,0,0
04,013,6179.00,2002,040136179002002,41,41,0,41,1,1,0,1
04,013,6179.00,2003,040136179002003,29,29,0,29,0,0,0,0
04,013,6179.00,2004,040136179002004,12,12,0,12,0,0,0,0
04,013,6179.00,2005,040136179002005,27,27,0,27,0,0,0,0
04,013,6179.00,2006,040136179002006,6,6,0,6,0,0,0,0
04,013,6179.00,2007,040136179002007,28,28,0,28,0,0,0,0
04,013,6179.00,2008,040136179002008,20,20,0,20,0,0,0,0
04,013,6179.00,2009,040136179002009,11,11,0,11,0,0,0,0
04,013,6179.00,2010,040136179002010,25,25,0,25,0,0,0,0
04,013,6179.00,2011,040136179002011,34,34,0,34,0,0,0,0
04,013,6179.00,2012,040136179002012,12,12,0,12,0,0,0,0
04,013,6179.00,2013,040136179002013,20,20,0,20,0,0,0,0
04,013,6179.00,2014,040136179002014,20,20,0,20,0,0,0,0
04,013,6179.00,2015,040136179002015,6,6,0,6,1,1,0,1
04,013,6179.00,2016,040136179002016,8,8,0,8,0,0,0,0
04,013,6180.00,1001,040136180001001,89,89,0,89,0,0,0,0
04,013,6180.00,1002,040136180001002,6,6,0,6,0,0,0,0
04,013,6180.00,1003,040136180001003,12,12,0,12,0,0,0,0
04,013,6180.00,1004,040136180001004,12,12,0,12,0,0,0,0
04,013,6180.00,1005,040136180001005,18,18,0,18,0,0,0,0
04,013,6180.00,1006,040136180001006,6,6,0,6,0,0,0,0
04,013,6180.00,1007,040136180001007,14,14,0,14,0,0,0,0
04,013,6180.00,1008,040136180001008,18,18,0,18,0,0,0,0
04,013,6180.00,1009,040136180001009,25,25,0,25,1,1,0,1
04,013,6180.00,1010,040136180001010,99,99,0,99,0,0,0,0
04,013,6180.00,1011,040136180001011,22,22,0,22,0,0,0,0
04,013,6180.00,1012,040136180001012,7,7,0,7,1,1,0,1
04,013,6180.00,1013,040136180001013,14,14,0,14,0,0,0,0
04,013,6180.00,1014,040136180001014,8,8,0,8,0,0,0,0
04,013,6180.00,1015,040136180001015,67,67,0,67,2,2,0,2
04,013,6180.00,1016,040136180001016,16,16,0,16,0,0,0,0
04,013,6180.00,1019,040136180001019,36,36,0,36,0,0,0,0
04,013,6180.00,1021,040136180001021,13,13,0,13,0,0,0,0
04,013,6180.00,1022,040136180001022,78,78,0,78,0,0,0,0
04,013,6180.00,1023,040136180001023,19,19,0,19,0,0,0,0
04,013,6180.00,1024,040136180001024,24,24,0,24,0,0,0,0
04,013,6180.00,1025,040136180001025,63,63,0,63,0,0,0,0
04,013,6180.00,1026,040136180001026,21,21,0,21,0,0,0,0
04,013,6180.00,2000,040136180002000,20,20,0,20,0,0,0,0
04,013,6180.00,2001,040136180002001,24,24,0,24,0,0,0,0
04,013,6180.00,2002,040136180002002,5,5,0,5,0,0,0,0
04,013,6180.00,2003,040136180002003,10,10,0,10,0,0,0,0
04,013,6180.00,2004,040136180002004,20,20,0,20,0,0,0,0
04,013,6180.00,2005,040136180002005,29,29,0,29,0,0,0,0
04,013,6180.00,2006,040136180002006,19,19,0,19,0,0,0,0
04,013,6180.00,2007,040136180002007,32,32,0,32,0,0,0,0
04,013,6180.00,2008,040136180002008,32,32,0,32,0,0,0,0
04,013,6180.00,2009,040136180002009,43,43,0,43,0,0,0,0
04,013,6180.00,2010,040136180002010,33,33,0,33,0,0,0,0
04,013,6180.00,2011,040136180002011,36,36,0,36,0,0,0,0
04,013,6180.00,2012,040136180002012,48,48,0,48,0,0,0,0
04,013,6180.00,2013,040136180002013,23,23,0,23,0,0,0,0
04,013,6180.00,2014,040136180002014,24,24,0,24,0,0,0,0
04,013,6180.00,2015,040136180002015,28,28,0,28,0,0,0,0
04,013,6180.00,2016,040136180002016,30,30,0,30,0,0,0,0
04,013,6180.00,2017,040136180002017,19,19,0,19,0,0,0,0
04,013,6180.00,2018,040136180002018,33,33,0,33,0,0,0,0
04,013,6180.00,2019,040136180002019,31,31,0,31,0,0,0,0
04,013,6180.00,2020,040136180002020,28,28,0,28,0,0,0,0
04,013,6180.00,3000,040136180003000,45,45,0,45,0,0,0,0
04,013,6180.00,3001,040136180003001,31,31,0,31,0,0,0,0
04,013,6180.00,3002,040136180003002,17,17,0,17,0,0,0,0
04,013,6180.00,3003,040136180003003,33,33,0,33,0,0,0,0
04,013,6180.00,3004,040136180003004,20,20,0,20,0,0,0,0
04,013,6180.00,3005,040136180003005,42,42,0,42,0,0,0,0
04,013,6180.00,3006,040136180003006,44,44,0,44,0,0,0,0
04,013,6180.00,3007,040136180003007,13,13,0,13,0,0,0,0
04,013,6180.00,3008,040136180003008,24,24,0,24,0,0,0,0
04,013,6180.00,3009,040136180003009,25,25,0,25,0,0,0,0
04,013,6180.00,3010,040136180003010,17,17,0,17,0,0,0,0
04,013,6180.00,3012,040136180003012,40,40,0,40,0,0,0,0
04,013,6180.00,3013,040136180003013,43,43,0,43,0,0,0,0
,,,,Unable to Geocode,0,0,0,0,0,0,0,0
,,,,TOTAL,89699,89699,0,89699,221,221,0,221
