GEO.id,GEO.id2,GEO.display-label,OCCUPATION2010.id,OCCUPATION2010.display-label,EST_HC1_VC2,EST_HC2_VC2,EST_HC3_VC2,EST_HC4_VC2,EST_HC5_VC2,EST_HC6_VC2,EST_HC7_VC2,EST_HC8_VC2,EST_HC9_VC2,EST_HC10_VC2,EST_HC11_VC2,EST_HC12_VC2,EST_HC13_VC2,EST_HC14_VC2,EST_HC15_VC2,EST_HC16_VC2,EST_HC1_VC3,EST_HC2_VC3,EST_HC3_VC3,EST_HC4_VC3,EST_HC5_VC3,EST_HC6_VC3,EST_HC7_VC3,EST_HC8_VC3,EST_HC9_VC3,EST_HC10_VC3,EST_HC11_VC3,EST_HC12_VC3,EST_HC13_VC3,EST_HC14_VC3,EST_HC15_VC3,EST_HC16_VC3,EST_HC1_VC5,EST_HC2_VC5,EST_HC3_VC5,EST_HC4_VC5,EST_HC5_VC5,EST_HC6_VC5,EST_HC7_VC5,EST_HC8_VC5,EST_HC9_VC5,EST_HC10_VC5,EST_HC11_VC5,EST_HC12_VC5,EST_HC13_VC5,EST_HC14_VC5,EST_HC15_VC5,EST_HC16_VC5,EST_HC1_VC6,EST_HC2_VC6,EST_HC3_VC6,EST_HC4_VC6,EST_HC5_VC6,EST_HC6_VC6,EST_HC7_VC6,EST_HC8_VC6,EST_HC9_VC6,EST_HC10_VC6,EST_HC11_VC6,EST_HC12_VC6,EST_HC13_VC6,EST_HC14_VC6,EST_HC15_VC6,EST_HC16_VC6,EST_HC1_VC8,EST_HC2_VC8,EST_HC3_VC8,EST_HC4_VC8,EST_HC5_VC8,EST_HC6_VC8,EST_HC7_VC8,EST_HC8_VC8,EST_HC9_VC8,EST_HC10_VC8,EST_HC11_VC8,EST_HC12_VC8,EST_HC13_VC8,EST_HC14_VC8,EST_HC15_VC8,EST_HC16_VC8,EST_HC1_VC9,EST_HC2_VC9,EST_HC3_VC9,EST_HC4_VC9,EST_HC5_VC9,EST_HC6_VC9,EST_HC7_VC9,EST_HC8_VC9,EST_HC9_VC9,EST_HC10_VC9,EST_HC11_VC9,EST_HC12_VC9,EST_HC13_VC9,EST_HC14_VC9,EST_HC15_VC9,EST_HC16_VC9,MOE_HC1_VC2,MOE_HC2_VC2,MOE_HC3_VC2,MOE_HC4_VC2,MOE_HC5_VC2,MOE_HC6_VC2,MOE_HC7_VC2,MOE_HC8_VC2,MOE_HC9_VC2,MOE_HC10_VC2,MOE_HC11_VC2,MOE_HC12_VC2,MOE_HC13_VC2,MOE_HC14_VC2,MOE_HC15_VC2,MOE_HC16_VC2,MOE_HC1_VC3,MOE_HC2_VC3,MOE_HC3_VC3,MOE_HC4_VC3,MOE_HC5_VC3,MOE_HC6_VC3,MOE_HC7_VC3,MOE_HC8_VC3,MOE_HC9_VC3,MOE_HC10_VC3,MOE_HC11_VC3,MOE_HC12_VC3,MOE_HC13_VC3,MOE_HC14_VC3,MOE_HC15_VC3,MOE_HC16_VC3,MOE_HC1_VC5,MOE_HC2_VC5,MOE_HC3_VC5,MOE_HC4_VC5,MOE_HC5_VC5,MOE_HC6_VC5,MOE_HC7_VC5,MOE_HC8_VC5,MOE_HC9_VC5,MOE_HC10_VC5,MOE_HC11_VC5,MOE_HC12_VC5,MOE_HC13_VC5,MOE_HC14_VC5,MOE_HC15_VC5,MOE_HC16_VC5,MOE_HC1_VC6,MOE_HC2_VC6,MOE_HC3_VC6,MOE_HC4_VC6,MOE_HC5_VC6,MOE_HC6_VC6,MOE_HC7_VC6,MOE_HC8_VC6,MOE_HC9_VC6,MOE_HC10_VC6,MOE_HC11_VC6,MOE_HC12_VC6,MOE_HC13_VC6,MOE_HC14_VC6,MOE_HC15_VC6,MOE_HC16_VC6,MOE_HC1_VC8,MOE_HC2_VC8,MOE_HC3_VC8,MOE_HC4_VC8,MOE_HC5_VC8,MOE_HC6_VC8,MOE_HC7_VC8,MOE_HC8_VC8,MOE_HC9_VC8,MOE_HC10_VC8,MOE_HC11_VC8,MOE_HC12_VC8,MOE_HC13_VC8,MOE_HC14_VC8,MOE_HC15_VC8,MOE_HC16_VC8,MOE_HC1_VC9,MOE_HC2_VC9,MOE_HC3_VC9,MOE_HC4_VC9,MOE_HC5_VC9,MOE_HC6_VC9,MOE_HC7_VC9,MOE_HC8_VC9,MOE_HC9_VC9,MOE_HC10_VC9,MOE_HC11_VC9,MOE_HC12_VC9,MOE_HC13_VC9,MOE_HC14_VC9,MOE_HC15_VC9,MOE_HC16_VC9
Id,Id2,Geography,Id,Occupation Code,"Estimate; Total, race and ethnicity; Total, both sexes - Number","Estimate; Hispanic or Latino - White alone Hispanic or Latino; Total, both sexes - Number","Estimate; Hispanic or Latino - All other Hispanic or Latino; Total, both sexes - Number","Estimate; Not Hispanic or Latino, one race - White alone; Total, both sexes - Number","Estimate; Not Hispanic or Latino, one race - Black or African American alone; Total, both sexes - Number","Estimate; Not Hispanic or Latino, one race - American Indian and Alaska Native alone; Total, both sexes - Number","Estimate; Not Hispanic or Latino, one race - Asian alone; Total, both sexes - Number","Estimate; Not Hispanic or Latino, one race - Native Hawaiian and Other Pacific Islander alone ; Total, both sexes - Number","Estimate; Not Hispanic or Latino, two or more races - White and Black; Total, both sexes - Number","Estimate; Not Hispanic or Latino, two or more races - White and AIAN; Total, both sexes - Number","Estimate; Not Hispanic or Latino, two or more races - White and Asian; Total, both sexes - Number","Estimate; Not Hispanic or Latino, two or more races - Black and AIAN; Total, both sexes - Number","Estimate; Not Hispanic or Latino, two or more races - NHPI and White (Hawaii only); Total, both sexes - Number","Estimate; Not Hispanic or Latino, two or more races - NHPI and Asian (Hawaii only); Total, both sexes - Number","Estimate; Not Hispanic or Latino, two or more races - NHPI and Asian and White (Hawaii only); Total, both sexes - Number","Estimate; Balance of not Hispanic or Latino; Total, both sexes - Number","Estimate; Total, race and ethnicity; Total, both sexes - Percent","Estimate; Hispanic or Latino - White alone Hispanic or Latino; Total, both sexes - Percent","Estimate; Hispanic or Latino - All other Hispanic or Latino; Total, both sexes - Percent","Estimate; Not Hispanic or Latino, one race - White alone; Total, both sexes - Percent","Estimate; Not Hispanic or Latino, one race - Black or African American alone; Total, both sexes - Percent","Estimate; Not Hispanic or Latino, one race - American Indian and Alaska Native alone; Total, both sexes - Percent","Estimate; Not Hispanic or Latino, one race - Asian alone; Total, both sexes - Percent","Estimate; Not Hispanic or Latino, one race - Native Hawaiian and Other Pacific Islander alone ; Total, both sexes - Percent","Estimate; Not Hispanic or Latino, two or more races - White and Black; Total, both sexes - Percent","Estimate; Not Hispanic or Latino, two or more races - White and AIAN; Total, both sexes - Percent","Estimate; Not Hispanic or Latino, two or more races - White and Asian; Total, both sexes - Percent","Estimate; Not Hispanic or Latino, two or more races - Black and AIAN; Total, both sexes - Percent","Estimate; Not Hispanic or Latino, two or more races - NHPI and White (Hawaii only); Total, both sexes - Percent","Estimate; Not Hispanic or Latino, two or more races - NHPI and Asian (Hawaii only); Total, both sexes - Percent","Estimate; Not Hispanic or Latino, two or more races - NHPI and Asian and White (Hawaii only); Total, both sexes - Percent","Estimate; Balance of not Hispanic or Latino; Total, both sexes - Percent","Estimate; Total, race and ethnicity; Male - Number",Estimate; Hispanic or Latino - White alone Hispanic or Latino; Male - Number,Estimate; Hispanic or Latino - All other Hispanic or Latino; Male - Number,"Estimate; Not Hispanic or Latino, one race - White alone; Male - Number","Estimate; Not Hispanic or Latino, one race - Black or African American alone; Male - Number","Estimate; Not Hispanic or Latino, one race - American Indian and Alaska Native alone; Male - Number","Estimate; Not Hispanic or Latino, one race - Asian alone; Male - Number","Estimate; Not Hispanic or Latino, one race - Native Hawaiian and Other Pacific Islander alone ; Male - Number","Estimate; Not Hispanic or Latino, two or more races - White and Black; Male - Number","Estimate; Not Hispanic or Latino, two or more races - White and AIAN; Male - Number","Estimate; Not Hispanic or Latino, two or more races - White and Asian; Male - Number","Estimate; Not Hispanic or Latino, two or more races - Black and AIAN; Male - Number","Estimate; Not Hispanic or Latino, two or more races - NHPI and White (Hawaii only); Male - Number","Estimate; Not Hispanic or Latino, two or more races - NHPI and Asian (Hawaii only); Male - Number","Estimate; Not Hispanic or Latino, two or more races - NHPI and Asian and White (Hawaii only); Male - Number",Estimate; Balance of not Hispanic or Latino; Male - Number,"Estimate; Total, race and ethnicity; Male - Percent",Estimate; Hispanic or Latino - White alone Hispanic or Latino; Male - Percent,Estimate; Hispanic or Latino - All other Hispanic or Latino; Male - Percent,"Estimate; Not Hispanic or Latino, one race - White alone; Male - Percent","Estimate; Not Hispanic or Latino, one race - Black or African American alone; Male - Percent","Estimate; Not Hispanic or Latino, one race - American Indian and Alaska Native alone; Male - Percent","Estimate; Not Hispanic or Latino, one race - Asian alone; Male - Percent","Estimate; Not Hispanic or Latino, one race - Native Hawaiian and Other Pacific Islander alone ; Male - Percent","Estimate; Not Hispanic or Latino, two or more races - White and Black; Male - Percent","Estimate; Not Hispanic or Latino, two or more races - White and AIAN; Male - Percent","Estimate; Not Hispanic or Latino, two or more races - White and Asian; Male - Percent","Estimate; Not Hispanic or Latino, two or more races - Black and AIAN; Male - Percent","Estimate; Not Hispanic or Latino, two or more races - NHPI and White (Hawaii only); Male - Percent","Estimate; Not Hispanic or Latino, two or more races - NHPI and Asian (Hawaii only); Male - Percent","Estimate; Not Hispanic or Latino, two or more races - NHPI and Asian and White (Hawaii only); Male - Percent",Estimate; Balance of not Hispanic or Latino; Male - Percent,"Estimate; Total, race and ethnicity; Female - Number",Estimate; Hispanic or Latino - White alone Hispanic or Latino; Female - Number,Estimate; Hispanic or Latino - All other Hispanic or Latino; Female - Number,"Estimate; Not Hispanic or Latino, one race - White alone; Female - Number","Estimate; Not Hispanic or Latino, one race - Black or African American alone; Female - Number","Estimate; Not Hispanic or Latino, one race - American Indian and Alaska Native alone; Female - Number","Estimate; Not Hispanic or Latino, one race - Asian alone; Female - Number","Estimate; Not Hispanic or Latino, one race - Native Hawaiian and Other Pacific Islander alone ; Female - Number","Estimate; Not Hispanic or Latino, two or more races - White and Black; Female - Number","Estimate; Not Hispanic or Latino, two or more races - White and AIAN; Female - Number","Estimate; Not Hispanic or Latino, two or more races - White and Asian; Female - Number","Estimate; Not Hispanic or Latino, two or more races - Black and AIAN; Female - Number","Estimate; Not Hispanic or Latino, two or more races - NHPI and White (Hawaii only); Female - Number","Estimate; Not Hispanic or Latino, two or more races - NHPI and Asian (Hawaii only); Female - Number","Estimate; Not Hispanic or Latino, two or more races - NHPI and Asian and White (Hawaii only); Female - Number",Estimate; Balance of not Hispanic or Latino; Female - Number,"Estimate; Total, race and ethnicity; Female - Percent",Estimate; Hispanic or Latino - White alone Hispanic or Latino; Female - Percent,Estimate; Hispanic or Latino - All other Hispanic or Latino; Female - Percent,"Estimate; Not Hispanic or Latino, one race - White alone; Female - Percent","Estimate; Not Hispanic or Latino, one race - Black or African American alone; Female - Percent","Estimate; Not Hispanic or Latino, one race - American Indian and Alaska Native alone; Female - Percent","Estimate; Not Hispanic or Latino, one race - Asian alone; Female - Percent","Estimate; Not Hispanic or Latino, one race - Native Hawaiian and Other Pacific Islander alone ; Female - Percent","Estimate; Not Hispanic or Latino, two or more races - White and Black; Female - Percent","Estimate; Not Hispanic or Latino, two or more races - White and AIAN; Female - Percent","Estimate; Not Hispanic or Latino, two or more races - White and Asian; Female - Percent","Estimate; Not Hispanic or Latino, two or more races - Black and AIAN; Female - Percent","Estimate; Not Hispanic or Latino, two or more races - NHPI and White (Hawaii only); Female - Percent","Estimate; Not Hispanic or Latino, two or more races - NHPI and Asian (Hawaii only); Female - Percent","Estimate; Not Hispanic or Latino, two or more races - NHPI and Asian and White (Hawaii only); Female - Percent",Estimate; Balance of not Hispanic or Latino; Female - Percent,"Margin of Error; Total, race and ethnicity; Total, both sexes - Number","Margin of Error; Hispanic or Latino - White alone Hispanic or Latino; Total, both sexes - Number","Margin of Error; Hispanic or Latino - All other Hispanic or Latino; Total, both sexes - Number","Margin of Error; Not Hispanic or Latino, one race - White alone; Total, both sexes - Number","Margin of Error; Not Hispanic or Latino, one race - Black or African American alone; Total, both sexes - Number","Margin of Error; Not Hispanic or Latino, one race - American Indian and Alaska Native alone; Total, both sexes - Number","Margin of Error; Not Hispanic or Latino, one race - Asian alone; Total, both sexes - Number","Margin of Error; Not Hispanic or Latino, one race - Native Hawaiian and Other Pacific Islander alone ; Total, both sexes - Number","Margin of Error; Not Hispanic or Latino, two or more races - White and Black; Total, both sexes - Number","Margin of Error; Not Hispanic or Latino, two or more races - White and AIAN; Total, both sexes - Number","Margin of Error; Not Hispanic or Latino, two or more races - White and Asian; Total, both sexes - Number","Margin of Error; Not Hispanic or Latino, two or more races - Black and AIAN; Total, both sexes - Number","Margin of Error; Not Hispanic or Latino, two or more races - NHPI and White (Hawaii only); Total, both sexes - Number","Margin of Error; Not Hispanic or Latino, two or more races - NHPI and Asian (Hawaii only); Total, both sexes - Number","Margin of Error; Not Hispanic or Latino, two or more races - NHPI and Asian and White (Hawaii only); Total, both sexes - Number","Margin of Error; Balance of not Hispanic or Latino; Total, both sexes - Number","Margin of Error; Total, race and ethnicity; Total, both sexes - Percent","Margin of Error; Hispanic or Latino - White alone Hispanic or Latino; Total, both sexes - Percent","Margin of Error; Hispanic or Latino - All other Hispanic or Latino; Total, both sexes - Percent","Margin of Error; Not Hispanic or Latino, one race - White alone; Total, both sexes - Percent","Margin of Error; Not Hispanic or Latino, one race - Black or African American alone; Total, both sexes - Percent","Margin of Error; Not Hispanic or Latino, one race - American Indian and Alaska Native alone; Total, both sexes - Percent","Margin of Error; Not Hispanic or Latino, one race - Asian alone; Total, both sexes - Percent","Margin of Error; Not Hispanic or Latino, one race - Native Hawaiian and Other Pacific Islander alone ; Total, both sexes - Percent","Margin of Error; Not Hispanic or Latino, two or more races - White and Black; Total, both sexes - Percent","Margin of Error; Not Hispanic or Latino, two or more races - White and AIAN; Total, both sexes - Percent","Margin of Error; Not Hispanic or Latino, two or more races - White and Asian; Total, both sexes - Percent","Margin of Error; Not Hispanic or Latino, two or more races - Black and AIAN; Total, both sexes - Percent","Margin of Error; Not Hispanic or Latino, two or more races - NHPI and White (Hawaii only); Total, both sexes - Percent","Margin of Error; Not Hispanic or Latino, two or more races - NHPI and Asian (Hawaii only); Total, both sexes - Percent","Margin of Error; Not Hispanic or Latino, two or more races - NHPI and Asian and White (Hawaii only); Total, both sexes - Percent","Margin of Error; Balance of not Hispanic or Latino; Total, both sexes - Percent","Margin of Error; Total, race and ethnicity; Male - Number",Margin of Error; Hispanic or Latino - White alone Hispanic or Latino; Male - Number,Margin of Error; Hispanic or Latino - All other Hispanic or Latino; Male - Number,"Margin of Error; Not Hispanic or Latino, one race - White alone; Male - Number","Margin of Error; Not Hispanic or Latino, one race - Black or African American alone; Male - Number","Margin of Error; Not Hispanic or Latino, one race - American Indian and Alaska Native alone; Male - Number","Margin of Error; Not Hispanic or Latino, one race - Asian alone; Male - Number","Margin of Error; Not Hispanic or Latino, one race - Native Hawaiian and Other Pacific Islander alone ; Male - Number","Margin of Error; Not Hispanic or Latino, two or more races - White and Black; Male - Number","Margin of Error; Not Hispanic or Latino, two or more races - White and AIAN; Male - Number","Margin of Error; Not Hispanic or Latino, two or more races - White and Asian; Male - Number","Margin of Error; Not Hispanic or Latino, two or more races - Black and AIAN; Male - Number","Margin of Error; Not Hispanic or Latino, two or more races - NHPI and White (Hawaii only); Male - Number","Margin of Error; Not Hispanic or Latino, two or more races - NHPI and Asian (Hawaii only); Male - Number","Margin of Error; Not Hispanic or Latino, two or more races - NHPI and Asian and White (Hawaii only); Male - Number",Margin of Error; Balance of not Hispanic or Latino; Male - Number,"Margin of Error; Total, race and ethnicity; Male - Percent",Margin of Error; Hispanic or Latino - White alone Hispanic or Latino; Male - Percent,Margin of Error; Hispanic or Latino - All other Hispanic or Latino; Male - Percent,"Margin of Error; Not Hispanic or Latino, one race - White alone; Male - Percent","Margin of Error; Not Hispanic or Latino, one race - Black or African American alone; Male - Percent","Margin of Error; Not Hispanic or Latino, one race - American Indian and Alaska Native alone; Male - Percent","Margin of Error; Not Hispanic or Latino, one race - Asian alone; Male - Percent","Margin of Error; Not Hispanic or Latino, one race - Native Hawaiian and Other Pacific Islander alone ; Male - Percent","Margin of Error; Not Hispanic or Latino, two or more races - White and Black; Male - Percent","Margin of Error; Not Hispanic or Latino, two or more races - White and AIAN; Male - Percent","Margin of Error; Not Hispanic or Latino, two or more races - White and Asian; Male - Percent","Margin of Error; Not Hispanic or Latino, two or more races - Black and AIAN; Male - Percent","Margin of Error; Not Hispanic or Latino, two or more races - NHPI and White (Hawaii only); Male - Percent","Margin of Error; Not Hispanic or Latino, two or more races - NHPI and Asian (Hawaii only); Male - Percent","Margin of Error; Not Hispanic or Latino, two or more races - NHPI and Asian and White (Hawaii only); Male - Percent",Margin of Error; Balance of not Hispanic or Latino; Male - Percent,"Margin of Error; Total, race and ethnicity; Female - Number",Margin of Error; Hispanic or Latino - White alone Hispanic or Latino; Female - Number,Margin of Error; Hispanic or Latino - All other Hispanic or Latino; Female - Number,"Margin of Error; Not Hispanic or Latino, one race - White alone; Female - Number","Margin of Error; Not Hispanic or Latino, one race - Black or African American alone; Female - Number","Margin of Error; Not Hispanic or Latino, one race - American Indian and Alaska Native alone; Female - Number","Margin of Error; Not Hispanic or Latino, one race - Asian alone; Female - Number","Margin of Error; Not Hispanic or Latino, one race - Native Hawaiian and Other Pacific Islander alone ; Female - Number","Margin of Error; Not Hispanic or Latino, two or more races - White and Black; Female - Number","Margin of Error; Not Hispanic or Latino, two or more races - White and AIAN; Female - Number","Margin of Error; Not Hispanic or Latino, two or more races - White and Asian; Female - Number","Margin of Error; Not Hispanic or Latino, two or more races - Black and AIAN; Female - Number","Margin of Error; Not Hispanic or Latino, two or more races - NHPI and White (Hawaii only); Female - Number","Margin of Error; Not Hispanic or Latino, two or more races - NHPI and Asian (Hawaii only); Female - Number","Margin of Error; Not Hispanic or Latino, two or more races - NHPI and Asian and White (Hawaii only); Female - Number",Margin of Error; Balance of not Hispanic or Latino; Female - Number,"Margin of Error; Total, race and ethnicity; Female - Percent",Margin of Error; Hispanic or Latino - White alone Hispanic or Latino; Female - Percent,Margin of Error; Hispanic or Latino - All other Hispanic or Latino; Female - Percent,"Margin of Error; Not Hispanic or Latino, one race - White alone; Female - Percent","Margin of Error; Not Hispanic or Latino, one race - Black or African American alone; Female - Percent","Margin of Error; Not Hispanic or Latino, one race - American Indian and Alaska Native alone; Female - Percent","Margin of Error; Not Hispanic or Latino, one race - Asian alone; Female - Percent","Margin of Error; Not Hispanic or Latino, one race - Native Hawaiian and Other Pacific Islander alone ; Female - Percent","Margin of Error; Not Hispanic or Latino, two or more races - White and Black; Female - Percent","Margin of Error; Not Hispanic or Latino, two or more races - White and AIAN; Female - Percent","Margin of Error; Not Hispanic or Latino, two or more races - White and Asian; Female - Percent","Margin of Error; Not Hispanic or Latino, two or more races - Black and AIAN; Female - Percent","Margin of Error; Not Hispanic or Latino, two or more races - NHPI and White (Hawaii only); Female - Percent","Margin of Error; Not Hispanic or Latino, two or more races - NHPI and Asian (Hawaii only); Female - Percent","Margin of Error; Not Hispanic or Latino, two or more races - NHPI and Asian and White (Hawaii only); Female - Percent",Margin of Error; Balance of not Hispanic or Latino; Female - Percent
9020000US3201,3201,"Carson City (city)+Douglas County Set, Nevada",0000,"Total, all occupations",52795,5080,2650,41680,495,825,920,110,145,330,280,0,(X),(X),(X),280,100.0,9.6,5.0,78.9,0.9,1.6,1.7,0.2,0.3,0.6,0.5,0.0,(X),(X),(X),0.5,28735,3100,1585,22250,360,380,430,45,15,270,170,0,(X),(X),(X),125,54.4,5.9,3.0,42.1,0.7,0.7,0.8,0.1,0.0,0.5,0.3,0.0,(X),(X),(X),0.2,24060,1980,1065,19430,135,445,485,65,135,60,110,0,(X),(X),(X),155,45.6,3.8,2.0,36.8,0.3,0.8,0.9,0.1,0.3,0.1,0.2,0.0,(X),(X),(X),0.3,937,407,441,822,201,144,166,88,146,108,93,136,(X),(X),(X),122,0.1,0.8,0.8,0.7,0.4,0.3,0.3,0.2,0.3,0.2,0.2,0.1,(X),(X),(X),0.2,707,295,293,600,157,79,91,45,22,88,67,136,(X),(X),(X),71,0.9,0.6,0.5,0.8,0.3,0.1,0.2,0.1,0.1,0.2,0.1,0.1,(X),(X),(X),0.1,636,273,234,491,133,93,112,58,141,41,71,136,(X),(X),(X),83,0.9,0.5,0.4,0.7,0.3,0.2,0.2,0.1,0.3,0.1,0.1,0.1,(X),(X),(X),0.2
9020000US3201,3201,"Carson City (city)+Douglas County Set, Nevada",0010,Chief executives and legislators 0010 (SOC 11-10XX),355,20,4,330,0,0,0,0,0,0,0,0,(X),(X),(X),0,100.0,5.6,1.1,93.0,0.0,0.0,0.0,0.0,0.0,0.0,0.0,0.0,(X),(X),(X),0.0,315,20,4,290,0,0,0,0,0,0,0,0,(X),(X),(X),0,88.7,5.6,1.1,81.7,0.0,0.0,0.0,0.0,0.0,0.0,0.0,0.0,(X),(X),(X),0.0,40,0,0,40,0,0,0,0,0,0,0,0,(X),(X),(X),0,11.3,0.0,0.0,11.3,0.0,0.0,0.0,0.0,0.0,0.0,0.0,0.0,(X),(X),(X),0.0,133,27,8,128,136,136,136,136,136,136,136,136,(X),(X),(X),136,11.3,7.5,2.4,7.9,11.3,11.3,11.3,11.3,11.3,11.3,11.3,11.3,(X),(X),(X),11.3,124,27,8,118,136,136,136,136,136,136,136,136,(X),(X),(X),136,11.2,7.5,2.4,12.0,11.3,11.3,11.3,11.3,11.3,11.3,11.3,11.3,(X),(X),(X),11.3,42,136,136,42,136,136,136,136,136,136,136,136,(X),(X),(X),136,11.2,11.3,11.3,11.2,11.3,11.3,11.3,11.3,11.3,11.3,11.3,11.3,(X),(X),(X),11.3
9020000US3201,3201,"Carson City (city)+Douglas County Set, Nevada",0020,General and operations managers 0020 (SOC 11-1021),460,0,15,440,0,10,0,0,0,0,0,0,(X),(X),(X),0,100.0,0.0,3.3,95.7,0.0,2.2,0.0,0.0,0.0,0.0,0.0,0.0,(X),(X),(X),0.0,260,0,15,235,0,10,0,0,0,0,0,0,(X),(X),(X),0,56.5,0.0,3.3,51.1,0.0,2.2,0.0,0.0,0.0,0.0,0.0,0.0,(X),(X),(X),0.0,205,0,0,205,0,0,0,0,0,0,0,0,(X),(X),(X),0,44.6,0.0,0.0,44.6,0.0,0.0,0.0,0.0,0.0,0.0,0.0,0.0,(X),(X),(X),0.0,146,136,25,145,136,15,136,136,136,136,136,136,(X),(X),(X),136,8.8,8.8,5.4,6.2,8.8,3.3,8.8,8.8,8.8,8.8,8.8,8.8,(X),(X),(X),8.8,98,136,25,94,136,15,136,136,136,136,136,136,(X),(X),(X),136,14.4,8.8,5.4,13.9,8.8,3.3,8.8,8.8,8.8,8.8,8.8,8.8,(X),(X),(X),8.8,96,136,136,96,136,136,136,136,136,136,136,136,(X),(X),(X),136,14.0,8.8,8.8,14.0,8.8,8.8,8.8,8.8,8.8,8.8,8.8,8.8,(X),(X),(X),8.8
9020000US3201,3201,"Carson City (city)+Douglas County Set, Nevada",0040,Advertising and promotions managers 0040 (SOC 11-2011),10,0,0,10,0,0,0,0,0,0,0,0,(X),(X),(X),0,100.0,0.0,0.0,100.0,0.0,0.0,0.0,0.0,0.0,0.0,0.0,0.0,(X),(X),(X),0.0,10,0,0,10,0,0,0,0,0,0,0,0,(X),(X),(X),0,100.0,0.0,0.0,100.0,0.0,0.0,0.0,0.0,0.0,0.0,0.0,0.0,(X),(X),(X),0.0,0,0,0,0,0,0,0,0,0,0,0,0,(X),(X),(X),0,0.0,0.0,0.0,0.0,0.0,0.0,0.0,0.0,0.0,0.0,0.0,0.0,(X),(X),(X),0.0,15,136,136,15,136,136,136,136,136,136,136,136,(X),(X),(X),136,100.0,100.0,100.0,100.0,100.0,100.0,100.0,100.0,100.0,100.0,100.0,100.0,(X),(X),(X),100.0,15,136,136,15,136,136,136,136,136,136,136,136,(X),(X),(X),136,100.0,100.0,100.0,100.0,100.0,100.0,100.0,100.0,100.0,100.0,100.0,100.0,(X),(X),(X),100.0,136,136,136,136,136,136,136,136,136,136,136,136,(X),(X),(X),136,100.0,100.0,100.0,100.0,100.0,100.0,100.0,100.0,100.0,100.0,100.0,100.0,(X),(X),(X),100.0
9020000US3201,3201,"Carson City (city)+Douglas County Set, Nevada",0050,Marketing and sales managers 0050 (SOC 11-2020),210,0,0,210,0,0,0,0,0,0,0,0,(X),(X),(X),0,100.0,0.0,0.0,100.0,0.0,0.0,0.0,0.0,0.0,0.0,0.0,0.0,(X),(X),(X),0.0,140,0,0,140,0,0,0,0,0,0,0,0,(X),(X),(X),0,66.7,0.0,0.0,66.7,0.0,0.0,0.0,0.0,0.0,0.0,0.0,0.0,(X),(X),(X),0.0,70,0,0,70,0,0,0,0,0,0,0,0,(X),(X),(X),0,33.3,0.0,0.0,33.3,0.0,0.0,0.0,0.0,0.0,0.0,0.0,0.0,(X),(X),(X),0.0,118,136,136,118,136,136,136,136,136,136,136,136,(X),(X),(X),136,18.2,18.2,18.2,18.2,18.2,18.2,18.2,18.2,18.2,18.2,18.2,18.2,(X),(X),(X),18.2,78,136,136,78,136,136,136,136,136,136,136,136,(X),(X),(X),136,19.0,18.2,18.2,19.0,18.2,18.2,18.2,18.2,18.2,18.2,18.2,18.2,(X),(X),(X),18.2,60,136,136,60,136,136,136,136,136,136,136,136,(X),(X),(X),136,19.1,18.2,18.2,19.1,18.2,18.2,18.2,18.2,18.2,18.2,18.2,18.2,(X),(X),(X),18.2
9020000US3201,3201,"Carson City (city)+Douglas County Set, Nevada",0060,Public relations and fundraising managers 0060 (SOC 11-2031),40,0,0,40,0,0,0,0,0,0,0,0,(X),(X),(X),0,100.0,0.0,0.0,100.0,0.0,0.0,0.0,0.0,0.0,0.0,0.0,0.0,(X),(X),(X),0.0,20,0,0,20,0,0,0,0,0,0,0,0,(X),(X),(X),0,50.0,0.0,0.0,50.0,0.0,0.0,0.0,0.0,0.0,0.0,0.0,0.0,(X),(X),(X),0.0,20,0,0,20,0,0,0,0,0,0,0,0,(X),(X),(X),0,50.0,0.0,0.0,50.0,0.0,0.0,0.0,0.0,0.0,0.0,0.0,0.0,(X),(X),(X),0.0,41,136,136,41,136,136,136,136,136,136,136,136,(X),(X),(X),136,53.6,53.6,53.6,53.6,53.6,53.6,53.6,53.6,53.6,53.6,53.6,53.6,(X),(X),(X),53.6,29,136,136,29,136,136,136,136,136,136,136,136,(X),(X),(X),136,50.0,53.6,53.6,50.0,53.6,53.6,53.6,53.6,53.6,53.6,53.6,53.6,(X),(X),(X),53.6,32,136,136,32,136,136,136,136,136,136,136,136,(X),(X),(X),136,50.0,53.6,53.6,50.0,53.6,53.6,53.6,53.6,53.6,53.6,53.6,53.6,(X),(X),(X),53.6
9020000US3201,3201,"Carson City (city)+Douglas County Set, Nevada",0100,Administrative services managers 0100 (SOC 11-3011),10,0,0,10,0,0,0,0,0,0,0,0,(X),(X),(X),0,100.0,0.0,0.0,100.0,0.0,0.0,0.0,0.0,0.0,0.0,0.0,0.0,(X),(X),(X),0.0,4,0,0,4,0,0,0,0,0,0,0,0,(X),(X),(X),0,40.0,0.0,0.0,40.0,0.0,0.0,0.0,0.0,0.0,0.0,0.0,0.0,(X),(X),(X),0.0,10,0,0,10,0,0,0,0,0,0,0,0,(X),(X),(X),0,100.0,0.0,0.0,100.0,0.0,0.0,0.0,0.0,0.0,0.0,0.0,0.0,(X),(X),(X),0.0,15,136,136,15,136,136,136,136,136,136,136,136,(X),(X),(X),136,100.0,100.0,100.0,100.0,100.0,100.0,100.0,100.0,100.0,100.0,100.0,100.0,(X),(X),(X),100.0,3,136,136,3,136,136,136,136,136,136,136,136,(X),(X),(X),136,60.0,100.0,100.0,60.0,100.0,100.0,100.0,100.0,100.0,100.0,100.0,100.0,(X),(X),(X),100.0,14,136,136,14,136,136,136,136,136,136,136,136,(X),(X),(X),136,100.0,100.0,100.0,100.0,100.0,100.0,100.0,100.0,100.0,100.0,100.0,100.0,(X),(X),(X),100.0
9020000US3201,3201,"Carson City (city)+Douglas County Set, Nevada",0110,Computer and information systems managers 0110 (SOC 11-3021),130,0,0,130,0,0,0,0,0,0,0,0,(X),(X),(X),0,100.0,0.0,0.0,100.0,0.0,0.0,0.0,0.0,0.0,0.0,0.0,0.0,(X),(X),(X),0.0,95,0,0,95,0,0,0,0,0,0,0,0,(X),(X),(X),0,73.1,0.0,0.0,73.1,0.0,0.0,0.0,0.0,0.0,0.0,0.0,0.0,(X),(X),(X),0.0,30,0,0,30,0,0,0,0,0,0,0,0,(X),(X),(X),0,23.1,0.0,0.0,23.1,0.0,0.0,0.0,0.0,0.0,0.0,0.0,0.0,(X),(X),(X),0.0,70,136,136,70,136,136,136,136,136,136,136,136,(X),(X),(X),136,27.3,27.3,27.3,27.3,27.3,27.3,27.3,27.3,27.3,27.3,27.3,27.3,(X),(X),(X),27.3,61,136,136,61,136,136,136,136,136,136,136,136,(X),(X),(X),136,29.2,27.3,27.3,29.2,27.3,27.3,27.3,27.3,27.3,27.3,27.3,27.3,(X),(X),(X),27.3,41,136,136,41,136,136,136,136,136,136,136,136,(X),(X),(X),136,29.8,27.3,27.3,29.8,27.3,27.3,27.3,27.3,27.3,27.3,27.3,27.3,(X),(X),(X),27.3
9020000US3201,3201,"Carson City (city)+Douglas County Set, Nevada",0120,Financial managers 0120 (SOC 11-3031),250,0,0,245,0,10,0,0,0,0,0,0,(X),(X),(X),0,100.0,0.0,0.0,98.0,0.0,4.0,0.0,0.0,0.0,0.0,0.0,0.0,(X),(X),(X),0.0,135,0,0,135,0,0,0,0,0,0,0,0,(X),(X),(X),0,54.0,0.0,0.0,54.0,0.0,0.0,0.0,0.0,0.0,0.0,0.0,0.0,(X),(X),(X),0.0,120,0,0,110,0,10,0,0,0,0,0,0,(X),(X),(X),0,48.0,0.0,0.0,44.0,0.0,4.0,0.0,0.0,0.0,0.0,0.0,0.0,(X),(X),(X),0.0,109,136,136,109,136,16,136,136,136,136,136,136,(X),(X),(X),136,15.6,15.6,15.6,8.0,15.6,6.2,15.6,15.6,15.6,15.6,15.6,15.6,(X),(X),(X),15.6,97,136,136,97,136,136,136,136,136,136,136,136,(X),(X),(X),136,25.2,15.6,15.6,25.2,15.6,15.6,15.6,15.6,15.6,15.6,15.6,15.6,(X),(X),(X),15.6,68,136,136,64,136,16,136,136,136,136,136,136,(X),(X),(X),136,24.8,15.6,15.6,23.7,15.6,6.2,15.6,15.6,15.6,15.6,15.6,15.6,(X),(X),(X),15.6
9020000US3201,3201,"Carson City (city)+Douglas County Set, Nevada",0136,Human resources managers 0136 (SOC 11-3121),130,0,0,130,0,0,0,0,0,0,0,0,(X),(X),(X),0,100.0,0.0,0.0,100.0,0.0,0.0,0.0,0.0,0.0,0.0,0.0,0.0,(X),(X),(X),0.0,40,0,0,40,0,0,0,0,0,0,0,0,(X),(X),(X),0,30.8,0.0,0.0,30.8,0.0,0.0,0.0,0.0,0.0,0.0,0.0,0.0,(X),(X),(X),0.0,90,0,0,90,0,0,0,0,0,0,0,0,(X),(X),(X),0,69.2,0.0,0.0,69.2,0.0,0.0,0.0,0.0,0.0,0.0,0.0,0.0,(X),(X),(X),0.0,102,136,136,102,136,136,136,136,136,136,136,136,(X),(X),(X),136,27.3,27.3,27.3,27.3,27.3,27.3,27.3,27.3,27.3,27.3,27.3,27.3,(X),(X),(X),27.3,42,136,136,42,136,136,136,136,136,136,136,136,(X),(X),(X),136,32.3,27.3,27.3,32.3,27.3,27.3,27.3,27.3,27.3,27.3,27.3,27.3,(X),(X),(X),27.3,88,136,136,88,136,136,136,136,136,136,136,136,(X),(X),(X),136,30.6,27.3,27.3,30.6,27.3,27.3,27.3,27.3,27.3,27.3,27.3,27.3,(X),(X),(X),27.3
9020000US3201,3201,"Carson City (city)+Douglas County Set, Nevada",0137,Training and development managers 0137 (SOC 11-3131),65,0,0,65,0,0,0,0,0,0,0,0,(X),(X),(X),0,100.0,0.0,0.0,100.0,0.0,0.0,0.0,0.0,0.0,0.0,0.0,0.0,(X),(X),(X),0.0,15,0,0,15,0,0,0,0,0,0,0,0,(X),(X),(X),0,23.1,0.0,0.0,23.1,0.0,0.0,0.0,0.0,0.0,0.0,0.0,0.0,(X),(X),(X),0.0,50,0,0,50,0,0,0,0,0,0,0,0,(X),(X),(X),0,76.9,0.0,0.0,76.9,0.0,0.0,0.0,0.0,0.0,0.0,0.0,0.0,(X),(X),(X),0.0,74,136,136,74,136,136,136,136,136,136,136,136,(X),(X),(X),136,42.1,42.1,42.1,42.1,42.1,42.1,42.1,42.1,42.1,42.1,42.1,42.1,(X),(X),(X),42.1,21,136,136,21,136,136,136,136,136,136,136,136,(X),(X),(X),136,41.3,42.1,42.1,41.3,42.1,42.1,42.1,42.1,42.1,42.1,42.1,42.1,(X),(X),(X),42.1,70,136,136,70,136,136,136,136,136,136,136,136,(X),(X),(X),136,37.8,42.1,42.1,37.8,42.1,42.1,42.1,42.1,42.1,42.1,42.1,42.1,(X),(X),(X),42.1
9020000US3201,3201,"Carson City (city)+Douglas County Set, Nevada",0140,Industrial production managers 0140 (SOC 11-3051),55,0,0,55,0,0,0,0,0,0,0,0,(X),(X),(X),0,100.0,0.0,0.0,100.0,0.0,0.0,0.0,0.0,0.0,0.0,0.0,0.0,(X),(X),(X),0.0,55,0,0,55,0,0,0,0,0,0,0,0,(X),(X),(X),0,100.0,0.0,0.0,100.0,0.0,0.0,0.0,0.0,0.0,0.0,0.0,0.0,(X),(X),(X),0.0,0,0,0,0,0,0,0,0,0,0,0,0,(X),(X),(X),0,0.0,0.0,0.0,0.0,0.0,0.0,0.0,0.0,0.0,0.0,0.0,0.0,(X),(X),(X),0.0,44,136,136,44,136,136,136,136,136,136,136,136,(X),(X),(X),136,45.7,45.7,45.7,45.7,45.7,45.7,45.7,45.7,45.7,45.7,45.7,45.7,(X),(X),(X),45.7,44,136,136,44,136,136,136,136,136,136,136,136,(X),(X),(X),136,45.7,45.7,45.7,45.7,45.7,45.7,45.7,45.7,45.7,45.7,45.7,45.7,(X),(X),(X),45.7,136,136,136,136,136,136,136,136,136,136,136,136,(X),(X),(X),136,45.7,45.7,45.7,45.7,45.7,45.7,45.7,45.7,45.7,45.7,45.7,45.7,(X),(X),(X),45.7
9020000US3201,3201,"Carson City (city)+Douglas County Set, Nevada",0150,Purchasing managers 0150 (SOC 11-3061),75,0,0,75,0,4,0,0,0,0,0,0,(X),(X),(X),0,100.0,0.0,0.0,100.0,0.0,5.3,0.0,0.0,0.0,0.0,0.0,0.0,(X),(X),(X),0.0,35,0,0,35,0,0,0,0,0,0,0,0,(X),(X),(X),0,46.7,0.0,0.0,46.7,0.0,0.0,0.0,0.0,0.0,0.0,0.0,0.0,(X),(X),(X),0.0,45,0,0,40,0,4,0,0,0,0,0,0,(X),(X),(X),0,60.0,0.0,0.0,53.3,0.0,5.3,0.0,0.0,0.0,0.0,0.0,0.0,(X),(X),(X),0.0,69,136,136,67,136,3,136,136,136,136,136,136,(X),(X),(X),136,39.2,39.2,39.2,39.2,39.2,6.9,39.2,39.2,39.2,39.2,39.2,39.2,(X),(X),(X),39.2,37,136,136,37,136,136,136,136,136,136,136,136,(X),(X),(X),136,40.7,39.2,39.2,40.7,39.2,39.2,39.2,39.2,39.2,39.2,39.2,39.2,(X),(X),(X),39.2,56,136,136,54,136,3,136,136,136,136,136,136,(X),(X),(X),136,43.9,39.2,39.2,39.7,39.2,6.9,39.2,39.2,39.2,39.2,39.2,39.2,(X),(X),(X),39.2
9020000US3201,3201,"Carson City (city)+Douglas County Set, Nevada",0160,"Transportation, storage, and distribution managers 0160 (SOC 11-3071)",25,0,0,25,0,0,0,0,0,0,0,0,(X),(X),(X),0,100.0,0.0,0.0,100.0,0.0,0.0,0.0,0.0,0.0,0.0,0.0,0.0,(X),(X),(X),0.0,25,0,0,25,0,0,0,0,0,0,0,0,(X),(X),(X),0,100.0,0.0,0.0,100.0,0.0,0.0,0.0,0.0,0.0,0.0,0.0,0.0,(X),(X),(X),0.0,0,0,0,0,0,0,0,0,0,0,0,0,(X),(X),(X),0,0.0,0.0,0.0,0.0,0.0,0.0,0.0,0.0,0.0,0.0,0.0,0.0,(X),(X),(X),0.0,32,136,136,32,136,136,136,136,136,136,136,136,(X),(X),(X),136,67.8,67.8,67.8,67.8,67.8,67.8,67.8,67.8,67.8,67.8,67.8,67.8,(X),(X),(X),67.8,32,136,136,32,136,136,136,136,136,136,136,136,(X),(X),(X),136,67.8,67.8,67.8,67.8,67.8,67.8,67.8,67.8,67.8,67.8,67.8,67.8,(X),(X),(X),67.8,136,136,136,136,136,136,136,136,136,136,136,136,(X),(X),(X),136,67.8,67.8,67.8,67.8,67.8,67.8,67.8,67.8,67.8,67.8,67.8,67.8,(X),(X),(X),67.8
9020000US3201,3201,"Carson City (city)+Douglas County Set, Nevada",0205,"Farmers, ranchers, and other agricultural managers 0205 (SOC 11-9013)",130,0,0,110,0,4,0,0,0,20,0,0,(X),(X),(X),0,100.0,0.0,0.0,84.6,0.0,3.1,0.0,0.0,0.0,15.4,0.0,0.0,(X),(X),(X),0.0,130,0,0,110,0,4,0,0,0,20,0,0,(X),(X),(X),0,100.0,0.0,0.0,84.6,0.0,3.1,0.0,0.0,0.0,15.4,0.0,0.0,(X),(X),(X),0.0,0,0,0,0,0,0,0,0,0,0,0,0,(X),(X),(X),0,0.0,0.0,0.0,0.0,0.0,0.0,0.0,0.0,0.0,0.0,0.0,0.0,(X),(X),(X),0.0,84,136,136,78,136,7,136,136,136,29,136,136,(X),(X),(X),136,27.3,27.3,27.3,20.0,27.3,5.7,27.3,27.3,27.3,21.4,27.3,27.3,(X),(X),(X),27.3,84,136,136,78,136,7,136,136,136,29,136,136,(X),(X),(X),136,27.3,27.3,27.3,20.0,27.3,5.7,27.3,27.3,27.3,21.4,27.3,27.3,(X),(X),(X),27.3,136,136,136,136,136,136,136,136,136,136,136,136,(X),(X),(X),136,27.3,27.3,27.3,27.3,27.3,27.3,27.3,27.3,27.3,27.3,27.3,27.3,(X),(X),(X),27.3
9020000US3201,3201,"Carson City (city)+Douglas County Set, Nevada",0220,Construction managers 0220 (SOC 11-9021),445,25,10,375,0,0,0,0,0,0,25,0,(X),(X),(X),10,100.0,5.6,2.2,84.3,0.0,0.0,0.0,0.0,0.0,0.0,5.6,0.0,(X),(X),(X),2.2,410,15,10,375,0,0,0,0,0,0,0,0,(X),(X),(X),10,92.1,3.4,2.2,84.3,0.0,0.0,0.0,0.0,0.0,0.0,0.0,0.0,(X),(X),(X),2.2,35,10,0,0,0,0,0,0,0,0,25,0,(X),(X),(X),0,7.9,2.2,0.0,0.0,0.0,0.0,0.0,0.0,0.0,0.0,5.6,0.0,(X),(X),(X),0.0,154,30,13,148,136,136,136,136,136,136,39,136,(X),(X),(X),18,9.1,6.9,3.1,11.2,9.1,9.1,9.1,9.1,9.1,9.1,8.7,9.1,(X),(X),(X),4.2,155,24,13,148,136,136,136,136,136,136,136,136,(X),(X),(X),18,9.5,5.3,3.1,11.2,9.1,9.1,9.1,9.1,9.1,9.1,9.1,9.1,(X),(X),(X),4.2,40,19,136,136,136,136,136,136,136,136,39,136,(X),(X),(X),136,9.3,4.4,9.1,9.1,9.1,9.1,9.1,9.1,9.1,9.1,8.7,9.1,(X),(X),(X),9.1
9020000US3201,3201,"Carson City (city)+Douglas County Set, Nevada",0230,Education administrators 0230 (SOC 11-9030),165,0,0,155,0,0,0,0,0,0,15,0,(X),(X),(X),0,100.0,0.0,0.0,93.9,0.0,0.0,0.0,0.0,0.0,0.0,9.1,0.0,(X),(X),(X),0.0,30,0,0,30,0,0,0,0,0,0,0,0,(X),(X),(X),0,18.2,0.0,0.0,18.2,0.0,0.0,0.0,0.0,0.0,0.0,0.0,0.0,(X),(X),(X),0.0,135,0,0,125,0,0,0,0,0,0,15,0,(X),(X),(X),0,81.8,0.0,0.0,75.8,0.0,0.0,0.0,0.0,0.0,0.0,9.1,0.0,(X),(X),(X),0.0,104,136,136,103,136,136,136,136,136,136,27,136,(X),(X),(X),136,22.5,22.5,22.5,19.9,22.5,22.5,22.5,22.5,22.5,22.5,16.8,22.5,(X),(X),(X),22.5,30,136,136,30,136,136,136,136,136,136,136,136,(X),(X),(X),136,16.1,22.5,22.5,16.1,22.5,22.5,22.5,22.5,22.5,22.5,22.5,22.5,(X),(X),(X),22.5,92,136,136,90,136,136,136,136,136,136,27,136,(X),(X),(X),136,16.5,22.5,22.5,23.9,22.5,22.5,22.5,22.5,22.5,22.5,16.8,22.5,(X),(X),(X),22.5
9020000US3201,3201,"Carson City (city)+Douglas County Set, Nevada",0300,Architectural and engineering managers 0300 (SOC 11-9041),10,0,0,10,0,0,0,0,0,0,0,0,(X),(X),(X),0,100.0,0.0,0.0,100.0,0.0,0.0,0.0,0.0,0.0,0.0,0.0,0.0,(X),(X),(X),0.0,10,0,0,10,0,0,0,0,0,0,0,0,(X),(X),(X),0,100.0,0.0,0.0,100.0,0.0,0.0,0.0,0.0,0.0,0.0,0.0,0.0,(X),(X),(X),0.0,0,0,0,0,0,0,0,0,0,0,0,0,(X),(X),(X),0,0.0,0.0,0.0,0.0,0.0,0.0,0.0,0.0,0.0,0.0,0.0,0.0,(X),(X),(X),0.0,16,136,136,16,136,136,136,136,136,136,136,136,(X),(X),(X),136,100.0,100.0,100.0,100.0,100.0,100.0,100.0,100.0,100.0,100.0,100.0,100.0,(X),(X),(X),100.0,16,136,136,16,136,136,136,136,136,136,136,136,(X),(X),(X),136,100.0,100.0,100.0,100.0,100.0,100.0,100.0,100.0,100.0,100.0,100.0,100.0,(X),(X),(X),100.0,136,136,136,136,136,136,136,136,136,136,136,136,(X),(X),(X),136,100.0,100.0,100.0,100.0,100.0,100.0,100.0,100.0,100.0,100.0,100.0,100.0,(X),(X),(X),100.0
9020000US3201,3201,"Carson City (city)+Douglas County Set, Nevada",0310,Food service managers 0310 (SOC 11-9051),250,35,15,120,0,0,75,0,0,0,0,0,(X),(X),(X),0,100.0,14.0,6.0,48.0,0.0,0.0,30.0,0.0,0.0,0.0,0.0,0.0,(X),(X),(X),0.0,140,35,15,60,0,0,25,0,0,0,0,0,(X),(X),(X),0,56.0,14.0,6.0,24.0,0.0,0.0,10.0,0.0,0.0,0.0,0.0,0.0,(X),(X),(X),0.0,110,0,0,60,0,0,50,0,0,0,0,0,(X),(X),(X),0,44.0,0.0,0.0,24.0,0.0,0.0,20.0,0.0,0.0,0.0,0.0,0.0,(X),(X),(X),0.0,143,46,30,84,136,136,105,136,136,136,136,136,(X),(X),(X),136,15.6,19.5,12.6,31.0,15.6,15.6,33.8,15.6,15.6,15.6,15.6,15.6,(X),(X),(X),15.6,81,46,30,47,136,136,41,136,136,136,136,136,(X),(X),(X),136,17.9,19.5,12.6,18.9,15.6,15.6,13.1,15.6,15.6,15.6,15.6,15.6,(X),(X),(X),15.6,84,136,136,51,136,136,67,136,136,136,136,136,(X),(X),(X),136,17.3,15.6,15.6,18.7,15.6,15.6,22.0,15.6,15.6,15.6,15.6,15.6,(X),(X),(X),15.6
9020000US3201,3201,"Carson City (city)+Douglas County Set, Nevada",0330,Gaming managers 0330 (SOC 11-9071),130,0,0,115,0,0,15,0,0,0,0,0,(X),(X),(X),0,100.0,0.0,0.0,88.5,0.0,0.0,11.5,0.0,0.0,0.0,0.0,0.0,(X),(X),(X),0.0,120,0,0,105,0,0,15,0,0,0,0,0,(X),(X),(X),0,92.3,0.0,0.0,80.8,0.0,0.0,11.5,0.0,0.0,0.0,0.0,0.0,(X),(X),(X),0.0,10,0,0,10,0,0,0,0,0,0,0,0,(X),(X),(X),0,7.7,0.0,0.0,7.7,0.0,0.0,0.0,0.0,0.0,0.0,0.0,0.0,(X),(X),(X),0.0,62,136,136,63,136,136,27,136,136,136,136,136,(X),(X),(X),136,27.3,27.3,27.3,20.3,27.3,27.3,20.6,27.3,27.3,27.3,27.3,27.3,(X),(X),(X),27.3,63,136,136,64,136,136,27,136,136,136,136,136,(X),(X),(X),136,16.3,27.3,27.3,26.0,27.3,27.3,20.6,27.3,27.3,27.3,27.3,27.3,(X),(X),(X),27.3,19,136,136,19,136,136,136,136,136,136,136,136,(X),(X),(X),136,16.0,27.3,27.3,16.0,27.3,27.3,27.3,27.3,27.3,27.3,27.3,27.3,(X),(X),(X),27.3
9020000US3201,3201,"Carson City (city)+Douglas County Set, Nevada",0340,Lodging managers 0340 (SOC 11-9081),195,0,0,160,0,0,0,0,0,0,0,0,(X),(X),(X),35,100.0,0.0,0.0,82.1,0.0,0.0,0.0,0.0,0.0,0.0,0.0,0.0,(X),(X),(X),17.9,70,0,0,70,0,0,0,0,0,0,0,0,(X),(X),(X),0,35.9,0.0,0.0,35.9,0.0,0.0,0.0,0.0,0.0,0.0,0.0,0.0,(X),(X),(X),0.0,125,0,0,90,0,0,0,0,0,0,0,0,(X),(X),(X),35,64.1,0.0,0.0,46.2,0.0,0.0,0.0,0.0,0.0,0.0,0.0,0.0,(X),(X),(X),17.9,140,136,136,136,136,136,136,136,136,136,136,136,(X),(X),(X),47,19.4,19.4,19.4,26.5,19.4,19.4,19.4,19.4,19.4,19.4,19.4,19.4,(X),(X),(X),26.2,66,136,136,66,136,136,136,136,136,136,136,136,(X),(X),(X),136,22.8,19.4,19.4,22.8,19.4,19.4,19.4,19.4,19.4,19.4,19.4,19.4,(X),(X),(X),19.4,98,136,136,91,136,136,136,136,136,136,136,136,(X),(X),(X),47,22.9,19.4,19.4,28.7,19.4,19.4,19.4,19.4,19.4,19.4,19.4,19.4,(X),(X),(X),26.2
9020000US3201,3201,"Carson City (city)+Douglas County Set, Nevada",0350,Medical and health services managers 0350 (SOC 11-9111),195,0,70,95,25,0,0,0,0,0,0,0,(X),(X),(X),0,100.0,0.0,35.9,48.7,12.8,0.0,0.0,0.0,0.0,0.0,0.0,0.0,(X),(X),(X),0.0,70,0,25,20,25,0,0,0,0,0,0,0,(X),(X),(X),0,35.9,0.0,12.8,10.3,12.8,0.0,0.0,0.0,0.0,0.0,0.0,0.0,(X),(X),(X),0.0,125,0,45,75,0,0,0,0,0,0,0,0,(X),(X),(X),0,64.1,0.0,23.1,38.5,0.0,0.0,0.0,0.0,0.0,0.0,0.0,0.0,(X),(X),(X),0.0,92,136,64,67,43,136,136,136,136,136,136,136,(X),(X),(X),136,19.4,19.4,28.0,29.3,21.4,19.4,19.4,19.4,19.4,19.4,19.4,19.4,(X),(X),(X),19.4,63,136,36,28,43,136,136,136,136,136,136,136,(X),(X),(X),136,28.5,19.4,18.0,15.7,21.4,19.4,19.4,19.4,19.4,19.4,19.4,19.4,(X),(X),(X),19.4,80,136,53,62,136,136,136,136,136,136,136,136,(X),(X),(X),136,28.5,19.4,25.7,26.4,19.4,19.4,19.4,19.4,19.4,19.4,19.4,19.4,(X),(X),(X),19.4
9020000US3201,3201,"Carson City (city)+Douglas County Set, Nevada",0410,"Property, real estate, and community association managers 0410 (SOC 11-9141)",150,15,0,135,0,0,0,0,0,0,0,0,(X),(X),(X),0,100.0,10.0,0.0,90.0,0.0,0.0,0.0,0.0,0.0,0.0,0.0,0.0,(X),(X),(X),0.0,80,0,0,80,0,0,0,0,0,0,0,0,(X),(X),(X),0,53.3,0.0,0.0,53.3,0.0,0.0,0.0,0.0,0.0,0.0,0.0,0.0,(X),(X),(X),0.0,70,15,0,55,0,0,0,0,0,0,0,0,(X),(X),(X),0,46.7,10.0,0.0,36.7,0.0,0.0,0.0,0.0,0.0,0.0,0.0,0.0,(X),(X),(X),0.0,78,24,136,75,136,136,136,136,136,136,136,136,(X),(X),(X),136,24.3,15.4,24.3,14.7,24.3,24.3,24.3,24.3,24.3,24.3,24.3,24.3,(X),(X),(X),24.3,63,136,136,63,136,136,136,136,136,136,136,136,(X),(X),(X),136,27.5,24.3,24.3,27.5,24.3,24.3,24.3,24.3,24.3,24.3,24.3,24.3,(X),(X),(X),24.3,50,24,136,43,136,136,136,136,136,136,136,136,(X),(X),(X),136,28.0,15.4,24.3,25.7,24.3,24.3,24.3,24.3,24.3,24.3,24.3,24.3,(X),(X),(X),24.3
9020000US3201,3201,"Carson City (city)+Douglas County Set, Nevada",0420,Social and community service managers 0420 (SOC 11-9151),140,0,0,125,0,4,0,0,0,10,0,0,(X),(X),(X),0,100.0,0.0,0.0,89.3,0.0,2.9,0.0,0.0,0.0,7.1,0.0,0.0,(X),(X),(X),0.0,40,0,0,25,0,4,0,0,0,10,0,0,(X),(X),(X),0,28.6,0.0,0.0,17.9,0.0,2.9,0.0,0.0,0.0,7.1,0.0,0.0,(X),(X),(X),0.0,100,0,0,100,0,0,0,0,0,0,0,0,(X),(X),(X),0,71.4,0.0,0.0,71.4,0.0,0.0,0.0,0.0,0.0,0.0,0.0,0.0,(X),(X),(X),0.0,67,136,136,66,136,6,136,136,136,18,136,136,(X),(X),(X),136,25.7,25.7,25.7,13.0,25.7,4.1,25.7,25.7,25.7,12.9,25.7,25.7,(X),(X),(X),25.7,37,136,136,29,136,6,136,136,136,18,136,136,(X),(X),(X),136,23.7,25.7,25.7,19.1,25.7,4.1,25.7,25.7,25.7,12.9,25.7,25.7,(X),(X),(X),25.7,60,136,136,60,136,136,136,136,136,136,136,136,(X),(X),(X),136,23.2,25.7,25.7,23.2,25.7,25.7,25.7,25.7,25.7,25.7,25.7,25.7,(X),(X),(X),25.7
9020000US3201,3201,"Carson City (city)+Douglas County Set, Nevada",0425,Emergency management directors 0425 (SOC 11-9161),4,0,0,4,0,0,0,0,0,0,0,0,(X),(X),(X),0,100.0,0.0,0.0,100.0,0.0,0.0,0.0,0.0,0.0,0.0,0.0,0.0,(X),(X),(X),0.0,4,0,0,4,0,0,0,0,0,0,0,0,(X),(X),(X),0,100.0,0.0,0.0,100.0,0.0,0.0,0.0,0.0,0.0,0.0,0.0,0.0,(X),(X),(X),0.0,0,0,0,0,0,0,0,0,0,0,0,0,(X),(X),(X),0,0.0,0.0,0.0,0.0,0.0,0.0,0.0,0.0,0.0,0.0,0.0,0.0,(X),(X),(X),0.0,136,136,136,136,136,136,136,136,136,136,136,136,(X),(X),(X),136,100.0,100.0,100.0,100.0,100.0,100.0,100.0,100.0,100.0,100.0,100.0,100.0,(X),(X),(X),100.0,136,136,136,136,136,136,136,136,136,136,136,136,(X),(X),(X),136,100.0,100.0,100.0,100.0,100.0,100.0,100.0,100.0,100.0,100.0,100.0,100.0,(X),(X),(X),100.0,136,136,136,136,136,136,136,136,136,136,136,136,(X),(X),(X),136,100.0,100.0,100.0,100.0,100.0,100.0,100.0,100.0,100.0,100.0,100.0,100.0,(X),(X),(X),100.0
9020000US3201,3201,"Carson City (city)+Douglas County Set, Nevada",0430,"Miscellaneous managers, including funeral service managers and postmasters and mail superintendents 0430 (SOC 11-9XXX)",1255,15,4,1180,0,0,10,0,0,0,30,0,(X),(X),(X),15,100.0,1.2,0.3,94.0,0.0,0.0,0.8,0.0,0.0,0.0,2.4,0.0,(X),(X),(X),1.2,885,4,0,835,0,0,0,0,0,0,30,0,(X),(X),(X),15,70.5,0.3,0.0,66.5,0.0,0.0,0.0,0.0,0.0,0.0,2.4,0.0,(X),(X),(X),1.2,365,4,4,345,0,0,10,0,0,0,0,0,(X),(X),(X),0,29.1,0.3,0.3,27.5,0.0,0.0,0.8,0.0,0.0,0.0,0.0,0.0,(X),(X),(X),0.0,304,18,4,300,136,136,24,136,136,136,43,136,(X),(X),(X),25,3.3,1.5,0.3,4.5,3.3,3.3,1.8,3.3,3.3,3.3,3.4,3.3,(X),(X),(X),2.0,249,15,136,243,136,136,136,136,136,136,43,136,(X),(X),(X),25,8.2,1.2,3.3,8.6,3.3,3.3,3.3,3.3,3.3,3.3,3.4,3.3,(X),(X),(X),2.0,130,16,4,123,136,136,24,136,136,136,136,136,(X),(X),(X),136,8.2,1.3,0.3,7.7,3.3,3.3,1.8,3.3,3.3,3.3,3.3,3.3,(X),(X),(X),3.3
9020000US3201,3201,"Carson City (city)+Douglas County Set, Nevada",0500,"Agents and business managers of artists, performers, and athletes 0500 (SOC 13-1011)",20,0,0,20,0,0,0,0,0,0,0,0,(X),(X),(X),0,100.0,0.0,0.0,100.0,0.0,0.0,0.0,0.0,0.0,0.0,0.0,0.0,(X),(X),(X),0.0,0,0,0,0,0,0,0,0,0,0,0,0,(X),(X),(X),0,0.0,0.0,0.0,0.0,0.0,0.0,0.0,0.0,0.0,0.0,0.0,0.0,(X),(X),(X),0.0,20,0,0,20,0,0,0,0,0,0,0,0,(X),(X),(X),0,100.0,0.0,0.0,100.0,0.0,0.0,0.0,0.0,0.0,0.0,0.0,0.0,(X),(X),(X),0.0,33,136,136,33,136,136,136,136,136,136,136,136,(X),(X),(X),136,75.8,75.8,75.8,75.8,75.8,75.8,75.8,75.8,75.8,75.8,75.8,75.8,(X),(X),(X),75.8,136,136,136,136,136,136,136,136,136,136,136,136,(X),(X),(X),136,75.8,75.8,75.8,75.8,75.8,75.8,75.8,75.8,75.8,75.8,75.8,75.8,(X),(X),(X),75.8,33,136,136,33,136,136,136,136,136,136,136,136,(X),(X),(X),136,75.8,75.8,75.8,75.8,75.8,75.8,75.8,75.8,75.8,75.8,75.8,75.8,(X),(X),(X),75.8
9020000US3201,3201,"Carson City (city)+Douglas County Set, Nevada",0520,"Wholesale and retail buyers, except farm products 0520 (SOC 13-1022)",55,0,0,55,0,0,0,0,0,0,0,0,(X),(X),(X),0,100.0,0.0,0.0,100.0,0.0,0.0,0.0,0.0,0.0,0.0,0.0,0.0,(X),(X),(X),0.0,35,0,0,35,0,0,0,0,0,0,0,0,(X),(X),(X),0,63.6,0.0,0.0,63.6,0.0,0.0,0.0,0.0,0.0,0.0,0.0,0.0,(X),(X),(X),0.0,20,0,0,20,0,0,0,0,0,0,0,0,(X),(X),(X),0,36.4,0.0,0.0,36.4,0.0,0.0,0.0,0.0,0.0,0.0,0.0,0.0,(X),(X),(X),0.0,48,136,136,48,136,136,136,136,136,136,136,136,(X),(X),(X),136,45.7,45.7,45.7,45.7,45.7,45.7,45.7,45.7,45.7,45.7,45.7,45.7,(X),(X),(X),45.7,40,136,136,40,136,136,136,136,136,136,136,136,(X),(X),(X),136,47.6,45.7,45.7,47.6,45.7,45.7,45.7,45.7,45.7,45.7,45.7,45.7,(X),(X),(X),45.7,30,136,136,30,136,136,136,136,136,136,136,136,(X),(X),(X),136,50.1,45.7,45.7,50.1,45.7,45.7,45.7,45.7,45.7,45.7,45.7,45.7,(X),(X),(X),45.7
9020000US3201,3201,"Carson City (city)+Douglas County Set, Nevada",0530,"Purchasing agents, except wholesale, retail, and farm products 0530 (SOC 13-1023)",50,0,0,50,0,0,0,0,0,0,0,0,(X),(X),(X),0,100.0,0.0,0.0,100.0,0.0,0.0,0.0,0.0,0.0,0.0,0.0,0.0,(X),(X),(X),0.0,45,0,0,45,0,0,0,0,0,0,0,0,(X),(X),(X),0,90.0,0.0,0.0,90.0,0.0,0.0,0.0,0.0,0.0,0.0,0.0,0.0,(X),(X),(X),0.0,10,0,0,10,0,0,0,0,0,0,0,0,(X),(X),(X),0,20.0,0.0,0.0,20.0,0.0,0.0,0.0,0.0,0.0,0.0,0.0,0.0,(X),(X),(X),0.0,43,136,136,43,136,136,136,136,136,136,136,136,(X),(X),(X),136,48.0,48.0,48.0,48.0,48.0,48.0,48.0,48.0,48.0,48.0,48.0,48.0,(X),(X),(X),48.0,41,136,136,41,136,136,136,136,136,136,136,136,(X),(X),(X),136,36.0,48.0,48.0,36.0,48.0,48.0,48.0,48.0,48.0,48.0,48.0,48.0,(X),(X),(X),48.0,14,136,136,14,136,136,136,136,136,136,136,136,(X),(X),(X),136,29.5,48.0,48.0,29.5,48.0,48.0,48.0,48.0,48.0,48.0,48.0,48.0,(X),(X),(X),48.0
9020000US3201,3201,"Carson City (city)+Douglas County Set, Nevada",0540,"Claims adjusters, appraisers, examiners, and investigators 0540 (SOC 13-1030)",50,20,0,30,0,0,0,0,0,0,0,0,(X),(X),(X),0,100.0,40.0,0.0,60.0,0.0,0.0,0.0,0.0,0.0,0.0,0.0,0.0,(X),(X),(X),0.0,20,0,0,20,0,0,0,0,0,0,0,0,(X),(X),(X),0,40.0,0.0,0.0,40.0,0.0,0.0,0.0,0.0,0.0,0.0,0.0,0.0,(X),(X),(X),0.0,30,20,0,10,0,0,0,0,0,0,0,0,(X),(X),(X),0,60.0,40.0,0.0,20.0,0.0,0.0,0.0,0.0,0.0,0.0,0.0,0.0,(X),(X),(X),0.0,49,38,136,34,136,136,136,136,136,136,136,136,(X),(X),(X),136,48.0,59.3,48.0,57.6,48.0,48.0,48.0,48.0,48.0,48.0,48.0,48.0,(X),(X),(X),48.0,32,136,136,32,136,136,136,136,136,136,136,136,(X),(X),(X),136,60.0,48.0,48.0,60.0,48.0,48.0,48.0,48.0,48.0,48.0,48.0,48.0,(X),(X),(X),48.0,42,38,136,19,136,136,136,136,136,136,136,136,(X),(X),(X),136,53.8,59.3,48.0,43.9,48.0,48.0,48.0,48.0,48.0,48.0,48.0,48.0,(X),(X),(X),48.0
9020000US3201,3201,"Carson City (city)+Douglas County Set, Nevada",0565,Compliance officers 0565 (SOC 13-1041),105,0,0,105,0,0,0,0,0,0,0,0,(X),(X),(X),0,100.0,0.0,0.0,100.0,0.0,0.0,0.0,0.0,0.0,0.0,0.0,0.0,(X),(X),(X),0.0,40,0,0,40,0,0,0,0,0,0,0,0,(X),(X),(X),0,38.1,0.0,0.0,38.1,0.0,0.0,0.0,0.0,0.0,0.0,0.0,0.0,(X),(X),(X),0.0,65,0,0,65,0,0,0,0,0,0,0,0,(X),(X),(X),0,61.9,0.0,0.0,61.9,0.0,0.0,0.0,0.0,0.0,0.0,0.0,0.0,(X),(X),(X),0.0,62,136,136,62,136,136,136,136,136,136,136,136,(X),(X),(X),136,32.0,32.0,32.0,32.0,32.0,32.0,32.0,32.0,32.0,32.0,32.0,32.0,(X),(X),(X),32.0,39,136,136,39,136,136,136,136,136,136,136,136,(X),(X),(X),136,35.3,32.0,32.0,35.3,32.0,32.0,32.0,32.0,32.0,32.0,32.0,32.0,(X),(X),(X),32.0,56,136,136,56,136,136,136,136,136,136,136,136,(X),(X),(X),136,34.7,32.0,32.0,34.7,32.0,32.0,32.0,32.0,32.0,32.0,32.0,32.0,(X),(X),(X),32.0
9020000US3201,3201,"Carson City (city)+Douglas County Set, Nevada",0600,Cost estimators 0600 (SOC 13-1051),25,0,0,25,0,0,0,0,0,0,0,0,(X),(X),(X),0,100.0,0.0,0.0,100.0,0.0,0.0,0.0,0.0,0.0,0.0,0.0,0.0,(X),(X),(X),0.0,25,0,0,25,0,0,0,0,0,0,0,0,(X),(X),(X),0,100.0,0.0,0.0,100.0,0.0,0.0,0.0,0.0,0.0,0.0,0.0,0.0,(X),(X),(X),0.0,4,0,0,4,0,0,0,0,0,0,0,0,(X),(X),(X),0,16.0,0.0,0.0,16.0,0.0,0.0,0.0,0.0,0.0,0.0,0.0,0.0,(X),(X),(X),0.0,31,136,136,31,136,136,136,136,136,136,136,136,(X),(X),(X),136,67.8,67.8,67.8,67.8,67.8,67.8,67.8,67.8,67.8,67.8,67.8,67.8,(X),(X),(X),67.8,30,136,136,30,136,136,136,136,136,136,136,136,(X),(X),(X),136,67.8,67.8,67.8,67.8,67.8,67.8,67.8,67.8,67.8,67.8,67.8,67.8,(X),(X),(X),67.8,4,136,136,4,136,136,136,136,136,136,136,136,(X),(X),(X),136,35.6,67.8,67.8,35.6,67.8,67.8,67.8,67.8,67.8,67.8,67.8,67.8,(X),(X),(X),67.8
9020000US3201,3201,"Carson City (city)+Douglas County Set, Nevada",0630,Human resources workers 0630 (SOC 13-1070),200,0,0,200,0,0,0,0,0,0,0,0,(X),(X),(X),0,100.0,0.0,0.0,100.0,0.0,0.0,0.0,0.0,0.0,0.0,0.0,0.0,(X),(X),(X),0.0,70,0,0,70,0,0,0,0,0,0,0,0,(X),(X),(X),0,35.0,0.0,0.0,35.0,0.0,0.0,0.0,0.0,0.0,0.0,0.0,0.0,(X),(X),(X),0.0,125,0,0,125,0,0,0,0,0,0,0,0,(X),(X),(X),0,62.5,0.0,0.0,62.5,0.0,0.0,0.0,0.0,0.0,0.0,0.0,0.0,(X),(X),(X),0.0,124,136,136,124,136,136,136,136,136,136,136,136,(X),(X),(X),136,19.0,19.0,19.0,19.0,19.0,19.0,19.0,19.0,19.0,19.0,19.0,19.0,(X),(X),(X),19.0,64,136,136,64,136,136,136,136,136,136,136,136,(X),(X),(X),136,30.5,19.0,19.0,30.5,19.0,19.0,19.0,19.0,19.0,19.0,19.0,19.0,(X),(X),(X),19.0,105,136,136,105,136,136,136,136,136,136,136,136,(X),(X),(X),136,29.2,19.0,19.0,29.2,19.0,19.0,19.0,19.0,19.0,19.0,19.0,19.0,(X),(X),(X),19.0
9020000US3201,3201,"Carson City (city)+Douglas County Set, Nevada",0640,"Compensation, benefits, and job analysis specialists 0640 (SOC 13-1141)",4,0,0,4,0,0,0,0,0,0,0,0,(X),(X),(X),0,100.0,0.0,0.0,100.0,0.0,0.0,0.0,0.0,0.0,0.0,0.0,0.0,(X),(X),(X),0.0,0,0,0,0,0,0,0,0,0,0,0,0,(X),(X),(X),0,0.0,0.0,0.0,0.0,0.0,0.0,0.0,0.0,0.0,0.0,0.0,0.0,(X),(X),(X),0.0,4,0,0,4,0,0,0,0,0,0,0,0,(X),(X),(X),0,100.0,0.0,0.0,100.0,0.0,0.0,0.0,0.0,0.0,0.0,0.0,0.0,(X),(X),(X),0.0,16,136,136,16,136,136,136,136,136,136,136,136,(X),(X),(X),136,100.0,100.0,100.0,100.0,100.0,100.0,100.0,100.0,100.0,100.0,100.0,100.0,(X),(X),(X),100.0,136,136,136,136,136,136,136,136,136,136,136,136,(X),(X),(X),136,100.0,100.0,100.0,100.0,100.0,100.0,100.0,100.0,100.0,100.0,100.0,100.0,(X),(X),(X),100.0,16,136,136,16,136,136,136,136,136,136,136,136,(X),(X),(X),136,100.0,100.0,100.0,100.0,100.0,100.0,100.0,100.0,100.0,100.0,100.0,100.0,(X),(X),(X),100.0
9020000US3201,3201,"Carson City (city)+Douglas County Set, Nevada",0650,Training and development specialists 0650 (SOC 13-1151),55,0,0,40,0,10,0,0,0,0,0,0,(X),(X),(X),0,100.0,0.0,0.0,72.7,0.0,18.2,0.0,0.0,0.0,0.0,0.0,0.0,(X),(X),(X),0.0,10,0,0,10,0,0,0,0,0,0,0,0,(X),(X),(X),0,18.2,0.0,0.0,18.2,0.0,0.0,0.0,0.0,0.0,0.0,0.0,0.0,(X),(X),(X),0.0,40,0,0,30,0,10,0,0,0,0,0,0,(X),(X),(X),0,72.7,0.0,0.0,54.5,0.0,18.2,0.0,0.0,0.0,0.0,0.0,0.0,(X),(X),(X),0.0,42,136,136,40,136,18,136,136,136,136,136,136,(X),(X),(X),136,45.7,45.7,45.7,43.6,45.7,34.0,45.7,45.7,45.7,45.7,45.7,45.7,(X),(X),(X),45.7,23,136,136,23,136,136,136,136,136,136,136,136,(X),(X),(X),136,41.0,45.7,45.7,41.0,45.7,45.7,45.7,45.7,45.7,45.7,45.7,45.7,(X),(X),(X),45.7,36,136,136,32,136,18,136,136,136,136,136,136,(X),(X),(X),136,37.7,45.7,45.7,43.6,45.7,34.0,45.7,45.7,45.7,45.7,45.7,45.7,(X),(X),(X),45.7
9020000US3201,3201,"Carson City (city)+Douglas County Set, Nevada",0710,Management analysts 0710 (SOC 13-1111),270,0,0,260,0,0,10,0,0,0,0,0,(X),(X),(X),0,100.0,0.0,0.0,96.3,0.0,0.0,3.7,0.0,0.0,0.0,0.0,0.0,(X),(X),(X),0.0,165,0,0,155,0,0,10,0,0,0,0,0,(X),(X),(X),0,61.1,0.0,0.0,57.4,0.0,0.0,3.7,0.0,0.0,0.0,0.0,0.0,(X),(X),(X),0.0,105,0,0,105,0,0,0,0,0,0,0,0,(X),(X),(X),0,38.9,0.0,0.0,38.9,0.0,0.0,0.0,0.0,0.0,0.0,0.0,0.0,(X),(X),(X),0.0,135,136,136,129,136,136,18,136,136,136,136,136,(X),(X),(X),136,14.5,14.5,14.5,7.6,14.5,14.5,6.5,14.5,14.5,14.5,14.5,14.5,(X),(X),(X),14.5,107,136,136,100,136,136,18,136,136,136,136,136,(X),(X),(X),136,23.5,14.5,14.5,21.6,14.5,14.5,6.5,14.5,14.5,14.5,14.5,14.5,(X),(X),(X),14.5,78,136,136,78,136,136,136,136,136,136,136,136,(X),(X),(X),136,23.6,14.5,14.5,23.6,14.5,14.5,14.5,14.5,14.5,14.5,14.5,14.5,(X),(X),(X),14.5
9020000US3201,3201,"Carson City (city)+Douglas County Set, Nevada",0725,"Meeting, convention, and event planners 0725 (SOC 13-1121)",30,0,0,30,0,0,0,0,0,0,0,0,(X),(X),(X),0,100.0,0.0,0.0,100.0,0.0,0.0,0.0,0.0,0.0,0.0,0.0,0.0,(X),(X),(X),0.0,0,0,0,0,0,0,0,0,0,0,0,0,(X),(X),(X),0,0.0,0.0,0.0,0.0,0.0,0.0,0.0,0.0,0.0,0.0,0.0,0.0,(X),(X),(X),0.0,30,0,0,30,0,0,0,0,0,0,0,0,(X),(X),(X),0,100.0,0.0,0.0,100.0,0.0,0.0,0.0,0.0,0.0,0.0,0.0,0.0,(X),(X),(X),0.0,41,136,136,41,136,136,136,136,136,136,136,136,(X),(X),(X),136,61.9,61.9,61.9,61.9,61.9,61.9,61.9,61.9,61.9,61.9,61.9,61.9,(X),(X),(X),61.9,136,136,136,136,136,136,136,136,136,136,136,136,(X),(X),(X),136,61.9,61.9,61.9,61.9,61.9,61.9,61.9,61.9,61.9,61.9,61.9,61.9,(X),(X),(X),61.9,41,136,136,41,136,136,136,136,136,136,136,136,(X),(X),(X),136,61.9,61.9,61.9,61.9,61.9,61.9,61.9,61.9,61.9,61.9,61.9,61.9,(X),(X),(X),61.9
9020000US3201,3201,"Carson City (city)+Douglas County Set, Nevada",0726,Fundraisers 0726 (SOC 13-1131),10,0,0,10,0,0,0,0,0,0,0,0,(X),(X),(X),0,100.0,0.0,0.0,100.0,0.0,0.0,0.0,0.0,0.0,0.0,0.0,0.0,(X),(X),(X),0.0,10,0,0,10,0,0,0,0,0,0,0,0,(X),(X),(X),0,100.0,0.0,0.0,100.0,0.0,0.0,0.0,0.0,0.0,0.0,0.0,0.0,(X),(X),(X),0.0,0,0,0,0,0,0,0,0,0,0,0,0,(X),(X),(X),0,0.0,0.0,0.0,0.0,0.0,0.0,0.0,0.0,0.0,0.0,0.0,0.0,(X),(X),(X),0.0,15,136,136,15,136,136,136,136,136,136,136,136,(X),(X),(X),136,100.0,100.0,100.0,100.0,100.0,100.0,100.0,100.0,100.0,100.0,100.0,100.0,(X),(X),(X),100.0,15,136,136,15,136,136,136,136,136,136,136,136,(X),(X),(X),136,100.0,100.0,100.0,100.0,100.0,100.0,100.0,100.0,100.0,100.0,100.0,100.0,(X),(X),(X),100.0,136,136,136,136,136,136,136,136,136,136,136,136,(X),(X),(X),136,100.0,100.0,100.0,100.0,100.0,100.0,100.0,100.0,100.0,100.0,100.0,100.0,(X),(X),(X),100.0
9020000US3201,3201,"Carson City (city)+Douglas County Set, Nevada",0735,Market research analysts and marketing specialists 0735 (SOC 13-1161),10,0,0,10,0,0,0,0,0,0,0,0,(X),(X),(X),0,100.0,0.0,0.0,100.0,0.0,0.0,0.0,0.0,0.0,0.0,0.0,0.0,(X),(X),(X),0.0,10,0,0,10,0,0,0,0,0,0,0,0,(X),(X),(X),0,100.0,0.0,0.0,100.0,0.0,0.0,0.0,0.0,0.0,0.0,0.0,0.0,(X),(X),(X),0.0,0,0,0,0,0,0,0,0,0,0,0,0,(X),(X),(X),0,0.0,0.0,0.0,0.0,0.0,0.0,0.0,0.0,0.0,0.0,0.0,0.0,(X),(X),(X),0.0,21,136,136,21,136,136,136,136,136,136,136,136,(X),(X),(X),136,100.0,100.0,100.0,100.0,100.0,100.0,100.0,100.0,100.0,100.0,100.0,100.0,(X),(X),(X),100.0,21,136,136,21,136,136,136,136,136,136,136,136,(X),(X),(X),136,100.0,100.0,100.0,100.0,100.0,100.0,100.0,100.0,100.0,100.0,100.0,100.0,(X),(X),(X),100.0,136,136,136,136,136,136,136,136,136,136,136,136,(X),(X),(X),136,100.0,100.0,100.0,100.0,100.0,100.0,100.0,100.0,100.0,100.0,100.0,100.0,(X),(X),(X),100.0
9020000US3201,3201,"Carson City (city)+Douglas County Set, Nevada",0740,"Business operations specialists, all other 0740 (SOC 13-1199)",40,4,0,35,0,0,0,0,0,0,0,0,(X),(X),(X),0,100.0,10.0,0.0,87.5,0.0,0.0,0.0,0.0,0.0,0.0,0.0,0.0,(X),(X),(X),0.0,20,0,0,20,0,0,0,0,0,0,0,0,(X),(X),(X),0,50.0,0.0,0.0,50.0,0.0,0.0,0.0,0.0,0.0,0.0,0.0,0.0,(X),(X),(X),0.0,25,4,0,15,0,0,0,0,0,0,0,0,(X),(X),(X),0,62.5,10.0,0.0,37.5,0.0,0.0,0.0,0.0,0.0,0.0,0.0,0.0,(X),(X),(X),0.0,44,16,136,39,136,136,136,136,136,136,136,136,(X),(X),(X),136,53.6,38.1,53.6,33.8,53.6,53.6,53.6,53.6,53.6,53.6,53.6,53.6,(X),(X),(X),53.6,35,136,136,35,136,136,136,136,136,136,136,136,(X),(X),(X),136,50.0,53.6,53.6,50.0,53.6,53.6,53.6,53.6,53.6,53.6,53.6,53.6,(X),(X),(X),53.6,24,16,136,21,136,136,136,136,136,136,136,136,(X),(X),(X),136,55.1,38.1,53.6,49.3,53.6,53.6,53.6,53.6,53.6,53.6,53.6,53.6,(X),(X),(X),53.6
9020000US3201,3201,"Carson City (city)+Douglas County Set, Nevada",0800,Accountants and auditors 0800 (SOC 13-2011),515,10,10,455,0,25,10,0,0,0,0,0,(X),(X),(X),4,100.0,1.9,1.9,88.3,0.0,4.9,1.9,0.0,0.0,0.0,0.0,0.0,(X),(X),(X),0.8,145,0,0,135,0,10,0,0,0,0,0,0,(X),(X),(X),0,28.2,0.0,0.0,26.2,0.0,1.9,0.0,0.0,0.0,0.0,0.0,0.0,(X),(X),(X),0.0,370,10,10,320,0,15,10,0,0,0,0,0,(X),(X),(X),4,71.8,1.9,1.9,62.1,0.0,2.9,1.9,0.0,0.0,0.0,0.0,0.0,(X),(X),(X),0.8,137,16,17,134,136,24,17,136,136,136,136,136,(X),(X),(X),8,7.9,3.1,3.3,7.7,7.9,4.6,3.3,7.9,7.9,7.9,7.9,7.9,(X),(X),(X),1.6,95,136,136,99,136,14,136,136,136,136,136,136,(X),(X),(X),136,16.4,7.9,7.9,17.0,7.9,2.9,7.9,7.9,7.9,7.9,7.9,7.9,(X),(X),(X),7.9,124,16,17,118,136,22,17,136,136,136,136,136,(X),(X),(X),8,16.5,3.1,3.3,16.7,7.9,4.2,3.3,7.9,7.9,7.9,7.9,7.9,(X),(X),(X),1.6
9020000US3201,3201,"Carson City (city)+Douglas County Set, Nevada",0810,Appraisers and assessors of real estate 0810 (SOC 13-2021),30,0,0,30,0,0,0,0,0,0,0,0,(X),(X),(X),0,100.0,0.0,0.0,100.0,0.0,0.0,0.0,0.0,0.0,0.0,0.0,0.0,(X),(X),(X),0.0,20,0,0,20,0,0,0,0,0,0,0,0,(X),(X),(X),0,66.7,0.0,0.0,66.7,0.0,0.0,0.0,0.0,0.0,0.0,0.0,0.0,(X),(X),(X),0.0,10,0,0,10,0,0,0,0,0,0,0,0,(X),(X),(X),0,33.3,0.0,0.0,33.3,0.0,0.0,0.0,0.0,0.0,0.0,0.0,0.0,(X),(X),(X),0.0,52,136,136,52,136,136,136,136,136,136,136,136,(X),(X),(X),136,61.9,61.9,61.9,61.9,61.9,61.9,61.9,61.9,61.9,61.9,61.9,61.9,(X),(X),(X),61.9,37,136,136,37,136,136,136,136,136,136,136,136,(X),(X),(X),136,48.1,61.9,61.9,48.1,61.9,61.9,61.9,61.9,61.9,61.9,61.9,61.9,(X),(X),(X),61.9,17,136,136,17,136,136,136,136,136,136,136,136,(X),(X),(X),136,14.5,61.9,61.9,14.5,61.9,61.9,61.9,61.9,61.9,61.9,61.9,61.9,(X),(X),(X),61.9
9020000US3201,3201,"Carson City (city)+Douglas County Set, Nevada",0820,Budget analysts 0820 (SOC 13-2031),100,0,0,95,0,0,0,0,4,0,0,0,(X),(X),(X),0,100.0,0.0,0.0,95.0,0.0,0.0,0.0,0.0,4.0,0.0,0.0,0.0,(X),(X),(X),0.0,10,0,0,10,0,0,0,0,0,0,0,0,(X),(X),(X),0,10.0,0.0,0.0,10.0,0.0,0.0,0.0,0.0,0.0,0.0,0.0,0.0,(X),(X),(X),0.0,90,0,0,85,0,0,0,0,4,0,0,0,(X),(X),(X),0,90.0,0.0,0.0,85.0,0.0,0.0,0.0,0.0,4.0,0.0,0.0,0.0,(X),(X),(X),0.0,55,136,136,55,136,136,136,136,14,136,136,136,(X),(X),(X),136,33.1,33.1,33.1,14.7,33.1,33.1,33.1,33.1,14.2,33.1,33.1,33.1,(X),(X),(X),33.1,17,136,136,17,136,136,136,136,136,136,136,136,(X),(X),(X),136,17.6,33.1,33.1,17.6,33.1,33.1,33.1,33.1,33.1,33.1,33.1,33.1,(X),(X),(X),33.1,54,136,136,53,136,136,136,136,14,136,136,136,(X),(X),(X),136,18.3,33.1,33.1,21.9,33.1,33.1,33.1,33.1,14.2,33.1,33.1,33.1,(X),(X),(X),33.1
9020000US3201,3201,"Carson City (city)+Douglas County Set, Nevada",0830,Credit analysts 0830 (SOC 13-2041),10,0,0,10,0,0,0,0,0,0,0,0,(X),(X),(X),0,100.0,0.0,0.0,100.0,0.0,0.0,0.0,0.0,0.0,0.0,0.0,0.0,(X),(X),(X),0.0,0,0,0,0,0,0,0,0,0,0,0,0,(X),(X),(X),0,0.0,0.0,0.0,0.0,0.0,0.0,0.0,0.0,0.0,0.0,0.0,0.0,(X),(X),(X),0.0,10,0,0,10,0,0,0,0,0,0,0,0,(X),(X),(X),0,100.0,0.0,0.0,100.0,0.0,0.0,0.0,0.0,0.0,0.0,0.0,0.0,(X),(X),(X),0.0,22,136,136,22,136,136,136,136,136,136,136,136,(X),(X),(X),136,100.0,100.0,100.0,100.0,100.0,100.0,100.0,100.0,100.0,100.0,100.0,100.0,(X),(X),(X),100.0,136,136,136,136,136,136,136,136,136,136,136,136,(X),(X),(X),136,100.0,100.0,100.0,100.0,100.0,100.0,100.0,100.0,100.0,100.0,100.0,100.0,(X),(X),(X),100.0,22,136,136,22,136,136,136,136,136,136,136,136,(X),(X),(X),136,100.0,100.0,100.0,100.0,100.0,100.0,100.0,100.0,100.0,100.0,100.0,100.0,(X),(X),(X),100.0
9020000US3201,3201,"Carson City (city)+Douglas County Set, Nevada",0840,Financial analysts 0840 (SOC 13-2051),15,0,0,15,0,0,0,0,0,0,0,0,(X),(X),(X),0,100.0,0.0,0.0,100.0,0.0,0.0,0.0,0.0,0.0,0.0,0.0,0.0,(X),(X),(X),0.0,0,0,0,0,0,0,0,0,0,0,0,0,(X),(X),(X),0,0.0,0.0,0.0,0.0,0.0,0.0,0.0,0.0,0.0,0.0,0.0,0.0,(X),(X),(X),0.0,15,0,0,15,0,0,0,0,0,0,0,0,(X),(X),(X),0,100.0,0.0,0.0,100.0,0.0,0.0,0.0,0.0,0.0,0.0,0.0,0.0,(X),(X),(X),0.0,24,136,136,24,136,136,136,136,136,136,136,136,(X),(X),(X),136,87.6,87.6,87.6,87.6,87.6,87.6,87.6,87.6,87.6,87.6,87.6,87.6,(X),(X),(X),87.6,136,136,136,136,136,136,136,136,136,136,136,136,(X),(X),(X),136,87.6,87.6,87.6,87.6,87.6,87.6,87.6,87.6,87.6,87.6,87.6,87.6,(X),(X),(X),87.6,24,136,136,24,136,136,136,136,136,136,136,136,(X),(X),(X),136,87.6,87.6,87.6,87.6,87.6,87.6,87.6,87.6,87.6,87.6,87.6,87.6,(X),(X),(X),87.6
9020000US3201,3201,"Carson City (city)+Douglas County Set, Nevada",0850,Personal financial advisors 0850 (SOC 13-2052),85,0,0,85,0,0,0,0,0,0,0,0,(X),(X),(X),0,100.0,0.0,0.0,100.0,0.0,0.0,0.0,0.0,0.0,0.0,0.0,0.0,(X),(X),(X),0.0,55,0,0,55,0,0,0,0,0,0,0,0,(X),(X),(X),0,64.7,0.0,0.0,64.7,0.0,0.0,0.0,0.0,0.0,0.0,0.0,0.0,(X),(X),(X),0.0,25,0,0,25,0,0,0,0,0,0,0,0,(X),(X),(X),0,29.4,0.0,0.0,29.4,0.0,0.0,0.0,0.0,0.0,0.0,0.0,0.0,(X),(X),(X),0.0,57,136,136,57,136,136,136,136,136,136,136,136,(X),(X),(X),136,36.7,36.7,36.7,36.7,36.7,36.7,36.7,36.7,36.7,36.7,36.7,36.7,(X),(X),(X),36.7,50,136,136,50,136,136,136,136,136,136,136,136,(X),(X),(X),136,37.3,36.7,36.7,37.3,36.7,36.7,36.7,36.7,36.7,36.7,36.7,36.7,(X),(X),(X),36.7,34,136,136,34,136,136,136,136,136,136,136,136,(X),(X),(X),136,38.0,36.7,36.7,38.0,36.7,36.7,36.7,36.7,36.7,36.7,36.7,36.7,(X),(X),(X),36.7
9020000US3201,3201,"Carson City (city)+Douglas County Set, Nevada",0860,Insurance underwriters 0860 (SOC 13-2053),45,0,0,45,0,0,0,0,0,0,0,0,(X),(X),(X),0,100.0,0.0,0.0,100.0,0.0,0.0,0.0,0.0,0.0,0.0,0.0,0.0,(X),(X),(X),0.0,20,0,0,20,0,0,0,0,0,0,0,0,(X),(X),(X),0,44.4,0.0,0.0,44.4,0.0,0.0,0.0,0.0,0.0,0.0,0.0,0.0,(X),(X),(X),0.0,25,0,0,25,0,0,0,0,0,0,0,0,(X),(X),(X),0,55.6,0.0,0.0,55.6,0.0,0.0,0.0,0.0,0.0,0.0,0.0,0.0,(X),(X),(X),0.0,40,136,136,40,136,136,136,136,136,136,136,136,(X),(X),(X),136,50.6,50.6,50.6,50.6,50.6,50.6,50.6,50.6,50.6,50.6,50.6,50.6,(X),(X),(X),50.6,31,136,136,31,136,136,136,136,136,136,136,136,(X),(X),(X),136,55.6,50.6,50.6,55.6,50.6,50.6,50.6,50.6,50.6,50.6,50.6,50.6,(X),(X),(X),50.6,32,136,136,32,136,136,136,136,136,136,136,136,(X),(X),(X),136,55.6,50.6,50.6,55.6,50.6,50.6,50.6,50.6,50.6,50.6,50.6,50.6,(X),(X),(X),50.6
9020000US3201,3201,"Carson City (city)+Douglas County Set, Nevada",0910,Credit counselors and loan officers 0910 (SOC 13-2070),145,55,20,65,0,0,0,0,0,0,0,0,(X),(X),(X),0,100.0,37.9,13.8,44.8,0.0,0.0,0.0,0.0,0.0,0.0,0.0,0.0,(X),(X),(X),0.0,4,0,0,4,0,0,0,0,0,0,0,0,(X),(X),(X),0,2.8,0.0,0.0,2.8,0.0,0.0,0.0,0.0,0.0,0.0,0.0,0.0,(X),(X),(X),0.0,140,55,20,65,0,0,0,0,0,0,0,0,(X),(X),(X),0,96.6,37.9,13.8,44.8,0.0,0.0,0.0,0.0,0.0,0.0,0.0,0.0,(X),(X),(X),0.0,82,54,34,57,136,136,136,136,136,136,136,136,(X),(X),(X),136,25.0,31.0,24.0,32.5,25.0,25.0,25.0,25.0,25.0,25.0,25.0,25.0,(X),(X),(X),25.0,1,136,136,1,136,136,136,136,136,136,136,136,(X),(X),(X),136,2.1,25.0,25.0,2.1,25.0,25.0,25.0,25.0,25.0,25.0,25.0,25.0,(X),(X),(X),25.0,83,54,34,55,136,136,136,136,136,136,136,136,(X),(X),(X),136,8.0,31.0,24.0,29.9,25.0,25.0,25.0,25.0,25.0,25.0,25.0,25.0,(X),(X),(X),25.0
9020000US3201,3201,"Carson City (city)+Douglas County Set, Nevada",0930,"Tax examiners and collectors, and revenue agents 0930 (SOC 13-2081)",70,0,0,70,0,0,0,0,0,0,0,0,(X),(X),(X),0,100.0,0.0,0.0,100.0,0.0,0.0,0.0,0.0,0.0,0.0,0.0,0.0,(X),(X),(X),0.0,0,0,0,0,0,0,0,0,0,0,0,0,(X),(X),(X),0,0.0,0.0,0.0,0.0,0.0,0.0,0.0,0.0,0.0,0.0,0.0,0.0,(X),(X),(X),0.0,70,0,0,70,0,0,0,0,0,0,0,0,(X),(X),(X),0,100.0,0.0,0.0,100.0,0.0,0.0,0.0,0.0,0.0,0.0,0.0,0.0,(X),(X),(X),0.0,48,136,136,48,136,136,136,136,136,136,136,136,(X),(X),(X),136,40.5,40.5,40.5,40.5,40.5,40.5,40.5,40.5,40.5,40.5,40.5,40.5,(X),(X),(X),40.5,136,136,136,136,136,136,136,136,136,136,136,136,(X),(X),(X),136,40.5,40.5,40.5,40.5,40.5,40.5,40.5,40.5,40.5,40.5,40.5,40.5,(X),(X),(X),40.5,48,136,136,48,136,136,136,136,136,136,136,136,(X),(X),(X),136,40.5,40.5,40.5,40.5,40.5,40.5,40.5,40.5,40.5,40.5,40.5,40.5,(X),(X),(X),40.5
9020000US3201,3201,"Carson City (city)+Douglas County Set, Nevada",0940,Tax preparers 0940 (SOC 13-2082),80,0,0,80,0,0,0,0,0,0,0,0,(X),(X),(X),0,100.0,0.0,0.0,100.0,0.0,0.0,0.0,0.0,0.0,0.0,0.0,0.0,(X),(X),(X),0.0,60,0,0,60,0,0,0,0,0,0,0,0,(X),(X),(X),0,75.0,0.0,0.0,75.0,0.0,0.0,0.0,0.0,0.0,0.0,0.0,0.0,(X),(X),(X),0.0,20,0,0,20,0,0,0,0,0,0,0,0,(X),(X),(X),0,25.0,0.0,0.0,25.0,0.0,0.0,0.0,0.0,0.0,0.0,0.0,0.0,(X),(X),(X),0.0,75,136,136,75,136,136,136,136,136,136,136,136,(X),(X),(X),136,37.9,37.9,37.9,37.9,37.9,37.9,37.9,37.9,37.9,37.9,37.9,37.9,(X),(X),(X),37.9,69,136,136,69,136,136,136,136,136,136,136,136,(X),(X),(X),136,42.1,37.9,37.9,42.1,37.9,37.9,37.9,37.9,37.9,37.9,37.9,37.9,(X),(X),(X),37.9,33,136,136,33,136,136,136,136,136,136,136,136,(X),(X),(X),136,42.8,37.9,37.9,42.8,37.9,37.9,37.9,37.9,37.9,37.9,37.9,37.9,(X),(X),(X),37.9
9020000US3201,3201,"Carson City (city)+Douglas County Set, Nevada",1006,Computer systems analysts 1006 (SOC 15-1121),30,0,0,30,0,0,0,0,0,0,0,0,(X),(X),(X),0,100.0,0.0,0.0,100.0,0.0,0.0,0.0,0.0,0.0,0.0,0.0,0.0,(X),(X),(X),0.0,30,0,0,30,0,0,0,0,0,0,0,0,(X),(X),(X),0,100.0,0.0,0.0,100.0,0.0,0.0,0.0,0.0,0.0,0.0,0.0,0.0,(X),(X),(X),0.0,0,0,0,0,0,0,0,0,0,0,0,0,(X),(X),(X),0,0.0,0.0,0.0,0.0,0.0,0.0,0.0,0.0,0.0,0.0,0.0,0.0,(X),(X),(X),0.0,39,136,136,39,136,136,136,136,136,136,136,136,(X),(X),(X),136,61.9,61.9,61.9,61.9,61.9,61.9,61.9,61.9,61.9,61.9,61.9,61.9,(X),(X),(X),61.9,39,136,136,39,136,136,136,136,136,136,136,136,(X),(X),(X),136,61.9,61.9,61.9,61.9,61.9,61.9,61.9,61.9,61.9,61.9,61.9,61.9,(X),(X),(X),61.9,136,136,136,136,136,136,136,136,136,136,136,136,(X),(X),(X),136,61.9,61.9,61.9,61.9,61.9,61.9,61.9,61.9,61.9,61.9,61.9,61.9,(X),(X),(X),61.9
9020000US3201,3201,"Carson City (city)+Douglas County Set, Nevada",1007,Information security analysts 1007 (SOC 15-1122),10,0,0,10,0,0,0,0,0,0,0,0,(X),(X),(X),0,100.0,0.0,0.0,100.0,0.0,0.0,0.0,0.0,0.0,0.0,0.0,0.0,(X),(X),(X),0.0,10,0,0,10,0,0,0,0,0,0,0,0,(X),(X),(X),0,100.0,0.0,0.0,100.0,0.0,0.0,0.0,0.0,0.0,0.0,0.0,0.0,(X),(X),(X),0.0,0,0,0,0,0,0,0,0,0,0,0,0,(X),(X),(X),0,0.0,0.0,0.0,0.0,0.0,0.0,0.0,0.0,0.0,0.0,0.0,0.0,(X),(X),(X),0.0,16,136,136,16,136,136,136,136,136,136,136,136,(X),(X),(X),136,100.0,100.0,100.0,100.0,100.0,100.0,100.0,100.0,100.0,100.0,100.0,100.0,(X),(X),(X),100.0,16,136,136,16,136,136,136,136,136,136,136,136,(X),(X),(X),136,100.0,100.0,100.0,100.0,100.0,100.0,100.0,100.0,100.0,100.0,100.0,100.0,(X),(X),(X),100.0,136,136,136,136,136,136,136,136,136,136,136,136,(X),(X),(X),136,100.0,100.0,100.0,100.0,100.0,100.0,100.0,100.0,100.0,100.0,100.0,100.0,(X),(X),(X),100.0
9020000US3201,3201,"Carson City (city)+Douglas County Set, Nevada",1010,Computer programmers 1010 (SOC 15-1131),200,0,0,170,0,0,25,0,0,0,0,0,(X),(X),(X),0,100.0,0.0,0.0,85.0,0.0,0.0,12.5,0.0,0.0,0.0,0.0,0.0,(X),(X),(X),0.0,155,0,0,125,0,0,25,0,0,0,0,0,(X),(X),(X),0,77.5,0.0,0.0,62.5,0.0,0.0,12.5,0.0,0.0,0.0,0.0,0.0,(X),(X),(X),0.0,45,0,0,45,0,0,0,0,0,0,0,0,(X),(X),(X),0,22.5,0.0,0.0,22.5,0.0,0.0,0.0,0.0,0.0,0.0,0.0,0.0,(X),(X),(X),0.0,105,136,136,93,136,136,45,136,136,136,136,136,(X),(X),(X),136,19.0,19.0,19.0,20.9,19.0,19.0,20.7,19.0,19.0,19.0,19.0,19.0,(X),(X),(X),19.0,93,136,136,79,136,136,45,136,136,136,136,136,(X),(X),(X),136,23.8,19.0,19.0,26.3,19.0,19.0,20.7,19.0,19.0,19.0,19.0,19.0,(X),(X),(X),19.0,50,136,136,50,136,136,136,136,136,136,136,136,(X),(X),(X),136,23.2,19.0,19.0,23.2,19.0,19.0,19.0,19.0,19.0,19.0,19.0,19.0,(X),(X),(X),19.0
9020000US3201,3201,"Carson City (city)+Douglas County Set, Nevada",1020,"Software developers, applications and systems software 1020 (SOC 15-113X)",120,10,0,90,0,25,0,0,0,0,0,0,(X),(X),(X),0,100.0,8.3,0.0,75.0,0.0,20.8,0.0,0.0,0.0,0.0,0.0,0.0,(X),(X),(X),0.0,115,10,0,85,0,25,0,0,0,0,0,0,(X),(X),(X),0,95.8,8.3,0.0,70.8,0.0,20.8,0.0,0.0,0.0,0.0,0.0,0.0,(X),(X),(X),0.0,4,0,0,4,0,0,0,0,0,0,0,0,(X),(X),(X),0,3.3,0.0,0.0,3.3,0.0,0.0,0.0,0.0,0.0,0.0,0.0,0.0,(X),(X),(X),0.0,64,16,136,48,136,36,136,136,136,136,136,136,(X),(X),(X),136,29.0,12.7,29.0,24.8,29.0,26.0,29.0,29.0,29.0,29.0,29.0,29.0,(X),(X),(X),29.0,63,16,136,48,136,36,136,136,136,136,136,136,(X),(X),(X),136,8.4,12.7,29.0,25.1,29.0,26.0,29.0,29.0,29.0,29.0,29.0,29.0,(X),(X),(X),29.0,3,136,136,3,136,136,136,136,136,136,136,136,(X),(X),(X),136,2.7,29.0,29.0,2.7,29.0,29.0,29.0,29.0,29.0,29.0,29.0,29.0,(X),(X),(X),29.0
9020000US3201,3201,"Carson City (city)+Douglas County Set, Nevada",1050,Computer support specialists 1050 (SOC 15-1150),80,10,0,75,0,0,0,0,0,0,0,0,(X),(X),(X),0,100.0,12.5,0.0,93.8,0.0,0.0,0.0,0.0,0.0,0.0,0.0,0.0,(X),(X),(X),0.0,15,0,0,15,0,0,0,0,0,0,0,0,(X),(X),(X),0,18.8,0.0,0.0,18.8,0.0,0.0,0.0,0.0,0.0,0.0,0.0,0.0,(X),(X),(X),0.0,65,10,0,55,0,0,0,0,0,0,0,0,(X),(X),(X),0,81.3,12.5,0.0,68.8,0.0,0.0,0.0,0.0,0.0,0.0,0.0,0.0,(X),(X),(X),0.0,65,16,136,63,136,136,136,136,136,136,136,136,(X),(X),(X),136,37.9,20.2,37.9,25.5,37.9,37.9,37.9,37.9,37.9,37.9,37.9,37.9,(X),(X),(X),37.9,26,136,136,26,136,136,136,136,136,136,136,136,(X),(X),(X),136,30.9,37.9,37.9,30.9,37.9,37.9,37.9,37.9,37.9,37.9,37.9,37.9,(X),(X),(X),37.9,59,16,136,56,136,136,136,136,136,136,136,136,(X),(X),(X),136,30.6,20.2,37.9,32.6,37.9,37.9,37.9,37.9,37.9,37.9,37.9,37.9,(X),(X),(X),37.9
9020000US3201,3201,"Carson City (city)+Douglas County Set, Nevada",1060,Database administrators 1060 (SOC 15-1141),10,0,0,10,0,0,0,0,0,0,0,0,(X),(X),(X),0,100.0,0.0,0.0,100.0,0.0,0.0,0.0,0.0,0.0,0.0,0.0,0.0,(X),(X),(X),0.0,0,0,0,0,0,0,0,0,0,0,0,0,(X),(X),(X),0,0.0,0.0,0.0,0.0,0.0,0.0,0.0,0.0,0.0,0.0,0.0,0.0,(X),(X),(X),0.0,10,0,0,10,0,0,0,0,0,0,0,0,(X),(X),(X),0,100.0,0.0,0.0,100.0,0.0,0.0,0.0,0.0,0.0,0.0,0.0,0.0,(X),(X),(X),0.0,14,136,136,14,136,136,136,136,136,136,136,136,(X),(X),(X),136,100.0,100.0,100.0,100.0,100.0,100.0,100.0,100.0,100.0,100.0,100.0,100.0,(X),(X),(X),100.0,136,136,136,136,136,136,136,136,136,136,136,136,(X),(X),(X),136,100.0,100.0,100.0,100.0,100.0,100.0,100.0,100.0,100.0,100.0,100.0,100.0,(X),(X),(X),100.0,14,136,136,14,136,136,136,136,136,136,136,136,(X),(X),(X),136,100.0,100.0,100.0,100.0,100.0,100.0,100.0,100.0,100.0,100.0,100.0,100.0,(X),(X),(X),100.0
9020000US3201,3201,"Carson City (city)+Douglas County Set, Nevada",1105,Network and computer systems administrators 1105 (SOC 15-1142),100,0,0,100,0,0,0,0,0,0,0,0,(X),(X),(X),0,100.0,0.0,0.0,100.0,0.0,0.0,0.0,0.0,0.0,0.0,0.0,0.0,(X),(X),(X),0.0,85,0,0,85,0,0,0,0,0,0,0,0,(X),(X),(X),0,85.0,0.0,0.0,85.0,0.0,0.0,0.0,0.0,0.0,0.0,0.0,0.0,(X),(X),(X),0.0,10,0,0,10,0,0,0,0,0,0,0,0,(X),(X),(X),0,10.0,0.0,0.0,10.0,0.0,0.0,0.0,0.0,0.0,0.0,0.0,0.0,(X),(X),(X),0.0,66,136,136,66,136,136,136,136,136,136,136,136,(X),(X),(X),136,33.1,33.1,33.1,33.1,33.1,33.1,33.1,33.1,33.1,33.1,33.1,33.1,(X),(X),(X),33.1,66,136,136,66,136,136,136,136,136,136,136,136,(X),(X),(X),136,23.7,33.1,33.1,23.7,33.1,33.1,33.1,33.1,33.1,33.1,33.1,33.1,(X),(X),(X),33.1,20,136,136,20,136,136,136,136,136,136,136,136,(X),(X),(X),136,21.2,33.1,33.1,21.2,33.1,33.1,33.1,33.1,33.1,33.1,33.1,33.1,(X),(X),(X),33.1
9020000US3201,3201,"Carson City (city)+Douglas County Set, Nevada",1106,Computer network architects 1106 (SOC 15-1143),4,0,0,4,0,0,0,0,0,0,0,0,(X),(X),(X),0,100.0,0.0,0.0,100.0,0.0,0.0,0.0,0.0,0.0,0.0,0.0,0.0,(X),(X),(X),0.0,4,0,0,4,0,0,0,0,0,0,0,0,(X),(X),(X),0,100.0,0.0,0.0,100.0,0.0,0.0,0.0,0.0,0.0,0.0,0.0,0.0,(X),(X),(X),0.0,0,0,0,0,0,0,0,0,0,0,0,0,(X),(X),(X),0,0.0,0.0,0.0,0.0,0.0,0.0,0.0,0.0,0.0,0.0,0.0,0.0,(X),(X),(X),0.0,7,136,136,7,136,136,136,136,136,136,136,136,(X),(X),(X),136,100.0,100.0,100.0,100.0,100.0,100.0,100.0,100.0,100.0,100.0,100.0,100.0,(X),(X),(X),100.0,7,136,136,7,136,136,136,136,136,136,136,136,(X),(X),(X),136,100.0,100.0,100.0,100.0,100.0,100.0,100.0,100.0,100.0,100.0,100.0,100.0,(X),(X),(X),100.0,136,136,136,136,136,136,136,136,136,136,136,136,(X),(X),(X),136,100.0,100.0,100.0,100.0,100.0,100.0,100.0,100.0,100.0,100.0,100.0,100.0,(X),(X),(X),100.0
9020000US3201,3201,"Carson City (city)+Douglas County Set, Nevada",1107,"Computer occupations, all other 1107 (SOC 15-1199)",35,0,0,35,0,0,0,0,0,0,0,0,(X),(X),(X),0,100.0,0.0,0.0,100.0,0.0,0.0,0.0,0.0,0.0,0.0,0.0,0.0,(X),(X),(X),0.0,25,0,0,25,0,0,0,0,0,0,0,0,(X),(X),(X),0,71.4,0.0,0.0,71.4,0.0,0.0,0.0,0.0,0.0,0.0,0.0,0.0,(X),(X),(X),0.0,10,0,0,10,0,0,0,0,0,0,0,0,(X),(X),(X),0,28.6,0.0,0.0,28.6,0.0,0.0,0.0,0.0,0.0,0.0,0.0,0.0,(X),(X),(X),0.0,36,136,136,36,136,136,136,136,136,136,136,136,(X),(X),(X),136,57.3,57.3,57.3,57.3,57.3,57.3,57.3,57.3,57.3,57.3,57.3,57.3,(X),(X),(X),57.3,30,136,136,30,136,136,136,136,136,136,136,136,(X),(X),(X),136,54.5,57.3,57.3,54.5,57.3,57.3,57.3,57.3,57.3,57.3,57.3,57.3,(X),(X),(X),57.3,21,136,136,21,136,136,136,136,136,136,136,136,(X),(X),(X),136,55.1,57.3,57.3,55.1,57.3,57.3,57.3,57.3,57.3,57.3,57.3,57.3,(X),(X),(X),57.3
9020000US3201,3201,"Carson City (city)+Douglas County Set, Nevada",1220,Operations research analysts 1220 (SOC 15-2031),65,0,0,65,0,0,0,0,0,0,0,0,(X),(X),(X),0,100.0,0.0,0.0,100.0,0.0,0.0,0.0,0.0,0.0,0.0,0.0,0.0,(X),(X),(X),0.0,10,0,0,10,0,0,0,0,0,0,0,0,(X),(X),(X),0,15.4,0.0,0.0,15.4,0.0,0.0,0.0,0.0,0.0,0.0,0.0,0.0,(X),(X),(X),0.0,55,0,0,55,0,0,0,0,0,0,0,0,(X),(X),(X),0,84.6,0.0,0.0,84.6,0.0,0.0,0.0,0.0,0.0,0.0,0.0,0.0,(X),(X),(X),0.0,48,136,136,48,136,136,136,136,136,136,136,136,(X),(X),(X),136,42.1,42.1,42.1,42.1,42.1,42.1,42.1,42.1,42.1,42.1,42.1,42.1,(X),(X),(X),42.1,16,136,136,16,136,136,136,136,136,136,136,136,(X),(X),(X),136,26.1,42.1,42.1,26.1,42.1,42.1,42.1,42.1,42.1,42.1,42.1,42.1,(X),(X),(X),42.1,45,136,136,45,136,136,136,136,136,136,136,136,(X),(X),(X),136,27.3,42.1,42.1,27.3,42.1,42.1,42.1,42.1,42.1,42.1,42.1,42.1,(X),(X),(X),42.1
9020000US3201,3201,"Carson City (city)+Douglas County Set, Nevada",1240,"Miscellaneous mathematical science occupations, including mathematicians and statisticians 1240 (SOC 15-20XX)",30,10,0,20,0,0,0,0,0,0,0,0,(X),(X),(X),0,100.0,33.3,0.0,66.7,0.0,0.0,0.0,0.0,0.0,0.0,0.0,0.0,(X),(X),(X),0.0,4,0,0,4,0,0,0,0,0,0,0,0,(X),(X),(X),0,13.3,0.0,0.0,13.3,0.0,0.0,0.0,0.0,0.0,0.0,0.0,0.0,(X),(X),(X),0.0,25,10,0,15,0,0,0,0,0,0,0,0,(X),(X),(X),0,83.3,33.3,0.0,50.0,0.0,0.0,0.0,0.0,0.0,0.0,0.0,0.0,(X),(X),(X),0.0,31,17,136,26,136,136,136,136,136,136,136,136,(X),(X),(X),136,61.9,48.8,61.9,66.7,61.9,61.9,61.9,61.9,61.9,61.9,61.9,61.9,(X),(X),(X),61.9,14,136,136,14,136,136,136,136,136,136,136,136,(X),(X),(X),136,48.9,61.9,61.9,48.9,61.9,61.9,61.9,61.9,61.9,61.9,61.9,61.9,(X),(X),(X),61.9,29,17,136,23,136,136,136,136,136,136,136,136,(X),(X),(X),136,52.1,48.8,61.9,50.0,61.9,61.9,61.9,61.9,61.9,61.9,61.9,61.9,(X),(X),(X),61.9
9020000US3201,3201,"Carson City (city)+Douglas County Set, Nevada",1310,"Surveyors, cartographers, and photogrammetrists 1310 (SOC 17-1020)",65,0,0,65,0,0,0,0,0,0,0,0,(X),(X),(X),0,100.0,0.0,0.0,100.0,0.0,0.0,0.0,0.0,0.0,0.0,0.0,0.0,(X),(X),(X),0.0,65,0,0,65,0,0,0,0,0,0,0,0,(X),(X),(X),0,100.0,0.0,0.0,100.0,0.0,0.0,0.0,0.0,0.0,0.0,0.0,0.0,(X),(X),(X),0.0,0,0,0,0,0,0,0,0,0,0,0,0,(X),(X),(X),0,0.0,0.0,0.0,0.0,0.0,0.0,0.0,0.0,0.0,0.0,0.0,0.0,(X),(X),(X),0.0,54,136,136,54,136,136,136,136,136,136,136,136,(X),(X),(X),136,42.1,42.1,42.1,42.1,42.1,42.1,42.1,42.1,42.1,42.1,42.1,42.1,(X),(X),(X),42.1,54,136,136,54,136,136,136,136,136,136,136,136,(X),(X),(X),136,42.1,42.1,42.1,42.1,42.1,42.1,42.1,42.1,42.1,42.1,42.1,42.1,(X),(X),(X),42.1,136,136,136,136,136,136,136,136,136,136,136,136,(X),(X),(X),136,42.1,42.1,42.1,42.1,42.1,42.1,42.1,42.1,42.1,42.1,42.1,42.1,(X),(X),(X),42.1
9020000US3201,3201,"Carson City (city)+Douglas County Set, Nevada",1350,Chemical engineers 1350 (SOC 17-2041),4,0,0,4,0,0,0,0,0,0,0,0,(X),(X),(X),0,100.0,0.0,0.0,100.0,0.0,0.0,0.0,0.0,0.0,0.0,0.0,0.0,(X),(X),(X),0.0,4,0,0,4,0,0,0,0,0,0,0,0,(X),(X),(X),0,100.0,0.0,0.0,100.0,0.0,0.0,0.0,0.0,0.0,0.0,0.0,0.0,(X),(X),(X),0.0,0,0,0,0,0,0,0,0,0,0,0,0,(X),(X),(X),0,0.0,0.0,0.0,0.0,0.0,0.0,0.0,0.0,0.0,0.0,0.0,0.0,(X),(X),(X),0.0,4,136,136,4,136,136,136,136,136,136,136,136,(X),(X),(X),136,100.0,100.0,100.0,100.0,100.0,100.0,100.0,100.0,100.0,100.0,100.0,100.0,(X),(X),(X),100.0,4,136,136,4,136,136,136,136,136,136,136,136,(X),(X),(X),136,100.0,100.0,100.0,100.0,100.0,100.0,100.0,100.0,100.0,100.0,100.0,100.0,(X),(X),(X),100.0,136,136,136,136,136,136,136,136,136,136,136,136,(X),(X),(X),136,100.0,100.0,100.0,100.0,100.0,100.0,100.0,100.0,100.0,100.0,100.0,100.0,(X),(X),(X),100.0
9020000US3201,3201,"Carson City (city)+Douglas County Set, Nevada",1360,Civil engineers 1360 (SOC 17-2051),225,0,20,205,0,4,0,0,0,0,0,0,(X),(X),(X),0,100.0,0.0,8.9,91.1,0.0,1.8,0.0,0.0,0.0,0.0,0.0,0.0,(X),(X),(X),0.0,195,0,20,175,0,4,0,0,0,0,0,0,(X),(X),(X),0,86.7,0.0,8.9,77.8,0.0,1.8,0.0,0.0,0.0,0.0,0.0,0.0,(X),(X),(X),0.0,30,0,0,30,0,0,0,0,0,0,0,0,(X),(X),(X),0,13.3,0.0,0.0,13.3,0.0,0.0,0.0,0.0,0.0,0.0,0.0,0.0,(X),(X),(X),0.0,110,136,29,106,136,136,136,136,136,136,136,136,(X),(X),(X),136,17.1,17.1,13.1,12.1,17.1,1.0,17.1,17.1,17.1,17.1,17.1,17.1,(X),(X),(X),17.1,103,136,29,101,136,136,136,136,136,136,136,136,(X),(X),(X),136,14.1,17.1,13.1,17.6,17.1,1.0,17.1,17.1,17.1,17.1,17.1,17.1,(X),(X),(X),17.1,33,136,136,33,136,136,136,136,136,136,136,136,(X),(X),(X),136,14.5,17.1,17.1,14.5,17.1,17.1,17.1,17.1,17.1,17.1,17.1,17.1,(X),(X),(X),17.1
9020000US3201,3201,"Carson City (city)+Douglas County Set, Nevada",1410,Electrical and electronics engineers 1410 (SOC 17-2070),155,15,0,135,0,0,4,0,0,0,0,0,(X),(X),(X),0,100.0,9.7,0.0,87.1,0.0,0.0,2.6,0.0,0.0,0.0,0.0,0.0,(X),(X),(X),0.0,155,15,0,135,0,0,4,0,0,0,0,0,(X),(X),(X),0,100.0,9.7,0.0,87.1,0.0,0.0,2.6,0.0,0.0,0.0,0.0,0.0,(X),(X),(X),0.0,0,0,0,0,0,0,0,0,0,0,0,0,(X),(X),(X),0,0.0,0.0,0.0,0.0,0.0,0.0,0.0,0.0,0.0,0.0,0.0,0.0,(X),(X),(X),0.0,75,23,136,73,136,136,14,136,136,136,136,136,(X),(X),(X),136,23.7,15.1,23.7,16.4,23.7,23.7,9.4,23.7,23.7,23.7,23.7,23.7,(X),(X),(X),23.7,75,23,136,73,136,136,14,136,136,136,136,136,(X),(X),(X),136,23.7,15.1,23.7,16.4,23.7,23.7,9.4,23.7,23.7,23.7,23.7,23.7,(X),(X),(X),23.7,136,136,136,136,136,136,136,136,136,136,136,136,(X),(X),(X),136,23.7,23.7,23.7,23.7,23.7,23.7,23.7,23.7,23.7,23.7,23.7,23.7,(X),(X),(X),23.7
9020000US3201,3201,"Carson City (city)+Douglas County Set, Nevada",1420,Environmental engineers 1420 (SOC 17-2081),30,0,0,30,0,0,0,0,0,0,0,0,(X),(X),(X),0,100.0,0.0,0.0,100.0,0.0,0.0,0.0,0.0,0.0,0.0,0.0,0.0,(X),(X),(X),0.0,30,0,0,30,0,0,0,0,0,0,0,0,(X),(X),(X),0,100.0,0.0,0.0,100.0,0.0,0.0,0.0,0.0,0.0,0.0,0.0,0.0,(X),(X),(X),0.0,0,0,0,0,0,0,0,0,0,0,0,0,(X),(X),(X),0,0.0,0.0,0.0,0.0,0.0,0.0,0.0,0.0,0.0,0.0,0.0,0.0,(X),(X),(X),0.0,29,136,136,29,136,136,136,136,136,136,136,136,(X),(X),(X),136,61.9,61.9,61.9,61.9,61.9,61.9,61.9,61.9,61.9,61.9,61.9,61.9,(X),(X),(X),61.9,29,136,136,29,136,136,136,136,136,136,136,136,(X),(X),(X),136,61.9,61.9,61.9,61.9,61.9,61.9,61.9,61.9,61.9,61.9,61.9,61.9,(X),(X),(X),61.9,136,136,136,136,136,136,136,136,136,136,136,136,(X),(X),(X),136,61.9,61.9,61.9,61.9,61.9,61.9,61.9,61.9,61.9,61.9,61.9,61.9,(X),(X),(X),61.9
9020000US3201,3201,"Carson City (city)+Douglas County Set, Nevada",1430,"Industrial engineers, including health and safety 1430 (SOC 17-2110)",90,0,0,90,0,0,0,0,0,0,0,0,(X),(X),(X),0,100.0,0.0,0.0,100.0,0.0,0.0,0.0,0.0,0.0,0.0,0.0,0.0,(X),(X),(X),0.0,80,0,0,80,0,0,0,0,0,0,0,0,(X),(X),(X),0,88.9,0.0,0.0,88.9,0.0,0.0,0.0,0.0,0.0,0.0,0.0,0.0,(X),(X),(X),0.0,15,0,0,15,0,0,0,0,0,0,0,0,(X),(X),(X),0,16.7,0.0,0.0,16.7,0.0,0.0,0.0,0.0,0.0,0.0,0.0,0.0,(X),(X),(X),0.0,66,136,136,66,136,136,136,136,136,136,136,136,(X),(X),(X),136,35.4,35.4,35.4,35.4,35.4,35.4,35.4,35.4,35.4,35.4,35.4,35.4,(X),(X),(X),35.4,60,136,136,60,136,136,136,136,136,136,136,136,(X),(X),(X),136,28.5,35.4,35.4,28.5,35.4,35.4,35.4,35.4,35.4,35.4,35.4,35.4,(X),(X),(X),35.4,25,136,136,25,136,136,136,136,136,136,136,136,(X),(X),(X),136,25.2,35.4,35.4,25.2,35.4,35.4,35.4,35.4,35.4,35.4,35.4,35.4,(X),(X),(X),35.4
9020000US3201,3201,"Carson City (city)+Douglas County Set, Nevada",1450,Materials engineers 1450 (SOC 17-2131),35,0,0,0,0,0,35,0,0,0,0,0,(X),(X),(X),0,100.0,0.0,0.0,0.0,0.0,0.0,100.0,0.0,0.0,0.0,0.0,0.0,(X),(X),(X),0.0,35,0,0,0,0,0,35,0,0,0,0,0,(X),(X),(X),0,100.0,0.0,0.0,0.0,0.0,0.0,100.0,0.0,0.0,0.0,0.0,0.0,(X),(X),(X),0.0,0,0,0,0,0,0,0,0,0,0,0,0,(X),(X),(X),0,0.0,0.0,0.0,0.0,0.0,0.0,0.0,0.0,0.0,0.0,0.0,0.0,(X),(X),(X),0.0,52,136,136,136,136,136,52,136,136,136,136,136,(X),(X),(X),136,57.3,57.3,57.3,57.3,57.3,57.3,57.3,57.3,57.3,57.3,57.3,57.3,(X),(X),(X),57.3,52,136,136,136,136,136,52,136,136,136,136,136,(X),(X),(X),136,57.3,57.3,57.3,57.3,57.3,57.3,57.3,57.3,57.3,57.3,57.3,57.3,(X),(X),(X),57.3,136,136,136,136,136,136,136,136,136,136,136,136,(X),(X),(X),136,57.3,57.3,57.3,57.3,57.3,57.3,57.3,57.3,57.3,57.3,57.3,57.3,(X),(X),(X),57.3
9020000US3201,3201,"Carson City (city)+Douglas County Set, Nevada",1460,Mechanical engineers 1460 (SOC 17-2141),75,0,0,65,0,0,10,0,0,0,0,0,(X),(X),(X),0,100.0,0.0,0.0,86.7,0.0,0.0,13.3,0.0,0.0,0.0,0.0,0.0,(X),(X),(X),0.0,75,0,0,65,0,0,10,0,0,0,0,0,(X),(X),(X),0,100.0,0.0,0.0,86.7,0.0,0.0,13.3,0.0,0.0,0.0,0.0,0.0,(X),(X),(X),0.0,0,0,0,0,0,0,0,0,0,0,0,0,(X),(X),(X),0,0.0,0.0,0.0,0.0,0.0,0.0,0.0,0.0,0.0,0.0,0.0,0.0,(X),(X),(X),0.0,60,136,136,56,136,136,18,136,136,136,136,136,(X),(X),(X),136,39.2,39.2,39.2,24.6,39.2,39.2,24.6,39.2,39.2,39.2,39.2,39.2,(X),(X),(X),39.2,60,136,136,56,136,136,18,136,136,136,136,136,(X),(X),(X),136,39.2,39.2,39.2,24.6,39.2,39.2,24.6,39.2,39.2,39.2,39.2,39.2,(X),(X),(X),39.2,136,136,136,136,136,136,136,136,136,136,136,136,(X),(X),(X),136,39.2,39.2,39.2,39.2,39.2,39.2,39.2,39.2,39.2,39.2,39.2,39.2,(X),(X),(X),39.2
9020000US3201,3201,"Carson City (city)+Douglas County Set, Nevada",1530,"Miscellaneous engineers, including nuclear engineers 1530 (SOC 17-21YY)",250,0,0,235,0,0,0,0,0,10,0,0,(X),(X),(X),0,100.0,0.0,0.0,94.0,0.0,0.0,0.0,0.0,0.0,4.0,0.0,0.0,(X),(X),(X),0.0,220,0,0,210,0,0,0,0,0,10,0,0,(X),(X),(X),0,88.0,0.0,0.0,84.0,0.0,0.0,0.0,0.0,0.0,4.0,0.0,0.0,(X),(X),(X),0.0,25,0,0,25,0,0,0,0,0,0,0,0,(X),(X),(X),0,10.0,0.0,0.0,10.0,0.0,0.0,0.0,0.0,0.0,0.0,0.0,0.0,(X),(X),(X),0.0,99,136,136,102,136,136,136,136,136,20,136,136,(X),(X),(X),136,15.6,15.6,15.6,9.0,15.6,15.6,15.6,15.6,15.6,8.4,15.6,15.6,(X),(X),(X),15.6,91,136,136,92,136,136,136,136,136,20,136,136,(X),(X),(X),136,16.2,15.6,15.6,16.2,15.6,15.6,15.6,15.6,15.6,8.4,15.6,15.6,(X),(X),(X),15.6,41,136,136,41,136,136,136,136,136,136,136,136,(X),(X),(X),136,15.5,15.6,15.6,15.5,15.6,15.6,15.6,15.6,15.6,15.6,15.6,15.6,(X),(X),(X),15.6
9020000US3201,3201,"Carson City (city)+Douglas County Set, Nevada",1540,Drafters 1540 (SOC 17-3010),85,0,0,85,0,0,0,0,0,0,0,0,(X),(X),(X),0,100.0,0.0,0.0,100.0,0.0,0.0,0.0,0.0,0.0,0.0,0.0,0.0,(X),(X),(X),0.0,55,0,0,55,0,0,0,0,0,0,0,0,(X),(X),(X),0,64.7,0.0,0.0,64.7,0.0,0.0,0.0,0.0,0.0,0.0,0.0,0.0,(X),(X),(X),0.0,30,0,0,30,0,0,0,0,0,0,0,0,(X),(X),(X),0,35.3,0.0,0.0,35.3,0.0,0.0,0.0,0.0,0.0,0.0,0.0,0.0,(X),(X),(X),0.0,61,136,136,61,136,136,136,136,136,136,136,136,(X),(X),(X),136,36.7,36.7,36.7,36.7,36.7,36.7,36.7,36.7,36.7,36.7,36.7,36.7,(X),(X),(X),36.7,44,136,136,44,136,136,136,136,136,136,136,136,(X),(X),(X),136,42.9,36.7,36.7,42.9,36.7,36.7,36.7,36.7,36.7,36.7,36.7,36.7,(X),(X),(X),36.7,43,136,136,43,136,136,136,136,136,136,136,136,(X),(X),(X),136,41.9,36.7,36.7,41.9,36.7,36.7,36.7,36.7,36.7,36.7,36.7,36.7,(X),(X),(X),36.7
9020000US3201,3201,"Carson City (city)+Douglas County Set, Nevada",1550,"Engineering technicians, except drafters 1550 (SOC 17-3020)",240,10,0,90,55,4,0,0,80,0,0,0,(X),(X),(X),0,100.0,4.2,0.0,37.5,22.9,1.7,0.0,0.0,33.3,0.0,0.0,0.0,(X),(X),(X),0.0,105,10,0,60,35,4,0,0,0,0,0,0,(X),(X),(X),0,43.8,4.2,0.0,25.0,14.6,1.7,0.0,0.0,0.0,0.0,0.0,0.0,(X),(X),(X),0.0,135,0,0,30,25,0,0,0,80,0,0,0,(X),(X),(X),0,56.3,0.0,0.0,12.5,10.4,0.0,0.0,0.0,33.3,0.0,0.0,0.0,(X),(X),(X),0.0,174,16,136,71,86,3,136,136,132,136,136,136,(X),(X),(X),136,16.2,6.9,16.2,30.8,28.3,1.7,16.2,16.2,39.6,16.2,16.2,16.2,(X),(X),(X),16.2,97,16,136,59,74,3,136,136,136,136,136,136,(X),(X),(X),136,33.4,6.9,16.2,24.6,25.1,1.7,16.2,16.2,16.2,16.2,16.2,16.2,(X),(X),(X),16.2,142,136,136,39,40,136,136,136,132,136,136,136,(X),(X),(X),136,33.3,16.2,16.2,16.5,17.3,16.2,16.2,16.2,39.6,16.2,16.2,16.2,(X),(X),(X),16.2
9020000US3201,3201,"Carson City (city)+Douglas County Set, Nevada",1560,Surveying and mapping technicians 1560 (SOC 17-3031),60,0,0,40,0,15,0,0,0,0,4,0,(X),(X),(X),0,100.0,0.0,0.0,66.7,0.0,25.0,0.0,0.0,0.0,0.0,6.7,0.0,(X),(X),(X),0.0,60,0,0,40,0,15,0,0,0,0,4,0,(X),(X),(X),0,100.0,0.0,0.0,66.7,0.0,25.0,0.0,0.0,0.0,0.0,6.7,0.0,(X),(X),(X),0.0,0,0,0,0,0,0,0,0,0,0,0,0,(X),(X),(X),0,0.0,0.0,0.0,0.0,0.0,0.0,0.0,0.0,0.0,0.0,0.0,0.0,(X),(X),(X),0.0,56,136,136,40,136,26,136,136,136,136,13,136,(X),(X),(X),136,43.8,43.8,43.8,37.2,43.8,35.9,43.8,43.8,43.8,43.8,29.2,43.8,(X),(X),(X),43.8,56,136,136,40,136,26,136,136,136,136,13,136,(X),(X),(X),136,43.8,43.8,43.8,37.2,43.8,35.9,43.8,43.8,43.8,43.8,29.2,43.8,(X),(X),(X),43.8,136,136,136,136,136,136,136,136,136,136,136,136,(X),(X),(X),136,43.8,43.8,43.8,43.8,43.8,43.8,43.8,43.8,43.8,43.8,43.8,43.8,(X),(X),(X),43.8
9020000US3201,3201,"Carson City (city)+Douglas County Set, Nevada",1610,Biological scientists 1610 (SOC 19-1020),15,0,0,15,0,0,0,0,0,0,0,0,(X),(X),(X),0,100.0,0.0,0.0,100.0,0.0,0.0,0.0,0.0,0.0,0.0,0.0,0.0,(X),(X),(X),0.0,15,0,0,15,0,0,0,0,0,0,0,0,(X),(X),(X),0,100.0,0.0,0.0,100.0,0.0,0.0,0.0,0.0,0.0,0.0,0.0,0.0,(X),(X),(X),0.0,0,0,0,0,0,0,0,0,0,0,0,0,(X),(X),(X),0,0.0,0.0,0.0,0.0,0.0,0.0,0.0,0.0,0.0,0.0,0.0,0.0,(X),(X),(X),0.0,24,136,136,24,136,136,136,136,136,136,136,136,(X),(X),(X),136,87.6,87.6,87.6,87.6,87.6,87.6,87.6,87.6,87.6,87.6,87.6,87.6,(X),(X),(X),87.6,24,136,136,24,136,136,136,136,136,136,136,136,(X),(X),(X),136,87.6,87.6,87.6,87.6,87.6,87.6,87.6,87.6,87.6,87.6,87.6,87.6,(X),(X),(X),87.6,136,136,136,136,136,136,136,136,136,136,136,136,(X),(X),(X),136,87.6,87.6,87.6,87.6,87.6,87.6,87.6,87.6,87.6,87.6,87.6,87.6,(X),(X),(X),87.6
9020000US3201,3201,"Carson City (city)+Douglas County Set, Nevada",1640,Conservation scientists and foresters 1640 (SOC 19-1030),20,0,0,20,0,0,0,0,0,0,0,0,(X),(X),(X),0,100.0,0.0,0.0,100.0,0.0,0.0,0.0,0.0,0.0,0.0,0.0,0.0,(X),(X),(X),0.0,10,0,0,10,0,0,0,0,0,0,0,0,(X),(X),(X),0,50.0,0.0,0.0,50.0,0.0,0.0,0.0,0.0,0.0,0.0,0.0,0.0,(X),(X),(X),0.0,10,0,0,10,0,0,0,0,0,0,0,0,(X),(X),(X),0,50.0,0.0,0.0,50.0,0.0,0.0,0.0,0.0,0.0,0.0,0.0,0.0,(X),(X),(X),0.0,24,136,136,24,136,136,136,136,136,136,136,136,(X),(X),(X),136,75.8,75.8,75.8,75.8,75.8,75.8,75.8,75.8,75.8,75.8,75.8,75.8,(X),(X),(X),75.8,17,136,136,17,136,136,136,136,136,136,136,136,(X),(X),(X),136,50.0,75.8,75.8,50.0,75.8,75.8,75.8,75.8,75.8,75.8,75.8,75.8,(X),(X),(X),75.8,15,136,136,15,136,136,136,136,136,136,136,136,(X),(X),(X),136,50.0,75.8,75.8,50.0,75.8,75.8,75.8,75.8,75.8,75.8,75.8,75.8,(X),(X),(X),75.8
9020000US3201,3201,"Carson City (city)+Douglas County Set, Nevada",1650,"Medical scientists, and life scientists, all other 1650 (SOC 19-10XX)",35,0,0,35,0,0,0,0,0,0,0,0,(X),(X),(X),0,100.0,0.0,0.0,100.0,0.0,0.0,0.0,0.0,0.0,0.0,0.0,0.0,(X),(X),(X),0.0,0,0,0,0,0,0,0,0,0,0,0,0,(X),(X),(X),0,0.0,0.0,0.0,0.0,0.0,0.0,0.0,0.0,0.0,0.0,0.0,0.0,(X),(X),(X),0.0,35,0,0,35,0,0,0,0,0,0,0,0,(X),(X),(X),0,100.0,0.0,0.0,100.0,0.0,0.0,0.0,0.0,0.0,0.0,0.0,0.0,(X),(X),(X),0.0,28,136,136,28,136,136,136,136,136,136,136,136,(X),(X),(X),136,57.3,57.3,57.3,57.3,57.3,57.3,57.3,57.3,57.3,57.3,57.3,57.3,(X),(X),(X),57.3,136,136,136,136,136,136,136,136,136,136,136,136,(X),(X),(X),136,57.3,57.3,57.3,57.3,57.3,57.3,57.3,57.3,57.3,57.3,57.3,57.3,(X),(X),(X),57.3,28,136,136,28,136,136,136,136,136,136,136,136,(X),(X),(X),136,57.3,57.3,57.3,57.3,57.3,57.3,57.3,57.3,57.3,57.3,57.3,57.3,(X),(X),(X),57.3
9020000US3201,3201,"Carson City (city)+Douglas County Set, Nevada",1740,Environmental scientists and geoscientists 1740 (SOC 19-2040),35,0,0,35,0,0,0,0,0,0,0,0,(X),(X),(X),0,100.0,0.0,0.0,100.0,0.0,0.0,0.0,0.0,0.0,0.0,0.0,0.0,(X),(X),(X),0.0,35,0,0,35,0,0,0,0,0,0,0,0,(X),(X),(X),0,100.0,0.0,0.0,100.0,0.0,0.0,0.0,0.0,0.0,0.0,0.0,0.0,(X),(X),(X),0.0,4,0,0,4,0,0,0,0,0,0,0,0,(X),(X),(X),0,11.4,0.0,0.0,11.4,0.0,0.0,0.0,0.0,0.0,0.0,0.0,0.0,(X),(X),(X),0.0,31,136,136,31,136,136,136,136,136,136,136,136,(X),(X),(X),136,57.3,57.3,57.3,57.3,57.3,57.3,57.3,57.3,57.3,57.3,57.3,57.3,(X),(X),(X),57.3,31,136,136,31,136,136,136,136,136,136,136,136,(X),(X),(X),136,57.3,57.3,57.3,57.3,57.3,57.3,57.3,57.3,57.3,57.3,57.3,57.3,(X),(X),(X),57.3,2,136,136,2,136,136,136,136,136,136,136,136,(X),(X),(X),136,13.7,57.3,57.3,13.7,57.3,57.3,57.3,57.3,57.3,57.3,57.3,57.3,(X),(X),(X),57.3
9020000US3201,3201,"Carson City (city)+Douglas County Set, Nevada",1760,"Physical scientists, all other 1760 (SOC 19-2099)",15,0,0,15,0,0,0,0,0,0,0,0,(X),(X),(X),0,100.0,0.0,0.0,100.0,0.0,0.0,0.0,0.0,0.0,0.0,0.0,0.0,(X),(X),(X),0.0,15,0,0,15,0,0,0,0,0,0,0,0,(X),(X),(X),0,100.0,0.0,0.0,100.0,0.0,0.0,0.0,0.0,0.0,0.0,0.0,0.0,(X),(X),(X),0.0,0,0,0,0,0,0,0,0,0,0,0,0,(X),(X),(X),0,0.0,0.0,0.0,0.0,0.0,0.0,0.0,0.0,0.0,0.0,0.0,0.0,(X),(X),(X),0.0,22,136,136,22,136,136,136,136,136,136,136,136,(X),(X),(X),136,87.6,87.6,87.6,87.6,87.6,87.6,87.6,87.6,87.6,87.6,87.6,87.6,(X),(X),(X),87.6,22,136,136,22,136,136,136,136,136,136,136,136,(X),(X),(X),136,87.6,87.6,87.6,87.6,87.6,87.6,87.6,87.6,87.6,87.6,87.6,87.6,(X),(X),(X),87.6,136,136,136,136,136,136,136,136,136,136,136,136,(X),(X),(X),136,87.6,87.6,87.6,87.6,87.6,87.6,87.6,87.6,87.6,87.6,87.6,87.6,(X),(X),(X),87.6
9020000US3201,3201,"Carson City (city)+Douglas County Set, Nevada",1800,Economists 1800 (SOC 19-3011),10,0,0,10,0,0,0,0,0,0,0,0,(X),(X),(X),0,100.0,0.0,0.0,100.0,0.0,0.0,0.0,0.0,0.0,0.0,0.0,0.0,(X),(X),(X),0.0,10,0,0,10,0,0,0,0,0,0,0,0,(X),(X),(X),0,100.0,0.0,0.0,100.0,0.0,0.0,0.0,0.0,0.0,0.0,0.0,0.0,(X),(X),(X),0.0,0,0,0,0,0,0,0,0,0,0,0,0,(X),(X),(X),0,0.0,0.0,0.0,0.0,0.0,0.0,0.0,0.0,0.0,0.0,0.0,0.0,(X),(X),(X),0.0,17,136,136,17,136,136,136,136,136,136,136,136,(X),(X),(X),136,100.0,100.0,100.0,100.0,100.0,100.0,100.0,100.0,100.0,100.0,100.0,100.0,(X),(X),(X),100.0,17,136,136,17,136,136,136,136,136,136,136,136,(X),(X),(X),136,100.0,100.0,100.0,100.0,100.0,100.0,100.0,100.0,100.0,100.0,100.0,100.0,(X),(X),(X),100.0,136,136,136,136,136,136,136,136,136,136,136,136,(X),(X),(X),136,100.0,100.0,100.0,100.0,100.0,100.0,100.0,100.0,100.0,100.0,100.0,100.0,(X),(X),(X),100.0
9020000US3201,3201,"Carson City (city)+Douglas County Set, Nevada",1820,Psychologists 1820 (SOC 19-3030),50,10,0,40,0,0,0,0,0,0,0,0,(X),(X),(X),0,100.0,20.0,0.0,80.0,0.0,0.0,0.0,0.0,0.0,0.0,0.0,0.0,(X),(X),(X),0.0,50,10,0,40,0,0,0,0,0,0,0,0,(X),(X),(X),0,100.0,20.0,0.0,80.0,0.0,0.0,0.0,0.0,0.0,0.0,0.0,0.0,(X),(X),(X),0.0,0,0,0,0,0,0,0,0,0,0,0,0,(X),(X),(X),0,0.0,0.0,0.0,0.0,0.0,0.0,0.0,0.0,0.0,0.0,0.0,0.0,(X),(X),(X),0.0,45,15,136,43,136,136,136,136,136,136,136,136,(X),(X),(X),136,48.0,29.7,48.0,33.0,48.0,48.0,48.0,48.0,48.0,48.0,48.0,48.0,(X),(X),(X),48.0,45,15,136,43,136,136,136,136,136,136,136,136,(X),(X),(X),136,48.0,29.7,48.0,33.0,48.0,48.0,48.0,48.0,48.0,48.0,48.0,48.0,(X),(X),(X),48.0,136,136,136,136,136,136,136,136,136,136,136,136,(X),(X),(X),136,48.0,48.0,48.0,48.0,48.0,48.0,48.0,48.0,48.0,48.0,48.0,48.0,(X),(X),(X),48.0
9020000US3201,3201,"Carson City (city)+Douglas County Set, Nevada",1860,"Miscellaneous social scientists, including survey researchers and sociologists 1860 (SOC 19-30XX)",75,0,0,75,0,0,0,0,0,0,0,0,(X),(X),(X),0,100.0,0.0,0.0,100.0,0.0,0.0,0.0,0.0,0.0,0.0,0.0,0.0,(X),(X),(X),0.0,35,0,0,35,0,0,0,0,0,0,0,0,(X),(X),(X),0,46.7,0.0,0.0,46.7,0.0,0.0,0.0,0.0,0.0,0.0,0.0,0.0,(X),(X),(X),0.0,40,0,0,40,0,0,0,0,0,0,0,0,(X),(X),(X),0,53.3,0.0,0.0,53.3,0.0,0.0,0.0,0.0,0.0,0.0,0.0,0.0,(X),(X),(X),0.0,83,136,136,83,136,136,136,136,136,136,136,136,(X),(X),(X),136,39.2,39.2,39.2,39.2,39.2,39.2,39.2,39.2,39.2,39.2,39.2,39.2,(X),(X),(X),39.2,55,136,136,55,136,136,136,136,136,136,136,136,(X),(X),(X),136,33.8,39.2,39.2,33.8,39.2,39.2,39.2,39.2,39.2,39.2,39.2,39.2,(X),(X),(X),39.2,35,136,136,35,136,136,136,136,136,136,136,136,(X),(X),(X),136,36.2,39.2,39.2,36.2,39.2,39.2,39.2,39.2,39.2,39.2,39.2,39.2,(X),(X),(X),39.2
9020000US3201,3201,"Carson City (city)+Douglas County Set, Nevada",1910,Biological technicians 1910 (SOC 19-4021),10,0,0,10,0,0,0,0,0,0,0,0,(X),(X),(X),0,100.0,0.0,0.0,100.0,0.0,0.0,0.0,0.0,0.0,0.0,0.0,0.0,(X),(X),(X),0.0,0,0,0,0,0,0,0,0,0,0,0,0,(X),(X),(X),0,0.0,0.0,0.0,0.0,0.0,0.0,0.0,0.0,0.0,0.0,0.0,0.0,(X),(X),(X),0.0,10,0,0,10,0,0,0,0,0,0,0,0,(X),(X),(X),0,100.0,0.0,0.0,100.0,0.0,0.0,0.0,0.0,0.0,0.0,0.0,0.0,(X),(X),(X),0.0,18,136,136,18,136,136,136,136,136,136,136,136,(X),(X),(X),136,100.0,100.0,100.0,100.0,100.0,100.0,100.0,100.0,100.0,100.0,100.0,100.0,(X),(X),(X),100.0,136,136,136,136,136,136,136,136,136,136,136,136,(X),(X),(X),136,100.0,100.0,100.0,100.0,100.0,100.0,100.0,100.0,100.0,100.0,100.0,100.0,(X),(X),(X),100.0,18,136,136,18,136,136,136,136,136,136,136,136,(X),(X),(X),136,100.0,100.0,100.0,100.0,100.0,100.0,100.0,100.0,100.0,100.0,100.0,100.0,(X),(X),(X),100.0
9020000US3201,3201,"Carson City (city)+Douglas County Set, Nevada",1965,"Miscellaneous life, physical, and social science technicians, including social science research assistants 1965 (SOC 19-40YY)",10,0,0,10,0,0,0,0,0,0,0,0,(X),(X),(X),0,100.0,0.0,0.0,100.0,0.0,0.0,0.0,0.0,0.0,0.0,0.0,0.0,(X),(X),(X),0.0,10,0,0,10,0,0,0,0,0,0,0,0,(X),(X),(X),0,100.0,0.0,0.0,100.0,0.0,0.0,0.0,0.0,0.0,0.0,0.0,0.0,(X),(X),(X),0.0,0,0,0,0,0,0,0,0,0,0,0,0,(X),(X),(X),0,0.0,0.0,0.0,0.0,0.0,0.0,0.0,0.0,0.0,0.0,0.0,0.0,(X),(X),(X),0.0,18,136,136,18,136,136,136,136,136,136,136,136,(X),(X),(X),136,100.0,100.0,100.0,100.0,100.0,100.0,100.0,100.0,100.0,100.0,100.0,100.0,(X),(X),(X),100.0,18,136,136,18,136,136,136,136,136,136,136,136,(X),(X),(X),136,100.0,100.0,100.0,100.0,100.0,100.0,100.0,100.0,100.0,100.0,100.0,100.0,(X),(X),(X),100.0,136,136,136,136,136,136,136,136,136,136,136,136,(X),(X),(X),136,100.0,100.0,100.0,100.0,100.0,100.0,100.0,100.0,100.0,100.0,100.0,100.0,(X),(X),(X),100.0
9020000US3201,3201,"Carson City (city)+Douglas County Set, Nevada",2000,Counselors 2000 (SOC 21-1010),255,20,0,200,0,35,0,0,0,0,0,0,(X),(X),(X),0,100.0,7.8,0.0,78.4,0.0,13.7,0.0,0.0,0.0,0.0,0.0,0.0,(X),(X),(X),0.0,95,0,0,95,0,0,0,0,0,0,0,0,(X),(X),(X),0,37.3,0.0,0.0,37.3,0.0,0.0,0.0,0.0,0.0,0.0,0.0,0.0,(X),(X),(X),0.0,165,20,0,105,0,35,0,0,0,0,0,0,(X),(X),(X),0,64.7,7.8,0.0,41.2,0.0,13.7,0.0,0.0,0.0,0.0,0.0,0.0,(X),(X),(X),0.0,99,33,136,84,136,42,136,136,136,136,136,136,(X),(X),(X),136,15.3,12.4,15.3,18.0,15.3,14.6,15.3,15.3,15.3,15.3,15.3,15.3,(X),(X),(X),15.3,63,136,136,63,136,136,136,136,136,136,136,136,(X),(X),(X),136,21.5,15.3,15.3,21.5,15.3,15.3,15.3,15.3,15.3,15.3,15.3,15.3,(X),(X),(X),15.3,82,33,136,69,136,42,136,136,136,136,136,136,(X),(X),(X),136,21.5,12.4,15.3,22.1,15.3,14.6,15.3,15.3,15.3,15.3,15.3,15.3,(X),(X),(X),15.3
9020000US3201,3201,"Carson City (city)+Douglas County Set, Nevada",2010,Social workers 2010 (SOC 21-1020),260,55,0,200,0,0,0,0,0,0,0,0,(X),(X),(X),0,100.0,21.2,0.0,76.9,0.0,0.0,0.0,0.0,0.0,0.0,0.0,0.0,(X),(X),(X),0.0,80,45,0,35,0,0,0,0,0,0,0,0,(X),(X),(X),0,30.8,17.3,0.0,13.5,0.0,0.0,0.0,0.0,0.0,0.0,0.0,0.0,(X),(X),(X),0.0,180,10,0,170,0,0,0,0,0,0,0,0,(X),(X),(X),0,69.2,3.8,0.0,65.4,0.0,0.0,0.0,0.0,0.0,0.0,0.0,0.0,(X),(X),(X),0.0,118,67,136,105,136,136,136,136,136,136,136,136,(X),(X),(X),136,15.0,24.4,15.0,24.8,15.0,15.0,15.0,15.0,15.0,15.0,15.0,15.0,(X),(X),(X),15.0,73,63,136,40,136,136,136,136,136,136,136,136,(X),(X),(X),136,23.7,23.3,15.0,14.0,15.0,15.0,15.0,15.0,15.0,15.0,15.0,15.0,(X),(X),(X),15.0,94,20,136,93,136,136,136,136,136,136,136,136,(X),(X),(X),136,24.1,7.9,15.0,24.7,15.0,15.0,15.0,15.0,15.0,15.0,15.0,15.0,(X),(X),(X),15.0
9020000US3201,3201,"Carson City (city)+Douglas County Set, Nevada",2015,Probation officers and correctional treatment specialists 2015 (SOC 21-1092),50,0,0,35,15,0,0,0,0,0,0,0,(X),(X),(X),0,100.0,0.0,0.0,70.0,30.0,0.0,0.0,0.0,0.0,0.0,0.0,0.0,(X),(X),(X),0.0,0,0,0,0,0,0,0,0,0,0,0,0,(X),(X),(X),0,0.0,0.0,0.0,0.0,0.0,0.0,0.0,0.0,0.0,0.0,0.0,0.0,(X),(X),(X),0.0,50,0,0,35,15,0,0,0,0,0,0,0,(X),(X),(X),0,100.0,0.0,0.0,70.0,30.0,0.0,0.0,0.0,0.0,0.0,0.0,0.0,(X),(X),(X),0.0,48,136,136,41,28,136,136,136,136,136,136,136,(X),(X),(X),136,48.0,48.0,48.0,47.7,49.7,48.0,48.0,48.0,48.0,48.0,48.0,48.0,(X),(X),(X),48.0,136,136,136,136,136,136,136,136,136,136,136,136,(X),(X),(X),136,48.0,48.0,48.0,48.0,48.0,48.0,48.0,48.0,48.0,48.0,48.0,48.0,(X),(X),(X),48.0,48,136,136,41,28,136,136,136,136,136,136,136,(X),(X),(X),136,48.0,48.0,48.0,47.7,49.7,48.0,48.0,48.0,48.0,48.0,48.0,48.0,(X),(X),(X),48.0
9020000US3201,3201,"Carson City (city)+Douglas County Set, Nevada",2016,Social and human service assistants 2016 (SOC 21-1093),20,0,0,20,0,0,0,0,0,0,0,0,(X),(X),(X),0,100.0,0.0,0.0,100.0,0.0,0.0,0.0,0.0,0.0,0.0,0.0,0.0,(X),(X),(X),0.0,0,0,0,0,0,0,0,0,0,0,0,0,(X),(X),(X),0,0.0,0.0,0.0,0.0,0.0,0.0,0.0,0.0,0.0,0.0,0.0,0.0,(X),(X),(X),0.0,20,0,0,20,0,0,0,0,0,0,0,0,(X),(X),(X),0,100.0,0.0,0.0,100.0,0.0,0.0,0.0,0.0,0.0,0.0,0.0,0.0,(X),(X),(X),0.0,30,136,136,30,136,136,136,136,136,136,136,136,(X),(X),(X),136,75.8,75.8,75.8,75.8,75.8,75.8,75.8,75.8,75.8,75.8,75.8,75.8,(X),(X),(X),75.8,136,136,136,136,136,136,136,136,136,136,136,136,(X),(X),(X),136,75.8,75.8,75.8,75.8,75.8,75.8,75.8,75.8,75.8,75.8,75.8,75.8,(X),(X),(X),75.8,30,136,136,30,136,136,136,136,136,136,136,136,(X),(X),(X),136,75.8,75.8,75.8,75.8,75.8,75.8,75.8,75.8,75.8,75.8,75.8,75.8,(X),(X),(X),75.8
9020000US3201,3201,"Carson City (city)+Douglas County Set, Nevada",2025,"Miscellaneous community and social service specialists, including health educators and community health workers 2025 (SOC 21-109X)",80,30,0,50,0,0,0,0,0,0,0,0,(X),(X),(X),0,100.0,37.5,0.0,62.5,0.0,0.0,0.0,0.0,0.0,0.0,0.0,0.0,(X),(X),(X),0.0,55,30,0,25,0,0,0,0,0,0,0,0,(X),(X),(X),0,68.8,37.5,0.0,31.3,0.0,0.0,0.0,0.0,0.0,0.0,0.0,0.0,(X),(X),(X),0.0,20,0,0,20,0,0,0,0,0,0,0,0,(X),(X),(X),0,25.0,0.0,0.0,25.0,0.0,0.0,0.0,0.0,0.0,0.0,0.0,0.0,(X),(X),(X),0.0,72,47,136,51,136,136,136,136,136,136,136,136,(X),(X),(X),136,37.9,46.1,37.9,48.3,37.9,37.9,37.9,37.9,37.9,37.9,37.9,37.9,(X),(X),(X),37.9,61,47,136,41,136,136,136,136,136,136,136,136,(X),(X),(X),136,40.2,46.1,37.9,48.7,37.9,37.9,37.9,37.9,37.9,37.9,37.9,37.9,(X),(X),(X),37.9,34,136,136,34,136,136,136,136,136,136,136,136,(X),(X),(X),136,41.5,37.9,37.9,41.5,37.9,37.9,37.9,37.9,37.9,37.9,37.9,37.9,(X),(X),(X),37.9
9020000US3201,3201,"Carson City (city)+Douglas County Set, Nevada",2040,Clergy 2040 (SOC 21-2011),45,0,0,40,0,4,0,0,0,0,0,0,(X),(X),(X),0,100.0,0.0,0.0,88.9,0.0,8.9,0.0,0.0,0.0,0.0,0.0,0.0,(X),(X),(X),0.0,35,0,0,30,0,4,0,0,0,0,0,0,(X),(X),(X),0,77.8,0.0,0.0,66.7,0.0,8.9,0.0,0.0,0.0,0.0,0.0,0.0,(X),(X),(X),0.0,10,0,0,10,0,0,0,0,0,0,0,0,(X),(X),(X),0,22.2,0.0,0.0,22.2,0.0,0.0,0.0,0.0,0.0,0.0,0.0,0.0,(X),(X),(X),0.0,43,136,136,40,136,4,136,136,136,136,136,136,(X),(X),(X),136,50.6,50.6,50.6,26.7,50.6,16.6,50.6,50.6,50.6,50.6,50.6,50.6,(X),(X),(X),50.6,32,136,136,31,136,4,136,136,136,136,136,136,(X),(X),(X),136,31.7,50.6,50.6,31.1,50.6,16.6,50.6,50.6,50.6,50.6,50.6,50.6,(X),(X),(X),50.6,16,136,136,16,136,136,136,136,136,136,136,136,(X),(X),(X),136,24.9,50.6,50.6,24.9,50.6,50.6,50.6,50.6,50.6,50.6,50.6,50.6,(X),(X),(X),50.6
9020000US3201,3201,"Carson City (city)+Douglas County Set, Nevada",2050,"Directors, religious activities and education 2050 (SOC 21-2021)",10,0,0,10,0,0,0,0,0,0,0,0,(X),(X),(X),0,100.0,0.0,0.0,100.0,0.0,0.0,0.0,0.0,0.0,0.0,0.0,0.0,(X),(X),(X),0.0,0,0,0,0,0,0,0,0,0,0,0,0,(X),(X),(X),0,0.0,0.0,0.0,0.0,0.0,0.0,0.0,0.0,0.0,0.0,0.0,0.0,(X),(X),(X),0.0,10,0,0,10,0,0,0,0,0,0,0,0,(X),(X),(X),0,100.0,0.0,0.0,100.0,0.0,0.0,0.0,0.0,0.0,0.0,0.0,0.0,(X),(X),(X),0.0,15,136,136,15,136,136,136,136,136,136,136,136,(X),(X),(X),136,100.0,100.0,100.0,100.0,100.0,100.0,100.0,100.0,100.0,100.0,100.0,100.0,(X),(X),(X),100.0,136,136,136,136,136,136,136,136,136,136,136,136,(X),(X),(X),136,100.0,100.0,100.0,100.0,100.0,100.0,100.0,100.0,100.0,100.0,100.0,100.0,(X),(X),(X),100.0,15,136,136,15,136,136,136,136,136,136,136,136,(X),(X),(X),136,100.0,100.0,100.0,100.0,100.0,100.0,100.0,100.0,100.0,100.0,100.0,100.0,(X),(X),(X),100.0
9020000US3201,3201,"Carson City (city)+Douglas County Set, Nevada",2060,"Religious workers, all other 2060 (SOC 21-2099)",20,0,0,20,0,0,0,0,0,0,0,0,(X),(X),(X),0,100.0,0.0,0.0,100.0,0.0,0.0,0.0,0.0,0.0,0.0,0.0,0.0,(X),(X),(X),0.0,0,0,0,0,0,0,0,0,0,0,0,0,(X),(X),(X),0,0.0,0.0,0.0,0.0,0.0,0.0,0.0,0.0,0.0,0.0,0.0,0.0,(X),(X),(X),0.0,20,0,0,20,0,0,0,0,0,0,0,0,(X),(X),(X),0,100.0,0.0,0.0,100.0,0.0,0.0,0.0,0.0,0.0,0.0,0.0,0.0,(X),(X),(X),0.0,40,136,136,40,136,136,136,136,136,136,136,136,(X),(X),(X),136,75.8,75.8,75.8,75.8,75.8,75.8,75.8,75.8,75.8,75.8,75.8,75.8,(X),(X),(X),75.8,136,136,136,136,136,136,136,136,136,136,136,136,(X),(X),(X),136,75.8,75.8,75.8,75.8,75.8,75.8,75.8,75.8,75.8,75.8,75.8,75.8,(X),(X),(X),75.8,40,136,136,40,136,136,136,136,136,136,136,136,(X),(X),(X),136,75.8,75.8,75.8,75.8,75.8,75.8,75.8,75.8,75.8,75.8,75.8,75.8,(X),(X),(X),75.8
9020000US3201,3201,"Carson City (city)+Douglas County Set, Nevada",2100,"Lawyers, and judges, magistrates, and other judicial workers 2100 (SOC 23-10XX)",410,50,0,335,0,10,20,0,0,0,0,0,(X),(X),(X),0,100.0,12.2,0.0,81.7,0.0,2.4,4.9,0.0,0.0,0.0,0.0,0.0,(X),(X),(X),0.0,310,35,0,270,0,0,4,0,0,0,0,0,(X),(X),(X),0,75.6,8.5,0.0,65.9,0.0,0.0,1.0,0.0,0.0,0.0,0.0,0.0,(X),(X),(X),0.0,100,10,0,65,0,10,15,0,0,0,0,0,(X),(X),(X),0,24.4,2.4,0.0,15.9,0.0,2.4,3.7,0.0,0.0,0.0,0.0,0.0,(X),(X),(X),0.0,139,65,136,116,136,20,25,136,136,136,136,136,(X),(X),(X),136,9.8,13.9,9.8,14.3,9.8,4.9,6.3,9.8,9.8,9.8,9.8,9.8,(X),(X),(X),9.8,123,57,136,111,136,136,5,136,136,136,136,136,(X),(X),(X),136,13.8,12.4,9.8,19.3,9.8,9.8,1.4,9.8,9.8,9.8,9.8,9.8,(X),(X),(X),9.8,64,25,136,48,136,20,24,136,136,136,136,136,(X),(X),(X),136,14.1,5.9,9.8,10.5,9.8,4.9,6.0,9.8,9.8,9.8,9.8,9.8,(X),(X),(X),9.8
9020000US3201,3201,"Carson City (city)+Douglas County Set, Nevada",2145,Paralegals and legal assistants 2145 (SOC 23-2011),110,0,0,110,0,0,0,0,0,0,0,0,(X),(X),(X),0,100.0,0.0,0.0,100.0,0.0,0.0,0.0,0.0,0.0,0.0,0.0,0.0,(X),(X),(X),0.0,0,0,0,0,0,0,0,0,0,0,0,0,(X),(X),(X),0,0.0,0.0,0.0,0.0,0.0,0.0,0.0,0.0,0.0,0.0,0.0,0.0,(X),(X),(X),0.0,110,0,0,110,0,0,0,0,0,0,0,0,(X),(X),(X),0,100.0,0.0,0.0,100.0,0.0,0.0,0.0,0.0,0.0,0.0,0.0,0.0,(X),(X),(X),0.0,66,136,136,66,136,136,136,136,136,136,136,136,(X),(X),(X),136,31.0,31.0,31.0,31.0,31.0,31.0,31.0,31.0,31.0,31.0,31.0,31.0,(X),(X),(X),31.0,136,136,136,136,136,136,136,136,136,136,136,136,(X),(X),(X),136,31.0,31.0,31.0,31.0,31.0,31.0,31.0,31.0,31.0,31.0,31.0,31.0,(X),(X),(X),31.0,66,136,136,66,136,136,136,136,136,136,136,136,(X),(X),(X),136,31.0,31.0,31.0,31.0,31.0,31.0,31.0,31.0,31.0,31.0,31.0,31.0,(X),(X),(X),31.0
9020000US3201,3201,"Carson City (city)+Douglas County Set, Nevada",2160,Miscellaneous legal support workers 2160 (SOC 23-2090),60,0,0,60,0,0,0,0,0,0,0,0,(X),(X),(X),0,100.0,0.0,0.0,100.0,0.0,0.0,0.0,0.0,0.0,0.0,0.0,0.0,(X),(X),(X),0.0,0,0,0,0,0,0,0,0,0,0,0,0,(X),(X),(X),0,0.0,0.0,0.0,0.0,0.0,0.0,0.0,0.0,0.0,0.0,0.0,0.0,(X),(X),(X),0.0,60,0,0,60,0,0,0,0,0,0,0,0,(X),(X),(X),0,100.0,0.0,0.0,100.0,0.0,0.0,0.0,0.0,0.0,0.0,0.0,0.0,(X),(X),(X),0.0,59,136,136,59,136,136,136,136,136,136,136,136,(X),(X),(X),136,43.8,43.8,43.8,43.8,43.8,43.8,43.8,43.8,43.8,43.8,43.8,43.8,(X),(X),(X),43.8,136,136,136,136,136,136,136,136,136,136,136,136,(X),(X),(X),136,43.8,43.8,43.8,43.8,43.8,43.8,43.8,43.8,43.8,43.8,43.8,43.8,(X),(X),(X),43.8,59,136,136,59,136,136,136,136,136,136,136,136,(X),(X),(X),136,43.8,43.8,43.8,43.8,43.8,43.8,43.8,43.8,43.8,43.8,43.8,43.8,(X),(X),(X),43.8
9020000US3201,3201,"Carson City (city)+Douglas County Set, Nevada",2200,Postsecondary teachers 2200 (SOC 25-1000),315,45,0,270,0,0,0,0,0,0,0,0,(X),(X),(X),0,100.0,14.3,0.0,85.7,0.0,0.0,0.0,0.0,0.0,0.0,0.0,0.0,(X),(X),(X),0.0,205,45,0,155,0,0,0,0,0,0,0,0,(X),(X),(X),0,65.1,14.3,0.0,49.2,0.0,0.0,0.0,0.0,0.0,0.0,0.0,0.0,(X),(X),(X),0.0,110,0,0,110,0,0,0,0,0,0,0,0,(X),(X),(X),0,34.9,0.0,0.0,34.9,0.0,0.0,0.0,0.0,0.0,0.0,0.0,0.0,(X),(X),(X),0.0,140,64,136,120,136,136,136,136,136,136,136,136,(X),(X),(X),136,12.6,18.4,12.6,18.3,12.6,12.6,12.6,12.6,12.6,12.6,12.6,12.6,(X),(X),(X),12.6,104,64,136,72,136,136,136,136,136,136,136,136,(X),(X),(X),136,20.3,18.4,12.6,18.6,12.6,12.6,12.6,12.6,12.6,12.6,12.6,12.6,(X),(X),(X),12.6,81,136,136,81,136,136,136,136,136,136,136,136,(X),(X),(X),136,20.0,12.6,12.6,20.0,12.6,12.6,12.6,12.6,12.6,12.6,12.6,12.6,(X),(X),(X),12.6
9020000US3201,3201,"Carson City (city)+Douglas County Set, Nevada",2300,Preschool and kindergarten teachers 2300 (SOC 25-2010),170,25,0,145,0,0,0,0,0,0,0,0,(X),(X),(X),0,100.0,14.7,0.0,85.3,0.0,0.0,0.0,0.0,0.0,0.0,0.0,0.0,(X),(X),(X),0.0,25,25,0,0,0,0,0,0,0,0,0,0,(X),(X),(X),0,14.7,14.7,0.0,0.0,0.0,0.0,0.0,0.0,0.0,0.0,0.0,0.0,(X),(X),(X),0.0,145,0,0,145,0,0,0,0,0,0,0,0,(X),(X),(X),0,85.3,0.0,0.0,85.3,0.0,0.0,0.0,0.0,0.0,0.0,0.0,0.0,(X),(X),(X),0.0,96,39,136,84,136,136,136,136,136,136,136,136,(X),(X),(X),136,21.9,20.2,21.9,20.5,21.9,21.9,21.9,21.9,21.9,21.9,21.9,21.9,(X),(X),(X),21.9,39,39,136,136,136,136,136,136,136,136,136,136,(X),(X),(X),136,20.2,20.2,21.9,21.9,21.9,21.9,21.9,21.9,21.9,21.9,21.9,21.9,(X),(X),(X),21.9,84,136,136,84,136,136,136,136,136,136,136,136,(X),(X),(X),136,20.5,21.9,21.9,20.5,21.9,21.9,21.9,21.9,21.9,21.9,21.9,21.9,(X),(X),(X),21.9
9020000US3201,3201,"Carson City (city)+Douglas County Set, Nevada",2310,Elementary and middle school teachers 2310 (SOC 25-2020),1210,90,0,1090,0,4,4,20,0,0,0,0,(X),(X),(X),0,100.0,7.4,0.0,90.1,0.0,0.3,0.3,1.7,0.0,0.0,0.0,0.0,(X),(X),(X),0.0,305,50,0,255,0,0,0,0,0,0,0,0,(X),(X),(X),0,25.2,4.1,0.0,21.1,0.0,0.0,0.0,0.0,0.0,0.0,0.0,0.0,(X),(X),(X),0.0,905,40,0,835,0,4,4,20,0,0,0,0,(X),(X),(X),0,74.8,3.3,0.0,69.0,0.0,0.3,0.3,1.7,0.0,0.0,0.0,0.0,(X),(X),(X),0.0,303,76,136,273,136,7,14,33,136,136,136,136,(X),(X),(X),136,3.4,5.6,3.4,6.0,3.4,0.6,1.1,2.7,3.4,3.4,3.4,3.4,(X),(X),(X),3.4,125,68,136,103,136,136,136,136,136,136,136,136,(X),(X),(X),136,7.1,5.3,3.4,6.8,3.4,3.4,3.4,3.4,3.4,3.4,3.4,3.4,(X),(X),(X),3.4,227,46,136,216,136,7,14,33,136,136,136,136,(X),(X),(X),136,7.1,3.7,3.4,7.2,3.4,0.6,1.1,2.7,3.4,3.4,3.4,3.4,(X),(X),(X),3.4
9020000US3201,3201,"Carson City (city)+Douglas County Set, Nevada",2320,Secondary school teachers 2320 (SOC 25-2030),130,0,0,130,0,0,0,0,0,0,0,0,(X),(X),(X),0,100.0,0.0,0.0,100.0,0.0,0.0,0.0,0.0,0.0,0.0,0.0,0.0,(X),(X),(X),0.0,65,0,0,65,0,0,0,0,0,0,0,0,(X),(X),(X),0,50.0,0.0,0.0,50.0,0.0,0.0,0.0,0.0,0.0,0.0,0.0,0.0,(X),(X),(X),0.0,65,0,0,65,0,0,0,0,0,0,0,0,(X),(X),(X),0,50.0,0.0,0.0,50.0,0.0,0.0,0.0,0.0,0.0,0.0,0.0,0.0,(X),(X),(X),0.0,87,136,136,87,136,136,136,136,136,136,136,136,(X),(X),(X),136,27.3,27.3,27.3,27.3,27.3,27.3,27.3,27.3,27.3,27.3,27.3,27.3,(X),(X),(X),27.3,49,136,136,49,136,136,136,136,136,136,136,136,(X),(X),(X),136,24.0,27.3,27.3,24.0,27.3,27.3,27.3,27.3,27.3,27.3,27.3,27.3,(X),(X),(X),27.3,55,136,136,55,136,136,136,136,136,136,136,136,(X),(X),(X),136,23.6,27.3,27.3,23.6,27.3,27.3,27.3,27.3,27.3,27.3,27.3,27.3,(X),(X),(X),27.3
9020000US3201,3201,"Carson City (city)+Douglas County Set, Nevada",2330,Special education teachers 2330 (SOC 25-2050),65,0,0,65,0,0,0,0,0,0,0,0,(X),(X),(X),0,100.0,0.0,0.0,100.0,0.0,0.0,0.0,0.0,0.0,0.0,0.0,0.0,(X),(X),(X),0.0,4,0,0,4,0,0,0,0,0,0,0,0,(X),(X),(X),0,6.2,0.0,0.0,6.2,0.0,0.0,0.0,0.0,0.0,0.0,0.0,0.0,(X),(X),(X),0.0,65,0,0,65,0,0,0,0,0,0,0,0,(X),(X),(X),0,100.0,0.0,0.0,100.0,0.0,0.0,0.0,0.0,0.0,0.0,0.0,0.0,(X),(X),(X),0.0,51,136,136,51,136,136,136,136,136,136,136,136,(X),(X),(X),136,42.1,42.1,42.1,42.1,42.1,42.1,42.1,42.1,42.1,42.1,42.1,42.1,(X),(X),(X),42.1,6,136,136,6,136,136,136,136,136,136,136,136,(X),(X),(X),136,11.8,42.1,42.1,11.8,42.1,42.1,42.1,42.1,42.1,42.1,42.1,42.1,(X),(X),(X),42.1,52,136,136,52,136,136,136,136,136,136,136,136,(X),(X),(X),136,42.1,42.1,42.1,42.1,42.1,42.1,42.1,42.1,42.1,42.1,42.1,42.1,(X),(X),(X),42.1
9020000US3201,3201,"Carson City (city)+Douglas County Set, Nevada",2340,Other teachers and instructors 2340 (SOC 25-3000),195,25,0,150,0,4,0,0,15,0,0,0,(X),(X),(X),0,100.0,12.8,0.0,76.9,0.0,2.1,0.0,0.0,7.7,0.0,0.0,0.0,(X),(X),(X),0.0,75,0,0,60,0,4,0,0,15,0,0,0,(X),(X),(X),0,38.5,0.0,0.0,30.8,0.0,2.1,0.0,0.0,7.7,0.0,0.0,0.0,(X),(X),(X),0.0,120,25,0,90,0,4,0,0,0,0,0,0,(X),(X),(X),0,61.5,12.8,0.0,46.2,0.0,2.1,0.0,0.0,0.0,0.0,0.0,0.0,(X),(X),(X),0.0,91,28,136,79,136,14,136,136,22,136,136,136,(X),(X),(X),136,19.4,13.6,19.4,16.0,19.4,7.5,19.4,19.4,10.8,19.4,19.4,19.4,(X),(X),(X),19.4,66,136,136,60,136,136,136,136,22,136,136,136,(X),(X),(X),136,25.1,19.4,19.4,25.3,19.4,1.0,19.4,19.4,10.8,19.4,19.4,19.4,(X),(X),(X),19.4,61,28,136,50,136,6,136,136,136,136,136,136,(X),(X),(X),136,25.3,13.6,19.4,22.9,19.4,3.0,19.4,19.4,19.4,19.4,19.4,19.4,(X),(X),(X),19.4
9020000US3201,3201,"Carson City (city)+Douglas County Set, Nevada",2430,Librarians 2430 (SOC 25-4021),15,0,0,15,0,0,0,0,0,0,0,0,(X),(X),(X),0,100.0,0.0,0.0,100.0,0.0,0.0,0.0,0.0,0.0,0.0,0.0,0.0,(X),(X),(X),0.0,0,0,0,0,0,0,0,0,0,0,0,0,(X),(X),(X),0,0.0,0.0,0.0,0.0,0.0,0.0,0.0,0.0,0.0,0.0,0.0,0.0,(X),(X),(X),0.0,15,0,0,15,0,0,0,0,0,0,0,0,(X),(X),(X),0,100.0,0.0,0.0,100.0,0.0,0.0,0.0,0.0,0.0,0.0,0.0,0.0,(X),(X),(X),0.0,26,136,136,26,136,136,136,136,136,136,136,136,(X),(X),(X),136,87.6,87.6,87.6,87.6,87.6,87.6,87.6,87.6,87.6,87.6,87.6,87.6,(X),(X),(X),87.6,136,136,136,136,136,136,136,136,136,136,136,136,(X),(X),(X),136,87.6,87.6,87.6,87.6,87.6,87.6,87.6,87.6,87.6,87.6,87.6,87.6,(X),(X),(X),87.6,26,136,136,26,136,136,136,136,136,136,136,136,(X),(X),(X),136,87.6,87.6,87.6,87.6,87.6,87.6,87.6,87.6,87.6,87.6,87.6,87.6,(X),(X),(X),87.6
9020000US3201,3201,"Carson City (city)+Douglas County Set, Nevada",2440,Library technicians 2440 (SOC 25-4031),25,0,0,25,0,0,0,0,0,0,0,0,(X),(X),(X),0,100.0,0.0,0.0,100.0,0.0,0.0,0.0,0.0,0.0,0.0,0.0,0.0,(X),(X),(X),0.0,25,0,0,25,0,0,0,0,0,0,0,0,(X),(X),(X),0,100.0,0.0,0.0,100.0,0.0,0.0,0.0,0.0,0.0,0.0,0.0,0.0,(X),(X),(X),0.0,0,0,0,0,0,0,0,0,0,0,0,0,(X),(X),(X),0,0.0,0.0,0.0,0.0,0.0,0.0,0.0,0.0,0.0,0.0,0.0,0.0,(X),(X),(X),0.0,43,136,136,43,136,136,136,136,136,136,136,136,(X),(X),(X),136,67.8,67.8,67.8,67.8,67.8,67.8,67.8,67.8,67.8,67.8,67.8,67.8,(X),(X),(X),67.8,43,136,136,43,136,136,136,136,136,136,136,136,(X),(X),(X),136,67.8,67.8,67.8,67.8,67.8,67.8,67.8,67.8,67.8,67.8,67.8,67.8,(X),(X),(X),67.8,136,136,136,136,136,136,136,136,136,136,136,136,(X),(X),(X),136,67.8,67.8,67.8,67.8,67.8,67.8,67.8,67.8,67.8,67.8,67.8,67.8,(X),(X),(X),67.8
9020000US3201,3201,"Carson City (city)+Douglas County Set, Nevada",2540,Teacher assistants 2540 (SOC 25-9041),230,35,50,125,0,0,0,20,0,0,0,0,(X),(X),(X),0,100.0,15.2,21.7,54.3,0.0,0.0,0.0,8.7,0.0,0.0,0.0,0.0,(X),(X),(X),0.0,25,0,15,10,0,0,0,0,0,0,0,0,(X),(X),(X),0,10.9,0.0,6.5,4.3,0.0,0.0,0.0,0.0,0.0,0.0,0.0,0.0,(X),(X),(X),0.0,210,35,35,120,0,0,0,20,0,0,0,0,(X),(X),(X),0,91.3,15.2,15.2,52.2,0.0,0.0,0.0,8.7,0.0,0.0,0.0,0.0,(X),(X),(X),0.0,101,40,43,82,136,136,136,27,136,136,136,136,(X),(X),(X),136,16.8,15.6,18.4,21.9,16.8,16.8,16.8,12.2,16.8,16.8,16.8,16.8,(X),(X),(X),16.8,22,136,14,15,136,136,136,136,136,136,136,136,(X),(X),(X),136,9.9,16.8,6.6,6.5,16.8,16.8,16.8,16.8,16.8,16.8,16.8,16.8,(X),(X),(X),16.8,99,40,39,78,136,136,136,27,136,136,136,136,(X),(X),(X),136,10.4,15.6,16.2,22.0,16.8,16.8,16.8,12.2,16.8,16.8,16.8,16.8,(X),(X),(X),16.8
9020000US3201,3201,"Carson City (city)+Douglas County Set, Nevada",2550,"Other education, training, and library workers 2550 (SOC 25-90XX)",55,0,0,55,0,0,0,0,0,0,0,0,(X),(X),(X),0,100.0,0.0,0.0,100.0,0.0,0.0,0.0,0.0,0.0,0.0,0.0,0.0,(X),(X),(X),0.0,10,0,0,10,0,0,0,0,0,0,0,0,(X),(X),(X),0,18.2,0.0,0.0,18.2,0.0,0.0,0.0,0.0,0.0,0.0,0.0,0.0,(X),(X),(X),0.0,45,0,0,45,0,0,0,0,0,0,0,0,(X),(X),(X),0,81.8,0.0,0.0,81.8,0.0,0.0,0.0,0.0,0.0,0.0,0.0,0.0,(X),(X),(X),0.0,44,136,136,44,136,136,136,136,136,136,136,136,(X),(X),(X),136,45.7,45.7,45.7,45.7,45.7,45.7,45.7,45.7,45.7,45.7,45.7,45.7,(X),(X),(X),45.7,14,136,136,14,136,136,136,136,136,136,136,136,(X),(X),(X),136,25.3,45.7,45.7,25.3,45.7,45.7,45.7,45.7,45.7,45.7,45.7,45.7,(X),(X),(X),45.7,41,136,136,41,136,136,136,136,136,136,136,136,(X),(X),(X),136,29.3,45.7,45.7,29.3,45.7,45.7,45.7,45.7,45.7,45.7,45.7,45.7,(X),(X),(X),45.7
9020000US3201,3201,"Carson City (city)+Douglas County Set, Nevada",2600,Artists and related workers 2600 (SOC 27-1010),20,0,0,20,0,0,0,0,0,0,0,0,(X),(X),(X),0,100.0,0.0,0.0,100.0,0.0,0.0,0.0,0.0,0.0,0.0,0.0,0.0,(X),(X),(X),0.0,20,0,0,20,0,0,0,0,0,0,0,0,(X),(X),(X),0,100.0,0.0,0.0,100.0,0.0,0.0,0.0,0.0,0.0,0.0,0.0,0.0,(X),(X),(X),0.0,4,0,0,4,0,0,0,0,0,0,0,0,(X),(X),(X),0,20.0,0.0,0.0,20.0,0.0,0.0,0.0,0.0,0.0,0.0,0.0,0.0,(X),(X),(X),0.0,32,136,136,32,136,136,136,136,136,136,136,136,(X),(X),(X),136,75.8,75.8,75.8,75.8,75.8,75.8,75.8,75.8,75.8,75.8,75.8,75.8,(X),(X),(X),75.8,34,136,136,34,136,136,136,136,136,136,136,136,(X),(X),(X),136,75.8,75.8,75.8,75.8,75.8,75.8,75.8,75.8,75.8,75.8,75.8,75.8,(X),(X),(X),75.8,136,136,136,136,136,136,136,136,136,136,136,136,(X),(X),(X),136,73.3,75.8,75.8,73.3,75.8,75.8,75.8,75.8,75.8,75.8,75.8,75.8,(X),(X),(X),75.8
9020000US3201,3201,"Carson City (city)+Douglas County Set, Nevada",2630,Designers 2630 (SOC 27-1020),165,0,0,150,0,0,20,0,0,0,0,0,(X),(X),(X),0,100.0,0.0,0.0,90.9,0.0,0.0,12.1,0.0,0.0,0.0,0.0,0.0,(X),(X),(X),0.0,75,0,0,75,0,0,0,0,0,0,0,0,(X),(X),(X),0,45.5,0.0,0.0,45.5,0.0,0.0,0.0,0.0,0.0,0.0,0.0,0.0,(X),(X),(X),0.0,90,0,0,75,0,0,20,0,0,0,0,0,(X),(X),(X),0,54.5,0.0,0.0,45.5,0.0,0.0,12.1,0.0,0.0,0.0,0.0,0.0,(X),(X),(X),0.0,80,136,136,76,136,136,29,136,136,136,136,136,(X),(X),(X),136,22.5,22.5,22.5,16.6,22.5,22.5,17.0,22.5,22.5,22.5,22.5,22.5,(X),(X),(X),22.5,55,136,136,55,136,136,136,136,136,136,136,136,(X),(X),(X),136,22.1,22.5,22.5,22.1,22.5,22.5,22.5,22.5,22.5,22.5,22.5,22.5,(X),(X),(X),22.5,49,136,136,48,136,136,29,136,136,136,136,136,(X),(X),(X),136,21.7,22.5,22.5,25.9,22.5,22.5,17.0,22.5,22.5,22.5,22.5,22.5,(X),(X),(X),22.5
9020000US3201,3201,"Carson City (city)+Douglas County Set, Nevada",2720,"Athletes, coaches, umpires, and related workers 2720 (SOC 27-2020)",145,0,0,125,0,0,15,0,0,0,0,0,(X),(X),(X),0,100.0,0.0,0.0,86.2,0.0,0.0,10.3,0.0,0.0,0.0,0.0,0.0,(X),(X),(X),0.0,55,0,0,40,0,0,15,0,0,0,0,0,(X),(X),(X),0,37.9,0.0,0.0,27.6,0.0,0.0,10.3,0.0,0.0,0.0,0.0,0.0,(X),(X),(X),0.0,85,0,0,85,0,0,0,0,0,0,0,0,(X),(X),(X),0,58.6,0.0,0.0,58.6,0.0,0.0,0.0,0.0,0.0,0.0,0.0,0.0,(X),(X),(X),0.0,91,136,136,83,136,136,24,136,136,136,136,136,(X),(X),(X),136,25.0,25.0,25.0,17.6,25.0,25.0,16.0,25.0,25.0,25.0,25.0,25.0,(X),(X),(X),25.0,55,136,136,44,136,136,24,136,136,136,136,136,(X),(X),(X),136,31.8,25.0,25.0,27.0,25.0,25.0,16.0,25.0,25.0,25.0,25.0,25.0,(X),(X),(X),25.0,69,136,136,69,136,136,136,136,136,136,136,136,(X),(X),(X),136,29.5,25.0,25.0,29.5,25.0,25.0,25.0,25.0,25.0,25.0,25.0,25.0,(X),(X),(X),25.0
9020000US3201,3201,"Carson City (city)+Douglas County Set, Nevada",2750,"Musicians, singers, and related workers 2750 (SOC 27-2040)",80,0,0,80,0,0,0,0,0,0,0,0,(X),(X),(X),0,100.0,0.0,0.0,100.0,0.0,0.0,0.0,0.0,0.0,0.0,0.0,0.0,(X),(X),(X),0.0,45,0,0,45,0,0,0,0,0,0,0,0,(X),(X),(X),0,56.3,0.0,0.0,56.3,0.0,0.0,0.0,0.0,0.0,0.0,0.0,0.0,(X),(X),(X),0.0,40,0,0,40,0,0,0,0,0,0,0,0,(X),(X),(X),0,50.0,0.0,0.0,50.0,0.0,0.0,0.0,0.0,0.0,0.0,0.0,0.0,(X),(X),(X),0.0,65,136,136,65,136,136,136,136,136,136,136,136,(X),(X),(X),136,37.9,37.9,37.9,37.9,37.9,37.9,37.9,37.9,37.9,37.9,37.9,37.9,(X),(X),(X),37.9,54,136,136,54,136,136,136,136,136,136,136,136,(X),(X),(X),136,45.0,37.9,37.9,45.0,37.9,37.9,37.9,37.9,37.9,37.9,37.9,37.9,(X),(X),(X),37.9,42,136,136,42,136,136,136,136,136,136,136,136,(X),(X),(X),136,44.9,37.9,37.9,44.9,37.9,37.9,37.9,37.9,37.9,37.9,37.9,37.9,(X),(X),(X),37.9
9020000US3201,3201,"Carson City (city)+Douglas County Set, Nevada",2760,"Entertainers and performers, sports and related workers, all other 2760 (SOC 27-2099)",15,0,0,15,0,0,0,0,0,0,0,0,(X),(X),(X),0,100.0,0.0,0.0,100.0,0.0,0.0,0.0,0.0,0.0,0.0,0.0,0.0,(X),(X),(X),0.0,0,0,0,0,0,0,0,0,0,0,0,0,(X),(X),(X),0,0.0,0.0,0.0,0.0,0.0,0.0,0.0,0.0,0.0,0.0,0.0,0.0,(X),(X),(X),0.0,15,0,0,15,0,0,0,0,0,0,0,0,(X),(X),(X),0,100.0,0.0,0.0,100.0,0.0,0.0,0.0,0.0,0.0,0.0,0.0,0.0,(X),(X),(X),0.0,27,136,136,27,136,136,136,136,136,136,136,136,(X),(X),(X),136,87.6,87.6,87.6,87.6,87.6,87.6,87.6,87.6,87.6,87.6,87.6,87.6,(X),(X),(X),87.6,136,136,136,136,136,136,136,136,136,136,136,136,(X),(X),(X),136,87.6,87.6,87.6,87.6,87.6,87.6,87.6,87.6,87.6,87.6,87.6,87.6,(X),(X),(X),87.6,27,136,136,27,136,136,136,136,136,136,136,136,(X),(X),(X),136,87.6,87.6,87.6,87.6,87.6,87.6,87.6,87.6,87.6,87.6,87.6,87.6,(X),(X),(X),87.6
9020000US3201,3201,"Carson City (city)+Douglas County Set, Nevada",2810,"News analysts, reporters and correspondents 2810 (SOC 27-3020)",20,0,0,20,0,0,0,0,0,0,0,0,(X),(X),(X),0,100.0,0.0,0.0,100.0,0.0,0.0,0.0,0.0,0.0,0.0,0.0,0.0,(X),(X),(X),0.0,10,0,0,10,0,0,0,0,0,0,0,0,(X),(X),(X),0,50.0,0.0,0.0,50.0,0.0,0.0,0.0,0.0,0.0,0.0,0.0,0.0,(X),(X),(X),0.0,10,0,0,10,0,0,0,0,0,0,0,0,(X),(X),(X),0,50.0,0.0,0.0,50.0,0.0,0.0,0.0,0.0,0.0,0.0,0.0,0.0,(X),(X),(X),0.0,26,136,136,26,136,136,136,136,136,136,136,136,(X),(X),(X),136,75.8,75.8,75.8,75.8,75.8,75.8,75.8,75.8,75.8,75.8,75.8,75.8,(X),(X),(X),75.8,15,136,136,15,136,136,136,136,136,136,136,136,(X),(X),(X),136,50.0,75.8,75.8,50.0,75.8,75.8,75.8,75.8,75.8,75.8,75.8,75.8,(X),(X),(X),75.8,21,136,136,21,136,136,136,136,136,136,136,136,(X),(X),(X),136,50.0,75.8,75.8,50.0,75.8,75.8,75.8,75.8,75.8,75.8,75.8,75.8,(X),(X),(X),75.8
9020000US3201,3201,"Carson City (city)+Douglas County Set, Nevada",2825,Public relations specialists 2825 (SOC 27-3031),20,0,0,20,0,0,0,0,0,0,0,0,(X),(X),(X),0,100.0,0.0,0.0,100.0,0.0,0.0,0.0,0.0,0.0,0.0,0.0,0.0,(X),(X),(X),0.0,0,0,0,0,0,0,0,0,0,0,0,0,(X),(X),(X),0,0.0,0.0,0.0,0.0,0.0,0.0,0.0,0.0,0.0,0.0,0.0,0.0,(X),(X),(X),0.0,20,0,0,20,0,0,0,0,0,0,0,0,(X),(X),(X),0,100.0,0.0,0.0,100.0,0.0,0.0,0.0,0.0,0.0,0.0,0.0,0.0,(X),(X),(X),0.0,29,136,136,29,136,136,136,136,136,136,136,136,(X),(X),(X),136,75.8,75.8,75.8,75.8,75.8,75.8,75.8,75.8,75.8,75.8,75.8,75.8,(X),(X),(X),75.8,136,136,136,136,136,136,136,136,136,136,136,136,(X),(X),(X),136,75.8,75.8,75.8,75.8,75.8,75.8,75.8,75.8,75.8,75.8,75.8,75.8,(X),(X),(X),75.8,29,136,136,29,136,136,136,136,136,136,136,136,(X),(X),(X),136,75.8,75.8,75.8,75.8,75.8,75.8,75.8,75.8,75.8,75.8,75.8,75.8,(X),(X),(X),75.8
9020000US3201,3201,"Carson City (city)+Douglas County Set, Nevada",2830,Editors 2830 (SOC 27-3041),40,0,0,40,0,0,0,0,0,0,0,0,(X),(X),(X),0,100.0,0.0,0.0,100.0,0.0,0.0,0.0,0.0,0.0,0.0,0.0,0.0,(X),(X),(X),0.0,30,0,0,30,0,0,0,0,0,0,0,0,(X),(X),(X),0,75.0,0.0,0.0,75.0,0.0,0.0,0.0,0.0,0.0,0.0,0.0,0.0,(X),(X),(X),0.0,10,0,0,10,0,0,0,0,0,0,0,0,(X),(X),(X),0,25.0,0.0,0.0,25.0,0.0,0.0,0.0,0.0,0.0,0.0,0.0,0.0,(X),(X),(X),0.0,37,136,136,37,136,136,136,136,136,136,136,136,(X),(X),(X),136,53.6,53.6,53.6,53.6,53.6,53.6,53.6,53.6,53.6,53.6,53.6,53.6,(X),(X),(X),53.6,35,136,136,35,136,136,136,136,136,136,136,136,(X),(X),(X),136,45.6,53.6,53.6,45.6,53.6,53.6,53.6,53.6,53.6,53.6,53.6,53.6,(X),(X),(X),53.6,14,136,136,14,136,136,136,136,136,136,136,136,(X),(X),(X),136,36.5,53.6,53.6,36.5,53.6,53.6,53.6,53.6,53.6,53.6,53.6,53.6,(X),(X),(X),53.6
9020000US3201,3201,"Carson City (city)+Douglas County Set, Nevada",2840,Technical writers 2840 (SOC 27-3042),45,0,0,45,0,0,0,0,0,0,0,0,(X),(X),(X),0,100.0,0.0,0.0,100.0,0.0,0.0,0.0,0.0,0.0,0.0,0.0,0.0,(X),(X),(X),0.0,0,0,0,0,0,0,0,0,0,0,0,0,(X),(X),(X),0,0.0,0.0,0.0,0.0,0.0,0.0,0.0,0.0,0.0,0.0,0.0,0.0,(X),(X),(X),0.0,45,0,0,45,0,0,0,0,0,0,0,0,(X),(X),(X),0,100.0,0.0,0.0,100.0,0.0,0.0,0.0,0.0,0.0,0.0,0.0,0.0,(X),(X),(X),0.0,66,136,136,66,136,136,136,136,136,136,136,136,(X),(X),(X),136,50.6,50.6,50.6,50.6,50.6,50.6,50.6,50.6,50.6,50.6,50.6,50.6,(X),(X),(X),50.6,136,136,136,136,136,136,136,136,136,136,136,136,(X),(X),(X),136,50.6,50.6,50.6,50.6,50.6,50.6,50.6,50.6,50.6,50.6,50.6,50.6,(X),(X),(X),50.6,66,136,136,66,136,136,136,136,136,136,136,136,(X),(X),(X),136,50.6,50.6,50.6,50.6,50.6,50.6,50.6,50.6,50.6,50.6,50.6,50.6,(X),(X),(X),50.6
9020000US3201,3201,"Carson City (city)+Douglas County Set, Nevada",2850,Writers and authors 2850 (SOC 27-3043),90,0,0,90,0,0,0,0,0,0,0,0,(X),(X),(X),0,100.0,0.0,0.0,100.0,0.0,0.0,0.0,0.0,0.0,0.0,0.0,0.0,(X),(X),(X),0.0,90,0,0,90,0,0,0,0,0,0,0,0,(X),(X),(X),0,100.0,0.0,0.0,100.0,0.0,0.0,0.0,0.0,0.0,0.0,0.0,0.0,(X),(X),(X),0.0,0,0,0,0,0,0,0,0,0,0,0,0,(X),(X),(X),0,0.0,0.0,0.0,0.0,0.0,0.0,0.0,0.0,0.0,0.0,0.0,0.0,(X),(X),(X),0.0,79,136,136,79,136,136,136,136,136,136,136,136,(X),(X),(X),136,35.4,35.4,35.4,35.4,35.4,35.4,35.4,35.4,35.4,35.4,35.4,35.4,(X),(X),(X),35.4,79,136,136,79,136,136,136,136,136,136,136,136,(X),(X),(X),136,35.4,35.4,35.4,35.4,35.4,35.4,35.4,35.4,35.4,35.4,35.4,35.4,(X),(X),(X),35.4,136,136,136,136,136,136,136,136,136,136,136,136,(X),(X),(X),136,35.4,35.4,35.4,35.4,35.4,35.4,35.4,35.4,35.4,35.4,35.4,35.4,(X),(X),(X),35.4
9020000US3201,3201,"Carson City (city)+Douglas County Set, Nevada",2860,Miscellaneous media and communication workers 2860 (SOC 27-3090),20,0,10,10,0,0,0,0,0,0,0,0,(X),(X),(X),0,100.0,0.0,50.0,50.0,0.0,0.0,0.0,0.0,0.0,0.0,0.0,0.0,(X),(X),(X),0.0,0,0,0,0,0,0,0,0,0,0,0,0,(X),(X),(X),0,0.0,0.0,0.0,0.0,0.0,0.0,0.0,0.0,0.0,0.0,0.0,0.0,(X),(X),(X),0.0,20,0,10,10,0,0,0,0,0,0,0,0,(X),(X),(X),0,100.0,0.0,50.0,50.0,0.0,0.0,0.0,0.0,0.0,0.0,0.0,0.0,(X),(X),(X),0.0,24,136,15,21,136,136,136,136,136,136,136,136,(X),(X),(X),136,75.8,75.8,50.0,50.0,75.8,75.8,75.8,75.8,75.8,75.8,75.8,75.8,(X),(X),(X),75.8,136,136,136,136,136,136,136,136,136,136,136,136,(X),(X),(X),136,75.8,75.8,75.8,75.8,75.8,75.8,75.8,75.8,75.8,75.8,75.8,75.8,(X),(X),(X),75.8,24,136,15,21,136,136,136,136,136,136,136,136,(X),(X),(X),136,75.8,75.8,50.0,50.0,75.8,75.8,75.8,75.8,75.8,75.8,75.8,75.8,(X),(X),(X),75.8
9020000US3201,3201,"Carson City (city)+Douglas County Set, Nevada",2910,Photographers 2910 (SOC 27-4021),75,0,0,45,0,0,30,0,0,0,0,0,(X),(X),(X),0,100.0,0.0,0.0,60.0,0.0,0.0,40.0,0.0,0.0,0.0,0.0,0.0,(X),(X),(X),0.0,65,0,0,40,0,0,30,0,0,0,0,0,(X),(X),(X),0,86.7,0.0,0.0,53.3,0.0,0.0,40.0,0.0,0.0,0.0,0.0,0.0,(X),(X),(X),0.0,10,0,0,10,0,0,0,0,0,0,0,0,(X),(X),(X),0,13.3,0.0,0.0,13.3,0.0,0.0,0.0,0.0,0.0,0.0,0.0,0.0,(X),(X),(X),0.0,74,136,136,58,136,136,44,136,136,136,136,136,(X),(X),(X),136,39.2,39.2,39.2,49.0,39.2,39.2,47.8,39.2,39.2,39.2,39.2,39.2,(X),(X),(X),39.2,72,136,136,55,136,136,44,136,136,136,136,136,(X),(X),(X),136,24.7,39.2,39.2,50.8,39.2,39.2,47.8,39.2,39.2,39.2,39.2,39.2,(X),(X),(X),39.2,15,136,136,15,136,136,136,136,136,136,136,136,(X),(X),(X),136,23.6,39.2,39.2,23.6,39.2,39.2,39.2,39.2,39.2,39.2,39.2,39.2,(X),(X),(X),39.2
9020000US3201,3201,"Carson City (city)+Douglas County Set, Nevada",3000,Chiropractors 3000 (SOC 29-1011),65,0,0,65,0,0,0,0,0,0,0,0,(X),(X),(X),0,100.0,0.0,0.0,100.0,0.0,0.0,0.0,0.0,0.0,0.0,0.0,0.0,(X),(X),(X),0.0,55,0,0,55,0,0,0,0,0,0,0,0,(X),(X),(X),0,84.6,0.0,0.0,84.6,0.0,0.0,0.0,0.0,0.0,0.0,0.0,0.0,(X),(X),(X),0.0,10,0,0,10,0,0,0,0,0,0,0,0,(X),(X),(X),0,15.4,0.0,0.0,15.4,0.0,0.0,0.0,0.0,0.0,0.0,0.0,0.0,(X),(X),(X),0.0,72,136,136,72,136,136,136,136,136,136,136,136,(X),(X),(X),136,42.1,42.1,42.1,42.1,42.1,42.1,42.1,42.1,42.1,42.1,42.1,42.1,(X),(X),(X),42.1,70,136,136,70,136,136,136,136,136,136,136,136,(X),(X),(X),136,31.9,42.1,42.1,31.9,42.1,42.1,42.1,42.1,42.1,42.1,42.1,42.1,(X),(X),(X),42.1,14,136,136,14,136,136,136,136,136,136,136,136,(X),(X),(X),136,29.5,42.1,42.1,29.5,42.1,42.1,42.1,42.1,42.1,42.1,42.1,42.1,(X),(X),(X),42.1
9020000US3201,3201,"Carson City (city)+Douglas County Set, Nevada",3010,Dentists 3010 (SOC 29-1020),45,10,0,40,0,0,0,0,0,0,0,0,(X),(X),(X),0,100.0,22.2,0.0,88.9,0.0,0.0,0.0,0.0,0.0,0.0,0.0,0.0,(X),(X),(X),0.0,45,10,0,40,0,0,0,0,0,0,0,0,(X),(X),(X),0,100.0,22.2,0.0,88.9,0.0,0.0,0.0,0.0,0.0,0.0,0.0,0.0,(X),(X),(X),0.0,0,0,0,0,0,0,0,0,0,0,0,0,(X),(X),(X),0,0.0,0.0,0.0,0.0,0.0,0.0,0.0,0.0,0.0,0.0,0.0,0.0,(X),(X),(X),0.0,44,16,136,41,136,136,136,136,136,136,136,136,(X),(X),(X),136,50.6,35.8,50.6,49.1,50.6,50.6,50.6,50.6,50.6,50.6,50.6,50.6,(X),(X),(X),50.6,44,16,136,41,136,136,136,136,136,136,136,136,(X),(X),(X),136,50.6,35.8,50.6,49.1,50.6,50.6,50.6,50.6,50.6,50.6,50.6,50.6,(X),(X),(X),50.6,136,136,136,136,136,136,136,136,136,136,136,136,(X),(X),(X),136,50.6,50.6,50.6,50.6,50.6,50.6,50.6,50.6,50.6,50.6,50.6,50.6,(X),(X),(X),50.6
9020000US3201,3201,"Carson City (city)+Douglas County Set, Nevada",3030,Dietitians and nutritionists 3030 (SOC 29-1031),25,0,0,10,0,20,0,0,0,0,0,0,(X),(X),(X),0,100.0,0.0,0.0,40.0,0.0,80.0,0.0,0.0,0.0,0.0,0.0,0.0,(X),(X),(X),0.0,0,0,0,0,0,0,0,0,0,0,0,0,(X),(X),(X),0,0.0,0.0,0.0,0.0,0.0,0.0,0.0,0.0,0.0,0.0,0.0,0.0,(X),(X),(X),0.0,25,0,0,10,0,20,0,0,0,0,0,0,(X),(X),(X),0,100.0,0.0,0.0,40.0,0.0,80.0,0.0,0.0,0.0,0.0,0.0,0.0,(X),(X),(X),0.0,30,136,136,13,136,28,136,136,136,136,136,136,(X),(X),(X),136,67.8,67.8,67.8,51.4,67.8,80.0,67.8,67.8,67.8,67.8,67.8,67.8,(X),(X),(X),67.8,136,136,136,136,136,136,136,136,136,136,136,136,(X),(X),(X),136,67.8,67.8,67.8,67.8,67.8,67.8,67.8,67.8,67.8,67.8,67.8,67.8,(X),(X),(X),67.8,30,136,136,13,136,28,136,136,136,136,136,136,(X),(X),(X),136,67.8,67.8,67.8,51.4,67.8,80.0,67.8,67.8,67.8,67.8,67.8,67.8,(X),(X),(X),67.8
9020000US3201,3201,"Carson City (city)+Douglas County Set, Nevada",3050,Pharmacists 3050 (SOC 29-1051),75,0,0,60,0,0,20,0,0,0,0,0,(X),(X),(X),0,100.0,0.0,0.0,80.0,0.0,0.0,26.7,0.0,0.0,0.0,0.0,0.0,(X),(X),(X),0.0,55,0,0,35,0,0,20,0,0,0,0,0,(X),(X),(X),0,73.3,0.0,0.0,46.7,0.0,0.0,26.7,0.0,0.0,0.0,0.0,0.0,(X),(X),(X),0.0,20,0,0,20,0,0,0,0,0,0,0,0,(X),(X),(X),0,26.7,0.0,0.0,26.7,0.0,0.0,0.0,0.0,0.0,0.0,0.0,0.0,(X),(X),(X),0.0,61,136,136,51,136,136,33,136,136,136,136,136,(X),(X),(X),136,39.2,39.2,39.2,39.8,39.2,39.2,40.4,39.2,39.2,39.2,39.2,39.2,(X),(X),(X),39.2,48,136,136,35,136,136,33,136,136,136,136,136,(X),(X),(X),136,32.5,39.2,39.2,33.7,39.2,39.2,40.4,39.2,39.2,39.2,39.2,39.2,(X),(X),(X),39.2,29,136,136,29,136,136,136,136,136,136,136,136,(X),(X),(X),136,32.4,39.2,39.2,32.4,39.2,39.2,39.2,39.2,39.2,39.2,39.2,39.2,(X),(X),(X),39.2
9020000US3201,3201,"Carson City (city)+Douglas County Set, Nevada",3060,Physicians and surgeons 3060 (SOC 29-1060),330,0,10,265,0,4,55,0,0,0,0,0,(X),(X),(X),0,100.0,0.0,3.0,80.3,0.0,1.2,16.7,0.0,0.0,0.0,0.0,0.0,(X),(X),(X),0.0,270,0,0,230,0,4,40,0,0,0,0,0,(X),(X),(X),0,81.8,0.0,0.0,69.7,0.0,1.2,12.1,0.0,0.0,0.0,0.0,0.0,(X),(X),(X),0.0,60,0,10,35,0,0,15,0,0,0,0,0,(X),(X),(X),0,18.2,0.0,3.0,10.6,0.0,0.0,4.5,0.0,0.0,0.0,0.0,0.0,(X),(X),(X),0.0,117,136,13,108,136,4,45,136,136,136,136,136,(X),(X),(X),136,12.1,12.1,4.1,14.8,12.1,1.2,13.2,12.1,12.1,12.1,12.1,12.1,(X),(X),(X),12.1,109,136,136,107,136,4,35,136,136,136,136,136,(X),(X),(X),136,10.8,12.1,12.1,17.1,12.1,1.2,9.9,12.1,12.1,12.1,12.1,12.1,(X),(X),(X),12.1,36,136,13,32,136,136,21,136,136,136,136,136,(X),(X),(X),136,10.7,12.1,4.1,10.2,12.1,12.1,6.5,12.1,12.1,12.1,12.1,12.1,(X),(X),(X),12.1
9020000US3201,3201,"Carson City (city)+Douglas County Set, Nevada",3110,Physician assistants 3110 (SOC 29-1071),10,0,0,10,0,0,0,0,0,0,0,0,(X),(X),(X),0,100.0,0.0,0.0,100.0,0.0,0.0,0.0,0.0,0.0,0.0,0.0,0.0,(X),(X),(X),0.0,0,0,0,0,0,0,0,0,0,0,0,0,(X),(X),(X),0,0.0,0.0,0.0,0.0,0.0,0.0,0.0,0.0,0.0,0.0,0.0,0.0,(X),(X),(X),0.0,10,0,0,10,0,0,0,0,0,0,0,0,(X),(X),(X),0,100.0,0.0,0.0,100.0,0.0,0.0,0.0,0.0,0.0,0.0,0.0,0.0,(X),(X),(X),0.0,14,136,136,14,136,136,136,136,136,136,136,136,(X),(X),(X),136,100.0,100.0,100.0,100.0,100.0,100.0,100.0,100.0,100.0,100.0,100.0,100.0,(X),(X),(X),100.0,136,136,136,136,136,136,136,136,136,136,136,136,(X),(X),(X),136,100.0,100.0,100.0,100.0,100.0,100.0,100.0,100.0,100.0,100.0,100.0,100.0,(X),(X),(X),100.0,14,136,136,14,136,136,136,136,136,136,136,136,(X),(X),(X),136,100.0,100.0,100.0,100.0,100.0,100.0,100.0,100.0,100.0,100.0,100.0,100.0,(X),(X),(X),100.0
9020000US3201,3201,"Carson City (city)+Douglas County Set, Nevada",3150,Occupational therapists 3150 (SOC 29-1122),10,0,0,10,0,0,0,0,0,0,0,0,(X),(X),(X),0,100.0,0.0,0.0,100.0,0.0,0.0,0.0,0.0,0.0,0.0,0.0,0.0,(X),(X),(X),0.0,0,0,0,0,0,0,0,0,0,0,0,0,(X),(X),(X),0,0.0,0.0,0.0,0.0,0.0,0.0,0.0,0.0,0.0,0.0,0.0,0.0,(X),(X),(X),0.0,10,0,0,10,0,0,0,0,0,0,0,0,(X),(X),(X),0,100.0,0.0,0.0,100.0,0.0,0.0,0.0,0.0,0.0,0.0,0.0,0.0,(X),(X),(X),0.0,19,136,136,19,136,136,136,136,136,136,136,136,(X),(X),(X),136,100.0,100.0,100.0,100.0,100.0,100.0,100.0,100.0,100.0,100.0,100.0,100.0,(X),(X),(X),100.0,136,136,136,136,136,136,136,136,136,136,136,136,(X),(X),(X),136,100.0,100.0,100.0,100.0,100.0,100.0,100.0,100.0,100.0,100.0,100.0,100.0,(X),(X),(X),100.0,19,136,136,19,136,136,136,136,136,136,136,136,(X),(X),(X),136,100.0,100.0,100.0,100.0,100.0,100.0,100.0,100.0,100.0,100.0,100.0,100.0,(X),(X),(X),100.0
9020000US3201,3201,"Carson City (city)+Douglas County Set, Nevada",3160,Physical therapists 3160 (SOC 29-1123),80,0,0,80,0,0,0,0,0,0,0,0,(X),(X),(X),0,100.0,0.0,0.0,100.0,0.0,0.0,0.0,0.0,0.0,0.0,0.0,0.0,(X),(X),(X),0.0,25,0,0,25,0,0,0,0,0,0,0,0,(X),(X),(X),0,31.3,0.0,0.0,31.3,0.0,0.0,0.0,0.0,0.0,0.0,0.0,0.0,(X),(X),(X),0.0,55,0,0,55,0,0,0,0,0,0,0,0,(X),(X),(X),0,68.8,0.0,0.0,68.8,0.0,0.0,0.0,0.0,0.0,0.0,0.0,0.0,(X),(X),(X),0.0,88,136,136,88,136,136,136,136,136,136,136,136,(X),(X),(X),136,37.9,37.9,37.9,37.9,37.9,37.9,37.9,37.9,37.9,37.9,37.9,37.9,(X),(X),(X),37.9,41,136,136,41,136,136,136,136,136,136,136,136,(X),(X),(X),136,29.2,37.9,37.9,29.2,37.9,37.9,37.9,37.9,37.9,37.9,37.9,37.9,(X),(X),(X),37.9,54,136,136,54,136,136,136,136,136,136,136,136,(X),(X),(X),136,28.6,37.9,37.9,28.6,37.9,37.9,37.9,37.9,37.9,37.9,37.9,37.9,(X),(X),(X),37.9
9020000US3201,3201,"Carson City (city)+Douglas County Set, Nevada",3220,Respiratory therapists 3220 (SOC 29-1126),55,0,0,55,0,0,0,0,0,0,0,0,(X),(X),(X),0,100.0,0.0,0.0,100.0,0.0,0.0,0.0,0.0,0.0,0.0,0.0,0.0,(X),(X),(X),0.0,55,0,0,55,0,0,0,0,0,0,0,0,(X),(X),(X),0,100.0,0.0,0.0,100.0,0.0,0.0,0.0,0.0,0.0,0.0,0.0,0.0,(X),(X),(X),0.0,0,0,0,0,0,0,0,0,0,0,0,0,(X),(X),(X),0,0.0,0.0,0.0,0.0,0.0,0.0,0.0,0.0,0.0,0.0,0.0,0.0,(X),(X),(X),0.0,44,136,136,44,136,136,136,136,136,136,136,136,(X),(X),(X),136,45.7,45.7,45.7,45.7,45.7,45.7,45.7,45.7,45.7,45.7,45.7,45.7,(X),(X),(X),45.7,44,136,136,44,136,136,136,136,136,136,136,136,(X),(X),(X),136,45.7,45.7,45.7,45.7,45.7,45.7,45.7,45.7,45.7,45.7,45.7,45.7,(X),(X),(X),45.7,136,136,136,136,136,136,136,136,136,136,136,136,(X),(X),(X),136,45.7,45.7,45.7,45.7,45.7,45.7,45.7,45.7,45.7,45.7,45.7,45.7,(X),(X),(X),45.7
9020000US3201,3201,"Carson City (city)+Douglas County Set, Nevada",3230,Speech-language pathologists 3230 (SOC 29-1127),25,0,0,25,0,0,0,0,0,0,0,0,(X),(X),(X),0,100.0,0.0,0.0,100.0,0.0,0.0,0.0,0.0,0.0,0.0,0.0,0.0,(X),(X),(X),0.0,0,0,0,0,0,0,0,0,0,0,0,0,(X),(X),(X),0,0.0,0.0,0.0,0.0,0.0,0.0,0.0,0.0,0.0,0.0,0.0,0.0,(X),(X),(X),0.0,25,0,0,25,0,0,0,0,0,0,0,0,(X),(X),(X),0,100.0,0.0,0.0,100.0,0.0,0.0,0.0,0.0,0.0,0.0,0.0,0.0,(X),(X),(X),0.0,40,136,136,40,136,136,136,136,136,136,136,136,(X),(X),(X),136,67.8,67.8,67.8,67.8,67.8,67.8,67.8,67.8,67.8,67.8,67.8,67.8,(X),(X),(X),67.8,136,136,136,136,136,136,136,136,136,136,136,136,(X),(X),(X),136,67.8,67.8,67.8,67.8,67.8,67.8,67.8,67.8,67.8,67.8,67.8,67.8,(X),(X),(X),67.8,40,136,136,40,136,136,136,136,136,136,136,136,(X),(X),(X),136,67.8,67.8,67.8,67.8,67.8,67.8,67.8,67.8,67.8,67.8,67.8,67.8,(X),(X),(X),67.8
9020000US3201,3201,"Carson City (city)+Douglas County Set, Nevada",3245,"Other therapists, including exercise physiologists 3245 (SOC 29-112X)",10,0,0,10,0,0,0,0,0,0,0,0,(X),(X),(X),0,100.0,0.0,0.0,100.0,0.0,0.0,0.0,0.0,0.0,0.0,0.0,0.0,(X),(X),(X),0.0,0,0,0,0,0,0,0,0,0,0,0,0,(X),(X),(X),0,0.0,0.0,0.0,0.0,0.0,0.0,0.0,0.0,0.0,0.0,0.0,0.0,(X),(X),(X),0.0,10,0,0,10,0,0,0,0,0,0,0,0,(X),(X),(X),0,100.0,0.0,0.0,100.0,0.0,0.0,0.0,0.0,0.0,0.0,0.0,0.0,(X),(X),(X),0.0,19,136,136,19,136,136,136,136,136,136,136,136,(X),(X),(X),136,100.0,100.0,100.0,100.0,100.0,100.0,100.0,100.0,100.0,100.0,100.0,100.0,(X),(X),(X),100.0,136,136,136,136,136,136,136,136,136,136,136,136,(X),(X),(X),136,100.0,100.0,100.0,100.0,100.0,100.0,100.0,100.0,100.0,100.0,100.0,100.0,(X),(X),(X),100.0,19,136,136,19,136,136,136,136,136,136,136,136,(X),(X),(X),136,100.0,100.0,100.0,100.0,100.0,100.0,100.0,100.0,100.0,100.0,100.0,100.0,(X),(X),(X),100.0
9020000US3201,3201,"Carson City (city)+Douglas County Set, Nevada",3250,Veterinarians 3250 (SOC 29-1131),50,0,0,50,0,0,0,0,0,0,0,0,(X),(X),(X),0,100.0,0.0,0.0,100.0,0.0,0.0,0.0,0.0,0.0,0.0,0.0,0.0,(X),(X),(X),0.0,15,0,0,15,0,0,0,0,0,0,0,0,(X),(X),(X),0,30.0,0.0,0.0,30.0,0.0,0.0,0.0,0.0,0.0,0.0,0.0,0.0,(X),(X),(X),0.0,35,0,0,35,0,0,0,0,0,0,0,0,(X),(X),(X),0,70.0,0.0,0.0,70.0,0.0,0.0,0.0,0.0,0.0,0.0,0.0,0.0,(X),(X),(X),0.0,45,136,136,45,136,136,136,136,136,136,136,136,(X),(X),(X),136,48.0,48.0,48.0,48.0,48.0,48.0,48.0,48.0,48.0,48.0,48.0,48.0,(X),(X),(X),48.0,22,136,136,22,136,136,136,136,136,136,136,136,(X),(X),(X),136,44.5,48.0,48.0,44.5,48.0,48.0,48.0,48.0,48.0,48.0,48.0,48.0,(X),(X),(X),48.0,40,136,136,40,136,136,136,136,136,136,136,136,(X),(X),(X),136,43.2,48.0,48.0,43.2,48.0,48.0,48.0,48.0,48.0,48.0,48.0,48.0,(X),(X),(X),48.0
9020000US3201,3201,"Carson City (city)+Douglas County Set, Nevada",3255,Registered nurses 3255 (SOC 29-1141),605,15,15,555,0,4,0,0,0,10,0,0,(X),(X),(X),0,100.0,2.5,2.5,91.7,0.0,0.7,0.0,0.0,0.0,1.7,0.0,0.0,(X),(X),(X),0.0,10,0,0,10,0,0,0,0,0,0,0,0,(X),(X),(X),0,1.7,0.0,0.0,1.7,0.0,0.0,0.0,0.0,0.0,0.0,0.0,0.0,(X),(X),(X),0.0,595,15,15,550,0,4,0,0,0,10,0,0,(X),(X),(X),0,98.3,2.5,2.5,90.9,0.0,0.7,0.0,0.0,0.0,1.7,0.0,0.0,(X),(X),(X),0.0,167,29,23,154,136,14,136,136,136,22,136,136,(X),(X),(X),136,6.8,4.5,3.7,5.9,6.8,2.3,6.8,6.8,6.8,3.6,6.8,6.8,(X),(X),(X),6.8,13,136,136,13,136,136,136,136,136,136,136,136,(X),(X),(X),136,2.3,6.8,6.8,2.3,6.8,6.8,6.8,6.8,6.8,6.8,6.8,6.8,(X),(X),(X),6.8,169,29,23,153,136,14,136,136,136,22,136,136,(X),(X),(X),136,3.0,4.5,3.7,6.5,6.8,2.3,6.8,6.8,6.8,3.6,6.8,6.8,(X),(X),(X),6.8
9020000US3201,3201,"Carson City (city)+Douglas County Set, Nevada",3256,Nurse anesthetists 3256 (SOC 29-1151),10,0,0,10,0,0,0,0,0,0,0,0,(X),(X),(X),0,100.0,0.0,0.0,100.0,0.0,0.0,0.0,0.0,0.0,0.0,0.0,0.0,(X),(X),(X),0.0,10,0,0,10,0,0,0,0,0,0,0,0,(X),(X),(X),0,100.0,0.0,0.0,100.0,0.0,0.0,0.0,0.0,0.0,0.0,0.0,0.0,(X),(X),(X),0.0,0,0,0,0,0,0,0,0,0,0,0,0,(X),(X),(X),0,0.0,0.0,0.0,0.0,0.0,0.0,0.0,0.0,0.0,0.0,0.0,0.0,(X),(X),(X),0.0,19,136,136,19,136,136,136,136,136,136,136,136,(X),(X),(X),136,100.0,100.0,100.0,100.0,100.0,100.0,100.0,100.0,100.0,100.0,100.0,100.0,(X),(X),(X),100.0,19,136,136,19,136,136,136,136,136,136,136,136,(X),(X),(X),136,100.0,100.0,100.0,100.0,100.0,100.0,100.0,100.0,100.0,100.0,100.0,100.0,(X),(X),(X),100.0,136,136,136,136,136,136,136,136,136,136,136,136,(X),(X),(X),136,100.0,100.0,100.0,100.0,100.0,100.0,100.0,100.0,100.0,100.0,100.0,100.0,(X),(X),(X),100.0
9020000US3201,3201,"Carson City (city)+Douglas County Set, Nevada",3300,Clinical laboratory technologists and technicians 3300 (SOC 29-2010),130,50,15,65,0,4,0,0,0,0,0,0,(X),(X),(X),0,100.0,38.5,11.5,50.0,0.0,3.1,0.0,0.0,0.0,0.0,0.0,0.0,(X),(X),(X),0.0,15,15,0,0,0,0,0,0,0,0,0,0,(X),(X),(X),0,11.5,11.5,0.0,0.0,0.0,0.0,0.0,0.0,0.0,0.0,0.0,0.0,(X),(X),(X),0.0,115,35,15,65,0,4,0,0,0,0,0,0,(X),(X),(X),0,88.5,26.9,11.5,50.0,0.0,3.1,0.0,0.0,0.0,0.0,0.0,0.0,(X),(X),(X),0.0,83,61,25,52,136,3,136,136,136,136,136,136,(X),(X),(X),136,27.3,34.9,18.8,34.4,27.3,3.3,27.3,27.3,27.3,27.3,27.3,27.3,(X),(X),(X),27.3,23,23,136,136,136,136,136,136,136,136,136,136,(X),(X),(X),136,17.6,17.6,27.3,27.3,27.3,27.3,27.3,27.3,27.3,27.3,27.3,27.3,(X),(X),(X),27.3,79,56,25,52,136,3,136,136,136,136,136,136,(X),(X),(X),136,17.4,34.9,18.8,34.4,27.3,3.3,27.3,27.3,27.3,27.3,27.3,27.3,(X),(X),(X),27.3
9020000US3201,3201,"Carson City (city)+Douglas County Set, Nevada",3310,Dental hygienists 3310 (SOC 29-2021),100,0,0,85,0,0,0,0,0,0,0,0,(X),(X),(X),15,100.0,0.0,0.0,85.0,0.0,0.0,0.0,0.0,0.0,0.0,0.0,0.0,(X),(X),(X),15.0,0,0,0,0,0,0,0,0,0,0,0,0,(X),(X),(X),0,0.0,0.0,0.0,0.0,0.0,0.0,0.0,0.0,0.0,0.0,0.0,0.0,(X),(X),(X),0.0,100,0,0,85,0,0,0,0,0,0,0,0,(X),(X),(X),15,100.0,0.0,0.0,85.0,0.0,0.0,0.0,0.0,0.0,0.0,0.0,0.0,(X),(X),(X),15.0,76,136,136,70,136,136,136,136,136,136,136,136,(X),(X),(X),32,33.1,33.1,33.1,29.6,33.1,33.1,33.1,33.1,33.1,33.1,33.1,33.1,(X),(X),(X),30.9,136,136,136,136,136,136,136,136,136,136,136,136,(X),(X),(X),136,33.1,33.1,33.1,33.1,33.1,33.1,33.1,33.1,33.1,33.1,33.1,33.1,(X),(X),(X),33.1,76,136,136,70,136,136,136,136,136,136,136,136,(X),(X),(X),32,33.1,33.1,33.1,29.6,33.1,33.1,33.1,33.1,33.1,33.1,33.1,33.1,(X),(X),(X),30.9
9020000US3201,3201,"Carson City (city)+Douglas County Set, Nevada",3320,Diagnostic related technologists and technicians 3320 (SOC 29-2030),70,0,4,65,0,0,0,0,0,0,0,0,(X),(X),(X),0,100.0,0.0,5.7,92.9,0.0,0.0,0.0,0.0,0.0,0.0,0.0,0.0,(X),(X),(X),0.0,35,0,4,25,0,0,0,0,0,0,0,0,(X),(X),(X),0,50.0,0.0,5.7,35.7,0.0,0.0,0.0,0.0,0.0,0.0,0.0,0.0,(X),(X),(X),0.0,40,0,0,40,0,0,0,0,0,0,0,0,(X),(X),(X),0,57.1,0.0,0.0,57.1,0.0,0.0,0.0,0.0,0.0,0.0,0.0,0.0,(X),(X),(X),0.0,60,136,16,56,136,136,136,136,136,136,136,136,(X),(X),(X),136,40.5,40.5,23.3,21.5,40.5,40.5,40.5,40.5,40.5,40.5,40.5,40.5,(X),(X),(X),40.5,44,136,16,42,136,136,136,136,136,136,136,136,(X),(X),(X),136,45.0,40.5,23.3,41.7,40.5,40.5,40.5,40.5,40.5,40.5,40.5,40.5,(X),(X),(X),40.5,38,136,136,38,136,136,136,136,136,136,136,136,(X),(X),(X),136,43.8,40.5,40.5,43.8,40.5,40.5,40.5,40.5,40.5,40.5,40.5,40.5,(X),(X),(X),40.5
9020000US3201,3201,"Carson City (city)+Douglas County Set, Nevada",3400,Emergency medical technicians and paramedics 3400 (SOC 29-2041),4,0,0,4,0,0,0,0,0,0,0,0,(X),(X),(X),0,100.0,0.0,0.0,100.0,0.0,0.0,0.0,0.0,0.0,0.0,0.0,0.0,(X),(X),(X),0.0,4,0,0,4,0,0,0,0,0,0,0,0,(X),(X),(X),0,100.0,0.0,0.0,100.0,0.0,0.0,0.0,0.0,0.0,0.0,0.0,0.0,(X),(X),(X),0.0,0,0,0,0,0,0,0,0,0,0,0,0,(X),(X),(X),0,0.0,0.0,0.0,0.0,0.0,0.0,0.0,0.0,0.0,0.0,0.0,0.0,(X),(X),(X),0.0,8,136,136,8,136,136,136,136,136,136,136,136,(X),(X),(X),136,100.0,100.0,100.0,100.0,100.0,100.0,100.0,100.0,100.0,100.0,100.0,100.0,(X),(X),(X),100.0,8,136,136,8,136,136,136,136,136,136,136,136,(X),(X),(X),136,100.0,100.0,100.0,100.0,100.0,100.0,100.0,100.0,100.0,100.0,100.0,100.0,(X),(X),(X),100.0,136,136,136,136,136,136,136,136,136,136,136,136,(X),(X),(X),136,100.0,100.0,100.0,100.0,100.0,100.0,100.0,100.0,100.0,100.0,100.0,100.0,(X),(X),(X),100.0
9020000US3201,3201,"Carson City (city)+Douglas County Set, Nevada",3420,Health practitioner support technologists and technicians 3420 (SOC 29-2050),175,0,0,145,0,0,0,0,0,0,30,0,(X),(X),(X),0,100.0,0.0,0.0,82.9,0.0,0.0,0.0,0.0,0.0,0.0,17.1,0.0,(X),(X),(X),0.0,55,0,0,25,0,0,0,0,0,0,30,0,(X),(X),(X),0,31.4,0.0,0.0,14.3,0.0,0.0,0.0,0.0,0.0,0.0,17.1,0.0,(X),(X),(X),0.0,120,0,0,120,0,0,0,0,0,0,0,0,(X),(X),(X),0,68.6,0.0,0.0,68.6,0.0,0.0,0.0,0.0,0.0,0.0,0.0,0.0,(X),(X),(X),0.0,99,136,136,85,136,136,136,136,136,136,37,136,(X),(X),(X),136,21.4,21.4,21.4,18.7,21.4,21.4,21.4,21.4,21.4,21.4,19.1,21.4,(X),(X),(X),21.4,46,136,136,31,136,136,136,136,136,136,37,136,(X),(X),(X),136,24.1,21.4,21.4,19.4,21.4,21.4,21.4,21.4,21.4,21.4,19.1,21.4,(X),(X),(X),21.4,87,136,136,87,136,136,136,136,136,136,136,136,(X),(X),(X),136,24.0,21.4,21.4,24.0,21.4,21.4,21.4,21.4,21.4,21.4,21.4,21.4,(X),(X),(X),21.4
9020000US3201,3201,"Carson City (city)+Douglas County Set, Nevada",3500,Licensed practical and licensed vocational nurses 3500 (SOC 29-2061),200,0,0,190,0,4,10,0,0,0,0,0,(X),(X),(X),0,100.0,0.0,0.0,95.0,0.0,2.0,5.0,0.0,0.0,0.0,0.0,0.0,(X),(X),(X),0.0,0,0,0,0,0,0,0,0,0,0,0,0,(X),(X),(X),0,0.0,0.0,0.0,0.0,0.0,0.0,0.0,0.0,0.0,0.0,0.0,0.0,(X),(X),(X),0.0,200,0,0,190,0,4,10,0,0,0,0,0,(X),(X),(X),0,100.0,0.0,0.0,95.0,0.0,2.0,5.0,0.0,0.0,0.0,0.0,0.0,(X),(X),(X),0.0,109,136,136,108,136,6,14,136,136,136,136,136,(X),(X),(X),136,19.0,19.0,19.0,8.3,19.0,3.1,7.5,19.0,19.0,19.0,19.0,19.0,(X),(X),(X),19.0,136,136,136,136,136,136,136,136,136,136,136,136,(X),(X),(X),136,19.0,19.0,19.0,19.0,19.0,19.0,19.0,19.0,19.0,19.0,19.0,19.0,(X),(X),(X),19.0,109,136,136,108,136,6,14,136,136,136,136,136,(X),(X),(X),136,19.0,19.0,19.0,8.3,19.0,3.1,7.5,19.0,19.0,19.0,19.0,19.0,(X),(X),(X),19.0
9020000US3201,3201,"Carson City (city)+Douglas County Set, Nevada",3510,Medical records and health information technicians 3510 (SOC 29-2071),65,0,0,65,0,0,0,0,0,0,0,0,(X),(X),(X),0,100.0,0.0,0.0,100.0,0.0,0.0,0.0,0.0,0.0,0.0,0.0,0.0,(X),(X),(X),0.0,0,0,0,0,0,0,0,0,0,0,0,0,(X),(X),(X),0,0.0,0.0,0.0,0.0,0.0,0.0,0.0,0.0,0.0,0.0,0.0,0.0,(X),(X),(X),0.0,65,0,0,65,0,0,0,0,0,0,0,0,(X),(X),(X),0,100.0,0.0,0.0,100.0,0.0,0.0,0.0,0.0,0.0,0.0,0.0,0.0,(X),(X),(X),0.0,56,136,136,56,136,136,136,136,136,136,136,136,(X),(X),(X),136,42.1,42.1,42.1,42.1,42.1,42.1,42.1,42.1,42.1,42.1,42.1,42.1,(X),(X),(X),42.1,136,136,136,136,136,136,136,136,136,136,136,136,(X),(X),(X),136,42.1,42.1,42.1,42.1,42.1,42.1,42.1,42.1,42.1,42.1,42.1,42.1,(X),(X),(X),42.1,56,136,136,56,136,136,136,136,136,136,136,136,(X),(X),(X),136,42.1,42.1,42.1,42.1,42.1,42.1,42.1,42.1,42.1,42.1,42.1,42.1,(X),(X),(X),42.1
9020000US3201,3201,"Carson City (city)+Douglas County Set, Nevada",3540,Other healthcare practitioners and technical occupations 3540 (SOC 29-9000),35,0,0,35,0,0,0,0,0,0,0,0,(X),(X),(X),0,100.0,0.0,0.0,100.0,0.0,0.0,0.0,0.0,0.0,0.0,0.0,0.0,(X),(X),(X),0.0,25,0,0,25,0,0,0,0,0,0,0,0,(X),(X),(X),0,71.4,0.0,0.0,71.4,0.0,0.0,0.0,0.0,0.0,0.0,0.0,0.0,(X),(X),(X),0.0,10,0,0,10,0,0,0,0,0,0,0,0,(X),(X),(X),0,28.6,0.0,0.0,28.6,0.0,0.0,0.0,0.0,0.0,0.0,0.0,0.0,(X),(X),(X),0.0,38,136,136,38,136,136,136,136,136,136,136,136,(X),(X),(X),136,57.3,57.3,57.3,57.3,57.3,57.3,57.3,57.3,57.3,57.3,57.3,57.3,(X),(X),(X),57.3,36,136,136,36,136,136,136,136,136,136,136,136,(X),(X),(X),136,59.0,57.3,57.3,59.0,57.3,57.3,57.3,57.3,57.3,57.3,57.3,57.3,(X),(X),(X),57.3,14,136,136,14,136,136,136,136,136,136,136,136,(X),(X),(X),136,50.5,57.3,57.3,50.5,57.3,57.3,57.3,57.3,57.3,57.3,57.3,57.3,(X),(X),(X),57.3
9020000US3201,3201,"Carson City (city)+Douglas County Set, Nevada",3600,"Nursing, psychiatric, and home health aides 3600 (SOC 31-1010)",300,4,0,285,0,10,4,0,0,0,0,0,(X),(X),(X),0,100.0,1.3,0.0,95.0,0.0,3.3,1.3,0.0,0.0,0.0,0.0,0.0,(X),(X),(X),0.0,25,0,0,25,0,0,0,0,0,0,0,0,(X),(X),(X),0,8.3,0.0,0.0,8.3,0.0,0.0,0.0,0.0,0.0,0.0,0.0,0.0,(X),(X),(X),0.0,280,4,0,260,0,10,4,0,0,0,0,0,(X),(X),(X),0,93.3,1.3,0.0,86.7,0.0,3.3,1.3,0.0,0.0,0.0,0.0,0.0,(X),(X),(X),0.0,133,136,136,134,136,15,16,136,136,136,136,136,(X),(X),(X),136,13.2,0.6,13.2,7.4,13.2,5.0,5.9,13.2,13.2,13.2,13.2,13.2,(X),(X),(X),13.2,30,136,136,30,136,136,136,136,136,136,136,136,(X),(X),(X),136,10.5,13.2,13.2,10.5,13.2,13.2,13.2,13.2,13.2,13.2,13.2,13.2,(X),(X),(X),13.2,129,136,136,130,136,15,16,136,136,136,136,136,(X),(X),(X),136,10.8,0.6,13.2,12.8,13.2,5.0,5.9,13.2,13.2,13.2,13.2,13.2,(X),(X),(X),13.2
9020000US3201,3201,"Carson City (city)+Douglas County Set, Nevada",3610,Occupational therapy assistants and aides 3610 (SOC 31-2010),15,0,0,15,0,0,0,0,0,0,0,0,(X),(X),(X),0,100.0,0.0,0.0,100.0,0.0,0.0,0.0,0.0,0.0,0.0,0.0,0.0,(X),(X),(X),0.0,0,0,0,0,0,0,0,0,0,0,0,0,(X),(X),(X),0,0.0,0.0,0.0,0.0,0.0,0.0,0.0,0.0,0.0,0.0,0.0,0.0,(X),(X),(X),0.0,15,0,0,15,0,0,0,0,0,0,0,0,(X),(X),(X),0,100.0,0.0,0.0,100.0,0.0,0.0,0.0,0.0,0.0,0.0,0.0,0.0,(X),(X),(X),0.0,26,136,136,26,136,136,136,136,136,136,136,136,(X),(X),(X),136,87.6,87.6,87.6,87.6,87.6,87.6,87.6,87.6,87.6,87.6,87.6,87.6,(X),(X),(X),87.6,136,136,136,136,136,136,136,136,136,136,136,136,(X),(X),(X),136,87.6,87.6,87.6,87.6,87.6,87.6,87.6,87.6,87.6,87.6,87.6,87.6,(X),(X),(X),87.6,26,136,136,26,136,136,136,136,136,136,136,136,(X),(X),(X),136,87.6,87.6,87.6,87.6,87.6,87.6,87.6,87.6,87.6,87.6,87.6,87.6,(X),(X),(X),87.6
9020000US3201,3201,"Carson City (city)+Douglas County Set, Nevada",3630,Massage therapists 3630 (SOC 31-9011),120,15,4,80,0,0,0,0,0,0,25,0,(X),(X),(X),0,100.0,12.5,3.3,66.7,0.0,0.0,0.0,0.0,0.0,0.0,20.8,0.0,(X),(X),(X),0.0,0,0,0,0,0,0,0,0,0,0,0,0,(X),(X),(X),0,0.0,0.0,0.0,0.0,0.0,0.0,0.0,0.0,0.0,0.0,0.0,0.0,(X),(X),(X),0.0,120,15,4,80,0,0,0,0,0,0,25,0,(X),(X),(X),0,100.0,12.5,3.3,66.7,0.0,0.0,0.0,0.0,0.0,0.0,20.8,0.0,(X),(X),(X),0.0,85,23,2,76,136,136,136,136,136,136,31,136,(X),(X),(X),136,29.0,19.7,3.2,31.0,29.0,29.0,29.0,29.0,29.0,29.0,26.5,29.0,(X),(X),(X),29.0,136,136,136,136,136,136,136,136,136,136,136,136,(X),(X),(X),136,29.0,29.0,29.0,29.0,29.0,29.0,29.0,29.0,29.0,29.0,29.0,29.0,(X),(X),(X),29.0,85,23,2,76,136,136,136,136,136,136,31,136,(X),(X),(X),136,29.0,19.7,3.2,31.0,29.0,29.0,29.0,29.0,29.0,29.0,26.5,29.0,(X),(X),(X),29.0
9020000US3201,3201,"Carson City (city)+Douglas County Set, Nevada",3640,Dental assistants 3640 (SOC 31-9091),150,0,10,135,0,4,0,0,0,0,0,0,(X),(X),(X),0,100.0,0.0,6.7,90.0,0.0,2.7,0.0,0.0,0.0,0.0,0.0,0.0,(X),(X),(X),0.0,0,0,0,0,0,0,0,0,0,0,0,0,(X),(X),(X),0,0.0,0.0,0.0,0.0,0.0,0.0,0.0,0.0,0.0,0.0,0.0,0.0,(X),(X),(X),0.0,150,0,10,135,0,4,0,0,0,0,0,0,(X),(X),(X),0,100.0,0.0,6.7,90.0,0.0,2.7,0.0,0.0,0.0,0.0,0.0,0.0,(X),(X),(X),0.0,103,136,27,99,136,136,136,136,136,136,136,136,(X),(X),(X),136,24.3,24.3,17.9,19.5,24.3,2.2,24.3,24.3,24.3,24.3,24.3,24.3,(X),(X),(X),24.3,136,136,136,136,136,136,136,136,136,136,136,136,(X),(X),(X),136,24.3,24.3,24.3,24.3,24.3,24.3,24.3,24.3,24.3,24.3,24.3,24.3,(X),(X),(X),24.3,103,136,27,99,136,136,136,136,136,136,136,136,(X),(X),(X),136,24.3,24.3,17.9,19.5,24.3,2.2,24.3,24.3,24.3,24.3,24.3,24.3,(X),(X),(X),24.3
9020000US3201,3201,"Carson City (city)+Douglas County Set, Nevada",3645,Medical assistants 3645 (SOC 31-9092),210,0,15,125,0,35,25,0,0,15,0,0,(X),(X),(X),0,100.0,0.0,7.1,59.5,0.0,16.7,11.9,0.0,0.0,7.1,0.0,0.0,(X),(X),(X),0.0,0,0,0,0,0,0,0,0,0,0,0,0,(X),(X),(X),0,0.0,0.0,0.0,0.0,0.0,0.0,0.0,0.0,0.0,0.0,0.0,0.0,(X),(X),(X),0.0,210,0,15,125,0,35,25,0,0,15,0,0,(X),(X),(X),0,100.0,0.0,7.1,59.5,0.0,16.7,11.9,0.0,0.0,7.1,0.0,0.0,(X),(X),(X),0.0,81,136,23,69,136,43,33,136,136,23,136,136,(X),(X),(X),136,18.2,18.2,10.9,21.3,18.2,20.4,16.6,18.2,18.2,10.8,18.2,18.2,(X),(X),(X),18.2,136,136,136,136,136,136,136,136,136,136,136,136,(X),(X),(X),136,18.2,18.2,18.2,18.2,18.2,18.2,18.2,18.2,18.2,18.2,18.2,18.2,(X),(X),(X),18.2,81,136,23,69,136,43,33,136,136,23,136,136,(X),(X),(X),136,18.2,18.2,10.9,21.3,18.2,20.4,16.6,18.2,18.2,10.8,18.2,18.2,(X),(X),(X),18.2
9020000US3201,3201,"Carson City (city)+Douglas County Set, Nevada",3647,Pharmacy aides 3647 (SOC 31-9095),4,0,0,0,0,4,0,0,0,0,0,0,(X),(X),(X),0,100.0,0.0,0.0,0.0,0.0,100.0,0.0,0.0,0.0,0.0,0.0,0.0,(X),(X),(X),0.0,0,0,0,0,0,0,0,0,0,0,0,0,(X),(X),(X),0,0.0,0.0,0.0,0.0,0.0,0.0,0.0,0.0,0.0,0.0,0.0,0.0,(X),(X),(X),0.0,4,0,0,0,0,4,0,0,0,0,0,0,(X),(X),(X),0,100.0,0.0,0.0,0.0,0.0,100.0,0.0,0.0,0.0,0.0,0.0,0.0,(X),(X),(X),0.0,9,136,136,136,136,9,136,136,136,136,136,136,(X),(X),(X),136,100.0,100.0,100.0,100.0,100.0,100.0,100.0,100.0,100.0,100.0,100.0,100.0,(X),(X),(X),100.0,136,136,136,136,136,136,136,136,136,136,136,136,(X),(X),(X),136,100.0,100.0,100.0,100.0,100.0,100.0,100.0,100.0,100.0,100.0,100.0,100.0,(X),(X),(X),100.0,9,136,136,136,136,9,136,136,136,136,136,136,(X),(X),(X),136,100.0,100.0,100.0,100.0,100.0,100.0,100.0,100.0,100.0,100.0,100.0,100.0,(X),(X),(X),100.0
9020000US3201,3201,"Carson City (city)+Douglas County Set, Nevada",3648,Veterinary assistants and laboratory animal caretakers 3648 (SOC 31-9096),15,0,0,15,0,0,0,0,0,0,0,0,(X),(X),(X),0,100.0,0.0,0.0,100.0,0.0,0.0,0.0,0.0,0.0,0.0,0.0,0.0,(X),(X),(X),0.0,4,0,0,4,0,0,0,0,0,0,0,0,(X),(X),(X),0,26.7,0.0,0.0,26.7,0.0,0.0,0.0,0.0,0.0,0.0,0.0,0.0,(X),(X),(X),0.0,10,0,0,10,0,0,0,0,0,0,0,0,(X),(X),(X),0,66.7,0.0,0.0,66.7,0.0,0.0,0.0,0.0,0.0,0.0,0.0,0.0,(X),(X),(X),0.0,19,136,136,19,136,136,136,136,136,136,136,136,(X),(X),(X),136,87.6,87.6,87.6,87.6,87.6,87.6,87.6,87.6,87.6,87.6,87.6,87.6,(X),(X),(X),87.6,7,136,136,7,136,136,136,136,136,136,136,136,(X),(X),(X),136,73.3,87.6,87.6,73.3,87.6,87.6,87.6,87.6,87.6,87.6,87.6,87.6,(X),(X),(X),87.6,14,136,136,14,136,136,136,136,136,136,136,136,(X),(X),(X),136,66.7,87.6,87.6,66.7,87.6,87.6,87.6,87.6,87.6,87.6,87.6,87.6,(X),(X),(X),87.6
9020000US3201,3201,"Carson City (city)+Douglas County Set, Nevada",3655,"Healthcare support workers, all other, including medical equipment preparers 3655 (SOC 31-909X)",70,0,10,60,0,0,0,0,0,0,0,0,(X),(X),(X),0,100.0,0.0,14.3,85.7,0.0,0.0,0.0,0.0,0.0,0.0,0.0,0.0,(X),(X),(X),0.0,50,0,0,50,0,0,0,0,0,0,0,0,(X),(X),(X),0,71.4,0.0,0.0,71.4,0.0,0.0,0.0,0.0,0.0,0.0,0.0,0.0,(X),(X),(X),0.0,20,0,10,10,0,0,0,0,0,0,0,0,(X),(X),(X),0,28.6,0.0,14.3,14.3,0.0,0.0,0.0,0.0,0.0,0.0,0.0,0.0,(X),(X),(X),0.0,86,136,21,78,136,136,136,136,136,136,136,136,(X),(X),(X),136,40.5,40.5,29.1,32.2,40.5,40.5,40.5,40.5,40.5,40.5,40.5,40.5,(X),(X),(X),40.5,77,136,136,77,136,136,136,136,136,136,136,136,(X),(X),(X),136,50.9,40.5,40.5,50.9,40.5,40.5,40.5,40.5,40.5,40.5,40.5,40.5,(X),(X),(X),40.5,28,136,21,22,136,136,136,136,136,136,136,136,(X),(X),(X),136,47.1,40.5,29.1,46.5,40.5,40.5,40.5,40.5,40.5,40.5,40.5,40.5,(X),(X),(X),40.5
9020000US3201,3201,"Carson City (city)+Douglas County Set, Nevada",3700,First-line supervisors of correctional officers 3700 (SOC 33-1011),85,0,0,85,0,0,0,0,0,0,0,0,(X),(X),(X),0,100.0,0.0,0.0,100.0,0.0,0.0,0.0,0.0,0.0,0.0,0.0,0.0,(X),(X),(X),0.0,40,0,0,40,0,0,0,0,0,0,0,0,(X),(X),(X),0,47.1,0.0,0.0,47.1,0.0,0.0,0.0,0.0,0.0,0.0,0.0,0.0,(X),(X),(X),0.0,50,0,0,50,0,0,0,0,0,0,0,0,(X),(X),(X),0,58.8,0.0,0.0,58.8,0.0,0.0,0.0,0.0,0.0,0.0,0.0,0.0,(X),(X),(X),0.0,61,136,136,61,136,136,136,136,136,136,136,136,(X),(X),(X),136,36.7,36.7,36.7,36.7,36.7,36.7,36.7,36.7,36.7,36.7,36.7,36.7,(X),(X),(X),36.7,46,136,136,46,136,136,136,136,136,136,136,136,(X),(X),(X),136,41.4,36.7,36.7,41.4,36.7,36.7,36.7,36.7,36.7,36.7,36.7,36.7,(X),(X),(X),36.7,43,136,136,43,136,136,136,136,136,136,136,136,(X),(X),(X),136,42.9,36.7,36.7,42.9,36.7,36.7,36.7,36.7,36.7,36.7,36.7,36.7,(X),(X),(X),36.7
9020000US3201,3201,"Carson City (city)+Douglas County Set, Nevada",3710,First-line supervisors of police and detectives 3710 (SOC 33-1012),85,0,15,60,0,4,0,0,0,0,0,0,(X),(X),(X),0,100.0,0.0,17.6,70.6,0.0,4.7,0.0,0.0,0.0,0.0,0.0,0.0,(X),(X),(X),0.0,65,0,0,60,0,4,0,0,0,0,0,0,(X),(X),(X),0,76.5,0.0,0.0,70.6,0.0,4.7,0.0,0.0,0.0,0.0,0.0,0.0,(X),(X),(X),0.0,15,0,15,0,0,0,0,0,0,0,0,0,(X),(X),(X),0,17.6,0.0,17.6,0.0,0.0,0.0,0.0,0.0,0.0,0.0,0.0,0.0,(X),(X),(X),0.0,56,136,26,48,136,6,136,136,136,136,136,136,(X),(X),(X),136,36.7,36.7,29.8,31.9,36.7,10.7,36.7,36.7,36.7,36.7,36.7,36.7,(X),(X),(X),36.7,47,136,136,48,136,6,136,136,136,136,136,136,(X),(X),(X),136,31.0,36.7,36.7,31.9,36.7,10.7,36.7,36.7,36.7,36.7,36.7,36.7,(X),(X),(X),36.7,26,136,26,136,136,136,136,136,136,136,136,136,(X),(X),(X),136,29.8,36.7,29.8,36.7,36.7,36.7,36.7,36.7,36.7,36.7,36.7,36.7,(X),(X),(X),36.7
9020000US3201,3201,"Carson City (city)+Douglas County Set, Nevada",3720,First-line supervisors of fire fighting and prevention workers 3720 (SOC 33-1021),65,0,0,65,0,0,0,0,0,0,0,0,(X),(X),(X),0,100.0,0.0,0.0,100.0,0.0,0.0,0.0,0.0,0.0,0.0,0.0,0.0,(X),(X),(X),0.0,65,0,0,65,0,0,0,0,0,0,0,0,(X),(X),(X),0,100.0,0.0,0.0,100.0,0.0,0.0,0.0,0.0,0.0,0.0,0.0,0.0,(X),(X),(X),0.0,0,0,0,0,0,0,0,0,0,0,0,0,(X),(X),(X),0,0.0,0.0,0.0,0.0,0.0,0.0,0.0,0.0,0.0,0.0,0.0,0.0,(X),(X),(X),0.0,49,136,136,49,136,136,136,136,136,136,136,136,(X),(X),(X),136,42.1,42.1,42.1,42.1,42.1,42.1,42.1,42.1,42.1,42.1,42.1,42.1,(X),(X),(X),42.1,49,136,136,49,136,136,136,136,136,136,136,136,(X),(X),(X),136,42.1,42.1,42.1,42.1,42.1,42.1,42.1,42.1,42.1,42.1,42.1,42.1,(X),(X),(X),42.1,136,136,136,136,136,136,136,136,136,136,136,136,(X),(X),(X),136,42.1,42.1,42.1,42.1,42.1,42.1,42.1,42.1,42.1,42.1,42.1,42.1,(X),(X),(X),42.1
9020000US3201,3201,"Carson City (city)+Douglas County Set, Nevada",3730,"First-line supervisors of protective service workers, all other 3730 (SOC 33-1099)",60,0,0,60,0,0,0,0,0,0,0,0,(X),(X),(X),0,100.0,0.0,0.0,100.0,0.0,0.0,0.0,0.0,0.0,0.0,0.0,0.0,(X),(X),(X),0.0,55,0,0,55,0,0,0,0,0,0,0,0,(X),(X),(X),0,91.7,0.0,0.0,91.7,0.0,0.0,0.0,0.0,0.0,0.0,0.0,0.0,(X),(X),(X),0.0,4,0,0,4,0,0,0,0,0,0,0,0,(X),(X),(X),0,6.7,0.0,0.0,6.7,0.0,0.0,0.0,0.0,0.0,0.0,0.0,0.0,(X),(X),(X),0.0,64,136,136,64,136,136,136,136,136,136,136,136,(X),(X),(X),136,43.8,43.8,43.8,43.8,43.8,43.8,43.8,43.8,43.8,43.8,43.8,43.8,(X),(X),(X),43.8,63,136,136,63,136,136,136,136,136,136,136,136,(X),(X),(X),136,23.9,43.8,43.8,23.9,43.8,43.8,43.8,43.8,43.8,43.8,43.8,43.8,(X),(X),(X),43.8,10,136,136,10,136,136,136,136,136,136,136,136,(X),(X),(X),136,23.6,43.8,43.8,23.6,43.8,43.8,43.8,43.8,43.8,43.8,43.8,43.8,(X),(X),(X),43.8
9020000US3201,3201,"Carson City (city)+Douglas County Set, Nevada",3740,Firefighters 3740 (SOC 33-2011),105,0,0,55,0,10,0,0,0,40,0,0,(X),(X),(X),0,100.0,0.0,0.0,52.4,0.0,9.5,0.0,0.0,0.0,38.1,0.0,0.0,(X),(X),(X),0.0,90,0,0,45,0,10,0,0,0,40,0,0,(X),(X),(X),0,85.7,0.0,0.0,42.9,0.0,9.5,0.0,0.0,0.0,38.1,0.0,0.0,(X),(X),(X),0.0,10,0,0,10,0,0,0,0,0,0,0,0,(X),(X),(X),0,9.5,0.0,0.0,9.5,0.0,0.0,0.0,0.0,0.0,0.0,0.0,0.0,(X),(X),(X),0.0,60,136,136,44,136,15,136,136,136,52,136,136,(X),(X),(X),136,32.0,32.0,32.0,40.3,32.0,14.2,32.0,32.0,32.0,39.4,32.0,32.0,(X),(X),(X),32.0,67,136,136,41,136,15,136,136,136,52,136,136,(X),(X),(X),136,20.2,32.0,32.0,31.7,32.0,14.2,32.0,32.0,32.0,39.4,32.0,32.0,(X),(X),(X),32.0,16,136,136,16,136,136,136,136,136,136,136,136,(X),(X),(X),136,20.0,32.0,32.0,20.0,32.0,32.0,32.0,32.0,32.0,32.0,32.0,32.0,(X),(X),(X),32.0
9020000US3201,3201,"Carson City (city)+Douglas County Set, Nevada",3750,Fire inspectors 3750 (SOC 33-2020),10,0,0,10,0,0,0,0,0,0,0,0,(X),(X),(X),0,100.0,0.0,0.0,100.0,0.0,0.0,0.0,0.0,0.0,0.0,0.0,0.0,(X),(X),(X),0.0,0,0,0,0,0,0,0,0,0,0,0,0,(X),(X),(X),0,0.0,0.0,0.0,0.0,0.0,0.0,0.0,0.0,0.0,0.0,0.0,0.0,(X),(X),(X),0.0,10,0,0,10,0,0,0,0,0,0,0,0,(X),(X),(X),0,100.0,0.0,0.0,100.0,0.0,0.0,0.0,0.0,0.0,0.0,0.0,0.0,(X),(X),(X),0.0,17,136,136,17,136,136,136,136,136,136,136,136,(X),(X),(X),136,100.0,100.0,100.0,100.0,100.0,100.0,100.0,100.0,100.0,100.0,100.0,100.0,(X),(X),(X),100.0,136,136,136,136,136,136,136,136,136,136,136,136,(X),(X),(X),136,100.0,100.0,100.0,100.0,100.0,100.0,100.0,100.0,100.0,100.0,100.0,100.0,(X),(X),(X),100.0,17,136,136,17,136,136,136,136,136,136,136,136,(X),(X),(X),136,100.0,100.0,100.0,100.0,100.0,100.0,100.0,100.0,100.0,100.0,100.0,100.0,(X),(X),(X),100.0
9020000US3201,3201,"Carson City (city)+Douglas County Set, Nevada",3800,"Bailiffs, correctional officers, and jailers 3800 (SOC 33-3010)",250,0,0,250,0,0,0,0,0,0,0,0,(X),(X),(X),0,100.0,0.0,0.0,100.0,0.0,0.0,0.0,0.0,0.0,0.0,0.0,0.0,(X),(X),(X),0.0,190,0,0,190,0,0,0,0,0,0,0,0,(X),(X),(X),0,76.0,0.0,0.0,76.0,0.0,0.0,0.0,0.0,0.0,0.0,0.0,0.0,(X),(X),(X),0.0,60,0,0,60,0,0,0,0,0,0,0,0,(X),(X),(X),0,24.0,0.0,0.0,24.0,0.0,0.0,0.0,0.0,0.0,0.0,0.0,0.0,(X),(X),(X),0.0,125,136,136,125,136,136,136,136,136,136,136,136,(X),(X),(X),136,15.6,15.6,15.6,15.6,15.6,15.6,15.6,15.6,15.6,15.6,15.6,15.6,(X),(X),(X),15.6,115,136,136,115,136,136,136,136,136,136,136,136,(X),(X),(X),136,22.1,15.6,15.6,22.1,15.6,15.6,15.6,15.6,15.6,15.6,15.6,15.6,(X),(X),(X),15.6,58,136,136,58,136,136,136,136,136,136,136,136,(X),(X),(X),136,21.6,15.6,15.6,21.6,15.6,15.6,15.6,15.6,15.6,15.6,15.6,15.6,(X),(X),(X),15.6
9020000US3201,3201,"Carson City (city)+Douglas County Set, Nevada",3820,Detectives and criminal investigators 3820 (SOC 33-3021),165,0,0,165,0,0,0,0,0,0,0,0,(X),(X),(X),0,100.0,0.0,0.0,100.0,0.0,0.0,0.0,0.0,0.0,0.0,0.0,0.0,(X),(X),(X),0.0,65,0,0,65,0,0,0,0,0,0,0,0,(X),(X),(X),0,39.4,0.0,0.0,39.4,0.0,0.0,0.0,0.0,0.0,0.0,0.0,0.0,(X),(X),(X),0.0,100,0,0,100,0,0,0,0,0,0,0,0,(X),(X),(X),0,60.6,0.0,0.0,60.6,0.0,0.0,0.0,0.0,0.0,0.0,0.0,0.0,(X),(X),(X),0.0,114,136,136,114,136,136,136,136,136,136,136,136,(X),(X),(X),136,22.5,22.5,22.5,22.5,22.5,22.5,22.5,22.5,22.5,22.5,22.5,22.5,(X),(X),(X),22.5,58,136,136,58,136,136,136,136,136,136,136,136,(X),(X),(X),136,31.4,22.5,22.5,31.4,22.5,22.5,22.5,22.5,22.5,22.5,22.5,22.5,(X),(X),(X),22.5,95,136,136,95,136,136,136,136,136,136,136,136,(X),(X),(X),136,31.4,22.5,22.5,31.4,22.5,22.5,22.5,22.5,22.5,22.5,22.5,22.5,(X),(X),(X),22.5
9020000US3201,3201,"Carson City (city)+Douglas County Set, Nevada",3850,Police officers 3850 (SOC 33-3050),355,0,0,335,0,0,20,0,0,0,0,0,(X),(X),(X),0,100.0,0.0,0.0,94.4,0.0,0.0,5.6,0.0,0.0,0.0,0.0,0.0,(X),(X),(X),0.0,320,0,0,300,0,0,20,0,0,0,0,0,(X),(X),(X),0,90.1,0.0,0.0,84.5,0.0,0.0,5.6,0.0,0.0,0.0,0.0,0.0,(X),(X),(X),0.0,35,0,0,35,0,0,0,0,0,0,0,0,(X),(X),(X),0,9.9,0.0,0.0,9.9,0.0,0.0,0.0,0.0,0.0,0.0,0.0,0.0,(X),(X),(X),0.0,143,136,136,141,136,136,34,136,136,136,136,136,(X),(X),(X),136,11.3,11.3,11.3,9.4,11.3,11.3,9.3,11.3,11.3,11.3,11.3,11.3,(X),(X),(X),11.3,123,136,136,119,136,136,34,136,136,136,136,136,(X),(X),(X),136,9.9,11.3,11.3,11.8,11.3,11.3,9.3,11.3,11.3,11.3,11.3,11.3,(X),(X),(X),11.3,43,136,136,43,136,136,136,136,136,136,136,136,(X),(X),(X),136,10.3,11.3,11.3,10.3,11.3,11.3,11.3,11.3,11.3,11.3,11.3,11.3,(X),(X),(X),11.3
9020000US3201,3201,"Carson City (city)+Douglas County Set, Nevada",3910,Private detectives and investigators 3910 (SOC 33-9021),50,0,35,20,0,0,0,0,0,0,0,0,(X),(X),(X),0,100.0,0.0,70.0,40.0,0.0,0.0,0.0,0.0,0.0,0.0,0.0,0.0,(X),(X),(X),0.0,35,0,35,0,0,0,0,0,0,0,0,0,(X),(X),(X),0,70.0,0.0,70.0,0.0,0.0,0.0,0.0,0.0,0.0,0.0,0.0,0.0,(X),(X),(X),0.0,20,0,0,20,0,0,0,0,0,0,0,0,(X),(X),(X),0,40.0,0.0,0.0,40.0,0.0,0.0,0.0,0.0,0.0,0.0,0.0,0.0,(X),(X),(X),0.0,57,136,52,23,136,136,136,136,136,136,136,136,(X),(X),(X),136,48.0,48.0,60.2,54.5,48.0,48.0,48.0,48.0,48.0,48.0,48.0,48.0,(X),(X),(X),48.0,52,136,52,136,136,136,136,136,136,136,136,136,(X),(X),(X),136,60.2,48.0,60.2,48.0,48.0,48.0,48.0,48.0,48.0,48.0,48.0,48.0,(X),(X),(X),48.0,23,136,136,23,136,136,136,136,136,136,136,136,(X),(X),(X),136,54.5,48.0,48.0,54.5,48.0,48.0,48.0,48.0,48.0,48.0,48.0,48.0,(X),(X),(X),48.0
9020000US3201,3201,"Carson City (city)+Douglas County Set, Nevada",3930,Security guards and gaming surveillance officers 3930 (SOC 33-9030),180,15,0,165,0,0,0,0,0,0,0,0,(X),(X),(X),0,100.0,8.3,0.0,91.7,0.0,0.0,0.0,0.0,0.0,0.0,0.0,0.0,(X),(X),(X),0.0,105,15,0,90,0,0,0,0,0,0,0,0,(X),(X),(X),0,58.3,8.3,0.0,50.0,0.0,0.0,0.0,0.0,0.0,0.0,0.0,0.0,(X),(X),(X),0.0,75,0,0,75,0,0,0,0,0,0,0,0,(X),(X),(X),0,41.7,0.0,0.0,41.7,0.0,0.0,0.0,0.0,0.0,0.0,0.0,0.0,(X),(X),(X),0.0,120,27,136,120,136,136,136,136,136,136,136,136,(X),(X),(X),136,20.8,16.3,20.8,17.1,20.8,20.8,20.8,20.8,20.8,20.8,20.8,20.8,(X),(X),(X),20.8,65,27,136,60,136,136,136,136,136,136,136,136,(X),(X),(X),136,38.0,16.3,20.8,33.9,20.8,20.8,20.8,20.8,20.8,20.8,20.8,20.8,(X),(X),(X),20.8,98,136,136,98,136,136,136,136,136,136,136,136,(X),(X),(X),136,38.8,20.8,20.8,38.8,20.8,20.8,20.8,20.8,20.8,20.8,20.8,20.8,(X),(X),(X),20.8
9020000US3201,3201,"Carson City (city)+Douglas County Set, Nevada",3940,Crossing guards 3940 (SOC 33-9091),60,0,0,60,0,0,0,0,0,0,0,0,(X),(X),(X),0,100.0,0.0,0.0,100.0,0.0,0.0,0.0,0.0,0.0,0.0,0.0,0.0,(X),(X),(X),0.0,0,0,0,0,0,0,0,0,0,0,0,0,(X),(X),(X),0,0.0,0.0,0.0,0.0,0.0,0.0,0.0,0.0,0.0,0.0,0.0,0.0,(X),(X),(X),0.0,60,0,0,60,0,0,0,0,0,0,0,0,(X),(X),(X),0,100.0,0.0,0.0,100.0,0.0,0.0,0.0,0.0,0.0,0.0,0.0,0.0,(X),(X),(X),0.0,61,136,136,61,136,136,136,136,136,136,136,136,(X),(X),(X),136,43.8,43.8,43.8,43.8,43.8,43.8,43.8,43.8,43.8,43.8,43.8,43.8,(X),(X),(X),43.8,136,136,136,136,136,136,136,136,136,136,136,136,(X),(X),(X),136,43.8,43.8,43.8,43.8,43.8,43.8,43.8,43.8,43.8,43.8,43.8,43.8,(X),(X),(X),43.8,61,136,136,61,136,136,136,136,136,136,136,136,(X),(X),(X),136,43.8,43.8,43.8,43.8,43.8,43.8,43.8,43.8,43.8,43.8,43.8,43.8,(X),(X),(X),43.8
9020000US3201,3201,"Carson City (city)+Douglas County Set, Nevada",3955,"Lifeguards and other recreational, and all other protective service workers 3955 (SOC 33-909X)",185,30,0,140,0,15,0,0,0,0,0,0,(X),(X),(X),0,100.0,16.2,0.0,75.7,0.0,8.1,0.0,0.0,0.0,0.0,0.0,0.0,(X),(X),(X),0.0,85,0,0,70,0,15,0,0,0,0,0,0,(X),(X),(X),0,45.9,0.0,0.0,37.8,0.0,8.1,0.0,0.0,0.0,0.0,0.0,0.0,(X),(X),(X),0.0,100,30,0,70,0,0,0,0,0,0,0,0,(X),(X),(X),0,54.1,16.2,0.0,37.8,0.0,0.0,0.0,0.0,0.0,0.0,0.0,0.0,(X),(X),(X),0.0,111,43,136,99,136,26,136,136,136,136,136,136,(X),(X),(X),136,20.4,22.8,20.4,25.9,20.4,14.1,20.4,20.4,20.4,20.4,20.4,20.4,(X),(X),(X),20.4,62,136,136,56,136,26,136,136,136,136,136,136,(X),(X),(X),136,29.7,20.4,20.4,26.6,20.4,14.1,20.4,20.4,20.4,20.4,20.4,20.4,(X),(X),(X),20.4,89,43,136,79,136,136,136,136,136,136,136,136,(X),(X),(X),136,29.1,22.8,20.4,30.9,20.4,20.4,20.4,20.4,20.4,20.4,20.4,20.4,(X),(X),(X),20.4
9020000US3201,3201,"Carson City (city)+Douglas County Set, Nevada",4000,Chefs and head cooks 4000 (SOC 35-1011),85,40,0,50,0,0,0,0,0,0,0,0,(X),(X),(X),0,100.0,47.1,0.0,58.8,0.0,0.0,0.0,0.0,0.0,0.0,0.0,0.0,(X),(X),(X),0.0,65,40,0,25,0,0,0,0,0,0,0,0,(X),(X),(X),0,76.5,47.1,0.0,29.4,0.0,0.0,0.0,0.0,0.0,0.0,0.0,0.0,(X),(X),(X),0.0,20,0,0,20,0,0,0,0,0,0,0,0,(X),(X),(X),0,23.5,0.0,0.0,23.5,0.0,0.0,0.0,0.0,0.0,0.0,0.0,0.0,(X),(X),(X),0.0,68,44,136,50,136,136,136,136,136,136,136,136,(X),(X),(X),136,36.7,38.2,36.7,40.2,36.7,36.7,36.7,36.7,36.7,36.7,36.7,36.7,(X),(X),(X),36.7,55,44,136,32,136,136,136,136,136,136,136,136,(X),(X),(X),136,36.9,38.2,36.7,33.0,36.7,36.7,36.7,36.7,36.7,36.7,36.7,36.7,(X),(X),(X),36.7,37,136,136,37,136,136,136,136,136,136,136,136,(X),(X),(X),136,36.6,36.7,36.7,36.6,36.7,36.7,36.7,36.7,36.7,36.7,36.7,36.7,(X),(X),(X),36.7
9020000US3201,3201,"Carson City (city)+Douglas County Set, Nevada",4010,First-line supervisors of food preparation and serving workers 4010 (SOC 35-1012),245,0,0,230,0,4,0,0,0,10,0,0,(X),(X),(X),0,100.0,0.0,0.0,93.9,0.0,1.6,0.0,0.0,0.0,4.1,0.0,0.0,(X),(X),(X),0.0,85,0,0,70,0,0,0,0,0,10,0,0,(X),(X),(X),0,34.7,0.0,0.0,28.6,0.0,0.0,0.0,0.0,0.0,4.1,0.0,0.0,(X),(X),(X),0.0,160,0,0,160,0,4,0,0,0,0,0,0,(X),(X),(X),0,65.3,0.0,0.0,65.3,0.0,1.6,0.0,0.0,0.0,0.0,0.0,0.0,(X),(X),(X),0.0,106,136,136,104,136,4,136,136,136,18,136,136,(X),(X),(X),136,15.9,15.9,15.9,7.7,15.9,1.9,15.9,15.9,15.9,7.3,15.9,15.9,(X),(X),(X),15.9,63,136,136,64,136,136,136,136,136,18,136,136,(X),(X),(X),136,21.2,15.9,15.9,23.6,15.9,15.9,15.9,15.9,15.9,7.3,15.9,15.9,(X),(X),(X),15.9,84,136,136,85,136,4,136,136,136,136,136,136,(X),(X),(X),136,21.6,15.9,15.9,22.1,15.9,1.9,15.9,15.9,15.9,15.9,15.9,15.9,(X),(X),(X),15.9
9020000US3201,3201,"Carson City (city)+Douglas County Set, Nevada",4020,Cooks 4020 (SOC 35-2010),930,165,160,570,0,10,20,0,0,4,4,0,(X),(X),(X),0,100.0,17.7,17.2,61.3,0.0,1.1,2.2,0.0,0.0,0.4,0.4,0.0,(X),(X),(X),0.0,695,160,125,390,0,4,10,0,0,0,4,0,(X),(X),(X),0,74.7,17.2,13.4,41.9,0.0,0.4,1.1,0.0,0.0,0.0,0.4,0.0,(X),(X),(X),0.0,240,4,35,180,0,4,10,0,0,4,0,0,(X),(X),(X),0,25.8,0.4,3.8,19.4,0.0,0.4,1.1,0.0,0.0,0.4,0.0,0.0,(X),(X),(X),0.0,342,146,110,277,136,14,31,136,136,3,15,136,(X),(X),(X),136,4.5,13.7,11.6,17.2,4.5,1.6,3.5,4.5,4.5,0.3,1.7,4.5,(X),(X),(X),4.5,304,145,99,239,136,136,15,136,136,136,15,136,(X),(X),(X),136,11.7,13.8,10.3,18.0,4.5,0.2,1.7,4.5,4.5,4.5,1.7,4.5,(X),(X),(X),4.5,116,136,36,111,136,15,15,136,136,3,136,136,(X),(X),(X),136,11.8,0.2,4.1,11.0,4.5,1.7,1.7,4.5,4.5,0.3,4.5,4.5,(X),(X),(X),4.5
9020000US3201,3201,"Carson City (city)+Douglas County Set, Nevada",4030,Food preparation workers 4030 (SOC 35-2021),345,45,70,225,0,0,0,0,0,0,0,0,(X),(X),(X),0,100.0,13.0,20.3,65.2,0.0,0.0,0.0,0.0,0.0,0.0,0.0,0.0,(X),(X),(X),0.0,85,35,0,50,0,0,0,0,0,0,0,0,(X),(X),(X),0,24.6,10.1,0.0,14.5,0.0,0.0,0.0,0.0,0.0,0.0,0.0,0.0,(X),(X),(X),0.0,260,10,70,180,0,0,0,0,0,0,0,0,(X),(X),(X),0,75.4,2.9,20.3,52.2,0.0,0.0,0.0,0.0,0.0,0.0,0.0,0.0,(X),(X),(X),0.0,135,41,68,109,136,136,136,136,136,136,136,136,(X),(X),(X),136,11.6,11.5,18.3,19.4,11.6,11.6,11.6,11.6,11.6,11.6,11.6,11.6,(X),(X),(X),11.6,53,37,136,39,136,136,136,136,136,136,136,136,(X),(X),(X),136,15.4,10.7,11.6,12.2,11.6,11.6,11.6,11.6,11.6,11.6,11.6,11.6,(X),(X),(X),11.6,127,25,68,107,136,136,136,136,136,136,136,136,(X),(X),(X),136,15.3,7.5,18.3,19.8,11.6,11.6,11.6,11.6,11.6,11.6,11.6,11.6,(X),(X),(X),11.6
9020000US3201,3201,"Carson City (city)+Douglas County Set, Nevada",4040,Bartenders 4040 (SOC 35-3011),350,50,20,270,0,15,0,0,0,0,0,0,(X),(X),(X),0,100.0,14.3,5.7,77.1,0.0,4.3,0.0,0.0,0.0,0.0,0.0,0.0,(X),(X),(X),0.0,115,20,20,80,0,0,0,0,0,0,0,0,(X),(X),(X),0,32.9,5.7,5.7,22.9,0.0,0.0,0.0,0.0,0.0,0.0,0.0,0.0,(X),(X),(X),0.0,235,30,0,190,0,15,0,0,0,0,0,0,(X),(X),(X),0,67.1,8.6,0.0,54.3,0.0,4.3,0.0,0.0,0.0,0.0,0.0,0.0,(X),(X),(X),0.0,128,50,33,110,136,23,136,136,136,136,136,136,(X),(X),(X),136,11.4,13.1,9.1,17.1,11.4,6.5,11.4,11.4,11.4,11.4,11.4,11.4,(X),(X),(X),11.4,72,31,33,55,136,136,136,136,136,136,136,136,(X),(X),(X),136,17.2,9.0,9.1,14.2,11.4,11.4,11.4,11.4,11.4,11.4,11.4,11.4,(X),(X),(X),11.4,107,43,136,97,136,23,136,136,136,136,136,136,(X),(X),(X),136,17.0,11.3,11.4,19.9,11.4,6.5,11.4,11.4,11.4,11.4,11.4,11.4,(X),(X),(X),11.4
9020000US3201,3201,"Carson City (city)+Douglas County Set, Nevada",4050,"Combined food preparation and serving workers, including fast food 4050 (SOC 35-3021)",100,0,35,55,0,4,0,0,0,4,0,0,(X),(X),(X),0,100.0,0.0,35.0,55.0,0.0,4.0,0.0,0.0,0.0,4.0,0.0,0.0,(X),(X),(X),0.0,30,0,0,25,0,0,0,0,0,4,0,0,(X),(X),(X),0,30.0,0.0,0.0,25.0,0.0,0.0,0.0,0.0,0.0,4.0,0.0,0.0,(X),(X),(X),0.0,70,0,35,25,0,4,0,0,0,0,0,0,(X),(X),(X),0,70.0,0.0,35.0,25.0,0.0,4.0,0.0,0.0,0.0,0.0,0.0,0.0,(X),(X),(X),0.0,79,136,53,53,136,19,136,136,136,136,136,136,(X),(X),(X),136,33.1,33.1,40.7,38.8,33.1,20.6,33.1,33.1,33.1,4.1,33.1,33.1,(X),(X),(X),33.1,40,136,136,40,136,136,136,136,136,136,136,136,(X),(X),(X),136,38.8,33.1,33.1,38.8,33.1,33.1,33.1,33.1,33.1,4.1,33.1,33.1,(X),(X),(X),33.1,70,136,53,34,136,19,136,136,136,136,136,136,(X),(X),(X),136,38.0,33.1,40.7,31.3,33.1,20.6,33.1,33.1,33.1,33.1,33.1,33.1,(X),(X),(X),33.1
9020000US3201,3201,"Carson City (city)+Douglas County Set, Nevada",4060,"Counter attendants, cafeteria, food concession, and coffee shop 4060 (SOC 35-3022)",135,35,4,45,55,0,0,0,0,0,0,0,(X),(X),(X),0,100.0,25.9,3.0,33.3,40.7,0.0,0.0,0.0,0.0,0.0,0.0,0.0,(X),(X),(X),0.0,55,0,0,0,55,0,0,0,0,0,0,0,(X),(X),(X),0,40.7,0.0,0.0,0.0,40.7,0.0,0.0,0.0,0.0,0.0,0.0,0.0,(X),(X),(X),0.0,80,35,4,45,0,0,0,0,0,0,0,0,(X),(X),(X),0,59.3,25.9,3.0,33.3,0.0,0.0,0.0,0.0,0.0,0.0,0.0,0.0,(X),(X),(X),0.0,90,37,136,40,71,136,136,136,136,136,136,136,(X),(X),(X),136,26.5,25.2,2.3,28.1,35.3,26.5,26.5,26.5,26.5,26.5,26.5,26.5,(X),(X),(X),26.5,71,136,136,136,71,136,136,136,136,136,136,136,(X),(X),(X),136,35.3,26.5,26.5,26.5,35.3,26.5,26.5,26.5,26.5,26.5,26.5,26.5,(X),(X),(X),26.5,56,37,136,40,136,136,136,136,136,136,136,136,(X),(X),(X),136,34.8,25.2,2.3,28.1,26.5,26.5,26.5,26.5,26.5,26.5,26.5,26.5,(X),(X),(X),26.5
9020000US3201,3201,"Carson City (city)+Douglas County Set, Nevada",4110,Waiters and waitresses 4110 (SOC 35-3031),770,60,0,700,0,15,0,0,0,0,0,0,(X),(X),(X),0,100.0,7.8,0.0,90.9,0.0,1.9,0.0,0.0,0.0,0.0,0.0,0.0,(X),(X),(X),0.0,165,35,0,120,0,15,0,0,0,0,0,0,(X),(X),(X),0,21.4,4.5,0.0,15.6,0.0,1.9,0.0,0.0,0.0,0.0,0.0,0.0,(X),(X),(X),0.0,605,25,0,580,0,4,0,0,0,0,0,0,(X),(X),(X),0,78.6,3.2,0.0,75.3,0.0,0.5,0.0,0.0,0.0,0.0,0.0,0.0,(X),(X),(X),0.0,239,52,136,228,136,16,136,136,136,136,136,136,(X),(X),(X),136,5.4,6.5,5.4,7.3,5.4,2.2,5.4,5.4,5.4,5.4,5.4,5.4,(X),(X),(X),5.4,86,37,136,71,136,15,136,136,136,136,136,136,(X),(X),(X),136,11.6,5.2,5.4,8.9,5.4,2.0,5.4,5.4,5.4,5.4,5.4,5.4,(X),(X),(X),5.4,229,36,136,216,136,3,136,136,136,136,136,136,(X),(X),(X),136,11.4,4.2,5.4,12.0,5.4,0.5,5.4,5.4,5.4,5.4,5.4,5.4,(X),(X),(X),5.4
9020000US3201,3201,"Carson City (city)+Douglas County Set, Nevada",4120,"Food servers, nonrestaurant 4120 (SOC 35-3041)",40,0,0,20,0,0,0,0,0,0,0,0,(X),(X),(X),20,100.0,0.0,0.0,50.0,0.0,0.0,0.0,0.0,0.0,0.0,0.0,0.0,(X),(X),(X),50.0,20,0,0,0,0,0,0,0,0,0,0,0,(X),(X),(X),20,50.0,0.0,0.0,0.0,0.0,0.0,0.0,0.0,0.0,0.0,0.0,0.0,(X),(X),(X),50.0,20,0,0,20,0,0,0,0,0,0,0,0,(X),(X),(X),0,50.0,0.0,0.0,50.0,0.0,0.0,0.0,0.0,0.0,0.0,0.0,0.0,(X),(X),(X),0.0,38,136,136,22,136,136,136,136,136,136,136,136,(X),(X),(X),28,53.6,53.6,53.6,49.0,53.6,53.6,53.6,53.6,53.6,53.6,53.6,53.6,(X),(X),(X),48.4,28,136,136,136,136,136,136,136,136,136,136,136,(X),(X),(X),28,48.4,53.6,53.6,53.6,53.6,53.6,53.6,53.6,53.6,53.6,53.6,53.6,(X),(X),(X),48.4,22,136,136,22,136,136,136,136,136,136,136,136,(X),(X),(X),136,49.0,53.6,53.6,49.0,53.6,53.6,53.6,53.6,53.6,53.6,53.6,53.6,(X),(X),(X),53.6
9020000US3201,3201,"Carson City (city)+Douglas County Set, Nevada",4130,"Miscellaneous food preparation and serving related workers, including dining room and cafeteria attendants and bartender helpers 4130 (SOC 35-90XX)",355,60,55,210,0,0,20,0,0,15,0,0,(X),(X),(X),0,100.0,16.9,15.5,59.2,0.0,0.0,5.6,0.0,0.0,4.2,0.0,0.0,(X),(X),(X),0.0,190,0,0,165,0,0,10,0,0,15,0,0,(X),(X),(X),0,53.5,0.0,0.0,46.5,0.0,0.0,2.8,0.0,0.0,4.2,0.0,0.0,(X),(X),(X),0.0,170,60,55,45,0,0,4,0,0,0,0,0,(X),(X),(X),0,47.9,16.9,15.5,12.7,0.0,0.0,1.1,0.0,0.0,0.0,0.0,0.0,(X),(X),(X),0.0,189,86,101,113,136,136,30,136,136,22,136,136,(X),(X),(X),136,11.3,22.2,23.3,25.0,11.3,11.3,8.0,11.3,11.3,6.2,11.3,11.3,(X),(X),(X),11.3,105,136,136,101,136,136,18,136,136,22,136,136,(X),(X),(X),136,26.1,11.3,11.3,25.0,11.3,11.3,4.9,11.3,11.3,6.2,11.3,11.3,(X),(X),(X),11.3,147,86,101,50,136,136,12,136,136,136,136,136,(X),(X),(X),136,25.6,22.2,23.3,13.8,11.3,11.3,3.2,11.3,11.3,11.3,11.3,11.3,(X),(X),(X),11.3
9020000US3201,3201,"Carson City (city)+Douglas County Set, Nevada",4140,Dishwashers 4140 (SOC 35-9021),295,90,85,80,0,30,0,0,0,10,0,0,(X),(X),(X),0,100.0,30.5,28.8,27.1,0.0,10.2,0.0,0.0,0.0,3.4,0.0,0.0,(X),(X),(X),0.0,230,90,20,75,0,30,0,0,0,10,0,0,(X),(X),(X),0,78.0,30.5,6.8,25.4,0.0,10.2,0.0,0.0,0.0,3.4,0.0,0.0,(X),(X),(X),0.0,65,0,60,4,0,0,0,0,0,0,0,0,(X),(X),(X),0,22.0,0.0,20.3,1.4,0.0,0.0,0.0,0.0,0.0,0.0,0.0,0.0,(X),(X),(X),0.0,113,60,82,55,136,34,136,136,136,18,136,136,(X),(X),(X),136,13.4,19.2,24.4,16.1,13.4,11.7,13.4,13.4,13.4,6.4,13.4,13.4,(X),(X),(X),13.4,92,60,37,54,136,34,136,136,136,18,136,136,(X),(X),(X),136,21.7,19.2,12.9,16.1,13.4,11.7,13.4,13.4,13.4,6.4,13.4,13.4,(X),(X),(X),13.4,70,136,70,136,136,136,136,136,136,136,136,136,(X),(X),(X),136,21.4,13.4,21.6,0.6,13.4,13.4,13.4,13.4,13.4,13.4,13.4,13.4,(X),(X),(X),13.4
9020000US3201,3201,"Carson City (city)+Douglas County Set, Nevada",4150,"Hosts and hostesses, restaurant, lounge, and coffee shop 4150 (SOC 35-9031)",135,55,0,60,0,0,15,0,0,0,0,0,(X),(X),(X),0,100.0,40.7,0.0,44.4,0.0,0.0,11.1,0.0,0.0,0.0,0.0,0.0,(X),(X),(X),0.0,45,45,0,0,0,0,0,0,0,0,0,0,(X),(X),(X),0,33.3,33.3,0.0,0.0,0.0,0.0,0.0,0.0,0.0,0.0,0.0,0.0,(X),(X),(X),0.0,90,10,0,60,0,0,15,0,0,0,0,0,(X),(X),(X),0,66.7,7.4,0.0,44.4,0.0,0.0,11.1,0.0,0.0,0.0,0.0,0.0,(X),(X),(X),0.0,78,59,136,46,136,136,32,136,136,136,136,136,(X),(X),(X),136,26.5,33.2,26.5,28.3,26.5,26.5,22.3,26.5,26.5,26.5,26.5,26.5,(X),(X),(X),26.5,53,53,136,136,136,136,136,136,136,136,136,136,(X),(X),(X),136,30.7,30.7,26.5,26.5,26.5,26.5,26.5,26.5,26.5,26.5,26.5,26.5,(X),(X),(X),26.5,60,22,136,46,136,136,32,136,136,136,136,136,(X),(X),(X),136,31.8,16.8,26.5,28.3,26.5,26.5,22.3,26.5,26.5,26.5,26.5,26.5,(X),(X),(X),26.5
9020000US3201,3201,"Carson City (city)+Douglas County Set, Nevada",4200,First-line supervisors of housekeeping and janitorial workers 4200 (SOC 37-1011),135,0,0,135,0,0,0,0,0,0,0,0,(X),(X),(X),0,100.0,0.0,0.0,100.0,0.0,0.0,0.0,0.0,0.0,0.0,0.0,0.0,(X),(X),(X),0.0,115,0,0,115,0,0,0,0,0,0,0,0,(X),(X),(X),0,85.2,0.0,0.0,85.2,0.0,0.0,0.0,0.0,0.0,0.0,0.0,0.0,(X),(X),(X),0.0,20,0,0,20,0,0,0,0,0,0,0,0,(X),(X),(X),0,14.8,0.0,0.0,14.8,0.0,0.0,0.0,0.0,0.0,0.0,0.0,0.0,(X),(X),(X),0.0,120,136,136,120,136,136,136,136,136,136,136,136,(X),(X),(X),136,26.5,26.5,26.5,26.5,26.5,26.5,26.5,26.5,26.5,26.5,26.5,26.5,(X),(X),(X),26.5,116,136,136,116,136,136,136,136,136,136,136,136,(X),(X),(X),136,27.3,26.5,26.5,27.3,26.5,26.5,26.5,26.5,26.5,26.5,26.5,26.5,(X),(X),(X),26.5,31,136,136,31,136,136,136,136,136,136,136,136,(X),(X),(X),136,29.9,26.5,26.5,29.9,26.5,26.5,26.5,26.5,26.5,26.5,26.5,26.5,(X),(X),(X),26.5
9020000US3201,3201,"Carson City (city)+Douglas County Set, Nevada",4210,"First-line supervisors of landscaping, lawn service, and groundskeeping workers 4210 (SOC 37-1012)",80,0,0,80,0,0,0,0,0,0,0,0,(X),(X),(X),0,100.0,0.0,0.0,100.0,0.0,0.0,0.0,0.0,0.0,0.0,0.0,0.0,(X),(X),(X),0.0,80,0,0,80,0,0,0,0,0,0,0,0,(X),(X),(X),0,100.0,0.0,0.0,100.0,0.0,0.0,0.0,0.0,0.0,0.0,0.0,0.0,(X),(X),(X),0.0,0,0,0,0,0,0,0,0,0,0,0,0,(X),(X),(X),0,0.0,0.0,0.0,0.0,0.0,0.0,0.0,0.0,0.0,0.0,0.0,0.0,(X),(X),(X),0.0,74,136,136,74,136,136,136,136,136,136,136,136,(X),(X),(X),136,37.9,37.9,37.9,37.9,37.9,37.9,37.9,37.9,37.9,37.9,37.9,37.9,(X),(X),(X),37.9,74,136,136,74,136,136,136,136,136,136,136,136,(X),(X),(X),136,37.9,37.9,37.9,37.9,37.9,37.9,37.9,37.9,37.9,37.9,37.9,37.9,(X),(X),(X),37.9,136,136,136,136,136,136,136,136,136,136,136,136,(X),(X),(X),136,37.9,37.9,37.9,37.9,37.9,37.9,37.9,37.9,37.9,37.9,37.9,37.9,(X),(X),(X),37.9
9020000US3201,3201,"Carson City (city)+Douglas County Set, Nevada",4220,Janitors and building cleaners 4220 (SOC 37-201X),815,55,45,645,0,15,0,0,0,55,0,0,(X),(X),(X),0,100.0,6.7,5.5,79.1,0.0,1.8,0.0,0.0,0.0,6.7,0.0,0.0,(X),(X),(X),0.0,615,35,25,485,0,10,0,0,0,55,0,0,(X),(X),(X),0,75.5,4.3,3.1,59.5,0.0,1.2,0.0,0.0,0.0,6.7,0.0,0.0,(X),(X),(X),0.0,200,15,20,160,0,4,0,0,0,0,0,0,(X),(X),(X),0,24.5,1.8,2.5,19.6,0.0,0.5,0.0,0.0,0.0,0.0,0.0,0.0,(X),(X),(X),0.0,227,49,40,203,136,20,136,136,136,55,136,136,(X),(X),(X),136,5.1,5.9,5.0,9.8,5.1,2.5,5.1,5.1,5.1,6.3,5.1,5.1,(X),(X),(X),5.1,198,45,27,173,136,22,136,136,136,55,136,136,(X),(X),(X),136,12.0,5.3,3.5,13.0,5.1,2.8,5.1,5.1,5.1,6.3,5.1,5.1,(X),(X),(X),5.1,111,29,28,107,136,136,136,136,136,136,136,136,(X),(X),(X),136,11.9,3.6,3.4,11.7,5.1,0.1,5.1,5.1,5.1,5.1,5.1,5.1,(X),(X),(X),5.1
9020000US3201,3201,"Carson City (city)+Douglas County Set, Nevada",4230,Maids and housekeeping cleaners 4230 (SOC 37-2012),565,180,110,235,0,0,0,0,35,0,0,0,(X),(X),(X),0,100.0,31.9,19.5,41.6,0.0,0.0,0.0,0.0,6.2,0.0,0.0,0.0,(X),(X),(X),0.0,70,40,15,20,0,0,0,0,0,0,0,0,(X),(X),(X),0,12.4,7.1,2.7,3.5,0.0,0.0,0.0,0.0,0.0,0.0,0.0,0.0,(X),(X),(X),0.0,490,140,100,215,0,0,0,0,35,0,0,0,(X),(X),(X),0,86.7,24.8,17.7,38.1,0.0,0.0,0.0,0.0,6.2,0.0,0.0,0.0,(X),(X),(X),0.0,174,98,70,95,136,136,136,136,55,136,136,136,(X),(X),(X),136,7.2,14.0,11.6,13.9,7.2,7.2,7.2,7.2,9.3,7.2,7.2,7.2,(X),(X),(X),7.2,50,35,24,34,136,136,136,136,136,136,136,136,(X),(X),(X),136,8.1,5.9,4.2,5.9,7.2,7.2,7.2,7.2,7.2,7.2,7.2,7.2,(X),(X),(X),7.2,157,84,65,87,136,136,136,136,55,136,136,136,(X),(X),(X),136,8.0,12.6,10.5,13.2,7.2,7.2,7.2,7.2,9.3,7.2,7.2,7.2,(X),(X),(X),7.2
9020000US3201,3201,"Carson City (city)+Douglas County Set, Nevada",4250,Grounds maintenance workers 4250 (SOC 37-3010),595,95,135,365,0,4,0,0,0,4,0,0,(X),(X),(X),0,100.0,16.0,22.7,61.3,0.0,0.7,0.0,0.0,0.0,0.7,0.0,0.0,(X),(X),(X),0.0,565,95,135,335,0,4,0,0,0,4,0,0,(X),(X),(X),0,95.0,16.0,22.7,56.3,0.0,0.7,0.0,0.0,0.0,0.7,0.0,0.0,(X),(X),(X),0.0,30,0,0,30,0,0,0,0,0,0,0,0,(X),(X),(X),0,5.0,0.0,0.0,5.0,0.0,0.0,0.0,0.0,0.0,0.0,0.0,0.0,(X),(X),(X),0.0,189,87,91,165,136,1,136,136,136,8,136,136,(X),(X),(X),136,6.9,14.4,13.3,17.1,6.9,0.3,6.9,6.9,6.9,1.3,6.9,6.9,(X),(X),(X),6.9,178,87,91,151,136,1,136,136,136,8,136,136,(X),(X),(X),136,5.8,14.4,13.3,16.0,6.9,0.3,6.9,6.9,6.9,1.3,6.9,6.9,(X),(X),(X),6.9,37,136,136,37,136,136,136,136,136,136,136,136,(X),(X),(X),136,5.8,6.9,6.9,5.8,6.9,6.9,6.9,6.9,6.9,6.9,6.9,6.9,(X),(X),(X),6.9
9020000US3201,3201,"Carson City (city)+Douglas County Set, Nevada",4300,First-line supervisors of gaming workers 4300 (SOC 39-1010),205,0,0,135,0,0,60,0,0,0,0,0,(X),(X),(X),10,100.0,0.0,0.0,65.9,0.0,0.0,29.3,0.0,0.0,0.0,0.0,0.0,(X),(X),(X),4.9,115,0,0,115,0,0,0,0,0,0,0,0,(X),(X),(X),0,56.1,0.0,0.0,56.1,0.0,0.0,0.0,0.0,0.0,0.0,0.0,0.0,(X),(X),(X),0.0,90,0,0,20,0,0,60,0,0,0,0,0,(X),(X),(X),10,43.9,0.0,0.0,9.8,0.0,0.0,29.3,0.0,0.0,0.0,0.0,0.0,(X),(X),(X),4.9,116,136,136,101,136,136,49,136,136,136,136,136,(X),(X),(X),14,18.6,18.6,18.6,23.3,18.6,18.6,23.0,18.6,18.6,18.6,18.6,18.6,(X),(X),(X),6.9,94,136,136,94,136,136,136,136,136,136,136,136,(X),(X),(X),136,24.9,18.6,18.6,24.9,18.6,18.6,18.6,18.6,18.6,18.6,18.6,18.6,(X),(X),(X),18.6,57,136,136,30,136,136,49,136,136,136,136,136,(X),(X),(X),14,26.0,18.6,18.6,14.3,18.6,18.6,23.0,18.6,18.6,18.6,18.6,18.6,(X),(X),(X),6.9
9020000US3201,3201,"Carson City (city)+Douglas County Set, Nevada",4320,First-line supervisors of personal service workers 4320 (SOC 39-1021),80,0,0,80,0,0,0,0,0,0,0,0,(X),(X),(X),0,100.0,0.0,0.0,100.0,0.0,0.0,0.0,0.0,0.0,0.0,0.0,0.0,(X),(X),(X),0.0,45,0,0,45,0,0,0,0,0,0,0,0,(X),(X),(X),0,56.3,0.0,0.0,56.3,0.0,0.0,0.0,0.0,0.0,0.0,0.0,0.0,(X),(X),(X),0.0,40,0,0,40,0,0,0,0,0,0,0,0,(X),(X),(X),0,50.0,0.0,0.0,50.0,0.0,0.0,0.0,0.0,0.0,0.0,0.0,0.0,(X),(X),(X),0.0,66,136,136,66,136,136,136,136,136,136,136,136,(X),(X),(X),136,37.9,37.9,37.9,37.9,37.9,37.9,37.9,37.9,37.9,37.9,37.9,37.9,(X),(X),(X),37.9,47,136,136,47,136,136,136,136,136,136,136,136,(X),(X),(X),136,48.3,37.9,37.9,48.3,37.9,37.9,37.9,37.9,37.9,37.9,37.9,37.9,(X),(X),(X),37.9,52,136,136,52,136,136,136,136,136,136,136,136,(X),(X),(X),136,49.6,37.9,37.9,49.6,37.9,37.9,37.9,37.9,37.9,37.9,37.9,37.9,(X),(X),(X),37.9
9020000US3202,3202,"Clark+Nye County Set, Nevada",0000,"Total, all occupations",1015015,189280,74295,534450,93630,5160,89570,6515,2780,3325,5360,1135,(X),(X),(X),9520,100.0,18.6,7.3,52.7,9.2,0.5,8.8,0.6,0.3,0.3,0.5,0.1,(X),(X),(X),0.9,556000,113495,41280,295055,46720,2660,42185,3375,1150,1860,2755,525,(X),(X),(X),4935,54.8,11.2,4.1,29.1,4.6,0.3,4.2,0.3,0.1,0.2,0.3,0.1,(X),(X),(X),0.5,459015,75785,33015,239390,46905,2500,47390,3140,1625,1460,2605,610,(X),(X),(X),4585,45.2,7.5,3.3,23.6,4.6,0.2,4.7,0.3,0.2,0.1,0.3,0.1,(X),(X),(X),0.5,4610,3132,2691,3176,1591,434,1561,452,456,362,577,360,(X),(X),(X),825,0.1,0.3,0.3,0.2,0.2,0.1,0.1,0.1,0.1,0.1,0.1,0.1,(X),(X),(X),0.1,2829,2007,1818,1990,1070,302,842,307,261,265,425,186,(X),(X),(X),514,0.2,0.2,0.2,0.2,0.1,0.1,0.1,0.1,0.1,0.1,0.1,0.1,(X),(X),(X),0.1,3369,1993,1465,2103,1018,288,1077,277,312,242,374,282,(X),(X),(X),606,0.2,0.2,0.1,0.2,0.1,0.1,0.1,0.1,0.1,0.1,0.1,0.1,(X),(X),(X),0.1
9020000US3202,3202,"Clark+Nye County Set, Nevada",0010,Chief executives and legislators 0010 (SOC 11-10XX),5345,330,70,4540,140,4,230,15,0,0,15,0,(X),(X),(X),0,100.0,6.2,1.3,84.9,2.6,0.1,4.3,0.3,0.0,0.0,0.3,0.0,(X),(X),(X),0.0,4020,215,70,3425,125,0,160,15,0,0,10,0,(X),(X),(X),0,75.2,4.0,1.3,64.1,2.3,0.0,3.0,0.3,0.0,0.0,0.2,0.0,(X),(X),(X),0.0,1325,110,0,1115,15,4,70,0,0,0,10,0,(X),(X),(X),0,24.8,2.1,0.0,20.9,0.3,0.1,1.3,0.0,0.0,0.0,0.2,0.0,(X),(X),(X),0.0,521,169,56,450,87,2,105,22,136,136,30,136,(X),(X),(X),136,0.8,3.0,1.1,4.2,1.5,0.1,1.9,0.4,0.8,0.8,0.6,0.8,(X),(X),(X),0.8,481,121,56,414,88,136,82,22,136,136,14,136,(X),(X),(X),136,4.0,2.2,1.1,4.3,1.6,0.8,1.5,0.4,0.8,0.8,0.3,0.8,(X),(X),(X),0.8,230,105,136,218,17,2,58,136,136,136,25,136,(X),(X),(X),136,4.0,1.9,0.8,4.1,0.3,0.1,1.1,0.8,0.8,0.8,0.5,0.8,(X),(X),(X),0.8
9020000US3202,3202,"Clark+Nye County Set, Nevada",0020,General and operations managers 0020 (SOC 11-1021),6505,295,175,5260,300,65,285,0,25,0,30,0,(X),(X),(X),65,100.0,4.5,2.7,80.9,4.6,1.0,4.4,0.0,0.4,0.0,0.5,0.0,(X),(X),(X),1.0,4750,205,90,3875,220,65,200,0,25,0,30,0,(X),(X),(X),40,73.0,3.2,1.4,59.6,3.4,1.0,3.1,0.0,0.4,0.0,0.5,0.0,(X),(X),(X),0.6,1755,90,90,1385,85,4,85,0,0,0,0,0,(X),(X),(X),20,27.0,1.4,1.4,21.3,1.3,0.1,1.3,0.0,0.0,0.0,0.0,0.0,(X),(X),(X),0.3,563,106,97,467,95,70,111,136,42,136,49,136,(X),(X),(X),50,0.7,1.5,1.4,3.5,1.4,1.1,1.6,0.7,0.7,0.7,0.7,0.7,(X),(X),(X),0.8,490,96,59,425,88,71,105,136,42,136,49,136,(X),(X),(X),41,3.6,1.4,0.9,4.1,1.3,1.1,1.5,0.7,0.7,0.7,0.7,0.7,(X),(X),(X),0.6,269,58,77,239,50,7,47,136,136,136,136,136,(X),(X),(X),27,3.6,0.9,1.2,3.5,0.8,0.1,0.7,0.7,0.7,0.7,0.7,0.7,(X),(X),(X),0.4
9020000US3202,3202,"Clark+Nye County Set, Nevada",0040,Advertising and promotions managers 0040 (SOC 11-2011),275,20,0,255,0,0,0,0,0,0,0,0,(X),(X),(X),0,100.0,7.3,0.0,92.7,0.0,0.0,0.0,0.0,0.0,0.0,0.0,0.0,(X),(X),(X),0.0,115,0,0,115,0,0,0,0,0,0,0,0,(X),(X),(X),0,41.8,0.0,0.0,41.8,0.0,0.0,0.0,0.0,0.0,0.0,0.0,0.0,(X),(X),(X),0.0,155,20,0,135,0,0,0,0,0,0,0,0,(X),(X),(X),0,56.4,7.3,0.0,49.1,0.0,0.0,0.0,0.0,0.0,0.0,0.0,0.0,(X),(X),(X),0.0,140,34,136,134,136,136,136,136,136,136,136,136,(X),(X),(X),136,14.3,11.9,14.3,11.4,14.3,14.3,14.3,14.3,14.3,14.3,14.3,14.3,(X),(X),(X),14.3,112,136,136,112,136,136,136,136,136,136,136,136,(X),(X),(X),136,28.7,14.3,14.3,28.7,14.3,14.3,14.3,14.3,14.3,14.3,14.3,14.3,(X),(X),(X),14.3,100,34,136,92,136,136,136,136,136,136,136,136,(X),(X),(X),136,29.3,11.9,14.3,27.3,14.3,14.3,14.3,14.3,14.3,14.3,14.3,14.3,(X),(X),(X),14.3
9020000US3202,3202,"Clark+Nye County Set, Nevada",0050,Marketing and sales managers 0050 (SOC 11-2020),5225,340,215,3535,360,35,615,0,0,0,45,45,(X),(X),(X),35,100.0,6.5,4.1,67.7,6.9,0.7,11.8,0.0,0.0,0.0,0.9,0.9,(X),(X),(X),0.7,2980,150,190,2025,155,35,365,0,0,0,25,0,(X),(X),(X),35,57.0,2.9,3.6,38.8,3.0,0.7,7.0,0.0,0.0,0.0,0.5,0.0,(X),(X),(X),0.7,2245,195,25,1510,205,0,250,0,0,0,20,45,(X),(X),(X),4,43.0,3.7,0.5,28.9,3.9,0.0,4.8,0.0,0.0,0.0,0.4,0.9,(X),(X),(X),0.1,563,130,151,407,182,53,209,136,136,136,47,67,(X),(X),(X),43,0.8,2.3,2.7,5.4,3.4,1.0,3.7,0.8,0.8,0.8,0.9,1.3,(X),(X),(X),0.8,424,92,148,319,125,53,151,136,136,136,38,136,(X),(X),(X),41,4.7,1.8,2.7,4.7,2.4,1.0,2.8,0.8,0.8,0.8,0.7,0.8,(X),(X),(X),0.8,330,99,30,281,126,136,129,136,136,136,26,67,(X),(X),(X),6,4.7,1.8,0.6,5.2,2.3,0.8,2.4,0.8,0.8,0.8,0.5,1.3,(X),(X),(X),0.1
9020000US3202,3202,"Clark+Nye County Set, Nevada",0060,Public relations and fundraising managers 0060 (SOC 11-2031),205,0,45,130,30,0,0,0,0,0,0,0,(X),(X),(X),0,100.0,0.0,22.0,63.4,14.6,0.0,0.0,0.0,0.0,0.0,0.0,0.0,(X),(X),(X),0.0,90,0,40,35,10,0,0,0,0,0,0,0,(X),(X),(X),0,43.9,0.0,19.5,17.1,4.9,0.0,0.0,0.0,0.0,0.0,0.0,0.0,(X),(X),(X),0.0,115,0,10,90,15,0,0,0,0,0,0,0,(X),(X),(X),0,56.1,0.0,4.9,43.9,7.3,0.0,0.0,0.0,0.0,0.0,0.0,0.0,(X),(X),(X),0.0,97,136,63,62,32,136,136,136,136,136,136,136,(X),(X),(X),136,18.6,18.6,24.5,23.3,15.5,18.6,18.6,18.6,18.6,18.6,18.6,18.6,(X),(X),(X),18.6,70,136,55,35,20,136,136,136,136,136,136,136,(X),(X),(X),136,22.3,18.6,22.7,15.6,10.4,18.6,18.6,18.6,18.6,18.6,18.6,18.6,(X),(X),(X),18.6,58,136,15,49,28,136,136,136,136,136,136,136,(X),(X),(X),136,22.5,18.6,6.6,21.7,14.1,18.6,18.6,18.6,18.6,18.6,18.6,18.6,(X),(X),(X),18.6
9020000US3202,3202,"Clark+Nye County Set, Nevada",0100,Administrative services managers 0100 (SOC 11-3011),385,35,10,340,0,0,0,0,0,0,0,0,(X),(X),(X),0,100.0,9.1,2.6,88.3,0.0,0.0,0.0,0.0,0.0,0.0,0.0,0.0,(X),(X),(X),0.0,250,20,0,230,0,0,0,0,0,0,0,0,(X),(X),(X),0,64.9,5.2,0.0,59.7,0.0,0.0,0.0,0.0,0.0,0.0,0.0,0.0,(X),(X),(X),0.0,140,15,10,110,0,0,0,0,0,0,0,0,(X),(X),(X),0,36.4,3.9,2.6,28.6,0.0,0.0,0.0,0.0,0.0,0.0,0.0,0.0,(X),(X),(X),0.0,155,38,17,150,136,136,136,136,136,136,136,136,(X),(X),(X),136,10.4,10.3,4.4,11.4,10.4,10.4,10.4,10.4,10.4,10.4,10.4,10.4,(X),(X),(X),10.4,116,31,136,115,136,136,136,136,136,136,136,136,(X),(X),(X),136,17.1,8.1,10.4,18.0,10.4,10.4,10.4,10.4,10.4,10.4,10.4,10.4,(X),(X),(X),10.4,87,25,17,85,136,136,136,136,136,136,136,136,(X),(X),(X),136,16.9,6.6,4.4,16.9,10.4,10.4,10.4,10.4,10.4,10.4,10.4,10.4,(X),(X),(X),10.4
9020000US3202,3202,"Clark+Nye County Set, Nevada",0110,Computer and information systems managers 0110 (SOC 11-3021),1385,60,25,1130,115,0,40,10,0,0,4,0,(X),(X),(X),0,100.0,4.3,1.8,81.6,8.3,0.0,2.9,0.7,0.0,0.0,0.3,0.0,(X),(X),(X),0.0,1030,60,25,805,105,0,15,10,0,0,4,0,(X),(X),(X),0,74.4,4.3,1.8,58.1,7.6,0.0,1.1,0.7,0.0,0.0,0.3,0.0,(X),(X),(X),0.0,355,0,0,325,10,0,25,0,0,0,0,0,(X),(X),(X),0,25.6,0.0,0.0,23.5,0.7,0.0,1.8,0.0,0.0,0.0,0.0,0.0,(X),(X),(X),0.0,232,67,29,214,89,136,34,16,136,136,16,136,(X),(X),(X),136,3.0,4.7,2.1,9.1,6.0,3.0,2.5,1.1,3.0,3.0,1.1,3.0,(X),(X),(X),3.0,207,67,29,183,86,136,19,16,136,136,16,136,(X),(X),(X),136,7.5,4.7,2.1,10.0,5.9,3.0,1.4,1.1,3.0,3.0,1.1,3.0,(X),(X),(X),3.0,115,136,136,117,14,136,27,136,136,136,136,136,(X),(X),(X),136,7.4,3.0,3.0,7.5,1.0,3.0,2.0,3.0,3.0,3.0,3.0,3.0,(X),(X),(X),3.0
9020000US3202,3202,"Clark+Nye County Set, Nevada",0120,Financial managers 0120 (SOC 11-3031),6585,815,440,3875,505,25,740,4,25,95,30,0,(X),(X),(X),25,100.0,12.4,6.7,58.8,7.7,0.4,11.2,0.1,0.4,1.4,0.5,0.0,(X),(X),(X),0.4,2645,185,175,1690,185,0,325,0,10,60,20,0,(X),(X),(X),0,40.2,2.8,2.7,25.7,2.8,0.0,4.9,0.0,0.2,0.9,0.3,0.0,(X),(X),(X),0.0,3940,630,265,2190,320,25,420,4,15,35,10,0,(X),(X),(X),25,59.8,9.6,4.0,33.3,4.9,0.4,6.4,0.1,0.2,0.5,0.2,0.0,(X),(X),(X),0.4,731,201,202,541,190,39,164,12,35,83,33,136,(X),(X),(X),42,0.6,2.8,2.9,5.0,2.7,0.6,2.5,0.2,0.5,1.2,0.5,0.6,(X),(X),(X),0.6,449,83,116,348,129,136,143,136,17,69,30,136,(X),(X),(X),136,4.6,1.3,1.7,4.2,1.9,0.6,2.2,0.6,0.3,1.0,0.4,0.6,(X),(X),(X),0.6,496,178,141,370,139,39,111,12,30,42,17,136,(X),(X),(X),42,4.6,2.5,2.1,4.6,2.1,0.6,1.6,0.2,0.5,0.6,0.3,0.6,(X),(X),(X),0.6
9020000US3202,3202,"Clark+Nye County Set, Nevada",0135,Compensation and benefits managers 0135 (SOC 11-3111),80,15,0,40,0,0,0,0,0,4,20,0,(X),(X),(X),0,100.0,18.8,0.0,50.0,0.0,0.0,0.0,0.0,0.0,5.0,25.0,0.0,(X),(X),(X),0.0,10,0,0,10,0,0,0,0,0,0,0,0,(X),(X),(X),0,12.5,0.0,0.0,12.5,0.0,0.0,0.0,0.0,0.0,0.0,0.0,0.0,(X),(X),(X),0.0,70,15,0,30,0,0,0,0,0,4,20,0,(X),(X),(X),0,87.5,18.8,0.0,37.5,0.0,0.0,0.0,0.0,0.0,5.0,25.0,0.0,(X),(X),(X),0.0,55,22,136,37,136,136,136,136,136,13,34,136,(X),(X),(X),136,37.9,27.1,37.9,29.6,37.9,37.9,37.9,37.9,37.9,16.6,35.7,37.9,(X),(X),(X),37.9,16,136,136,16,136,136,136,136,136,136,136,136,(X),(X),(X),136,17.7,37.9,37.9,17.7,37.9,37.9,37.9,37.9,37.9,37.9,37.9,37.9,(X),(X),(X),37.9,51,22,136,32,136,136,136,136,136,13,34,136,(X),(X),(X),136,21.5,27.1,37.9,30.2,37.9,37.9,37.9,37.9,37.9,16.6,35.7,37.9,(X),(X),(X),37.9
9020000US3202,3202,"Clark+Nye County Set, Nevada",0136,Human resources managers 0136 (SOC 11-3121),1990,215,80,1390,135,0,160,0,0,0,10,0,(X),(X),(X),0,100.0,10.8,4.0,69.8,6.8,0.0,8.0,0.0,0.0,0.0,0.5,0.0,(X),(X),(X),0.0,905,100,10,635,35,0,120,0,0,0,0,0,(X),(X),(X),0,45.5,5.0,0.5,31.9,1.8,0.0,6.0,0.0,0.0,0.0,0.0,0.0,(X),(X),(X),0.0,1080,115,70,755,95,0,35,0,0,0,10,0,(X),(X),(X),0,54.3,5.8,3.5,37.9,4.8,0.0,1.8,0.0,0.0,0.0,0.5,0.0,(X),(X),(X),0.0,314,126,56,254,86,136,84,136,136,136,14,136,(X),(X),(X),136,2.1,5.7,2.6,8.1,4.3,2.1,4.1,2.1,2.1,2.1,0.7,2.1,(X),(X),(X),2.1,193,54,20,172,59,136,71,136,136,136,136,136,(X),(X),(X),136,8.0,2.5,1.0,8.0,2.9,2.1,3.5,2.1,2.1,2.1,2.1,2.1,(X),(X),(X),2.1,253,101,46,201,66,136,37,136,136,136,14,136,(X),(X),(X),136,8.2,4.8,2.1,8.0,3.4,2.1,1.9,2.1,2.1,2.1,0.7,2.1,(X),(X),(X),2.1
9020000US3202,3202,"Clark+Nye County Set, Nevada",0137,Training and development managers 0137 (SOC 11-3131),290,15,0,265,10,0,0,0,0,0,0,0,(X),(X),(X),0,100.0,5.2,0.0,91.4,3.4,0.0,0.0,0.0,0.0,0.0,0.0,0.0,(X),(X),(X),0.0,130,0,0,130,0,0,0,0,0,0,0,0,(X),(X),(X),0,44.8,0.0,0.0,44.8,0.0,0.0,0.0,0.0,0.0,0.0,0.0,0.0,(X),(X),(X),0.0,160,15,0,135,10,0,0,0,0,0,0,0,(X),(X),(X),0,55.2,5.2,0.0,46.6,3.4,0.0,0.0,0.0,0.0,0.0,0.0,0.0,(X),(X),(X),0.0,110,25,136,103,16,136,136,136,136,136,136,136,(X),(X),(X),136,13.6,8.5,13.6,9.4,5.6,13.6,13.6,13.6,13.6,13.6,13.6,13.6,(X),(X),(X),13.6,80,136,136,80,136,136,136,136,136,136,136,136,(X),(X),(X),136,25.2,13.6,13.6,25.2,13.6,13.6,13.6,13.6,13.6,13.6,13.6,13.6,(X),(X),(X),13.6,100,25,136,88,16,136,136,136,136,136,136,136,(X),(X),(X),136,25.6,8.5,13.6,23.2,5.6,13.6,13.6,13.6,13.6,13.6,13.6,13.6,(X),(X),(X),13.6
9020000US3202,3202,"Clark+Nye County Set, Nevada",0140,Industrial production managers 0140 (SOC 11-3051),845,90,0,670,30,0,15,0,0,20,0,0,(X),(X),(X),25,100.0,10.7,0.0,79.3,3.6,0.0,1.8,0.0,0.0,2.4,0.0,0.0,(X),(X),(X),3.0,730,90,0,575,30,0,4,0,0,20,0,0,(X),(X),(X),15,86.4,10.7,0.0,68.0,3.6,0.0,0.5,0.0,0.0,2.4,0.0,0.0,(X),(X),(X),1.8,115,0,0,95,0,0,4,0,0,0,0,0,(X),(X),(X),10,13.6,0.0,0.0,11.2,0.0,0.0,0.5,0.0,0.0,0.0,0.0,0.0,(X),(X),(X),1.2,224,89,136,202,43,136,19,136,136,23,136,136,(X),(X),(X),32,4.9,9.9,4.9,10.3,5.1,4.9,2.2,4.9,4.9,2.8,4.9,4.9,(X),(X),(X),3.7,206,89,136,186,43,136,17,136,136,23,136,136,(X),(X),(X),26,8.1,9.9,4.9,11.7,5.1,4.9,2.0,4.9,4.9,2.8,4.9,4.9,(X),(X),(X),3.0,72,136,136,66,136,136,13,136,136,136,136,136,(X),(X),(X),21,8.0,4.9,4.9,7.3,4.9,4.9,1.5,4.9,4.9,4.9,4.9,4.9,(X),(X),(X),2.6
9020000US3202,3202,"Clark+Nye County Set, Nevada",0150,Purchasing managers 0150 (SOC 11-3061),980,40,80,685,40,15,115,0,0,0,0,0,(X),(X),(X),10,100.0,4.1,8.2,69.9,4.1,1.5,11.7,0.0,0.0,0.0,0.0,0.0,(X),(X),(X),1.0,520,25,80,300,20,15,80,0,0,0,0,0,(X),(X),(X),0,53.1,2.6,8.2,30.6,2.0,1.5,8.2,0.0,0.0,0.0,0.0,0.0,(X),(X),(X),0.0,455,15,0,385,15,0,30,0,0,0,0,0,(X),(X),(X),10,46.4,1.5,0.0,39.3,1.5,0.0,3.1,0.0,0.0,0.0,0.0,0.0,(X),(X),(X),1.0,279,39,64,216,37,27,100,136,136,136,136,136,(X),(X),(X),16,4.2,3.8,6.5,11.1,3.8,2.7,8.7,4.2,4.2,4.2,4.2,4.2,(X),(X),(X),1.6,188,28,64,121,25,27,90,136,136,136,136,136,(X),(X),(X),136,10.5,2.8,6.5,9.3,2.6,2.7,8.2,4.2,4.2,4.2,4.2,4.2,(X),(X),(X),4.2,160,29,136,150,33,136,38,136,136,136,136,136,(X),(X),(X),16,10.5,3.0,4.2,10.6,3.4,4.2,3.6,4.2,4.2,4.2,4.2,4.2,(X),(X),(X),1.6
9020000US3202,3202,"Clark+Nye County Set, Nevada",0160,"Transportation, storage, and distribution managers 0160 (SOC 11-3071)",1285,95,60,920,100,0,30,85,0,0,0,0,(X),(X),(X),0,100.0,7.4,4.7,71.6,7.8,0.0,2.3,6.6,0.0,0.0,0.0,0.0,(X),(X),(X),0.0,1055,85,60,755,100,0,30,25,0,0,0,0,(X),(X),(X),0,82.1,6.6,4.7,58.8,7.8,0.0,2.3,1.9,0.0,0.0,0.0,0.0,(X),(X),(X),0.0,230,10,0,165,0,0,0,55,0,0,0,0,(X),(X),(X),0,17.9,0.8,0.0,12.8,0.0,0.0,0.0,4.3,0.0,0.0,0.0,0.0,(X),(X),(X),0.0,244,86,54,213,87,136,45,85,136,136,136,136,(X),(X),(X),136,3.2,6.6,4.3,9.1,6.8,3.2,3.5,6.3,3.2,3.2,3.2,3.2,(X),(X),(X),3.2,225,87,54,207,87,136,45,44,136,136,136,136,(X),(X),(X),136,7.2,6.7,4.3,9.7,6.8,3.2,3.5,3.5,3.2,3.2,3.2,3.2,(X),(X),(X),3.2,101,16,136,80,136,136,136,74,136,136,136,136,(X),(X),(X),136,7.2,1.2,3.2,6.4,3.2,3.2,3.2,5.6,3.2,3.2,3.2,3.2,(X),(X),(X),3.2
9020000US3202,3202,"Clark+Nye County Set, Nevada",0205,"Farmers, ranchers, and other agricultural managers 0205 (SOC 11-9013)",355,50,0,245,0,30,20,0,0,15,0,0,(X),(X),(X),0,100.0,14.1,0.0,69.0,0.0,8.5,5.6,0.0,0.0,4.2,0.0,0.0,(X),(X),(X),0.0,225,15,0,175,0,15,20,0,0,0,0,0,(X),(X),(X),0,63.4,4.2,0.0,49.3,0.0,4.2,5.6,0.0,0.0,0.0,0.0,0.0,(X),(X),(X),0.0,130,30,0,70,0,15,0,0,0,15,0,0,(X),(X),(X),0,36.6,8.5,0.0,19.7,0.0,4.2,0.0,0.0,0.0,4.2,0.0,0.0,(X),(X),(X),0.0,120,55,136,110,136,30,32,136,136,26,136,136,(X),(X),(X),136,11.3,15.2,11.3,18.7,11.3,8.2,9.0,11.3,11.3,7.4,11.3,11.3,(X),(X),(X),11.3,85,28,136,74,136,20,32,136,136,136,136,136,(X),(X),(X),136,19.5,7.8,11.3,19.0,11.3,5.5,9.0,11.3,11.3,11.3,11.3,11.3,(X),(X),(X),11.3,91,48,136,70,136,24,136,136,136,26,136,136,(X),(X),(X),136,19.8,13.5,11.3,16.1,11.3,6.7,11.3,11.3,11.3,7.4,11.3,11.3,(X),(X),(X),11.3
9020000US3202,3202,"Clark+Nye County Set, Nevada",0220,Construction managers 0220 (SOC 11-9021),6680,445,185,5370,190,130,255,40,0,35,0,0,(X),(X),(X),35,100.0,6.7,2.8,80.4,2.8,1.9,3.8,0.6,0.0,0.5,0.0,0.0,(X),(X),(X),0.5,5885,410,160,4755,150,100,205,40,0,35,0,0,(X),(X),(X),35,88.1,6.1,2.4,71.2,2.2,1.5,3.1,0.6,0.0,0.5,0.0,0.0,(X),(X),(X),0.5,800,35,25,615,35,35,50,0,0,4,0,0,(X),(X),(X),0,12.0,0.5,0.4,9.2,0.5,0.5,0.7,0.0,0.0,0.1,0.0,0.0,(X),(X),(X),0.0,631,146,85,565,88,120,101,59,136,38,136,136,(X),(X),(X),42,0.6,2.2,1.2,3.2,1.3,1.7,1.5,0.9,0.6,0.6,0.6,0.6,(X),(X),(X),0.6,532,136,83,489,86,83,89,59,136,38,136,136,(X),(X),(X),42,3.5,2.1,1.2,3.8,1.3,1.2,1.4,0.9,0.6,0.6,0.6,0.6,(X),(X),(X),0.6,270,50,30,207,61,55,56,136,136,5,136,136,(X),(X),(X),136,3.5,0.7,0.4,2.7,0.9,0.8,0.8,0.6,0.6,0.1,0.6,0.6,(X),(X),(X),0.6
9020000US3202,3202,"Clark+Nye County Set, Nevada",0230,Education administrators 0230 (SOC 11-9030),3395,230,145,2240,430,35,205,15,10,10,15,0,(X),(X),(X),55,100.0,6.8,4.3,66.0,12.7,1.0,6.0,0.4,0.3,0.3,0.4,0.0,(X),(X),(X),1.6,1345,65,60,970,140,0,100,0,10,0,0,0,(X),(X),(X),0,39.6,1.9,1.8,28.6,4.1,0.0,2.9,0.0,0.3,0.0,0.0,0.0,(X),(X),(X),0.0,2045,160,85,1270,290,35,105,15,0,10,15,0,(X),(X),(X),55,60.2,4.7,2.5,37.4,8.5,1.0,3.1,0.4,0.0,0.3,0.4,0.0,(X),(X),(X),1.6,431,112,107,321,182,48,111,25,16,18,26,136,(X),(X),(X),49,1.2,3.2,3.0,6.3,4.8,1.4,3.1,0.7,0.5,0.5,0.8,1.2,(X),(X),(X),1.4,221,53,60,190,102,136,91,136,16,136,136,136,(X),(X),(X),136,4.9,1.5,1.7,5.1,2.9,1.2,2.6,1.2,0.5,1.2,1.2,1.2,(X),(X),(X),1.2,330,96,87,239,148,48,64,25,136,18,26,136,(X),(X),(X),49,4.9,2.8,2.5,5.3,4.0,1.4,1.9,0.7,1.2,0.5,0.8,1.2,(X),(X),(X),1.4
9020000US3202,3202,"Clark+Nye County Set, Nevada",0300,Architectural and engineering managers 0300 (SOC 11-9041),585,20,0,435,0,0,95,0,0,15,20,0,(X),(X),(X),0,100.0,3.4,0.0,74.4,0.0,0.0,16.2,0.0,0.0,2.6,3.4,0.0,(X),(X),(X),0.0,565,20,0,415,0,0,95,0,0,15,20,0,(X),(X),(X),0,96.6,3.4,0.0,70.9,0.0,0.0,16.2,0.0,0.0,2.6,3.4,0.0,(X),(X),(X),0.0,25,0,0,25,0,0,0,0,0,0,0,0,(X),(X),(X),0,4.3,0.0,0.0,4.3,0.0,0.0,0.0,0.0,0.0,0.0,0.0,0.0,(X),(X),(X),0.0,171,32,136,143,136,136,91,136,136,25,27,136,(X),(X),(X),136,7.0,5.7,7.0,14.1,7.0,7.0,13.7,7.0,7.0,4.4,4.5,7.0,(X),(X),(X),7.0,170,32,136,144,136,136,91,136,136,25,27,136,(X),(X),(X),136,4.7,5.7,7.0,15.3,7.0,7.0,13.7,7.0,7.0,4.4,4.5,7.0,(X),(X),(X),7.0,26,136,136,26,136,136,136,136,136,136,136,136,(X),(X),(X),136,4.6,7.0,7.0,4.6,7.0,7.0,7.0,7.0,7.0,7.0,7.0,7.0,(X),(X),(X),7.0
9020000US3202,3202,"Clark+Nye County Set, Nevada",0310,Food service managers 0310 (SOC 11-9051),7065,960,635,4260,330,0,805,25,15,4,15,0,(X),(X),(X),20,100.0,13.6,9.0,60.3,4.7,0.0,11.4,0.4,0.2,0.1,0.2,0.0,(X),(X),(X),0.3,3835,400,280,2440,185,0,470,25,15,4,15,0,(X),(X),(X),0,54.3,5.7,4.0,34.5,2.6,0.0,6.7,0.4,0.2,0.1,0.2,0.0,(X),(X),(X),0.0,3235,560,355,1825,140,0,335,0,0,0,0,0,(X),(X),(X),20,45.8,7.9,5.0,25.8,2.0,0.0,4.7,0.0,0.0,0.0,0.0,0.0,(X),(X),(X),0.3,710,282,240,595,165,136,249,38,25,14,25,136,(X),(X),(X),33,0.6,3.7,3.2,5.4,2.3,0.6,3.6,0.5,0.3,0.2,0.4,0.6,(X),(X),(X),0.5,489,162,161,388,111,136,172,38,25,14,25,136,(X),(X),(X),136,4.7,2.2,2.2,4.4,1.5,0.6,2.5,0.5,0.3,0.2,0.4,0.6,(X),(X),(X),0.6,486,220,179,418,105,136,134,136,136,136,136,136,(X),(X),(X),33,4.7,3.0,2.5,5.0,1.5,0.6,1.9,0.6,0.6,0.6,0.6,0.6,(X),(X),(X),0.5
9020000US3202,3202,"Clark+Nye County Set, Nevada",0330,Gaming managers 0330 (SOC 11-9071),2055,55,50,1700,105,20,110,0,10,0,4,0,(X),(X),(X),0,100.0,2.7,2.4,82.7,5.1,1.0,5.4,0.0,0.5,0.0,0.2,0.0,(X),(X),(X),0.0,1400,25,40,1200,70,20,40,0,10,0,0,0,(X),(X),(X),0,68.1,1.2,1.9,58.4,3.4,1.0,1.9,0.0,0.5,0.0,0.0,0.0,(X),(X),(X),0.0,650,30,10,500,35,0,70,0,0,0,4,0,(X),(X),(X),0,31.6,1.5,0.5,24.3,1.7,0.0,3.4,0.0,0.0,0.0,0.2,0.0,(X),(X),(X),0.0,305,40,42,282,64,23,90,136,13,136,17,136,(X),(X),(X),136,2.0,2.0,2.0,5.1,2.9,1.1,4.4,2.0,0.6,2.0,0.8,2.0,(X),(X),(X),2.0,229,30,41,213,46,23,46,136,13,136,136,136,(X),(X),(X),136,5.7,1.5,2.0,5.8,2.2,1.1,2.3,2.0,0.6,2.0,2.0,2.0,(X),(X),(X),2.0,161,29,15,136,37,136,56,136,136,136,17,136,(X),(X),(X),136,5.7,1.4,0.7,5.2,1.7,2.0,2.7,2.0,2.0,2.0,0.8,2.0,(X),(X),(X),2.0
9020000US3202,3202,"Clark+Nye County Set, Nevada",0340,Lodging managers 0340 (SOC 11-9081),2830,600,165,1475,200,0,340,0,0,10,20,0,(X),(X),(X),20,100.0,21.2,5.8,52.1,7.1,0.0,12.0,0.0,0.0,0.4,0.7,0.0,(X),(X),(X),0.7,1560,250,40,940,125,0,160,0,0,10,20,0,(X),(X),(X),20,55.1,8.8,1.4,33.2,4.4,0.0,5.7,0.0,0.0,0.4,0.7,0.0,(X),(X),(X),0.7,1265,355,125,535,75,0,175,0,0,0,0,0,(X),(X),(X),0,44.7,12.5,4.4,18.9,2.7,0.0,6.2,0.0,0.0,0.0,0.0,0.0,(X),(X),(X),0.0,412,202,97,262,113,136,127,136,136,21,30,136,(X),(X),(X),26,1.5,5.7,3.3,6.4,4.0,1.5,4.2,1.5,1.5,0.7,1.0,1.5,(X),(X),(X),0.9,287,139,36,194,91,136,85,136,136,21,30,136,(X),(X),(X),26,7.4,4.4,1.3,6.0,3.3,1.5,3.0,1.5,1.5,0.7,1.0,1.5,(X),(X),(X),0.9,296,137,91,174,66,136,85,136,136,136,136,136,(X),(X),(X),136,7.3,4.4,3.2,5.3,2.3,1.5,2.9,1.5,1.5,1.5,1.5,1.5,(X),(X),(X),1.5
9020000US3202,3202,"Clark+Nye County Set, Nevada",0350,Medical and health services managers 0350 (SOC 11-9111),2140,220,40,1380,275,0,165,0,0,20,10,0,(X),(X),(X),30,100.0,10.3,1.9,64.5,12.9,0.0,7.7,0.0,0.0,0.9,0.5,0.0,(X),(X),(X),1.4,735,30,0,500,125,0,60,0,0,0,10,0,(X),(X),(X),0,34.3,1.4,0.0,23.4,5.8,0.0,2.8,0.0,0.0,0.0,0.5,0.0,(X),(X),(X),0.0,1405,190,40,880,145,0,105,0,0,20,0,0,(X),(X),(X),30,65.7,8.9,1.9,41.1,6.8,0.0,4.9,0.0,0.0,0.9,0.0,0.0,(X),(X),(X),1.4,313,133,35,260,156,136,83,136,136,26,22,136,(X),(X),(X),38,2.0,5.9,1.6,8.7,6.9,2.0,3.7,2.0,2.0,1.2,1.0,2.0,(X),(X),(X),1.8,199,34,136,152,102,136,46,136,136,136,22,136,(X),(X),(X),136,7.6,1.5,2.0,6.1,4.7,2.0,2.2,2.0,2.0,2.0,1.0,2.0,(X),(X),(X),2.0,250,119,35,204,100,136,63,136,136,26,136,136,(X),(X),(X),38,7.6,5.3,1.6,8.3,4.5,2.0,2.8,2.0,2.0,1.2,2.0,2.0,(X),(X),(X),1.8
9020000US3202,3202,"Clark+Nye County Set, Nevada",0360,Natural sciences managers 0360 (SOC 11-9121),35,0,0,35,0,0,0,0,0,0,0,0,(X),(X),(X),0,100.0,0.0,0.0,100.0,0.0,0.0,0.0,0.0,0.0,0.0,0.0,0.0,(X),(X),(X),0.0,25,0,0,25,0,0,0,0,0,0,0,0,(X),(X),(X),0,71.4,0.0,0.0,71.4,0.0,0.0,0.0,0.0,0.0,0.0,0.0,0.0,(X),(X),(X),0.0,4,0,0,4,0,0,0,0,0,0,0,0,(X),(X),(X),0,11.4,0.0,0.0,11.4,0.0,0.0,0.0,0.0,0.0,0.0,0.0,0.0,(X),(X),(X),0.0,35,136,136,35,136,136,136,136,136,136,136,136,(X),(X),(X),136,57.3,57.3,57.3,57.3,57.3,57.3,57.3,57.3,57.3,57.3,57.3,57.3,(X),(X),(X),57.3,34,136,136,34,136,136,136,136,136,136,136,136,(X),(X),(X),136,53.1,57.3,57.3,53.1,57.3,57.3,57.3,57.3,57.3,57.3,57.3,57.3,(X),(X),(X),57.3,14,136,136,14,136,136,136,136,136,136,136,136,(X),(X),(X),136,47.4,57.3,57.3,47.4,57.3,57.3,57.3,57.3,57.3,57.3,57.3,57.3,(X),(X),(X),57.3
9020000US3202,3202,"Clark+Nye County Set, Nevada",0410,"Property, real estate, and community association managers 0410 (SOC 11-9141)",5085,595,170,3490,375,30,310,10,35,45,0,0,(X),(X),(X),30,100.0,11.7,3.3,68.6,7.4,0.6,6.1,0.2,0.7,0.9,0.0,0.0,(X),(X),(X),0.6,1970,135,0,1480,115,30,195,0,0,0,0,0,(X),(X),(X),15,38.7,2.7,0.0,29.1,2.3,0.6,3.8,0.0,0.0,0.0,0.0,0.0,(X),(X),(X),0.3,3115,460,170,2010,260,4,115,10,35,45,0,0,(X),(X),(X),10,61.3,9.0,3.3,39.5,5.1,0.1,2.3,0.2,0.7,0.9,0.0,0.0,(X),(X),(X),0.2,572,195,94,453,175,52,122,16,37,46,136,136,(X),(X),(X),35,0.8,3.5,1.8,4.9,3.2,1.0,2.4,0.3,0.7,0.9,0.8,0.8,(X),(X),(X),0.7,352,101,136,277,121,49,114,136,136,136,136,136,(X),(X),(X),33,5.1,1.9,0.8,4.5,2.3,1.0,2.2,0.8,0.8,0.8,0.8,0.8,(X),(X),(X),0.6,417,157,94,339,126,20,71,16,37,46,136,136,(X),(X),(X),22,5.1,3.0,1.8,5.1,2.4,0.4,1.4,0.3,0.7,0.9,0.8,0.8,(X),(X),(X),0.4
9020000US3202,3202,"Clark+Nye County Set, Nevada",0420,Social and community service managers 0420 (SOC 11-9151),740,45,35,460,165,10,20,0,0,0,0,0,(X),(X),(X),0,100.0,6.1,4.7,62.2,22.3,1.4,2.7,0.0,0.0,0.0,0.0,0.0,(X),(X),(X),0.0,245,10,0,175,55,0,0,0,0,0,0,0,(X),(X),(X),0,33.1,1.4,0.0,23.6,7.4,0.0,0.0,0.0,0.0,0.0,0.0,0.0,(X),(X),(X),0.0,495,35,35,285,110,10,20,0,0,0,0,0,(X),(X),(X),0,66.9,4.7,4.7,38.5,14.9,1.4,2.7,0.0,0.0,0.0,0.0,0.0,(X),(X),(X),0.0,168,52,44,135,77,13,35,136,136,136,136,136,(X),(X),(X),136,5.6,7.0,5.8,11.7,9.2,1.8,4.7,5.6,5.6,5.6,5.6,5.6,(X),(X),(X),5.6,113,21,136,98,57,136,136,136,136,136,136,136,(X),(X),(X),136,13.9,2.8,5.6,11.6,8.0,5.6,5.6,5.6,5.6,5.6,5.6,5.6,(X),(X),(X),5.6,156,39,44,94,79,13,35,136,136,136,136,136,(X),(X),(X),136,13.8,5.4,5.8,10.0,9.7,1.8,4.7,5.6,5.6,5.6,5.6,5.6,(X),(X),(X),5.6
9020000US3202,3202,"Clark+Nye County Set, Nevada",0425,Emergency management directors 0425 (SOC 11-9161),15,0,0,15,0,0,0,0,0,0,0,0,(X),(X),(X),0,100.0,0.0,0.0,100.0,0.0,0.0,0.0,0.0,0.0,0.0,0.0,0.0,(X),(X),(X),0.0,15,0,0,15,0,0,0,0,0,0,0,0,(X),(X),(X),0,100.0,0.0,0.0,100.0,0.0,0.0,0.0,0.0,0.0,0.0,0.0,0.0,(X),(X),(X),0.0,0,0,0,0,0,0,0,0,0,0,0,0,(X),(X),(X),0,0.0,0.0,0.0,0.0,0.0,0.0,0.0,0.0,0.0,0.0,0.0,0.0,(X),(X),(X),0.0,25,136,136,25,136,136,136,136,136,136,136,136,(X),(X),(X),136,87.6,87.6,87.6,87.6,87.6,87.6,87.6,87.6,87.6,87.6,87.6,87.6,(X),(X),(X),87.6,25,136,136,25,136,136,136,136,136,136,136,136,(X),(X),(X),136,87.6,87.6,87.6,87.6,87.6,87.6,87.6,87.6,87.6,87.6,87.6,87.6,(X),(X),(X),87.6,136,136,136,136,136,136,136,136,136,136,136,136,(X),(X),(X),136,87.6,87.6,87.6,87.6,87.6,87.6,87.6,87.6,87.6,87.6,87.6,87.6,(X),(X),(X),87.6
9020000US3202,3202,"Clark+Nye County Set, Nevada",0430,"Miscellaneous managers, including funeral service managers and postmasters and mail superintendents 0430 (SOC 11-9XXX)",15210,1180,540,11535,950,85,580,80,25,10,40,0,(X),(X),(X),190,100.0,7.8,3.6,75.8,6.2,0.6,3.8,0.5,0.2,0.1,0.3,0.0,(X),(X),(X),1.2,9985,915,380,7520,560,30,360,30,0,10,25,0,(X),(X),(X),145,65.6,6.0,2.5,49.4,3.7,0.2,2.4,0.2,0.0,0.1,0.2,0.0,(X),(X),(X),1.0,5225,265,160,4010,390,50,220,45,25,0,15,0,(X),(X),(X),45,34.4,1.7,1.1,26.4,2.6,0.3,1.4,0.3,0.2,0.0,0.1,0.0,(X),(X),(X),0.3,789,257,164,739,256,52,175,87,33,25,30,136,(X),(X),(X),115,0.3,1.6,1.1,2.9,1.7,0.3,1.1,0.6,0.2,0.2,0.2,0.3,(X),(X),(X),0.7,659,242,134,614,191,34,135,43,136,25,30,136,(X),(X),(X),108,2.7,1.5,0.9,3.3,1.3,0.2,0.9,0.3,0.3,0.2,0.2,0.3,(X),(X),(X),0.7,490,99,87,469,152,40,99,73,33,136,23,136,(X),(X),(X),43,2.7,0.7,0.6,2.7,1.0,0.3,0.6,0.5,0.2,0.3,0.2,0.3,(X),(X),(X),0.3
9020000US3202,3202,"Clark+Nye County Set, Nevada",0500,"Agents and business managers of artists, performers, and athletes 0500 (SOC 13-1011)",775,60,0,575,65,15,65,0,0,0,0,0,(X),(X),(X),0,100.0,7.7,0.0,74.2,8.4,1.9,8.4,0.0,0.0,0.0,0.0,0.0,(X),(X),(X),0.0,465,60,0,280,65,0,65,0,0,0,0,0,(X),(X),(X),0,60.0,7.7,0.0,36.1,8.4,0.0,8.4,0.0,0.0,0.0,0.0,0.0,(X),(X),(X),0.0,310,0,0,295,0,15,0,0,0,0,0,0,(X),(X),(X),0,40.0,0.0,0.0,38.1,0.0,1.9,0.0,0.0,0.0,0.0,0.0,0.0,(X),(X),(X),0.0,226,68,136,207,72,25,60,136,136,136,136,136,(X),(X),(X),136,5.3,8.7,5.3,13.7,8.9,3.2,8.2,5.3,5.3,5.3,5.3,5.3,(X),(X),(X),5.3,183,68,136,149,72,136,60,136,136,136,136,136,(X),(X),(X),136,15.6,8.7,5.3,14.8,8.9,5.3,8.2,5.3,5.3,5.3,5.3,5.3,(X),(X),(X),5.3,146,136,136,145,136,25,136,136,136,136,136,136,(X),(X),(X),136,15.5,5.3,5.3,15.7,5.3,3.2,5.3,5.3,5.3,5.3,5.3,5.3,(X),(X),(X),5.3
9020000US3202,3202,"Clark+Nye County Set, Nevada",0510,"Buyers and purchasing agents, farm products 0510 (SOC 13-1021)",40,0,0,25,10,0,0,0,0,0,0,0,(X),(X),(X),0,100.0,0.0,0.0,62.5,25.0,0.0,0.0,0.0,0.0,0.0,0.0,0.0,(X),(X),(X),0.0,30,0,0,20,10,0,0,0,0,0,0,0,(X),(X),(X),0,75.0,0.0,0.0,50.0,25.0,0.0,0.0,0.0,0.0,0.0,0.0,0.0,(X),(X),(X),0.0,10,0,0,10,0,0,0,0,0,0,0,0,(X),(X),(X),0,25.0,0.0,0.0,25.0,0.0,0.0,0.0,0.0,0.0,0.0,0.0,0.0,(X),(X),(X),0.0,29,136,136,29,22,136,136,136,136,136,136,136,(X),(X),(X),136,53.6,53.6,53.6,55.2,52.9,53.6,53.6,53.6,53.6,53.6,53.6,53.6,(X),(X),(X),53.6,26,136,136,24,22,136,136,136,136,136,136,136,(X),(X),(X),136,37.2,53.6,53.6,50.0,52.9,53.6,53.6,53.6,53.6,53.6,53.6,53.6,(X),(X),(X),53.6,13,136,136,13,136,136,136,136,136,136,136,136,(X),(X),(X),136,32.1,53.6,53.6,32.1,53.6,53.6,53.6,53.6,53.6,53.6,53.6,53.6,(X),(X),(X),53.6
9020000US3202,3202,"Clark+Nye County Set, Nevada",0520,"Wholesale and retail buyers, except farm products 0520 (SOC 13-1022)",1360,85,65,990,10,20,175,10,0,0,0,0,(X),(X),(X),0,100.0,6.3,4.8,72.8,0.7,1.5,12.9,0.7,0.0,0.0,0.0,0.0,(X),(X),(X),0.0,735,70,55,500,0,20,90,0,0,0,0,0,(X),(X),(X),0,54.0,5.1,4.0,36.8,0.0,1.5,6.6,0.0,0.0,0.0,0.0,0.0,(X),(X),(X),0.0,625,15,15,490,10,0,85,10,0,0,0,0,(X),(X),(X),0,46.0,1.1,1.1,36.0,0.7,0.0,6.3,0.7,0.0,0.0,0.0,0.0,(X),(X),(X),0.0,279,75,57,238,19,32,113,15,136,136,136,136,(X),(X),(X),136,3.1,5.3,4.0,9.9,1.5,2.4,8.0,1.1,3.1,3.1,3.1,3.1,(X),(X),(X),3.1,229,72,54,188,136,32,72,136,136,136,136,136,(X),(X),(X),136,9.8,5.1,3.8,9.7,3.1,2.4,5.3,3.1,3.1,3.1,3.1,3.1,(X),(X),(X),3.1,154,25,25,126,19,136,86,15,136,136,136,136,(X),(X),(X),136,9.9,1.8,1.9,8.8,1.5,3.1,6.2,1.1,3.1,3.1,3.1,3.1,(X),(X),(X),3.1
9020000US3202,3202,"Clark+Nye County Set, Nevada",0530,"Purchasing agents, except wholesale, retail, and farm products 0530 (SOC 13-1023)",1280,110,95,770,100,0,145,0,0,20,15,0,(X),(X),(X),20,100.0,8.6,7.4,60.2,7.8,0.0,11.3,0.0,0.0,1.6,1.2,0.0,(X),(X),(X),1.6,565,70,40,400,45,0,15,0,0,0,0,0,(X),(X),(X),0,44.1,5.5,3.1,31.3,3.5,0.0,1.2,0.0,0.0,0.0,0.0,0.0,(X),(X),(X),0.0,715,40,55,370,55,0,130,0,0,20,15,0,(X),(X),(X),20,55.9,3.1,4.3,28.9,4.3,0.0,10.2,0.0,0.0,1.6,1.2,0.0,(X),(X),(X),1.6,255,72,84,188,67,136,82,136,136,37,27,136,(X),(X),(X),33,3.3,5.6,6.2,10.8,5.1,3.3,5.9,3.3,3.3,2.7,2.1,3.3,(X),(X),(X),2.5,168,59,61,148,44,136,25,136,136,136,136,136,(X),(X),(X),136,10.6,4.6,4.8,10.2,3.4,3.3,2.0,3.3,3.3,3.3,3.3,3.3,(X),(X),(X),3.3,200,37,57,111,56,136,77,136,136,37,27,136,(X),(X),(X),33,10.6,2.9,4.1,7.7,4.4,3.3,5.7,3.3,3.3,2.7,2.1,3.3,(X),(X),(X),2.5
9020000US3202,3202,"Clark+Nye County Set, Nevada",0540,"Claims adjusters, appraisers, examiners, and investigators 0540 (SOC 13-1030)",1475,105,35,1040,115,10,80,0,15,0,40,20,(X),(X),(X),10,100.0,7.1,2.4,70.5,7.8,0.7,5.4,0.0,1.0,0.0,2.7,1.4,(X),(X),(X),0.7,380,30,10,225,30,0,50,0,0,0,30,0,(X),(X),(X),0,25.8,2.0,0.7,15.3,2.0,0.0,3.4,0.0,0.0,0.0,2.0,0.0,(X),(X),(X),0.0,1095,75,25,815,80,10,25,0,15,0,10,20,(X),(X),(X),10,74.2,5.1,1.7,55.3,5.4,0.7,1.7,0.0,1.0,0.0,0.7,1.4,(X),(X),(X),0.7,262,85,42,241,87,21,62,136,28,136,45,30,(X),(X),(X),15,2.8,5.7,2.8,9.2,5.6,1.4,4.3,2.8,1.9,2.8,3.1,2.0,(X),(X),(X),1.0,145,50,16,111,53,136,62,136,136,136,43,136,(X),(X),(X),136,9.5,3.4,1.1,7.3,3.6,2.8,4.3,2.8,2.8,2.8,2.9,2.8,(X),(X),(X),2.8,257,68,38,226,71,21,28,136,28,136,23,30,(X),(X),(X),15,9.4,4.6,2.5,10.4,4.6,1.4,1.9,2.8,1.9,2.8,1.5,2.0,(X),(X),(X),1.0
9020000US3202,3202,"Clark+Nye County Set, Nevada",0565,Compliance officers 0565 (SOC 13-1041),1035,80,45,710,115,4,75,0,0,0,0,0,(X),(X),(X),0,100.0,7.7,4.3,68.6,11.1,0.4,7.2,0.0,0.0,0.0,0.0,0.0,(X),(X),(X),0.0,605,60,0,480,0,0,65,0,0,0,0,0,(X),(X),(X),0,58.5,5.8,0.0,46.4,0.0,0.0,6.3,0.0,0.0,0.0,0.0,0.0,(X),(X),(X),0.0,430,25,45,230,115,4,10,0,0,0,0,0,(X),(X),(X),0,41.5,2.4,4.3,22.2,11.1,0.4,1.0,0.0,0.0,0.0,0.0,0.0,(X),(X),(X),0.0,270,81,70,206,106,15,57,136,136,136,136,136,(X),(X),(X),136,4.0,7.0,6.7,14.9,8.9,1.4,5.5,4.0,4.0,4.0,4.0,4.0,(X),(X),(X),4.0,186,73,136,173,136,136,56,136,136,136,136,136,(X),(X),(X),136,12.6,6.8,4.0,13.5,4.0,4.0,5.4,4.0,4.0,4.0,4.0,4.0,(X),(X),(X),4.0,187,40,70,92,106,15,17,136,136,136,136,136,(X),(X),(X),136,12.7,3.7,6.7,8.3,8.9,1.4,1.6,4.0,4.0,4.0,4.0,4.0,(X),(X),(X),4.0
9020000US3202,3202,"Clark+Nye County Set, Nevada",0600,Cost estimators 0600 (SOC 13-1051),1125,70,50,905,10,0,10,0,0,25,30,0,(X),(X),(X),25,100.0,6.2,4.4,80.4,0.9,0.0,0.9,0.0,0.0,2.2,2.7,0.0,(X),(X),(X),2.2,970,70,10,835,10,0,0,0,0,0,25,0,(X),(X),(X),25,86.2,6.2,0.9,74.2,0.9,0.0,0.0,0.0,0.0,0.0,2.2,0.0,(X),(X),(X),2.2,155,0,40,75,0,0,10,0,0,25,4,0,(X),(X),(X),0,13.8,0.0,3.6,6.7,0.0,0.0,0.9,0.0,0.0,2.2,0.4,0.0,(X),(X),(X),0.0,222,57,48,211,18,136,15,136,136,41,43,136,(X),(X),(X),38,3.7,5.2,4.1,8.1,1.5,3.7,1.4,3.7,3.7,3.6,4.0,3.7,(X),(X),(X),3.2,202,57,15,196,18,136,136,136,136,136,41,136,(X),(X),(X),38,5.9,5.2,1.3,8.0,1.5,3.7,3.7,3.7,3.7,3.7,3.8,3.7,(X),(X),(X),3.2,75,136,47,43,136,136,15,136,136,41,15,136,(X),(X),(X),136,5.9,3.7,4.1,3.6,3.7,3.7,1.4,3.7,3.7,3.6,1.3,3.7,(X),(X),(X),3.7
9020000US3202,3202,"Clark+Nye County Set, Nevada",0630,Human resources workers 0630 (SOC 13-1070),3380,305,140,2135,325,4,350,10,20,0,15,0,(X),(X),(X),75,100.0,9.0,4.1,63.2,9.6,0.1,10.4,0.3,0.6,0.0,0.4,0.0,(X),(X),(X),2.2,1185,65,35,770,150,0,160,0,0,0,0,0,(X),(X),(X),0,35.1,1.9,1.0,22.8,4.4,0.0,4.7,0.0,0.0,0.0,0.0,0.0,(X),(X),(X),0.0,2190,240,105,1365,170,4,190,10,20,0,15,0,(X),(X),(X),75,64.8,7.1,3.1,40.4,5.0,0.1,5.6,0.3,0.6,0.0,0.4,0.0,(X),(X),(X),2.2,439,133,72,341,119,7,134,19,23,136,25,136,(X),(X),(X),69,1.2,3.7,2.2,5.6,3.4,0.2,3.5,0.6,0.7,1.2,0.7,1.2,(X),(X),(X),2.1,282,55,42,201,82,136,112,136,136,136,136,136,(X),(X),(X),136,6.3,1.6,1.2,5.0,2.4,1.2,3.1,1.2,1.2,1.2,1.2,1.2,(X),(X),(X),1.2,327,116,71,263,82,7,94,19,23,136,25,136,(X),(X),(X),69,6.4,3.2,2.2,5.8,2.4,0.2,2.8,0.6,0.7,1.2,0.7,1.2,(X),(X),(X),2.1
9020000US3202,3202,"Clark+Nye County Set, Nevada",0640,"Compensation, benefits, and job analysis specialists 0640 (SOC 13-1141)",550,10,70,425,10,0,15,0,0,10,4,0,(X),(X),(X),0,100.0,1.8,12.7,77.3,1.8,0.0,2.7,0.0,0.0,1.8,0.7,0.0,(X),(X),(X),0.0,140,0,40,85,0,0,15,0,0,0,0,0,(X),(X),(X),0,25.5,0.0,7.3,15.5,0.0,0.0,2.7,0.0,0.0,0.0,0.0,0.0,(X),(X),(X),0.0,410,10,30,335,10,0,0,0,0,10,4,0,(X),(X),(X),0,74.5,1.8,5.5,60.9,1.8,0.0,0.0,0.0,0.0,1.8,0.7,0.0,(X),(X),(X),0.0,168,15,70,152,16,136,23,136,136,20,17,136,(X),(X),(X),136,7.4,2.7,11.2,12.9,3.0,7.4,4.3,7.4,7.4,3.7,3.1,7.4,(X),(X),(X),7.4,101,136,62,76,136,136,23,136,136,136,136,136,(X),(X),(X),136,15.0,7.4,10.6,12.1,7.4,7.4,4.3,7.4,7.4,7.4,7.4,7.4,(X),(X),(X),7.4,131,15,35,123,16,136,136,136,136,20,17,136,(X),(X),(X),136,15.2,2.7,6.0,14.8,3.0,7.4,7.4,7.4,7.4,3.7,3.1,7.4,(X),(X),(X),7.4
9020000US3202,3202,"Clark+Nye County Set, Nevada",0650,Training and development specialists 0650 (SOC 13-1151),650,60,40,380,80,0,80,0,0,0,10,0,(X),(X),(X),0,100.0,9.2,6.2,58.5,12.3,0.0,12.3,0.0,0.0,0.0,1.5,0.0,(X),(X),(X),0.0,265,20,0,195,45,0,4,0,0,0,0,0,(X),(X),(X),0,40.8,3.1,0.0,30.0,6.9,0.0,0.6,0.0,0.0,0.0,0.0,0.0,(X),(X),(X),0.0,385,40,40,180,40,0,75,0,0,0,10,0,(X),(X),(X),0,59.2,6.2,6.2,27.7,6.2,0.0,11.5,0.0,0.0,0.0,1.5,0.0,(X),(X),(X),0.0,171,65,47,131,72,136,65,136,136,136,16,136,(X),(X),(X),136,6.3,9.4,7.1,15.2,10.2,6.3,9.1,6.3,6.3,6.3,2.5,6.3,(X),(X),(X),6.3,121,34,136,105,63,136,10,136,136,136,136,136,(X),(X),(X),136,14.8,5.2,6.3,14.0,9.4,6.3,1.5,6.3,6.3,6.3,6.3,6.3,(X),(X),(X),6.3,136,54,47,77,40,136,65,136,136,136,16,136,(X),(X),(X),136,14.6,7.9,7.1,10.5,6.0,6.3,9.4,6.3,6.3,6.3,2.5,6.3,(X),(X),(X),6.3
9020000US3202,3202,"Clark+Nye County Set, Nevada",0700,Logisticians 0700 (SOC 13-1081),150,0,10,105,30,0,0,0,0,0,0,0,(X),(X),(X),0,100.0,0.0,6.7,70.0,20.0,0.0,0.0,0.0,0.0,0.0,0.0,0.0,(X),(X),(X),0.0,100,0,0,70,30,0,0,0,0,0,0,0,(X),(X),(X),0,66.7,0.0,0.0,46.7,20.0,0.0,0.0,0.0,0.0,0.0,0.0,0.0,(X),(X),(X),0.0,50,0,10,40,0,0,0,0,0,0,0,0,(X),(X),(X),0,33.3,0.0,6.7,26.7,0.0,0.0,0.0,0.0,0.0,0.0,0.0,0.0,(X),(X),(X),0.0,73,136,20,54,34,136,136,136,136,136,136,136,(X),(X),(X),136,24.3,24.3,12.9,21.2,18.0,24.3,24.3,24.3,24.3,24.3,24.3,24.3,(X),(X),(X),24.3,60,136,136,42,34,136,136,136,136,136,136,136,(X),(X),(X),136,20.5,24.3,24.3,21.1,18.0,24.3,24.3,24.3,24.3,24.3,24.3,24.3,(X),(X),(X),24.3,38,136,20,30,136,136,136,136,136,136,136,136,(X),(X),(X),136,20.7,24.3,12.9,17.7,24.3,24.3,24.3,24.3,24.3,24.3,24.3,24.3,(X),(X),(X),24.3
9020000US3202,3202,"Clark+Nye County Set, Nevada",0710,Management analysts 0710 (SOC 13-1111),3685,225,85,2855,215,15,205,40,0,10,10,10,(X),(X),(X),20,100.0,6.1,2.3,77.5,5.8,0.4,5.6,1.1,0.0,0.3,0.3,0.3,(X),(X),(X),0.5,2325,140,30,1785,170,0,170,0,0,10,10,10,(X),(X),(X),0,63.1,3.8,0.8,48.4,4.6,0.0,4.6,0.0,0.0,0.3,0.3,0.3,(X),(X),(X),0.0,1360,85,55,1065,45,15,35,40,0,0,0,0,(X),(X),(X),20,36.9,2.3,1.5,28.9,1.2,0.4,0.9,1.1,0.0,0.0,0.0,0.0,(X),(X),(X),0.5,481,118,60,412,131,35,95,58,136,20,17,13,(X),(X),(X),33,1.1,3.1,1.6,5.1,3.3,0.9,2.5,1.6,1.1,0.5,0.5,0.4,(X),(X),(X),0.9,357,82,31,327,115,136,91,136,136,20,17,13,(X),(X),(X),136,5.1,2.1,0.8,6.3,3.0,1.1,2.4,1.1,1.1,0.5,0.5,0.4,(X),(X),(X),1.1,263,79,51,230,54,35,35,58,136,136,136,136,(X),(X),(X),33,5.1,2.2,1.4,4.9,1.4,0.9,1.0,1.6,1.1,1.1,1.1,1.1,(X),(X),(X),0.9
9020000US3202,3202,"Clark+Nye County Set, Nevada",0725,"Meeting, convention, and event planners 0725 (SOC 13-1121)",910,35,30,640,145,0,50,4,0,0,0,0,(X),(X),(X),0,100.0,3.8,3.3,70.3,15.9,0.0,5.5,0.4,0.0,0.0,0.0,0.0,(X),(X),(X),0.0,540,35,30,350,125,0,0,0,0,0,0,0,(X),(X),(X),0,59.3,3.8,3.3,38.5,13.7,0.0,0.0,0.0,0.0,0.0,0.0,0.0,(X),(X),(X),0.0,370,0,0,295,20,0,50,4,0,0,0,0,(X),(X),(X),0,40.7,0.0,0.0,32.4,2.2,0.0,5.5,0.4,0.0,0.0,0.0,0.0,(X),(X),(X),0.0,248,52,49,198,114,136,46,16,136,136,136,136,(X),(X),(X),136,4.6,5.5,5.3,13.5,11.4,4.6,4.8,1.7,4.6,4.6,4.6,4.6,(X),(X),(X),4.6,186,52,49,141,106,136,136,136,136,136,136,136,(X),(X),(X),136,9.9,5.5,5.3,11.2,10.7,4.6,4.6,4.6,4.6,4.6,4.6,4.6,(X),(X),(X),4.6,124,136,136,107,32,136,46,16,136,136,136,136,(X),(X),(X),136,10.0,4.6,4.6,9.9,3.3,4.6,4.8,1.7,4.6,4.6,4.6,4.6,(X),(X),(X),4.6
9020000US3202,3202,"Clark+Nye County Set, Nevada",0726,Fundraisers 0726 (SOC 13-1131),360,20,0,295,30,0,10,0,0,0,0,0,(X),(X),(X),0,100.0,5.6,0.0,81.9,8.3,0.0,2.8,0.0,0.0,0.0,0.0,0.0,(X),(X),(X),0.0,75,20,0,40,15,0,0,0,0,0,0,0,(X),(X),(X),0,20.8,5.6,0.0,11.1,4.2,0.0,0.0,0.0,0.0,0.0,0.0,0.0,(X),(X),(X),0.0,285,0,0,255,15,0,10,0,0,0,0,0,(X),(X),(X),0,79.2,0.0,0.0,70.8,4.2,0.0,2.8,0.0,0.0,0.0,0.0,0.0,(X),(X),(X),0.0,129,40,136,115,33,136,21,136,136,136,136,136,(X),(X),(X),136,11.1,10.9,11.1,15.8,8.6,11.1,5.5,11.1,11.1,11.1,11.1,11.1,(X),(X),(X),11.1,63,40,136,36,22,136,136,136,136,136,136,136,(X),(X),(X),136,16.6,10.9,11.1,9.5,6.2,11.1,11.1,11.1,11.1,11.1,11.1,11.1,(X),(X),(X),11.1,121,136,136,106,27,136,21,136,136,136,136,136,(X),(X),(X),136,16.4,11.1,11.1,16.4,7.2,11.1,5.5,11.1,11.1,11.1,11.1,11.1,(X),(X),(X),11.1
9020000US3202,3202,"Clark+Nye County Set, Nevada",0735,Market research analysts and marketing specialists 0735 (SOC 13-1161),1030,35,45,535,195,4,170,0,0,15,25,0,(X),(X),(X),0,100.0,3.4,4.4,51.9,18.9,0.4,16.5,0.0,0.0,1.5,2.4,0.0,(X),(X),(X),0.0,575,10,35,365,80,4,70,0,0,4,0,0,(X),(X),(X),0,55.8,1.0,3.4,35.4,7.8,0.4,6.8,0.0,0.0,0.4,0.0,0.0,(X),(X),(X),0.0,455,25,10,170,115,0,100,0,0,10,25,0,(X),(X),(X),0,44.2,2.4,1.0,16.5,11.2,0.0,9.7,0.0,0.0,1.0,2.4,0.0,(X),(X),(X),0.0,267,39,58,182,126,8,92,136,136,23,40,136,(X),(X),(X),136,4.0,3.7,5.5,12.0,10.7,0.8,8.4,4.0,4.0,2.3,3.9,4.0,(X),(X),(X),4.0,190,23,57,135,75,8,81,136,136,15,136,136,(X),(X),(X),136,12.2,2.2,5.4,10.3,7.2,0.8,7.4,4.0,4.0,1.5,4.0,4.0,(X),(X),(X),4.0,177,43,19,104,105,136,66,136,136,16,40,136,(X),(X),(X),136,12.2,4.1,1.9,9.1,9.2,4.0,6.7,4.0,4.0,1.6,3.9,4.0,(X),(X),(X),4.0
9020000US3202,3202,"Clark+Nye County Set, Nevada",0740,"Business operations specialists, all other 0740 (SOC 13-1199)",865,40,30,515,185,0,75,0,0,0,0,0,(X),(X),(X),15,100.0,4.6,3.5,59.5,21.4,0.0,8.7,0.0,0.0,0.0,0.0,0.0,(X),(X),(X),1.7,265,10,0,215,10,0,15,0,0,0,0,0,(X),(X),(X),15,30.6,1.2,0.0,24.9,1.2,0.0,1.7,0.0,0.0,0.0,0.0,0.0,(X),(X),(X),1.7,600,30,30,300,175,0,65,0,0,0,0,0,(X),(X),(X),0,69.4,3.5,3.5,34.7,20.2,0.0,7.5,0.0,0.0,0.0,0.0,0.0,(X),(X),(X),0.0,173,35,40,140,100,136,58,136,136,136,136,136,(X),(X),(X),22,4.8,3.9,4.7,12.0,10.1,4.8,6.8,4.8,4.8,4.8,4.8,4.8,(X),(X),(X),2.5,82,15,136,78,15,136,25,136,136,136,136,136,(X),(X),(X),22,9.0,1.8,4.8,8.5,1.8,4.8,2.9,4.8,4.8,4.8,4.8,4.8,(X),(X),(X),2.5,158,32,40,115,96,136,51,136,136,136,136,136,(X),(X),(X),136,9.0,3.6,4.7,11.0,9.5,4.8,5.9,4.8,4.8,4.8,4.8,4.8,(X),(X),(X),4.8
9020000US3202,3202,"Clark+Nye County Set, Nevada",0800,Accountants and auditors 0800 (SOC 13-2011),10070,760,325,5940,880,20,1965,45,30,0,80,0,(X),(X),(X),20,100.0,7.5,3.2,59.0,8.7,0.2,19.5,0.4,0.3,0.0,0.8,0.0,(X),(X),(X),0.2,3765,255,80,2385,310,0,635,20,4,0,45,0,(X),(X),(X),20,37.4,2.5,0.8,23.7,3.1,0.0,6.3,0.2,0.0,0.0,0.4,0.0,(X),(X),(X),0.2,6305,505,245,3555,570,20,1330,25,25,0,35,0,(X),(X),(X),0,62.6,5.0,2.4,35.3,5.7,0.2,13.2,0.2,0.2,0.0,0.3,0.0,(X),(X),(X),0.0,767,205,104,551,232,25,374,51,32,136,56,136,(X),(X),(X),34,0.4,2.0,1.1,3.6,2.1,0.2,3.2,0.5,0.3,0.4,0.6,0.4,(X),(X),(X),0.3,378,121,53,311,150,136,194,38,19,136,43,136,(X),(X),(X),34,2.7,1.2,0.5,2.7,1.4,0.4,1.8,0.4,0.2,0.4,0.4,0.4,(X),(X),(X),0.3,566,159,97,385,178,25,280,33,29,136,33,136,(X),(X),(X),136,2.7,1.5,1.0,2.7,1.7,0.2,2.4,0.3,0.3,0.4,0.3,0.4,(X),(X),(X),0.4
9020000US3202,3202,"Clark+Nye County Set, Nevada",0810,Appraisers and assessors of real estate 0810 (SOC 13-2021),775,0,0,640,110,0,10,0,15,0,0,0,(X),(X),(X),0,100.0,0.0,0.0,82.6,14.2,0.0,1.3,0.0,1.9,0.0,0.0,0.0,(X),(X),(X),0.0,465,0,0,400,55,0,0,0,15,0,0,0,(X),(X),(X),0,60.0,0.0,0.0,51.6,7.1,0.0,0.0,0.0,1.9,0.0,0.0,0.0,(X),(X),(X),0.0,310,0,0,245,55,0,10,0,0,0,0,0,(X),(X),(X),0,40.0,0.0,0.0,31.6,7.1,0.0,1.3,0.0,0.0,0.0,0.0,0.0,(X),(X),(X),0.0,221,136,136,192,112,136,18,136,23,136,136,136,(X),(X),(X),136,5.3,5.3,5.3,13.1,12.8,5.3,2.4,5.3,3.0,5.3,5.3,5.3,(X),(X),(X),5.3,159,136,136,140,63,136,136,136,23,136,136,136,(X),(X),(X),136,11.1,5.3,5.3,12.5,7.1,5.3,5.3,5.3,3.0,5.3,5.3,5.3,(X),(X),(X),5.3,121,136,136,115,61,136,18,136,136,136,136,136,(X),(X),(X),136,11.0,5.3,5.3,12.6,7.4,5.3,2.4,5.3,5.3,5.3,5.3,5.3,(X),(X),(X),5.3
9020000US3202,3202,"Clark+Nye County Set, Nevada",0820,Budget analysts 0820 (SOC 13-2031),180,15,0,135,15,4,10,0,0,0,0,0,(X),(X),(X),0,100.0,8.3,0.0,75.0,8.3,2.2,5.6,0.0,0.0,0.0,0.0,0.0,(X),(X),(X),0.0,70,0,0,65,4,0,0,0,0,0,0,0,(X),(X),(X),0,38.9,0.0,0.0,36.1,2.2,0.0,0.0,0.0,0.0,0.0,0.0,0.0,(X),(X),(X),0.0,115,15,0,70,10,4,10,0,0,0,0,0,(X),(X),(X),0,63.9,8.3,0.0,38.9,5.6,2.2,5.6,0.0,0.0,0.0,0.0,0.0,(X),(X),(X),0.0,80,28,136,72,27,13,19,136,136,136,136,136,(X),(X),(X),136,20.8,14.5,20.8,21.8,15.2,6.6,9.9,20.8,20.8,20.8,20.8,20.8,(X),(X),(X),20.8,56,136,136,56,12,136,136,136,136,136,136,136,(X),(X),(X),136,24.0,20.8,20.8,24.2,6.0,20.8,20.8,20.8,20.8,20.8,20.8,20.8,(X),(X),(X),20.8,57,28,136,48,18,13,19,136,136,136,136,136,(X),(X),(X),136,22.8,14.5,20.8,21.4,10.3,6.6,9.9,20.8,20.8,20.8,20.8,20.8,(X),(X),(X),20.8
9020000US3202,3202,"Clark+Nye County Set, Nevada",0830,Credit analysts 0830 (SOC 13-2041),110,0,0,40,40,0,30,0,0,0,0,0,(X),(X),(X),0,100.0,0.0,0.0,36.4,36.4,0.0,27.3,0.0,0.0,0.0,0.0,0.0,(X),(X),(X),0.0,30,0,0,10,0,0,20,0,0,0,0,0,(X),(X),(X),0,27.3,0.0,0.0,9.1,0.0,0.0,18.2,0.0,0.0,0.0,0.0,0.0,(X),(X),(X),0.0,80,0,0,30,40,0,10,0,0,0,0,0,(X),(X),(X),0,72.7,0.0,0.0,27.3,36.4,0.0,9.1,0.0,0.0,0.0,0.0,0.0,(X),(X),(X),0.0,71,136,136,36,43,136,32,136,136,136,136,136,(X),(X),(X),136,31.0,31.0,31.0,28.0,27.7,31.0,26.0,31.0,31.0,31.0,31.0,31.0,(X),(X),(X),31.0,30,136,136,19,136,136,25,136,136,136,136,136,(X),(X),(X),136,26.4,31.0,31.0,16.9,31.0,31.0,23.2,31.0,31.0,31.0,31.0,31.0,(X),(X),(X),31.0,62,136,136,31,43,136,20,136,136,136,136,136,(X),(X),(X),136,26.1,31.0,31.0,23.8,27.7,31.0,15.9,31.0,31.0,31.0,31.0,31.0,(X),(X),(X),31.0
9020000US3202,3202,"Clark+Nye County Set, Nevada",0840,Financial analysts 0840 (SOC 13-2051),365,0,0,310,20,0,35,0,0,0,0,0,(X),(X),(X),0,100.0,0.0,0.0,84.9,5.5,0.0,9.6,0.0,0.0,0.0,0.0,0.0,(X),(X),(X),0.0,255,0,0,215,4,0,35,0,0,0,0,0,(X),(X),(X),0,69.9,0.0,0.0,58.9,1.1,0.0,9.6,0.0,0.0,0.0,0.0,0.0,(X),(X),(X),0.0,115,0,0,90,20,0,0,0,0,0,0,0,(X),(X),(X),0,31.5,0.0,0.0,24.7,5.5,0.0,0.0,0.0,0.0,0.0,0.0,0.0,(X),(X),(X),0.0,119,136,136,110,36,136,41,136,136,136,136,136,(X),(X),(X),136,11.0,11.0,11.0,13.4,9.6,11.0,10.2,11.0,11.0,11.0,11.0,11.0,(X),(X),(X),11.0,102,136,136,94,11,136,41,136,136,136,136,136,(X),(X),(X),136,17.4,11.0,11.0,18.0,3.0,11.0,10.2,11.0,11.0,11.0,11.0,11.0,(X),(X),(X),11.0,71,136,136,67,36,136,136,136,136,136,136,136,(X),(X),(X),136,16.5,11.0,11.0,16.4,9.6,11.0,11.0,11.0,11.0,11.0,11.0,11.0,(X),(X),(X),11.0
9020000US3202,3202,"Clark+Nye County Set, Nevada",0850,Personal financial advisors 0850 (SOC 13-2052),1145,25,30,970,105,0,10,0,0,0,0,0,(X),(X),(X),0,100.0,2.2,2.6,84.7,9.2,0.0,0.9,0.0,0.0,0.0,0.0,0.0,(X),(X),(X),0.0,835,10,30,730,50,0,10,0,0,0,0,0,(X),(X),(X),0,72.9,0.9,2.6,63.8,4.4,0.0,0.9,0.0,0.0,0.0,0.0,0.0,(X),(X),(X),0.0,310,15,0,240,55,0,0,0,0,0,0,0,(X),(X),(X),0,27.1,1.3,0.0,21.0,4.8,0.0,0.0,0.0,0.0,0.0,0.0,0.0,(X),(X),(X),0.0,229,28,41,210,78,136,17,136,136,136,136,136,(X),(X),(X),136,3.6,2.4,3.5,7.4,6.4,3.6,1.5,3.6,3.6,3.6,3.6,3.6,(X),(X),(X),3.6,209,16,41,182,64,136,17,136,136,136,136,136,(X),(X),(X),136,8.2,1.4,3.5,8.4,5.2,3.6,1.5,3.6,3.6,3.6,3.6,3.6,(X),(X),(X),3.6,100,23,136,93,53,136,136,136,136,136,136,136,(X),(X),(X),136,8.0,2.0,3.6,7.5,4.7,3.6,3.6,3.6,3.6,3.6,3.6,3.6,(X),(X),(X),3.6
9020000US3202,3202,"Clark+Nye County Set, Nevada",0860,Insurance underwriters 0860 (SOC 13-2053),410,110,10,230,35,0,20,0,0,0,10,0,(X),(X),(X),0,100.0,26.8,2.4,56.1,8.5,0.0,4.9,0.0,0.0,0.0,2.4,0.0,(X),(X),(X),0.0,50,0,0,50,0,0,0,0,0,0,0,0,(X),(X),(X),0,12.2,0.0,0.0,12.2,0.0,0.0,0.0,0.0,0.0,0.0,0.0,0.0,(X),(X),(X),0.0,360,110,10,175,35,0,20,0,0,0,10,0,(X),(X),(X),0,87.8,26.8,2.4,42.7,8.5,0.0,4.9,0.0,0.0,0.0,2.4,0.0,(X),(X),(X),0.0,158,94,14,109,35,136,33,136,136,136,14,136,(X),(X),(X),136,9.8,17.8,3.3,18.9,8.8,9.8,8.2,9.8,9.8,9.8,3.5,9.8,(X),(X),(X),9.8,49,136,136,49,136,136,136,136,136,136,136,136,(X),(X),(X),136,12.6,9.8,9.8,12.6,9.8,9.8,9.8,9.8,9.8,9.8,9.8,9.8,(X),(X),(X),9.8,156,94,14,105,35,136,33,136,136,136,14,136,(X),(X),(X),136,12.4,17.8,3.3,20.0,8.8,9.8,8.2,9.8,9.8,9.8,3.5,9.8,(X),(X),(X),9.8
9020000US3202,3202,"Clark+Nye County Set, Nevada",0900,Financial examiners 0900 (SOC 13-2061),20,0,0,20,0,0,0,0,0,0,0,0,(X),(X),(X),0,100.0,0.0,0.0,100.0,0.0,0.0,0.0,0.0,0.0,0.0,0.0,0.0,(X),(X),(X),0.0,10,0,0,10,0,0,0,0,0,0,0,0,(X),(X),(X),0,50.0,0.0,0.0,50.0,0.0,0.0,0.0,0.0,0.0,0.0,0.0,0.0,(X),(X),(X),0.0,10,0,0,10,0,0,0,0,0,0,0,0,(X),(X),(X),0,50.0,0.0,0.0,50.0,0.0,0.0,0.0,0.0,0.0,0.0,0.0,0.0,(X),(X),(X),0.0,23,136,136,23,136,136,136,136,136,136,136,136,(X),(X),(X),136,75.8,75.8,75.8,75.8,75.8,75.8,75.8,75.8,75.8,75.8,75.8,75.8,(X),(X),(X),75.8,13,136,136,13,136,136,136,136,136,136,136,136,(X),(X),(X),136,50.0,75.8,75.8,50.0,75.8,75.8,75.8,75.8,75.8,75.8,75.8,75.8,(X),(X),(X),75.8,14,136,136,14,136,136,136,136,136,136,136,136,(X),(X),(X),136,50.0,75.8,75.8,50.0,75.8,75.8,75.8,75.8,75.8,75.8,75.8,75.8,(X),(X),(X),75.8
9020000US3202,3202,"Clark+Nye County Set, Nevada",0910,Credit counselors and loan officers 0910 (SOC 13-2070),3530,525,80,2155,345,4,255,4,30,40,25,0,(X),(X),(X),60,100.0,14.9,2.3,61.0,9.8,0.1,7.2,0.1,0.8,1.1,0.7,0.0,(X),(X),(X),1.7,1635,175,60,1140,140,0,110,0,0,0,10,0,(X),(X),(X),0,46.3,5.0,1.7,32.3,4.0,0.0,3.1,0.0,0.0,0.0,0.3,0.0,(X),(X),(X),0.0,1895,355,20,1015,200,4,145,4,30,40,20,0,(X),(X),(X),60,53.7,10.1,0.6,28.8,5.7,0.1,4.1,0.1,0.8,1.1,0.6,0.0,(X),(X),(X),1.7,428,203,49,315,141,19,106,25,41,49,34,136,(X),(X),(X),50,1.2,5.4,1.4,6.1,3.5,0.5,3.0,0.7,1.2,1.4,1.0,1.2,(X),(X),(X),1.4,235,92,46,220,77,136,77,136,136,136,13,136,(X),(X),(X),136,5.4,2.6,1.3,5.6,2.1,1.2,2.2,1.2,1.2,1.2,0.4,1.2,(X),(X),(X),1.2,334,165,28,223,110,19,76,25,41,49,33,136,(X),(X),(X),50,5.4,4.4,0.8,5.2,2.9,0.5,2.2,0.7,1.2,1.4,1.0,1.2,(X),(X),(X),1.4
9020000US3202,3202,"Clark+Nye County Set, Nevada",0930,"Tax examiners and collectors, and revenue agents 0930 (SOC 13-2081)",285,15,30,220,25,0,0,0,0,0,0,0,(X),(X),(X),0,100.0,5.3,10.5,77.2,8.8,0.0,0.0,0.0,0.0,0.0,0.0,0.0,(X),(X),(X),0.0,45,0,0,45,0,0,0,0,0,0,0,0,(X),(X),(X),0,15.8,0.0,0.0,15.8,0.0,0.0,0.0,0.0,0.0,0.0,0.0,0.0,(X),(X),(X),0.0,240,15,30,175,25,0,0,0,0,0,0,0,(X),(X),(X),0,84.2,5.3,10.5,61.4,8.8,0.0,0.0,0.0,0.0,0.0,0.0,0.0,(X),(X),(X),0.0,131,24,43,109,29,136,136,136,136,136,136,136,(X),(X),(X),136,13.8,8.7,13.5,17.2,11.0,13.8,13.8,13.8,13.8,13.8,13.8,13.8,(X),(X),(X),13.8,43,136,136,43,136,136,136,136,136,136,136,136,(X),(X),(X),136,15.4,13.8,13.8,15.4,13.8,13.8,13.8,13.8,13.8,13.8,13.8,13.8,(X),(X),(X),13.8,129,24,43,107,29,136,136,136,136,136,136,136,(X),(X),(X),136,15.8,8.7,13.5,21.0,11.0,13.8,13.8,13.8,13.8,13.8,13.8,13.8,(X),(X),(X),13.8
9020000US3202,3202,"Clark+Nye County Set, Nevada",0940,Tax preparers 0940 (SOC 13-2082),635,85,15,390,60,10,80,0,0,0,0,0,(X),(X),(X),0,100.0,13.4,2.4,61.4,9.4,1.6,12.6,0.0,0.0,0.0,0.0,0.0,(X),(X),(X),0.0,270,25,15,170,15,10,35,0,0,0,0,0,(X),(X),(X),0,42.5,3.9,2.4,26.8,2.4,1.6,5.5,0.0,0.0,0.0,0.0,0.0,(X),(X),(X),0.0,365,55,0,225,45,0,45,0,0,0,0,0,(X),(X),(X),0,57.5,8.7,0.0,35.4,7.1,0.0,7.1,0.0,0.0,0.0,0.0,0.0,(X),(X),(X),0.0,190,69,24,148,45,14,55,136,136,136,136,136,(X),(X),(X),136,6.5,9.9,3.8,12.9,6.9,2.2,8.3,6.5,6.5,6.5,6.5,6.5,(X),(X),(X),6.5,118,45,24,80,35,14,43,136,136,136,136,136,(X),(X),(X),136,14.8,6.9,3.8,11.2,5.5,2.2,6.5,6.5,6.5,6.5,6.5,6.5,(X),(X),(X),6.5,150,51,136,130,40,136,33,136,136,136,136,136,(X),(X),(X),136,14.6,7.5,6.5,16.1,6.2,6.5,5.2,6.5,6.5,6.5,6.5,6.5,(X),(X),(X),6.5
9020000US3202,3202,"Clark+Nye County Set, Nevada",0950,"Financial specialists, all other 0950 (SOC 13-2099)",240,15,0,210,10,0,4,0,0,0,0,0,(X),(X),(X),0,100.0,6.3,0.0,87.5,4.2,0.0,1.7,0.0,0.0,0.0,0.0,0.0,(X),(X),(X),0.0,105,0,0,100,0,0,4,0,0,0,0,0,(X),(X),(X),0,43.8,0.0,0.0,41.7,0.0,0.0,1.7,0.0,0.0,0.0,0.0,0.0,(X),(X),(X),0.0,135,15,0,110,10,0,0,0,0,0,0,0,(X),(X),(X),0,56.3,6.3,0.0,45.8,4.2,0.0,0.0,0.0,0.0,0.0,0.0,0.0,(X),(X),(X),0.0,87,28,136,86,16,136,9,136,136,136,136,136,(X),(X),(X),136,16.2,11.3,16.2,13.1,6.9,16.2,3.6,16.2,16.2,16.2,16.2,16.2,(X),(X),(X),16.2,67,136,136,66,136,136,9,136,136,136,136,136,(X),(X),(X),136,22.2,16.2,16.2,22.0,16.2,16.2,3.6,16.2,16.2,16.2,16.2,16.2,(X),(X),(X),16.2,71,28,136,63,16,136,136,136,136,136,136,136,(X),(X),(X),136,22.3,11.3,16.2,21.0,6.9,16.2,16.2,16.2,16.2,16.2,16.2,16.2,(X),(X),(X),16.2
9020000US3202,3202,"Clark+Nye County Set, Nevada",1005,Computer and information research scientists 1005 (SOC 15-1111),30,0,0,0,0,0,30,0,0,0,0,0,(X),(X),(X),0,100.0,0.0,0.0,0.0,0.0,0.0,100.0,0.0,0.0,0.0,0.0,0.0,(X),(X),(X),0.0,30,0,0,0,0,0,30,0,0,0,0,0,(X),(X),(X),0,100.0,0.0,0.0,0.0,0.0,0.0,100.0,0.0,0.0,0.0,0.0,0.0,(X),(X),(X),0.0,0,0,0,0,0,0,0,0,0,0,0,0,(X),(X),(X),0,0.0,0.0,0.0,0.0,0.0,0.0,0.0,0.0,0.0,0.0,0.0,0.0,(X),(X),(X),0.0,43,136,136,136,136,136,43,136,136,136,136,136,(X),(X),(X),136,61.9,61.9,61.9,61.9,61.9,61.9,61.9,61.9,61.9,61.9,61.9,61.9,(X),(X),(X),61.9,43,136,136,136,136,136,43,136,136,136,136,136,(X),(X),(X),136,61.9,61.9,61.9,61.9,61.9,61.9,61.9,61.9,61.9,61.9,61.9,61.9,(X),(X),(X),61.9,136,136,136,136,136,136,136,136,136,136,136,136,(X),(X),(X),136,61.9,61.9,61.9,61.9,61.9,61.9,61.9,61.9,61.9,61.9,61.9,61.9,(X),(X),(X),61.9
9020000US3202,3202,"Clark+Nye County Set, Nevada",1006,Computer systems analysts 1006 (SOC 15-1121),1395,40,4,990,55,0,225,0,0,4,55,0,(X),(X),(X),20,100.0,2.9,0.3,71.0,3.9,0.0,16.1,0.0,0.0,0.3,3.9,0.0,(X),(X),(X),1.4,820,40,0,650,25,0,95,0,0,4,0,0,(X),(X),(X),0,58.8,2.9,0.0,46.6,1.8,0.0,6.8,0.0,0.0,0.3,0.0,0.0,(X),(X),(X),0.0,570,0,4,340,30,0,125,0,0,0,55,0,(X),(X),(X),20,40.9,0.0,0.3,24.4,2.2,0.0,9.0,0.0,0.0,0.0,3.9,0.0,(X),(X),(X),1.4,291,43,9,234,43,136,100,136,136,11,57,136,(X),(X),(X),37,3.0,3.1,0.7,8.9,2.9,3.0,6.5,3.0,3.0,0.8,3.8,3.0,(X),(X),(X),2.6,234,43,136,210,27,136,61,136,136,11,136,136,(X),(X),(X),136,9.6,3.1,3.0,10.4,2.0,3.0,3.8,3.0,3.0,0.8,3.0,3.0,(X),(X),(X),3.0,168,136,9,119,42,136,74,136,136,136,57,136,(X),(X),(X),37,9.5,3.0,0.7,8.0,2.9,3.0,5.2,3.0,3.0,3.0,3.8,3.0,(X),(X),(X),2.6
9020000US3202,3202,"Clark+Nye County Set, Nevada",1007,Information security analysts 1007 (SOC 15-1122),80,15,0,60,0,0,0,0,0,0,0,0,(X),(X),(X),0,100.0,18.8,0.0,75.0,0.0,0.0,0.0,0.0,0.0,0.0,0.0,0.0,(X),(X),(X),0.0,75,15,0,55,0,0,0,0,0,0,0,0,(X),(X),(X),0,93.8,18.8,0.0,68.8,0.0,0.0,0.0,0.0,0.0,0.0,0.0,0.0,(X),(X),(X),0.0,4,0,0,4,0,0,0,0,0,0,0,0,(X),(X),(X),0,5.0,0.0,0.0,5.0,0.0,0.0,0.0,0.0,0.0,0.0,0.0,0.0,(X),(X),(X),0.0,56,32,136,48,136,136,136,136,136,136,136,136,(X),(X),(X),136,37.9,35.6,37.9,36.4,37.9,37.9,37.9,37.9,37.9,37.9,37.9,37.9,(X),(X),(X),37.9,57,32,136,48,136,136,136,136,136,136,136,136,(X),(X),(X),136,14.5,35.6,37.9,36.5,37.9,37.9,37.9,37.9,37.9,37.9,37.9,37.9,(X),(X),(X),37.9,11,136,136,11,136,136,136,136,136,136,136,136,(X),(X),(X),136,15.2,37.9,37.9,15.2,37.9,37.9,37.9,37.9,37.9,37.9,37.9,37.9,(X),(X),(X),37.9
9020000US3202,3202,"Clark+Nye County Set, Nevada",1010,Computer programmers 1010 (SOC 15-1131),2105,180,45,1380,130,10,255,0,10,50,0,0,(X),(X),(X),50,100.0,8.6,2.1,65.6,6.2,0.5,12.1,0.0,0.5,2.4,0.0,0.0,(X),(X),(X),2.4,1850,155,45,1220,85,10,230,0,10,50,0,0,(X),(X),(X),50,87.9,7.4,2.1,58.0,4.0,0.5,10.9,0.0,0.5,2.4,0.0,0.0,(X),(X),(X),2.4,255,20,0,160,45,0,25,0,0,0,0,0,(X),(X),(X),0,12.1,1.0,0.0,7.6,2.1,0.0,1.2,0.0,0.0,0.0,0.0,0.0,(X),(X),(X),0.0,375,124,41,270,109,14,133,136,16,70,136,136,(X),(X),(X),57,2.0,5.5,1.9,8.2,4.8,0.7,5.8,2.0,0.7,3.3,2.0,2.0,(X),(X),(X),2.7,334,116,41,236,82,14,126,136,16,70,136,136,(X),(X),(X),57,5.4,5.1,1.9,8.5,3.7,0.7,5.5,2.0,0.7,3.3,2.0,2.0,(X),(X),(X),2.7,129,38,136,98,71,136,29,136,136,136,136,136,(X),(X),(X),136,5.4,1.8,2.0,4.2,3.3,2.0,1.4,2.0,2.0,2.0,2.0,2.0,(X),(X),(X),2.0
9020000US3202,3202,"Clark+Nye County Set, Nevada",1020,"Software developers, applications and systems software 1020 (SOC 15-113X)",2080,115,25,1385,175,15,310,0,0,0,10,0,(X),(X),(X),40,100.0,5.5,1.2,66.6,8.4,0.7,14.9,0.0,0.0,0.0,0.5,0.0,(X),(X),(X),1.9,1705,105,25,1100,135,0,300,0,0,0,0,0,(X),(X),(X),40,82.0,5.0,1.2,52.9,6.5,0.0,14.4,0.0,0.0,0.0,0.0,0.0,(X),(X),(X),1.9,375,15,0,285,40,15,10,0,0,0,10,0,(X),(X),(X),0,18.0,0.7,0.0,13.7,1.9,0.7,0.5,0.0,0.0,0.0,0.5,0.0,(X),(X),(X),0.0,334,67,38,274,106,25,152,136,136,136,22,136,(X),(X),(X),61,2.0,3.0,1.8,8.2,5.0,1.2,7.1,2.0,2.0,2.0,1.1,2.0,(X),(X),(X),2.9,278,61,38,225,99,136,150,136,136,136,136,136,(X),(X),(X),61,6.4,2.7,1.8,8.8,4.7,2.0,7.0,2.0,2.0,2.0,2.0,2.0,(X),(X),(X),2.9,157,22,136,144,44,25,16,136,136,136,22,136,(X),(X),(X),136,6.4,1.1,2.0,6.1,2.1,1.2,0.8,2.0,2.0,2.0,1.1,2.0,(X),(X),(X),2.0
9020000US3202,3202,"Clark+Nye County Set, Nevada",1030,Web developers 1030 (SOC 15-1134),755,195,40,455,35,0,4,20,0,0,0,0,(X),(X),(X),0,100.0,25.8,5.3,60.3,4.6,0.0,0.5,2.6,0.0,0.0,0.0,0.0,(X),(X),(X),0.0,460,115,4,295,20,0,0,20,0,0,0,0,(X),(X),(X),0,60.9,15.2,0.5,39.1,2.6,0.0,0.0,2.6,0.0,0.0,0.0,0.0,(X),(X),(X),0.0,295,80,30,160,15,0,4,0,0,0,0,0,(X),(X),(X),0,39.1,10.6,4.0,21.2,2.0,0.0,0.5,0.0,0.0,0.0,0.0,0.0,(X),(X),(X),0.0,232,143,48,140,50,136,15,34,136,136,136,136,(X),(X),(X),136,5.5,14.8,6.0,15.2,6.5,5.5,2.0,4.4,5.5,5.5,5.5,5.5,(X),(X),(X),5.5,151,92,11,94,37,136,136,34,136,136,136,136,(X),(X),(X),136,13.7,10.6,1.4,12.3,4.7,5.5,5.5,4.4,5.5,5.5,5.5,5.5,(X),(X),(X),5.5,153,105,48,100,33,136,15,136,136,136,136,136,(X),(X),(X),136,13.8,12.8,6.0,11.7,4.4,5.5,2.0,5.5,5.5,5.5,5.5,5.5,(X),(X),(X),5.5
9020000US3202,3202,"Clark+Nye County Set, Nevada",1050,Computer support specialists 1050 (SOC 15-1150),2225,130,30,1260,435,30,305,0,10,0,15,0,(X),(X),(X),10,100.0,5.8,1.3,56.6,19.6,1.3,13.7,0.0,0.4,0.0,0.7,0.0,(X),(X),(X),0.4,1590,115,10,940,235,30,245,0,10,0,0,0,(X),(X),(X),10,71.5,5.2,0.4,42.2,10.6,1.3,11.0,0.0,0.4,0.0,0.0,0.0,(X),(X),(X),0.4,630,20,20,325,200,0,60,0,0,0,15,0,(X),(X),(X),0,28.3,0.9,0.9,14.6,9.0,0.0,2.7,0.0,0.0,0.0,0.7,0.0,(X),(X),(X),0.0,371,85,37,262,212,34,115,136,17,136,25,136,(X),(X),(X),17,1.9,3.6,1.7,8.7,8.2,1.5,5.0,1.9,0.8,1.9,1.1,1.9,(X),(X),(X),0.8,317,79,15,215,158,34,99,136,17,136,136,136,(X),(X),(X),17,6.9,3.4,0.7,7.7,6.3,1.5,4.3,1.9,0.8,1.9,1.9,1.9,(X),(X),(X),0.8,178,34,31,146,106,136,54,136,136,136,25,136,(X),(X),(X),136,6.8,1.5,1.4,6.2,4.5,1.9,2.4,1.9,1.9,1.9,1.1,1.9,(X),(X),(X),1.9
9020000US3202,3202,"Clark+Nye County Set, Nevada",1060,Database administrators 1060 (SOC 15-1141),395,0,10,200,60,0,85,0,0,0,0,0,(X),(X),(X),40,100.0,0.0,2.5,50.6,15.2,0.0,21.5,0.0,0.0,0.0,0.0,0.0,(X),(X),(X),10.1,235,0,0,120,0,0,70,0,0,0,0,0,(X),(X),(X),40,59.5,0.0,0.0,30.4,0.0,0.0,17.7,0.0,0.0,0.0,0.0,0.0,(X),(X),(X),10.1,160,0,10,80,60,0,15,0,0,0,0,0,(X),(X),(X),0,40.5,0.0,2.5,20.3,15.2,0.0,3.8,0.0,0.0,0.0,0.0,0.0,(X),(X),(X),0.0,150,136,16,84,69,136,72,136,136,136,136,136,(X),(X),(X),69,10.2,10.2,4.0,16.8,15.6,10.2,17.1,10.2,10.2,10.2,10.2,10.2,(X),(X),(X),16.1,106,136,136,61,136,136,69,136,136,136,136,136,(X),(X),(X),69,18.1,10.2,10.2,14.7,10.2,10.2,17.0,10.2,10.2,10.2,10.2,10.2,(X),(X),(X),16.1,99,136,16,55,69,136,25,136,136,136,136,136,(X),(X),(X),136,18.0,10.2,4.0,12.4,15.6,10.2,6.3,10.2,10.2,10.2,10.2,10.2,(X),(X),(X),10.2
9020000US3202,3202,"Clark+Nye County Set, Nevada",1105,Network and computer systems administrators 1105 (SOC 15-1142),1080,40,70,765,75,0,105,0,0,10,0,0,(X),(X),(X),20,100.0,3.7,6.5,70.8,6.9,0.0,9.7,0.0,0.0,0.9,0.0,0.0,(X),(X),(X),1.9,935,40,55,680,60,0,90,0,0,10,0,0,(X),(X),(X),0,86.6,3.7,5.1,63.0,5.6,0.0,8.3,0.0,0.0,0.9,0.0,0.0,(X),(X),(X),0.0,145,0,15,80,15,0,15,0,0,0,0,0,(X),(X),(X),20,13.4,0.0,1.4,7.4,1.4,0.0,1.4,0.0,0.0,0.0,0.0,0.0,(X),(X),(X),1.9,261,37,67,221,76,136,72,136,136,18,136,136,(X),(X),(X),136,3.9,3.4,6.2,10.4,6.6,3.9,6.1,3.9,3.9,1.6,3.9,3.9,(X),(X),(X),0.5,239,37,61,208,67,136,68,136,136,18,136,136,(X),(X),(X),136,5.9,3.4,5.7,11.1,5.9,3.9,6.0,3.9,3.9,1.6,3.9,3.9,(X),(X),(X),3.9,68,136,25,54,29,136,26,136,136,136,136,136,(X),(X),(X),136,5.8,3.9,2.4,4.6,2.6,3.9,2.4,3.9,3.9,3.9,3.9,3.9,(X),(X),(X),0.5
9020000US3202,3202,"Clark+Nye County Set, Nevada",1106,Computer network architects 1106 (SOC 15-1143),290,30,15,120,45,0,60,10,0,0,0,15,(X),(X),(X),0,100.0,10.3,5.2,41.4,15.5,0.0,20.7,3.4,0.0,0.0,0.0,5.2,(X),(X),(X),0.0,250,0,15,105,45,0,60,10,0,0,0,15,(X),(X),(X),0,86.2,0.0,5.2,36.2,15.5,0.0,20.7,3.4,0.0,0.0,0.0,5.2,(X),(X),(X),0.0,45,30,0,15,0,0,0,0,0,0,0,0,(X),(X),(X),0,15.5,10.3,0.0,5.2,0.0,0.0,0.0,0.0,0.0,0.0,0.0,0.0,(X),(X),(X),0.0,125,44,30,73,68,136,46,20,136,136,136,23,(X),(X),(X),136,13.6,14.6,10.0,20.7,20.9,13.6,16.0,6.7,13.6,13.6,13.6,7.9,(X),(X),(X),13.6,114,136,30,68,68,136,46,20,136,136,136,23,(X),(X),(X),136,17.0,13.6,10.0,19.7,20.9,13.6,16.0,6.7,13.6,13.6,13.6,7.9,(X),(X),(X),13.6,51,44,136,25,136,136,136,136,136,136,136,136,(X),(X),(X),136,16.4,14.6,13.6,8.7,13.6,13.6,13.6,13.6,13.6,13.6,13.6,13.6,(X),(X),(X),13.6
9020000US3202,3202,"Clark+Nye County Set, Nevada",1107,"Computer occupations, all other 1107 (SOC 15-1199)",1300,65,25,1010,50,0,125,0,15,0,15,0,(X),(X),(X),0,100.0,5.0,1.9,77.7,3.8,0.0,9.6,0.0,1.2,0.0,1.2,0.0,(X),(X),(X),0.0,1085,65,25,810,50,0,110,0,15,0,15,0,(X),(X),(X),0,83.5,5.0,1.9,62.3,3.8,0.0,8.5,0.0,1.2,0.0,1.2,0.0,(X),(X),(X),0.0,215,0,0,200,0,0,10,0,0,0,0,0,(X),(X),(X),0,16.5,0.0,0.0,15.4,0.0,0.0,0.8,0.0,0.0,0.0,0.0,0.0,(X),(X),(X),0.0,269,64,37,232,74,136,96,136,24,136,25,136,(X),(X),(X),136,3.2,4.8,2.8,9.1,5.7,3.2,7.1,3.2,1.8,3.2,1.9,3.2,(X),(X),(X),3.2,248,64,37,210,74,136,94,136,24,136,25,136,(X),(X),(X),136,6.4,4.8,2.8,9.6,5.7,3.2,6.8,3.2,1.8,3.2,1.9,3.2,(X),(X),(X),3.2,88,136,136,91,136,136,23,136,136,136,136,136,(X),(X),(X),136,6.3,3.2,3.2,6.6,3.2,3.2,1.8,3.2,3.2,3.2,3.2,3.2,(X),(X),(X),3.2
9020000US3202,3202,"Clark+Nye County Set, Nevada",1200,Actuaries 1200 (SOC 15-2011),65,0,0,65,0,0,0,0,0,0,0,0,(X),(X),(X),0,100.0,0.0,0.0,100.0,0.0,0.0,0.0,0.0,0.0,0.0,0.0,0.0,(X),(X),(X),0.0,65,0,0,65,0,0,0,0,0,0,0,0,(X),(X),(X),0,100.0,0.0,0.0,100.0,0.0,0.0,0.0,0.0,0.0,0.0,0.0,0.0,(X),(X),(X),0.0,0,0,0,0,0,0,0,0,0,0,0,0,(X),(X),(X),0,0.0,0.0,0.0,0.0,0.0,0.0,0.0,0.0,0.0,0.0,0.0,0.0,(X),(X),(X),0.0,81,136,136,81,136,136,136,136,136,136,136,136,(X),(X),(X),136,42.1,42.1,42.1,42.1,42.1,42.1,42.1,42.1,42.1,42.1,42.1,42.1,(X),(X),(X),42.1,81,136,136,81,136,136,136,136,136,136,136,136,(X),(X),(X),136,42.1,42.1,42.1,42.1,42.1,42.1,42.1,42.1,42.1,42.1,42.1,42.1,(X),(X),(X),42.1,136,136,136,136,136,136,136,136,136,136,136,136,(X),(X),(X),136,42.1,42.1,42.1,42.1,42.1,42.1,42.1,42.1,42.1,42.1,42.1,42.1,(X),(X),(X),42.1
9020000US3202,3202,"Clark+Nye County Set, Nevada",1220,Operations research analysts 1220 (SOC 15-2031),410,65,25,180,55,0,70,20,0,0,0,0,(X),(X),(X),0,100.0,15.9,6.1,43.9,13.4,0.0,17.1,4.9,0.0,0.0,0.0,0.0,(X),(X),(X),0.0,295,65,25,145,25,0,30,0,0,0,0,0,(X),(X),(X),0,72.0,15.9,6.1,35.4,6.1,0.0,7.3,0.0,0.0,0.0,0.0,0.0,(X),(X),(X),0.0,120,0,0,35,30,0,40,20,0,0,0,0,(X),(X),(X),0,29.3,0.0,0.0,8.5,7.3,0.0,9.8,4.9,0.0,0.0,0.0,0.0,(X),(X),(X),0.0,162,93,41,100,45,136,52,34,136,136,136,136,(X),(X),(X),136,9.8,19.7,9.7,22.1,12.2,9.8,12.9,8.0,9.8,9.8,9.8,9.8,(X),(X),(X),9.8,146,93,41,91,37,136,37,136,136,136,136,136,(X),(X),(X),136,14.6,19.7,9.7,20.0,9.3,9.8,9.2,9.8,9.8,9.8,9.8,9.8,(X),(X),(X),9.8,62,136,136,34,30,136,40,34,136,136,136,136,(X),(X),(X),136,14.4,9.8,9.8,8.8,8.2,9.8,9.5,8.0,9.8,9.8,9.8,9.8,(X),(X),(X),9.8
9020000US3202,3202,"Clark+Nye County Set, Nevada",1240,"Miscellaneous mathematical science occupations, including mathematicians and statisticians 1240 (SOC 15-20XX)",110,0,0,110,0,0,0,0,0,0,0,0,(X),(X),(X),0,100.0,0.0,0.0,100.0,0.0,0.0,0.0,0.0,0.0,0.0,0.0,0.0,(X),(X),(X),0.0,40,0,0,40,0,0,0,0,0,0,0,0,(X),(X),(X),0,36.4,0.0,0.0,36.4,0.0,0.0,0.0,0.0,0.0,0.0,0.0,0.0,(X),(X),(X),0.0,70,0,0,70,0,0,0,0,0,0,0,0,(X),(X),(X),0,63.6,0.0,0.0,63.6,0.0,0.0,0.0,0.0,0.0,0.0,0.0,0.0,(X),(X),(X),0.0,77,136,136,77,136,136,136,136,136,136,136,136,(X),(X),(X),136,31.0,31.0,31.0,31.0,31.0,31.0,31.0,31.0,31.0,31.0,31.0,31.0,(X),(X),(X),31.0,34,136,136,34,136,136,136,136,136,136,136,136,(X),(X),(X),136,31.7,31.0,31.0,31.7,31.0,31.0,31.0,31.0,31.0,31.0,31.0,31.0,(X),(X),(X),31.0,70,136,136,70,136,136,136,136,136,136,136,136,(X),(X),(X),136,32.7,31.0,31.0,32.7,31.0,31.0,31.0,31.0,31.0,31.0,31.0,31.0,(X),(X),(X),31.0
9020000US3202,3202,"Clark+Nye County Set, Nevada",1300,"Architects, except naval 1300 (SOC 17-1010)",1015,70,35,710,35,0,165,0,0,0,0,0,(X),(X),(X),0,100.0,6.9,3.4,70.0,3.4,0.0,16.3,0.0,0.0,0.0,0.0,0.0,(X),(X),(X),0.0,855,50,35,585,35,0,150,0,0,0,0,0,(X),(X),(X),0,84.2,4.9,3.4,57.6,3.4,0.0,14.8,0.0,0.0,0.0,0.0,0.0,(X),(X),(X),0.0,160,20,0,125,0,0,15,0,0,0,0,0,(X),(X),(X),0,15.8,2.0,0.0,12.3,0.0,0.0,1.5,0.0,0.0,0.0,0.0,0.0,(X),(X),(X),0.0,196,67,27,178,40,136,89,136,136,136,136,136,(X),(X),(X),136,4.1,6.4,2.7,10.3,4.0,4.1,8.5,4.1,4.1,4.1,4.1,4.1,(X),(X),(X),4.1,172,50,27,156,40,136,86,136,136,136,136,136,(X),(X),(X),136,6.4,4.8,2.7,10.1,4.0,4.1,8.2,4.1,4.1,4.1,4.1,4.1,(X),(X),(X),4.1,74,31,136,66,136,136,18,136,136,136,136,136,(X),(X),(X),136,6.4,3.0,4.1,5.9,4.1,4.1,1.8,4.1,4.1,4.1,4.1,4.1,(X),(X),(X),4.1
9020000US3202,3202,"Clark+Nye County Set, Nevada",1310,"Surveyors, cartographers, and photogrammetrists 1310 (SOC 17-1020)",205,0,0,205,0,0,0,0,0,0,0,0,(X),(X),(X),0,100.0,0.0,0.0,100.0,0.0,0.0,0.0,0.0,0.0,0.0,0.0,0.0,(X),(X),(X),0.0,150,0,0,150,0,0,0,0,0,0,0,0,(X),(X),(X),0,73.2,0.0,0.0,73.2,0.0,0.0,0.0,0.0,0.0,0.0,0.0,0.0,(X),(X),(X),0.0,60,0,0,60,0,0,0,0,0,0,0,0,(X),(X),(X),0,29.3,0.0,0.0,29.3,0.0,0.0,0.0,0.0,0.0,0.0,0.0,0.0,(X),(X),(X),0.0,114,136,136,114,136,136,136,136,136,136,136,136,(X),(X),(X),136,18.6,18.6,18.6,18.6,18.6,18.6,18.6,18.6,18.6,18.6,18.6,18.6,(X),(X),(X),18.6,85,136,136,85,136,136,136,136,136,136,136,136,(X),(X),(X),136,20.1,18.6,18.6,20.1,18.6,18.6,18.6,18.6,18.6,18.6,18.6,18.6,(X),(X),(X),18.6,54,136,136,54,136,136,136,136,136,136,136,136,(X),(X),(X),136,20.0,18.6,18.6,20.0,18.6,18.6,18.6,18.6,18.6,18.6,18.6,18.6,(X),(X),(X),18.6
9020000US3202,3202,"Clark+Nye County Set, Nevada",1320,Aerospace engineers 1320 (SOC 17-2011),135,15,0,115,0,0,0,0,0,4,0,0,(X),(X),(X),0,100.0,11.1,0.0,85.2,0.0,0.0,0.0,0.0,0.0,3.0,0.0,0.0,(X),(X),(X),0.0,135,15,0,115,0,0,0,0,0,4,0,0,(X),(X),(X),0,100.0,11.1,0.0,85.2,0.0,0.0,0.0,0.0,0.0,3.0,0.0,0.0,(X),(X),(X),0.0,0,0,0,0,0,0,0,0,0,0,0,0,(X),(X),(X),0,0.0,0.0,0.0,0.0,0.0,0.0,0.0,0.0,0.0,0.0,0.0,0.0,(X),(X),(X),0.0,66,25,136,58,136,136,136,136,136,10,136,136,(X),(X),(X),136,26.5,17.6,26.5,18.5,26.5,26.5,26.5,26.5,26.5,8.3,26.5,26.5,(X),(X),(X),26.5,66,25,136,58,136,136,136,136,136,10,136,136,(X),(X),(X),136,26.5,17.6,26.5,18.5,26.5,26.5,26.5,26.5,26.5,8.3,26.5,26.5,(X),(X),(X),26.5,136,136,136,136,136,136,136,136,136,136,136,136,(X),(X),(X),136,26.5,26.5,26.5,26.5,26.5,26.5,26.5,26.5,26.5,26.5,26.5,26.5,(X),(X),(X),26.5
9020000US3202,3202,"Clark+Nye County Set, Nevada",1350,Chemical engineers 1350 (SOC 17-2041),90,0,0,40,0,0,40,4,0,0,0,0,(X),(X),(X),0,100.0,0.0,0.0,44.4,0.0,0.0,44.4,4.4,0.0,0.0,0.0,0.0,(X),(X),(X),0.0,70,0,0,20,0,0,40,4,0,0,0,0,(X),(X),(X),0,77.8,0.0,0.0,22.2,0.0,0.0,44.4,4.4,0.0,0.0,0.0,0.0,(X),(X),(X),0.0,20,0,0,20,0,0,0,0,0,0,0,0,(X),(X),(X),0,22.2,0.0,0.0,22.2,0.0,0.0,0.0,0.0,0.0,0.0,0.0,0.0,(X),(X),(X),0.0,60,136,136,45,136,136,41,13,136,136,136,136,(X),(X),(X),136,35.4,35.4,35.4,43.7,35.4,35.4,37.7,15.7,35.4,35.4,35.4,35.4,(X),(X),(X),35.4,48,136,136,24,136,136,41,13,136,136,136,136,(X),(X),(X),136,31.4,35.4,35.4,30.3,35.4,35.4,37.7,15.7,35.4,35.4,35.4,35.4,(X),(X),(X),35.4,35,136,136,35,136,136,136,136,136,136,136,136,(X),(X),(X),136,34.3,35.4,35.4,34.3,35.4,35.4,35.4,35.4,35.4,35.4,35.4,35.4,(X),(X),(X),35.4
9020000US3202,3202,"Clark+Nye County Set, Nevada",1360,Civil engineers 1360 (SOC 17-2051),2780,150,90,2030,20,0,420,10,0,10,15,0,(X),(X),(X),35,100.0,5.4,3.2,73.0,0.7,0.0,15.1,0.4,0.0,0.4,0.5,0.0,(X),(X),(X),1.3,2430,80,90,1755,20,0,415,10,0,10,15,0,(X),(X),(X),35,87.4,2.9,3.2,63.1,0.7,0.0,14.9,0.4,0.0,0.4,0.5,0.0,(X),(X),(X),1.3,350,65,0,280,0,0,4,0,0,0,0,0,(X),(X),(X),0,12.6,2.3,0.0,10.1,0.0,0.0,0.1,0.0,0.0,0.0,0.0,0.0,(X),(X),(X),0.0,393,98,82,335,25,136,178,19,136,22,24,136,(X),(X),(X),41,1.5,3.3,2.9,6.9,0.9,1.5,5.9,0.7,1.5,0.8,0.9,1.5,(X),(X),(X),1.5,351,62,82,301,25,136,179,19,136,22,24,136,(X),(X),(X),41,4.5,2.1,2.9,7.3,0.9,1.5,6.0,0.7,1.5,0.8,0.9,1.5,(X),(X),(X),1.5,138,75,136,124,136,136,9,136,136,136,136,136,(X),(X),(X),136,4.5,2.7,1.5,4.1,1.5,1.5,0.3,1.5,1.5,1.5,1.5,1.5,(X),(X),(X),1.5
9020000US3202,3202,"Clark+Nye County Set, Nevada",1400,Computer hardware engineers 1400 (SOC 17-2061),165,10,30,80,20,0,30,0,0,0,0,0,(X),(X),(X),0,100.0,6.1,18.2,48.5,12.1,0.0,18.2,0.0,0.0,0.0,0.0,0.0,(X),(X),(X),0.0,165,10,30,80,20,0,30,0,0,0,0,0,(X),(X),(X),0,100.0,6.1,18.2,48.5,12.1,0.0,18.2,0.0,0.0,0.0,0.0,0.0,(X),(X),(X),0.0,0,0,0,0,0,0,0,0,0,0,0,0,(X),(X),(X),0,0.0,0.0,0.0,0.0,0.0,0.0,0.0,0.0,0.0,0.0,0.0,0.0,(X),(X),(X),0.0,84,15,34,60,24,136,44,136,136,136,136,136,(X),(X),(X),136,22.5,9.9,19.7,28.2,13.7,22.5,23.9,22.5,22.5,22.5,22.5,22.5,(X),(X),(X),22.5,84,15,34,60,24,136,44,136,136,136,136,136,(X),(X),(X),136,22.5,9.9,19.7,28.2,13.7,22.5,23.9,22.5,22.5,22.5,22.5,22.5,(X),(X),(X),22.5,136,136,136,136,136,136,136,136,136,136,136,136,(X),(X),(X),136,22.5,22.5,22.5,22.5,22.5,22.5,22.5,22.5,22.5,22.5,22.5,22.5,(X),(X),(X),22.5
9020000US3202,3202,"Clark+Nye County Set, Nevada",1410,Electrical and electronics engineers 1410 (SOC 17-2070),625,35,25,430,45,10,40,0,0,15,0,30,(X),(X),(X),0,100.0,5.6,4.0,68.8,7.2,1.6,6.4,0.0,0.0,2.4,0.0,4.8,(X),(X),(X),0.0,555,35,25,410,0,0,40,0,0,15,0,30,(X),(X),(X),0,88.8,5.6,4.0,65.6,0.0,0.0,6.4,0.0,0.0,2.4,0.0,4.8,(X),(X),(X),0.0,75,0,0,20,45,10,0,0,0,0,0,0,(X),(X),(X),0,12.0,0.0,0.0,3.2,7.2,1.6,0.0,0.0,0.0,0.0,0.0,0.0,(X),(X),(X),0.0,190,52,28,150,59,18,42,136,136,23,136,43,(X),(X),(X),136,6.6,8.1,4.3,12.5,9.4,2.8,6.7,6.6,6.6,3.7,6.6,7.0,(X),(X),(X),6.6,180,52,28,148,136,136,42,136,136,23,136,43,(X),(X),(X),136,11.4,8.1,4.3,13.3,6.6,6.6,6.7,6.6,6.6,3.7,6.6,7.0,(X),(X),(X),6.6,72,136,136,29,59,18,136,136,136,136,136,136,(X),(X),(X),136,11.0,6.6,6.6,4.6,9.4,2.8,6.6,6.6,6.6,6.6,6.6,6.6,(X),(X),(X),6.6
9020000US3202,3202,"Clark+Nye County Set, Nevada",1420,Environmental engineers 1420 (SOC 17-2081),135,0,0,105,0,0,30,0,0,0,0,0,(X),(X),(X),0,100.0,0.0,0.0,77.8,0.0,0.0,22.2,0.0,0.0,0.0,0.0,0.0,(X),(X),(X),0.0,135,0,0,105,0,0,30,0,0,0,0,0,(X),(X),(X),0,100.0,0.0,0.0,77.8,0.0,0.0,22.2,0.0,0.0,0.0,0.0,0.0,(X),(X),(X),0.0,0,0,0,0,0,0,0,0,0,0,0,0,(X),(X),(X),0,0.0,0.0,0.0,0.0,0.0,0.0,0.0,0.0,0.0,0.0,0.0,0.0,(X),(X),(X),0.0,81,136,136,74,136,136,35,136,136,136,136,136,(X),(X),(X),136,26.5,26.5,26.5,24.0,26.5,26.5,24.6,26.5,26.5,26.5,26.5,26.5,(X),(X),(X),26.5,81,136,136,74,136,136,35,136,136,136,136,136,(X),(X),(X),136,26.5,26.5,26.5,24.0,26.5,26.5,24.6,26.5,26.5,26.5,26.5,26.5,(X),(X),(X),26.5,136,136,136,136,136,136,136,136,136,136,136,136,(X),(X),(X),136,26.5,26.5,26.5,26.5,26.5,26.5,26.5,26.5,26.5,26.5,26.5,26.5,(X),(X),(X),26.5
9020000US3202,3202,"Clark+Nye County Set, Nevada",1430,"Industrial engineers, including health and safety 1430 (SOC 17-2110)",295,20,15,200,25,0,30,0,0,0,0,0,(X),(X),(X),0,100.0,6.8,5.1,67.8,8.5,0.0,10.2,0.0,0.0,0.0,0.0,0.0,(X),(X),(X),0.0,235,20,15,175,0,0,30,0,0,0,0,0,(X),(X),(X),0,79.7,6.8,5.1,59.3,0.0,0.0,10.2,0.0,0.0,0.0,0.0,0.0,(X),(X),(X),0.0,60,0,0,25,25,0,4,0,0,0,0,0,(X),(X),(X),0,20.3,0.0,0.0,8.5,8.5,0.0,1.4,0.0,0.0,0.0,0.0,0.0,(X),(X),(X),0.0,99,31,25,86,42,136,42,136,136,136,136,136,(X),(X),(X),136,13.4,10.4,8.2,18.8,13.8,13.4,13.1,13.4,13.4,13.4,13.4,13.4,(X),(X),(X),13.4,93,31,25,81,136,136,36,136,136,136,136,136,(X),(X),(X),136,13.4,10.4,8.2,17.8,13.4,13.4,11.6,13.4,13.4,13.4,13.4,13.4,(X),(X),(X),13.4,43,136,136,32,42,136,22,136,136,136,136,136,(X),(X),(X),136,13.6,13.4,13.4,10.9,13.8,13.4,7.0,13.4,13.4,13.4,13.4,13.4,(X),(X),(X),13.4
9020000US3202,3202,"Clark+Nye County Set, Nevada",1440,Marine engineers and naval architects 1440 (SOC 17-2121),40,0,0,40,0,0,0,0,0,0,0,0,(X),(X),(X),0,100.0,0.0,0.0,100.0,0.0,0.0,0.0,0.0,0.0,0.0,0.0,0.0,(X),(X),(X),0.0,40,0,0,40,0,0,0,0,0,0,0,0,(X),(X),(X),0,100.0,0.0,0.0,100.0,0.0,0.0,0.0,0.0,0.0,0.0,0.0,0.0,(X),(X),(X),0.0,0,0,0,0,0,0,0,0,0,0,0,0,(X),(X),(X),0,0.0,0.0,0.0,0.0,0.0,0.0,0.0,0.0,0.0,0.0,0.0,0.0,(X),(X),(X),0.0,50,136,136,50,136,136,136,136,136,136,136,136,(X),(X),(X),136,53.6,53.6,53.6,53.6,53.6,53.6,53.6,53.6,53.6,53.6,53.6,53.6,(X),(X),(X),53.6,50,136,136,50,136,136,136,136,136,136,136,136,(X),(X),(X),136,53.6,53.6,53.6,53.6,53.6,53.6,53.6,53.6,53.6,53.6,53.6,53.6,(X),(X),(X),53.6,136,136,136,136,136,136,136,136,136,136,136,136,(X),(X),(X),136,53.6,53.6,53.6,53.6,53.6,53.6,53.6,53.6,53.6,53.6,53.6,53.6,(X),(X),(X),53.6
9020000US3202,3202,"Clark+Nye County Set, Nevada",1450,Materials engineers 1450 (SOC 17-2131),15,0,0,15,0,0,0,0,0,0,0,0,(X),(X),(X),0,100.0,0.0,0.0,100.0,0.0,0.0,0.0,0.0,0.0,0.0,0.0,0.0,(X),(X),(X),0.0,15,0,0,15,0,0,0,0,0,0,0,0,(X),(X),(X),0,100.0,0.0,0.0,100.0,0.0,0.0,0.0,0.0,0.0,0.0,0.0,0.0,(X),(X),(X),0.0,0,0,0,0,0,0,0,0,0,0,0,0,(X),(X),(X),0,0.0,0.0,0.0,0.0,0.0,0.0,0.0,0.0,0.0,0.0,0.0,0.0,(X),(X),(X),0.0,27,136,136,27,136,136,136,136,136,136,136,136,(X),(X),(X),136,87.6,87.6,87.6,87.6,87.6,87.6,87.6,87.6,87.6,87.6,87.6,87.6,(X),(X),(X),87.6,27,136,136,27,136,136,136,136,136,136,136,136,(X),(X),(X),136,87.6,87.6,87.6,87.6,87.6,87.6,87.6,87.6,87.6,87.6,87.6,87.6,(X),(X),(X),87.6,136,136,136,136,136,136,136,136,136,136,136,136,(X),(X),(X),136,87.6,87.6,87.6,87.6,87.6,87.6,87.6,87.6,87.6,87.6,87.6,87.6,(X),(X),(X),87.6
9020000US3202,3202,"Clark+Nye County Set, Nevada",1460,Mechanical engineers 1460 (SOC 17-2141),500,25,0,330,55,0,95,0,0,0,0,0,(X),(X),(X),0,100.0,5.0,0.0,66.0,11.0,0.0,19.0,0.0,0.0,0.0,0.0,0.0,(X),(X),(X),0.0,440,25,0,310,55,0,50,0,0,0,0,0,(X),(X),(X),0,88.0,5.0,0.0,62.0,11.0,0.0,10.0,0.0,0.0,0.0,0.0,0.0,(X),(X),(X),0.0,60,0,0,15,0,0,45,0,0,0,0,0,(X),(X),(X),0,12.0,0.0,0.0,3.0,0.0,0.0,9.0,0.0,0.0,0.0,0.0,0.0,(X),(X),(X),0.0,176,31,136,125,81,136,76,136,136,136,136,136,(X),(X),(X),136,8.1,6.2,8.1,18.7,14.7,8.1,13.0,8.1,8.1,8.1,8.1,8.1,(X),(X),(X),8.1,160,31,136,122,81,136,41,136,136,136,136,136,(X),(X),(X),136,12.7,6.2,8.1,18.8,14.7,8.1,7.6,8.1,8.1,8.1,8.1,8.1,(X),(X),(X),8.1,70,136,136,30,136,136,66,136,136,136,136,136,(X),(X),(X),136,12.9,8.1,8.1,5.9,8.1,8.1,12.8,8.1,8.1,8.1,8.1,8.1,(X),(X),(X),8.1
9020000US3202,3202,"Clark+Nye County Set, Nevada",1520,"Petroleum, mining and geological engineers, including mining safety engineers 1520 (SOC 17-21XX)",130,0,0,115,15,0,0,0,0,0,0,0,(X),(X),(X),0,100.0,0.0,0.0,88.5,11.5,0.0,0.0,0.0,0.0,0.0,0.0,0.0,(X),(X),(X),0.0,130,0,0,115,15,0,0,0,0,0,0,0,(X),(X),(X),0,100.0,0.0,0.0,88.5,11.5,0.0,0.0,0.0,0.0,0.0,0.0,0.0,(X),(X),(X),0.0,0,0,0,0,0,0,0,0,0,0,0,0,(X),(X),(X),0,0.0,0.0,0.0,0.0,0.0,0.0,0.0,0.0,0.0,0.0,0.0,0.0,(X),(X),(X),0.0,93,136,136,90,31,136,136,136,136,136,136,136,(X),(X),(X),136,27.3,27.3,27.3,26.0,26.8,27.3,27.3,27.3,27.3,27.3,27.3,27.3,(X),(X),(X),27.3,93,136,136,90,31,136,136,136,136,136,136,136,(X),(X),(X),136,27.3,27.3,27.3,26.0,26.8,27.3,27.3,27.3,27.3,27.3,27.3,27.3,(X),(X),(X),27.3,136,136,136,136,136,136,136,136,136,136,136,136,(X),(X),(X),136,27.3,27.3,27.3,27.3,27.3,27.3,27.3,27.3,27.3,27.3,27.3,27.3,(X),(X),(X),27.3
9020000US3202,3202,"Clark+Nye County Set, Nevada",1530,"Miscellaneous engineers, including nuclear engineers 1530 (SOC 17-21YY)",1650,40,20,1295,70,0,175,0,0,4,30,0,(X),(X),(X),15,100.0,2.4,1.2,78.5,4.2,0.0,10.6,0.0,0.0,0.2,1.8,0.0,(X),(X),(X),0.9,1400,40,4,1105,65,0,135,0,0,4,30,0,(X),(X),(X),15,84.8,2.4,0.2,67.0,3.9,0.0,8.2,0.0,0.0,0.2,1.8,0.0,(X),(X),(X),0.9,250,0,15,190,4,0,35,0,0,0,0,0,(X),(X),(X),0,15.2,0.0,0.9,11.5,0.2,0.0,2.1,0.0,0.0,0.0,0.0,0.0,(X),(X),(X),0.0,318,39,29,268,80,136,102,136,136,4,44,136,(X),(X),(X),35,2.5,2.3,1.8,7.4,4.7,2.5,5.8,2.5,2.5,0.2,2.6,2.5,(X),(X),(X),2.2,302,39,6,255,78,136,86,136,136,4,44,136,(X),(X),(X),35,6.7,2.3,0.4,8.9,4.6,2.5,4.9,2.5,2.5,0.2,2.6,2.5,(X),(X),(X),2.2,117,136,29,92,11,136,54,136,136,136,136,136,(X),(X),(X),136,6.7,2.5,1.8,5.2,0.7,2.5,3.2,2.5,2.5,2.5,2.5,2.5,(X),(X),(X),2.5
9020000US3202,3202,"Clark+Nye County Set, Nevada",1540,Drafters 1540 (SOC 17-3010),1345,155,110,895,0,0,190,0,0,0,0,0,(X),(X),(X),0,100.0,11.5,8.2,66.5,0.0,0.0,14.1,0.0,0.0,0.0,0.0,0.0,(X),(X),(X),0.0,1090,140,100,720,0,0,130,0,0,0,0,0,(X),(X),(X),0,81.0,10.4,7.4,53.5,0.0,0.0,9.7,0.0,0.0,0.0,0.0,0.0,(X),(X),(X),0.0,260,15,10,175,0,0,60,0,0,0,0,0,(X),(X),(X),0,19.3,1.1,0.7,13.0,0.0,0.0,4.5,0.0,0.0,0.0,0.0,0.0,(X),(X),(X),0.0,236,97,69,209,136,136,91,136,136,136,136,136,(X),(X),(X),136,3.1,6.7,5.1,9.5,3.1,3.1,6.4,3.1,3.1,3.1,3.1,3.1,(X),(X),(X),3.1,201,91,69,161,136,136,81,136,136,136,136,136,(X),(X),(X),136,8.2,6.4,5.1,9.3,3.1,3.1,5.8,3.1,3.1,3.1,3.1,3.1,(X),(X),(X),3.1,126,22,15,119,136,136,68,136,136,136,136,136,(X),(X),(X),136,8.2,1.6,1.1,7.8,3.1,3.1,5.0,3.1,3.1,3.1,3.1,3.1,(X),(X),(X),3.1
9020000US3202,3202,"Clark+Nye County Set, Nevada",1550,"Engineering technicians, except drafters 1550 (SOC 17-3020)",2285,155,85,1740,70,0,230,0,0,0,0,0,(X),(X),(X),4,100.0,6.8,3.7,76.1,3.1,0.0,10.1,0.0,0.0,0.0,0.0,0.0,(X),(X),(X),0.2,2010,155,85,1530,35,0,200,0,0,0,0,0,(X),(X),(X),4,88.0,6.8,3.7,67.0,1.5,0.0,8.8,0.0,0.0,0.0,0.0,0.0,(X),(X),(X),0.2,275,0,0,205,35,0,30,0,0,0,0,0,(X),(X),(X),0,12.0,0.0,0.0,9.0,1.5,0.0,1.3,0.0,0.0,0.0,0.0,0.0,(X),(X),(X),0.0,342,104,81,260,66,136,98,136,136,136,136,136,(X),(X),(X),14,1.8,4.2,3.4,6.5,2.8,1.8,4.1,1.8,1.8,1.8,1.8,1.8,(X),(X),(X),0.6,322,104,81,250,38,136,104,136,136,136,136,136,(X),(X),(X),14,4.6,4.2,3.4,7.3,1.6,1.8,4.3,1.8,1.8,1.8,1.8,1.8,(X),(X),(X),0.6,113,136,136,97,57,136,41,136,136,136,136,136,(X),(X),(X),136,4.7,1.8,1.8,4.0,2.4,1.8,1.9,1.8,1.8,1.8,1.8,1.8,(X),(X),(X),1.8
9020000US3202,3202,"Clark+Nye County Set, Nevada",1560,Surveying and mapping technicians 1560 (SOC 17-3031),610,80,0,450,0,25,10,0,0,0,45,0,(X),(X),(X),0,100.0,13.1,0.0,73.8,0.0,4.1,1.6,0.0,0.0,0.0,7.4,0.0,(X),(X),(X),0.0,535,70,0,385,0,25,10,0,0,0,45,0,(X),(X),(X),0,87.7,11.5,0.0,63.1,0.0,4.1,1.6,0.0,0.0,0.0,7.4,0.0,(X),(X),(X),0.0,75,10,0,60,0,0,0,0,0,0,0,0,(X),(X),(X),0,12.3,1.6,0.0,9.8,0.0,0.0,0.0,0.0,0.0,0.0,0.0,0.0,(X),(X),(X),0.0,181,91,136,140,136,37,20,136,136,136,63,136,(X),(X),(X),136,6.7,13.6,6.7,15.9,6.7,6.1,3.6,6.7,6.7,6.7,9.7,6.7,(X),(X),(X),6.7,168,89,136,121,136,37,20,136,136,136,63,136,(X),(X),(X),136,12.9,13.7,6.7,16.5,6.7,6.1,3.6,6.7,6.7,6.7,9.7,6.7,(X),(X),(X),6.7,82,21,136,80,136,136,136,136,136,136,136,136,(X),(X),(X),136,12.7,3.5,6.7,12.6,6.7,6.7,6.7,6.7,6.7,6.7,6.7,6.7,(X),(X),(X),6.7
9020000US3202,3202,"Clark+Nye County Set, Nevada",1600,Agricultural and food scientists 1600 (SOC 19-1010),65,0,0,65,0,0,0,0,0,0,0,0,(X),(X),(X),0,100.0,0.0,0.0,100.0,0.0,0.0,0.0,0.0,0.0,0.0,0.0,0.0,(X),(X),(X),0.0,30,0,0,30,0,0,0,0,0,0,0,0,(X),(X),(X),0,46.2,0.0,0.0,46.2,0.0,0.0,0.0,0.0,0.0,0.0,0.0,0.0,(X),(X),(X),0.0,35,0,0,35,0,0,0,0,0,0,0,0,(X),(X),(X),0,53.8,0.0,0.0,53.8,0.0,0.0,0.0,0.0,0.0,0.0,0.0,0.0,(X),(X),(X),0.0,55,136,136,55,136,136,136,136,136,136,136,136,(X),(X),(X),136,42.1,42.1,42.1,42.1,42.1,42.1,42.1,42.1,42.1,42.1,42.1,42.1,(X),(X),(X),42.1,33,136,136,33,136,136,136,136,136,136,136,136,(X),(X),(X),136,46.8,42.1,42.1,46.8,42.1,42.1,42.1,42.1,42.1,42.1,42.1,42.1,(X),(X),(X),42.1,46,136,136,46,136,136,136,136,136,136,136,136,(X),(X),(X),136,44.2,42.1,42.1,44.2,42.1,42.1,42.1,42.1,42.1,42.1,42.1,42.1,(X),(X),(X),42.1
9020000US3202,3202,"Clark+Nye County Set, Nevada",1610,Biological scientists 1610 (SOC 19-1020),285,60,0,220,4,0,0,0,0,0,0,0,(X),(X),(X),0,100.0,21.1,0.0,77.2,1.4,0.0,0.0,0.0,0.0,0.0,0.0,0.0,(X),(X),(X),0.0,185,35,0,145,4,0,0,0,0,0,0,0,(X),(X),(X),0,64.9,12.3,0.0,50.9,1.4,0.0,0.0,0.0,0.0,0.0,0.0,0.0,(X),(X),(X),0.0,105,25,0,80,0,0,0,0,0,0,0,0,(X),(X),(X),0,36.8,8.8,0.0,28.1,0.0,0.0,0.0,0.0,0.0,0.0,0.0,0.0,(X),(X),(X),0.0,137,43,136,118,14,136,136,136,136,136,136,136,(X),(X),(X),136,13.8,13.7,13.8,14.6,4.9,13.8,13.8,13.8,13.8,13.8,13.8,13.8,(X),(X),(X),13.8,105,37,136,97,14,136,136,136,136,136,136,136,(X),(X),(X),136,19.4,12.5,13.8,22.1,4.9,13.8,13.8,13.8,13.8,13.8,13.8,13.8,(X),(X),(X),13.8,69,28,136,58,136,136,136,136,136,136,136,136,(X),(X),(X),136,18.8,9.3,13.8,16.5,13.8,13.8,13.8,13.8,13.8,13.8,13.8,13.8,(X),(X),(X),13.8
9020000US3202,3202,"Clark+Nye County Set, Nevada",1640,Conservation scientists and foresters 1640 (SOC 19-1030),25,0,0,25,0,0,0,0,0,0,0,0,(X),(X),(X),0,100.0,0.0,0.0,100.0,0.0,0.0,0.0,0.0,0.0,0.0,0.0,0.0,(X),(X),(X),0.0,0,0,0,0,0,0,0,0,0,0,0,0,(X),(X),(X),0,0.0,0.0,0.0,0.0,0.0,0.0,0.0,0.0,0.0,0.0,0.0,0.0,(X),(X),(X),0.0,25,0,0,25,0,0,0,0,0,0,0,0,(X),(X),(X),0,100.0,0.0,0.0,100.0,0.0,0.0,0.0,0.0,0.0,0.0,0.0,0.0,(X),(X),(X),0.0,30,136,136,30,136,136,136,136,136,136,136,136,(X),(X),(X),136,67.8,67.8,67.8,67.8,67.8,67.8,67.8,67.8,67.8,67.8,67.8,67.8,(X),(X),(X),67.8,136,136,136,136,136,136,136,136,136,136,136,136,(X),(X),(X),136,67.8,67.8,67.8,67.8,67.8,67.8,67.8,67.8,67.8,67.8,67.8,67.8,(X),(X),(X),67.8,30,136,136,30,136,136,136,136,136,136,136,136,(X),(X),(X),136,67.8,67.8,67.8,67.8,67.8,67.8,67.8,67.8,67.8,67.8,67.8,67.8,(X),(X),(X),67.8
9020000US3202,3202,"Clark+Nye County Set, Nevada",1650,"Medical scientists, and life scientists, all other 1650 (SOC 19-10XX)",250,20,0,125,10,0,45,45,0,0,0,0,(X),(X),(X),0,100.0,8.0,0.0,50.0,4.0,0.0,18.0,18.0,0.0,0.0,0.0,0.0,(X),(X),(X),0.0,160,0,0,70,0,0,45,45,0,0,0,0,(X),(X),(X),0,64.0,0.0,0.0,28.0,0.0,0.0,18.0,18.0,0.0,0.0,0.0,0.0,(X),(X),(X),0.0,90,20,0,60,10,0,0,0,0,0,0,0,(X),(X),(X),0,36.0,8.0,0.0,24.0,4.0,0.0,0.0,0.0,0.0,0.0,0.0,0.0,(X),(X),(X),0.0,89,34,136,70,20,136,46,43,136,136,136,136,(X),(X),(X),136,15.6,13.4,15.6,22.6,7.9,15.6,18.6,15.6,15.6,15.6,15.6,15.6,(X),(X),(X),15.6,82,136,136,53,136,136,46,43,136,136,136,136,(X),(X),(X),136,23.7,15.6,15.6,18.1,15.6,15.6,18.6,15.6,15.6,15.6,15.6,15.6,(X),(X),(X),15.6,64,34,136,53,20,136,136,136,136,136,136,136,(X),(X),(X),136,23.7,13.4,15.6,21.1,7.9,15.6,15.6,15.6,15.6,15.6,15.6,15.6,(X),(X),(X),15.6
9020000US3202,3202,"Clark+Nye County Set, Nevada",1700,Astronomers and physicists 1700 (SOC 19-2010),20,0,0,20,0,0,0,0,0,0,0,0,(X),(X),(X),0,100.0,0.0,0.0,100.0,0.0,0.0,0.0,0.0,0.0,0.0,0.0,0.0,(X),(X),(X),0.0,20,0,0,20,0,0,0,0,0,0,0,0,(X),(X),(X),0,100.0,0.0,0.0,100.0,0.0,0.0,0.0,0.0,0.0,0.0,0.0,0.0,(X),(X),(X),0.0,0,0,0,0,0,0,0,0,0,0,0,0,(X),(X),(X),0,0.0,0.0,0.0,0.0,0.0,0.0,0.0,0.0,0.0,0.0,0.0,0.0,(X),(X),(X),0.0,30,136,136,30,136,136,136,136,136,136,136,136,(X),(X),(X),136,75.8,75.8,75.8,75.8,75.8,75.8,75.8,75.8,75.8,75.8,75.8,75.8,(X),(X),(X),75.8,30,136,136,30,136,136,136,136,136,136,136,136,(X),(X),(X),136,75.8,75.8,75.8,75.8,75.8,75.8,75.8,75.8,75.8,75.8,75.8,75.8,(X),(X),(X),75.8,136,136,136,136,136,136,136,136,136,136,136,136,(X),(X),(X),136,75.8,75.8,75.8,75.8,75.8,75.8,75.8,75.8,75.8,75.8,75.8,75.8,(X),(X),(X),75.8
9020000US3202,3202,"Clark+Nye County Set, Nevada",1710,Atmospheric and space scientists 1710 (SOC 19-2021),100,0,0,100,0,0,0,0,0,0,0,0,(X),(X),(X),0,100.0,0.0,0.0,100.0,0.0,0.0,0.0,0.0,0.0,0.0,0.0,0.0,(X),(X),(X),0.0,50,0,0,50,0,0,0,0,0,0,0,0,(X),(X),(X),0,50.0,0.0,0.0,50.0,0.0,0.0,0.0,0.0,0.0,0.0,0.0,0.0,(X),(X),(X),0.0,55,0,0,55,0,0,0,0,0,0,0,0,(X),(X),(X),0,55.0,0.0,0.0,55.0,0.0,0.0,0.0,0.0,0.0,0.0,0.0,0.0,(X),(X),(X),0.0,85,136,136,85,136,136,136,136,136,136,136,136,(X),(X),(X),136,33.1,33.1,33.1,33.1,33.1,33.1,33.1,33.1,33.1,33.1,33.1,33.1,(X),(X),(X),33.1,48,136,136,48,136,136,136,136,136,136,136,136,(X),(X),(X),136,41.7,33.1,33.1,41.7,33.1,33.1,33.1,33.1,33.1,33.1,33.1,33.1,(X),(X),(X),33.1,67,136,136,67,136,136,136,136,136,136,136,136,(X),(X),(X),136,44.5,33.1,33.1,44.5,33.1,33.1,33.1,33.1,33.1,33.1,33.1,33.1,(X),(X),(X),33.1
9020000US3202,3202,"Clark+Nye County Set, Nevada",1720,Chemists and materials scientists 1720 (SOC 19-2030),115,0,15,95,0,0,4,0,0,0,0,0,(X),(X),(X),0,100.0,0.0,13.0,82.6,0.0,0.0,3.5,0.0,0.0,0.0,0.0,0.0,(X),(X),(X),0.0,90,0,15,75,0,0,0,0,0,0,0,0,(X),(X),(X),0,78.3,0.0,13.0,65.2,0.0,0.0,0.0,0.0,0.0,0.0,0.0,0.0,(X),(X),(X),0.0,25,0,0,20,0,0,4,0,0,0,0,0,(X),(X),(X),0,21.7,0.0,0.0,17.4,0.0,0.0,3.5,0.0,0.0,0.0,0.0,0.0,(X),(X),(X),0.0,56,136,22,59,136,136,12,136,136,136,136,136,(X),(X),(X),136,30.0,30.0,19.9,21.2,30.0,30.0,10.0,30.0,30.0,30.0,30.0,30.0,(X),(X),(X),30.0,54,136,22,52,136,136,136,136,136,136,136,136,(X),(X),(X),136,22.0,30.0,19.9,20.3,30.0,30.0,30.0,30.0,30.0,30.0,30.0,30.0,(X),(X),(X),30.0,27,136,136,24,136,136,12,136,136,136,136,136,(X),(X),(X),136,23.2,30.0,30.0,20.3,30.0,30.0,10.0,30.0,30.0,30.0,30.0,30.0,(X),(X),(X),30.0
9020000US3202,3202,"Clark+Nye County Set, Nevada",1740,Environmental scientists and geoscientists 1740 (SOC 19-2040),430,0,0,370,35,4,20,0,0,0,0,0,(X),(X),(X),0,100.0,0.0,0.0,86.0,8.1,0.9,4.7,0.0,0.0,0.0,0.0,0.0,(X),(X),(X),0.0,275,0,0,245,10,4,20,0,0,0,0,0,(X),(X),(X),0,64.0,0.0,0.0,57.0,2.3,0.9,4.7,0.0,0.0,0.0,0.0,0.0,(X),(X),(X),0.0,155,0,0,125,25,0,0,0,0,0,0,0,(X),(X),(X),0,36.0,0.0,0.0,29.1,5.8,0.0,0.0,0.0,0.0,0.0,0.0,0.0,(X),(X),(X),0.0,124,136,136,119,38,4,30,136,136,136,136,136,(X),(X),(X),136,9.4,9.4,9.4,11.3,8.5,1.0,7.1,9.4,9.4,9.4,9.4,9.4,(X),(X),(X),9.4,107,136,136,98,19,4,30,136,136,136,136,136,(X),(X),(X),136,18.2,9.4,9.4,17.7,4.4,1.0,7.1,9.4,9.4,9.4,9.4,9.4,(X),(X),(X),9.4,95,136,136,87,33,136,136,136,136,136,136,136,(X),(X),(X),136,18.4,9.4,9.4,17.5,7.4,9.4,9.4,9.4,9.4,9.4,9.4,9.4,(X),(X),(X),9.4
9020000US3202,3202,"Clark+Nye County Set, Nevada",1760,"Physical scientists, all other 1760 (SOC 19-2099)",235,0,0,195,15,0,20,0,0,0,0,0,(X),(X),(X),0,100.0,0.0,0.0,83.0,6.4,0.0,8.5,0.0,0.0,0.0,0.0,0.0,(X),(X),(X),0.0,165,0,0,150,15,0,0,0,0,0,0,0,(X),(X),(X),0,70.2,0.0,0.0,63.8,6.4,0.0,0.0,0.0,0.0,0.0,0.0,0.0,(X),(X),(X),0.0,70,0,0,45,0,0,20,0,0,0,0,0,(X),(X),(X),0,29.8,0.0,0.0,19.1,0.0,0.0,8.5,0.0,0.0,0.0,0.0,0.0,(X),(X),(X),0.0,118,136,136,113,26,136,31,136,136,136,136,136,(X),(X),(X),136,16.5,16.5,16.5,17.0,10.8,16.5,14.9,16.5,16.5,16.5,16.5,16.5,(X),(X),(X),16.5,101,136,136,97,26,136,136,136,136,136,136,136,(X),(X),(X),136,18.5,16.5,16.5,21.7,10.8,16.5,16.5,16.5,16.5,16.5,16.5,16.5,(X),(X),(X),16.5,49,136,136,49,136,136,31,136,136,136,136,136,(X),(X),(X),136,18.3,16.5,16.5,18.4,16.5,16.5,14.9,16.5,16.5,16.5,16.5,16.5,(X),(X),(X),16.5
9020000US3202,3202,"Clark+Nye County Set, Nevada",1800,Economists 1800 (SOC 19-3011),100,0,0,75,10,0,15,0,0,0,0,0,(X),(X),(X),0,100.0,0.0,0.0,75.0,10.0,0.0,15.0,0.0,0.0,0.0,0.0,0.0,(X),(X),(X),0.0,75,0,0,75,0,0,0,0,0,0,0,0,(X),(X),(X),0,75.0,0.0,0.0,75.0,0.0,0.0,0.0,0.0,0.0,0.0,0.0,0.0,(X),(X),(X),0.0,25,0,0,0,10,0,15,0,0,0,0,0,(X),(X),(X),0,25.0,0.0,0.0,0.0,10.0,0.0,15.0,0.0,0.0,0.0,0.0,0.0,(X),(X),(X),0.0,86,136,136,82,15,136,26,136,136,136,136,136,(X),(X),(X),136,33.1,33.1,33.1,35.6,18.5,33.1,28.5,33.1,33.1,33.1,33.1,33.1,(X),(X),(X),33.1,82,136,136,82,136,136,136,136,136,136,136,136,(X),(X),(X),136,35.6,33.1,33.1,35.6,33.1,33.1,33.1,33.1,33.1,33.1,33.1,33.1,(X),(X),(X),33.1,28,136,136,136,15,136,26,136,136,136,136,136,(X),(X),(X),136,34.0,33.1,33.1,33.1,18.5,33.1,28.5,33.1,33.1,33.1,33.1,33.1,(X),(X),(X),33.1
9020000US3202,3202,"Clark+Nye County Set, Nevada",1820,Psychologists 1820 (SOC 19-3030),405,0,0,365,30,0,10,0,0,0,0,0,(X),(X),(X),0,100.0,0.0,0.0,90.1,7.4,0.0,2.5,0.0,0.0,0.0,0.0,0.0,(X),(X),(X),0.0,175,0,0,155,15,0,0,0,0,0,0,0,(X),(X),(X),0,43.2,0.0,0.0,38.3,3.7,0.0,0.0,0.0,0.0,0.0,0.0,0.0,(X),(X),(X),0.0,230,0,0,210,15,0,10,0,0,0,0,0,(X),(X),(X),0,56.8,0.0,0.0,51.9,3.7,0.0,2.5,0.0,0.0,0.0,0.0,0.0,(X),(X),(X),0.0,156,136,136,154,35,136,13,136,136,136,136,136,(X),(X),(X),136,10.0,10.0,10.0,9.8,9.1,10.0,3.5,10.0,10.0,10.0,10.0,10.0,(X),(X),(X),10.0,104,136,136,105,29,136,136,136,136,136,136,136,(X),(X),(X),136,20.5,10.0,10.0,21.1,7.5,10.0,10.0,10.0,10.0,10.0,10.0,10.0,(X),(X),(X),10.0,120,136,136,119,23,136,13,136,136,136,136,136,(X),(X),(X),136,20.4,10.0,10.0,20.2,6.0,10.0,3.5,10.0,10.0,10.0,10.0,10.0,(X),(X),(X),10.0
9020000US3202,3202,"Clark+Nye County Set, Nevada",1840,Urban and regional planners 1840 (SOC 19-3051),115,10,0,95,0,0,10,0,0,0,0,0,(X),(X),(X),0,100.0,8.7,0.0,82.6,0.0,0.0,8.7,0.0,0.0,0.0,0.0,0.0,(X),(X),(X),0.0,75,0,0,65,0,0,10,0,0,0,0,0,(X),(X),(X),0,65.2,0.0,0.0,56.5,0.0,0.0,8.7,0.0,0.0,0.0,0.0,0.0,(X),(X),(X),0.0,40,10,0,30,0,0,0,0,0,0,0,0,(X),(X),(X),0,34.8,8.7,0.0,26.1,0.0,0.0,0.0,0.0,0.0,0.0,0.0,0.0,(X),(X),(X),0.0,88,20,136,82,136,136,22,136,136,136,136,136,(X),(X),(X),136,30.0,17.0,30.0,26.9,30.0,30.0,20.0,30.0,30.0,30.0,30.0,30.0,(X),(X),(X),30.0,83,136,136,78,136,136,22,136,136,136,136,136,(X),(X),(X),136,30.4,30.0,30.0,34.3,30.0,30.0,20.0,30.0,30.0,30.0,30.0,30.0,(X),(X),(X),30.0,36,20,136,31,136,136,136,136,136,136,136,136,(X),(X),(X),136,30.8,17.0,30.0,28.0,30.0,30.0,30.0,30.0,30.0,30.0,30.0,30.0,(X),(X),(X),30.0
9020000US3202,3202,"Clark+Nye County Set, Nevada",1860,"Miscellaneous social scientists, including survey researchers and sociologists 1860 (SOC 19-30XX)",175,0,0,110,50,0,0,0,0,15,0,0,(X),(X),(X),0,100.0,0.0,0.0,62.9,28.6,0.0,0.0,0.0,0.0,8.6,0.0,0.0,(X),(X),(X),0.0,100,0,0,55,25,0,0,0,0,15,0,0,(X),(X),(X),0,57.1,0.0,0.0,31.4,14.3,0.0,0.0,0.0,0.0,8.6,0.0,0.0,(X),(X),(X),0.0,80,0,0,55,25,0,0,0,0,0,0,0,(X),(X),(X),0,45.7,0.0,0.0,31.4,14.3,0.0,0.0,0.0,0.0,0.0,0.0,0.0,(X),(X),(X),0.0,87,136,136,61,50,136,136,136,136,25,136,136,(X),(X),(X),136,21.4,21.4,21.4,22.3,23.4,21.4,21.4,21.4,21.4,13.4,21.4,21.4,(X),(X),(X),21.4,54,136,136,40,25,136,136,136,136,25,136,136,(X),(X),(X),136,23.9,21.4,21.4,19.2,15.4,21.4,21.4,21.4,21.4,13.4,21.4,21.4,(X),(X),(X),21.4,63,136,136,45,42,136,136,136,136,136,136,136,(X),(X),(X),136,24.3,21.4,21.4,21.8,20.9,21.4,21.4,21.4,21.4,21.4,21.4,21.4,(X),(X),(X),21.4
9020000US3202,3202,"Clark+Nye County Set, Nevada",1900,Agricultural and food science technicians 1900 (SOC 19-4011),90,40,0,55,0,0,0,0,0,0,0,0,(X),(X),(X),0,100.0,44.4,0.0,61.1,0.0,0.0,0.0,0.0,0.0,0.0,0.0,0.0,(X),(X),(X),0.0,90,40,0,55,0,0,0,0,0,0,0,0,(X),(X),(X),0,100.0,44.4,0.0,61.1,0.0,0.0,0.0,0.0,0.0,0.0,0.0,0.0,(X),(X),(X),0.0,0,0,0,0,0,0,0,0,0,0,0,0,(X),(X),(X),0,0.0,0.0,0.0,0.0,0.0,0.0,0.0,0.0,0.0,0.0,0.0,0.0,(X),(X),(X),0.0,90,57,136,69,136,136,136,136,136,136,136,136,(X),(X),(X),136,35.4,53.2,35.4,52.8,35.4,35.4,35.4,35.4,35.4,35.4,35.4,35.4,(X),(X),(X),35.4,90,57,136,69,136,136,136,136,136,136,136,136,(X),(X),(X),136,35.4,53.2,35.4,52.8,35.4,35.4,35.4,35.4,35.4,35.4,35.4,35.4,(X),(X),(X),35.4,136,136,136,136,136,136,136,136,136,136,136,136,(X),(X),(X),136,35.4,35.4,35.4,35.4,35.4,35.4,35.4,35.4,35.4,35.4,35.4,35.4,(X),(X),(X),35.4
9020000US3202,3202,"Clark+Nye County Set, Nevada",1910,Biological technicians 1910 (SOC 19-4021),50,15,0,10,10,0,15,0,0,0,0,0,(X),(X),(X),0,100.0,30.0,0.0,20.0,20.0,0.0,30.0,0.0,0.0,0.0,0.0,0.0,(X),(X),(X),0.0,25,15,0,0,10,0,0,0,0,0,0,0,(X),(X),(X),0,50.0,30.0,0.0,0.0,20.0,0.0,0.0,0.0,0.0,0.0,0.0,0.0,(X),(X),(X),0.0,20,0,0,10,0,0,15,0,0,0,0,0,(X),(X),(X),0,40.0,0.0,0.0,20.0,0.0,0.0,30.0,0.0,0.0,0.0,0.0,0.0,(X),(X),(X),0.0,44,25,136,23,21,136,23,136,136,136,136,136,(X),(X),(X),136,48.0,46.2,48.0,36.9,38.9,48.0,43.3,48.0,48.0,48.0,48.0,48.0,(X),(X),(X),48.0,32,25,136,136,21,136,136,136,136,136,136,136,(X),(X),(X),136,48.0,46.2,48.0,48.0,38.9,48.0,48.0,48.0,48.0,48.0,48.0,48.0,(X),(X),(X),48.0,33,136,136,23,136,136,23,136,136,136,136,136,(X),(X),(X),136,51.7,48.0,48.0,36.9,48.0,48.0,43.3,48.0,48.0,48.0,48.0,48.0,(X),(X),(X),48.0
9020000US3202,3202,"Clark+Nye County Set, Nevada",1920,Chemical technicians 1920 (SOC 19-4031),130,0,4,125,4,0,0,0,0,0,0,0,(X),(X),(X),0,100.0,0.0,3.1,96.2,3.1,0.0,0.0,0.0,0.0,0.0,0.0,0.0,(X),(X),(X),0.0,85,0,4,80,4,0,0,0,0,0,0,0,(X),(X),(X),0,65.4,0.0,3.1,61.5,3.1,0.0,0.0,0.0,0.0,0.0,0.0,0.0,(X),(X),(X),0.0,45,0,0,45,0,0,0,0,0,0,0,0,(X),(X),(X),0,34.6,0.0,0.0,34.6,0.0,0.0,0.0,0.0,0.0,0.0,0.0,0.0,(X),(X),(X),0.0,67,136,9,63,15,136,136,136,136,136,136,136,(X),(X),(X),136,27.3,27.3,6.4,12.6,11.5,27.3,27.3,27.3,27.3,27.3,27.3,27.3,(X),(X),(X),27.3,64,136,9,59,15,136,136,136,136,136,136,136,(X),(X),(X),136,32.3,27.3,6.4,30.1,11.5,27.3,27.3,27.3,27.3,27.3,27.3,27.3,(X),(X),(X),27.3,42,136,136,42,136,136,136,136,136,136,136,136,(X),(X),(X),136,31.4,27.3,27.3,31.4,27.3,27.3,27.3,27.3,27.3,27.3,27.3,27.3,(X),(X),(X),27.3
9020000US3202,3202,"Clark+Nye County Set, Nevada",1930,"Geological and petroleum technicians, and nuclear technicians 1930 (SOC 19-40XX)",20,0,0,15,0,0,10,0,0,0,0,0,(X),(X),(X),0,100.0,0.0,0.0,75.0,0.0,0.0,50.0,0.0,0.0,0.0,0.0,0.0,(X),(X),(X),0.0,15,0,0,15,0,0,0,0,0,0,0,0,(X),(X),(X),0,75.0,0.0,0.0,75.0,0.0,0.0,0.0,0.0,0.0,0.0,0.0,0.0,(X),(X),(X),0.0,10,0,0,0,0,0,10,0,0,0,0,0,(X),(X),(X),0,50.0,0.0,0.0,0.0,0.0,0.0,50.0,0.0,0.0,0.0,0.0,0.0,(X),(X),(X),0.0,27,136,136,22,136,136,16,136,136,136,136,136,(X),(X),(X),136,75.8,75.8,75.8,75.0,75.8,75.8,50.0,75.8,75.8,75.8,75.8,75.8,(X),(X),(X),75.8,22,136,136,22,136,136,136,136,136,136,136,136,(X),(X),(X),136,75.0,75.8,75.8,75.0,75.8,75.8,75.8,75.8,75.8,75.8,75.8,75.8,(X),(X),(X),75.8,16,136,136,136,136,136,16,136,136,136,136,136,(X),(X),(X),136,50.0,75.8,75.8,75.8,75.8,75.8,50.0,75.8,75.8,75.8,75.8,75.8,(X),(X),(X),75.8
9020000US3202,3202,"Clark+Nye County Set, Nevada",1965,"Miscellaneous life, physical, and social science technicians, including social science research assistants 1965 (SOC 19-40YY)",525,15,0,440,10,10,50,0,0,0,0,0,(X),(X),(X),0,100.0,2.9,0.0,83.8,1.9,1.9,9.5,0.0,0.0,0.0,0.0,0.0,(X),(X),(X),0.0,265,15,0,240,10,0,0,0,0,0,0,0,(X),(X),(X),0,50.5,2.9,0.0,45.7,1.9,0.0,0.0,0.0,0.0,0.0,0.0,0.0,(X),(X),(X),0.0,260,0,0,200,0,10,50,0,0,0,0,0,(X),(X),(X),0,49.5,0.0,0.0,38.1,0.0,1.9,9.5,0.0,0.0,0.0,0.0,0.0,(X),(X),(X),0.0,168,19,136,157,16,19,54,136,136,136,136,136,(X),(X),(X),136,7.8,3.7,7.8,12.5,3.0,3.4,9.9,7.8,7.8,7.8,7.8,7.8,(X),(X),(X),7.8,105,19,136,102,16,136,136,136,136,136,136,136,(X),(X),(X),136,16.0,3.7,7.8,15.9,3.0,7.8,7.8,7.8,7.8,7.8,7.8,7.8,(X),(X),(X),7.8,129,136,136,118,136,19,54,136,136,136,136,136,(X),(X),(X),136,16.2,7.8,7.8,17.1,7.8,3.4,9.9,7.8,7.8,7.8,7.8,7.8,(X),(X),(X),7.8
9020000US3202,3202,"Clark+Nye County Set, Nevada",2000,Counselors 2000 (SOC 21-1010),2310,145,130,1530,275,35,90,90,0,0,0,0,(X),(X),(X),15,100.0,6.3,5.6,66.2,11.9,1.5,3.9,3.9,0.0,0.0,0.0,0.0,(X),(X),(X),0.6,755,65,20,470,80,25,25,70,0,0,0,0,(X),(X),(X),0,32.7,2.8,0.9,20.3,3.5,1.1,1.1,3.0,0.0,0.0,0.0,0.0,(X),(X),(X),0.0,1550,75,110,1060,195,15,65,20,0,0,0,0,(X),(X),(X),15,67.1,3.2,4.8,45.9,8.4,0.6,2.8,0.9,0.0,0.0,0.0,0.0,(X),(X),(X),0.6,374,90,94,286,135,33,58,79,136,136,136,136,(X),(X),(X),23,1.8,3.8,3.8,7.4,5.3,1.4,2.6,3.4,1.8,1.8,1.8,1.8,(X),(X),(X),1.0,191,57,27,142,71,27,29,74,136,136,136,136,(X),(X),(X),136,6.9,2.5,1.1,5.6,3.1,1.2,1.3,3.2,1.8,1.8,1.8,1.8,(X),(X),(X),1.8,307,72,88,250,111,20,47,36,136,136,136,136,(X),(X),(X),23,6.9,3.1,3.6,7.9,4.4,0.8,2.1,1.6,1.8,1.8,1.8,1.8,(X),(X),(X),1.0
9020000US3202,3202,"Clark+Nye County Set, Nevada",2010,Social workers 2010 (SOC 21-1020),2760,330,220,1305,695,40,120,25,0,0,30,0,(X),(X),(X),0,100.0,12.0,8.0,47.3,25.2,1.4,4.3,0.9,0.0,0.0,1.1,0.0,(X),(X),(X),0.0,410,30,0,305,50,0,25,0,0,0,0,0,(X),(X),(X),0,14.9,1.1,0.0,11.1,1.8,0.0,0.9,0.0,0.0,0.0,0.0,0.0,(X),(X),(X),0.0,2350,300,220,1000,645,40,95,25,0,0,30,0,(X),(X),(X),0,85.1,10.9,8.0,36.2,23.4,1.4,3.4,0.9,0.0,0.0,1.1,0.0,(X),(X),(X),0.0,337,141,125,197,230,50,75,33,136,136,36,136,(X),(X),(X),136,1.5,4.8,4.3,6.3,7.3,1.8,2.7,1.2,1.5,1.5,1.3,1.5,(X),(X),(X),1.5,137,30,136,120,41,136,35,136,136,136,136,136,(X),(X),(X),136,4.6,1.1,1.5,4.1,1.5,1.5,1.3,1.5,1.5,1.5,1.5,1.5,(X),(X),(X),1.5,312,145,125,184,223,50,60,33,136,136,36,136,(X),(X),(X),136,4.6,5.0,4.3,6.4,7.1,1.8,2.2,1.2,1.5,1.5,1.3,1.5,(X),(X),(X),1.5
9020000US3202,3202,"Clark+Nye County Set, Nevada",2015,Probation officers and correctional treatment specialists 2015 (SOC 21-1092),470,65,55,155,125,0,20,0,25,0,0,0,(X),(X),(X),25,100.0,13.8,11.7,33.0,26.6,0.0,4.3,0.0,5.3,0.0,0.0,0.0,(X),(X),(X),5.3,295,25,55,55,90,0,20,0,25,0,0,0,(X),(X),(X),25,62.8,5.3,11.7,11.7,19.1,0.0,4.3,0.0,5.3,0.0,0.0,0.0,(X),(X),(X),5.3,175,40,0,100,35,0,0,0,0,0,0,0,(X),(X),(X),0,37.2,8.5,0.0,21.3,7.4,0.0,0.0,0.0,0.0,0.0,0.0,0.0,(X),(X),(X),0.0,144,57,52,74,80,136,30,136,41,136,136,136,(X),(X),(X),40,8.6,11.1,10.4,14.9,15.3,8.6,6.0,8.6,8.7,8.6,8.6,8.6,(X),(X),(X),8.5,126,40,52,39,72,136,30,136,41,136,136,136,(X),(X),(X),40,15.9,8.6,10.4,8.5,13.3,8.6,6.0,8.6,8.7,8.6,8.6,8.6,(X),(X),(X),8.5,84,43,136,67,38,136,136,136,136,136,136,136,(X),(X),(X),136,16.0,8.7,8.6,13.4,8.5,8.6,8.6,8.6,8.6,8.6,8.6,8.6,(X),(X),(X),8.6
9020000US3202,3202,"Clark+Nye County Set, Nevada",2016,Social and human service assistants 2016 (SOC 21-1093),675,160,25,260,165,45,15,0,0,0,0,0,(X),(X),(X),10,100.0,23.7,3.7,38.5,24.4,6.7,2.2,0.0,0.0,0.0,0.0,0.0,(X),(X),(X),1.5,150,10,25,45,75,0,0,0,0,0,0,0,(X),(X),(X),0,22.2,1.5,3.7,6.7,11.1,0.0,0.0,0.0,0.0,0.0,0.0,0.0,(X),(X),(X),0.0,525,150,0,215,90,45,15,0,0,0,0,0,(X),(X),(X),10,77.8,22.2,0.0,31.9,13.3,6.7,2.2,0.0,0.0,0.0,0.0,0.0,(X),(X),(X),1.5,192,105,41,93,104,61,28,136,136,136,136,136,(X),(X),(X),20,6.1,14.2,6.0,14.3,12.6,8.6,4.1,6.1,6.1,6.1,6.1,6.1,(X),(X),(X),2.9,115,14,41,35,83,136,136,136,136,136,136,136,(X),(X),(X),136,15.0,2.2,6.0,5.0,11.4,6.1,6.1,6.1,6.1,6.1,6.1,6.1,(X),(X),(X),6.1,165,106,136,87,66,61,28,136,136,136,136,136,(X),(X),(X),20,15.0,14.3,6.1,13.8,9.2,8.6,4.1,6.1,6.1,6.1,6.1,6.1,(X),(X),(X),2.9
9020000US3202,3202,"Clark+Nye County Set, Nevada",2025,"Miscellaneous community and social service specialists, including health educators and community health workers 2025 (SOC 21-109X)",295,85,0,165,50,0,0,0,0,0,0,0,(X),(X),(X),0,100.0,28.8,0.0,55.9,16.9,0.0,0.0,0.0,0.0,0.0,0.0,0.0,(X),(X),(X),0.0,120,25,0,70,25,0,0,0,0,0,0,0,(X),(X),(X),0,40.7,8.5,0.0,23.7,8.5,0.0,0.0,0.0,0.0,0.0,0.0,0.0,(X),(X),(X),0.0,175,60,0,95,25,0,0,0,0,0,0,0,(X),(X),(X),0,59.3,20.3,0.0,32.2,8.5,0.0,0.0,0.0,0.0,0.0,0.0,0.0,(X),(X),(X),0.0,135,66,136,100,45,136,136,136,136,136,136,136,(X),(X),(X),136,13.4,17.8,13.4,22.0,14.6,13.4,13.4,13.4,13.4,13.4,13.4,13.4,(X),(X),(X),13.4,79,35,136,60,28,136,136,136,136,136,136,136,(X),(X),(X),136,18.9,11.2,13.4,17.3,9.7,13.4,13.4,13.4,13.4,13.4,13.4,13.4,(X),(X),(X),13.4,97,57,136,69,36,136,136,136,136,136,136,136,(X),(X),(X),136,18.9,17.6,13.4,19.2,11.9,13.4,13.4,13.4,13.4,13.4,13.4,13.4,(X),(X),(X),13.4
9020000US3202,3202,"Clark+Nye County Set, Nevada",2040,Clergy 2040 (SOC 21-2011),830,105,0,475,125,0,60,0,30,0,25,0,(X),(X),(X),0,100.0,12.7,0.0,57.2,15.1,0.0,7.2,0.0,3.6,0.0,3.0,0.0,(X),(X),(X),0.0,735,105,0,420,115,0,60,0,0,0,25,0,(X),(X),(X),0,88.6,12.7,0.0,50.6,13.9,0.0,7.2,0.0,0.0,0.0,3.0,0.0,(X),(X),(X),0.0,95,0,0,55,10,0,0,0,30,0,0,0,(X),(X),(X),0,11.4,0.0,0.0,6.6,1.2,0.0,0.0,0.0,3.6,0.0,0.0,0.0,(X),(X),(X),0.0,203,70,136,151,80,136,47,136,51,136,30,136,(X),(X),(X),136,5.0,7.6,5.0,12.9,8.8,5.0,5.3,5.0,5.9,5.0,3.7,5.0,(X),(X),(X),5.0,182,70,136,142,78,136,47,136,136,136,30,136,(X),(X),(X),136,7.0,7.6,5.0,12.7,8.7,5.0,5.3,5.0,5.0,5.0,3.7,5.0,(X),(X),(X),5.0,65,136,136,41,15,136,136,136,51,136,136,136,(X),(X),(X),136,7.1,5.0,5.0,4.8,1.8,5.0,5.0,5.0,5.9,5.0,5.0,5.0,(X),(X),(X),5.0
9020000US3202,3202,"Clark+Nye County Set, Nevada",2050,"Directors, religious activities and education 2050 (SOC 21-2021)",155,10,0,115,15,0,15,0,0,0,0,0,(X),(X),(X),0,100.0,6.5,0.0,74.2,9.7,0.0,9.7,0.0,0.0,0.0,0.0,0.0,(X),(X),(X),0.0,60,0,0,60,0,0,0,0,0,0,0,0,(X),(X),(X),0,38.7,0.0,0.0,38.7,0.0,0.0,0.0,0.0,0.0,0.0,0.0,0.0,(X),(X),(X),0.0,95,10,0,55,15,0,15,0,0,0,0,0,(X),(X),(X),0,61.3,6.5,0.0,35.5,9.7,0.0,9.7,0.0,0.0,0.0,0.0,0.0,(X),(X),(X),0.0,69,15,136,65,26,136,24,136,136,136,136,136,(X),(X),(X),136,23.7,10.2,23.7,24.0,16.6,23.7,15.2,23.7,23.7,23.7,23.7,23.7,(X),(X),(X),23.7,52,136,136,52,136,136,136,136,136,136,136,136,(X),(X),(X),136,26.2,23.7,23.7,26.2,23.7,23.7,23.7,23.7,23.7,23.7,23.7,23.7,(X),(X),(X),23.7,52,15,136,38,26,136,24,136,136,136,136,136,(X),(X),(X),136,27.6,10.2,23.7,21.8,16.6,23.7,15.2,23.7,23.7,23.7,23.7,23.7,(X),(X),(X),23.7
9020000US3202,3202,"Clark+Nye County Set, Nevada",2060,"Religious workers, all other 2060 (SOC 21-2099)",205,0,0,95,90,4,15,0,0,0,0,0,(X),(X),(X),0,100.0,0.0,0.0,46.3,43.9,2.0,7.3,0.0,0.0,0.0,0.0,0.0,(X),(X),(X),0.0,35,0,0,15,0,4,15,0,0,0,0,0,(X),(X),(X),0,17.1,0.0,0.0,7.3,0.0,2.0,7.3,0.0,0.0,0.0,0.0,0.0,(X),(X),(X),0.0,170,0,0,80,90,0,0,0,0,0,0,0,(X),(X),(X),0,82.9,0.0,0.0,39.0,43.9,0.0,0.0,0.0,0.0,0.0,0.0,0.0,(X),(X),(X),0.0,114,136,136,67,82,11,26,136,136,136,136,136,(X),(X),(X),136,18.6,18.6,18.6,26.4,27.4,5.3,12.4,18.6,18.6,18.6,18.6,18.6,(X),(X),(X),18.6,38,136,136,27,136,11,26,136,136,136,136,136,(X),(X),(X),136,17.3,18.6,18.6,12.9,18.6,5.3,12.4,18.6,18.6,18.6,18.6,18.6,(X),(X),(X),18.6,105,136,136,62,82,136,136,136,136,136,136,136,(X),(X),(X),136,17.4,18.6,18.6,25.3,27.4,18.6,18.6,18.6,18.6,18.6,18.6,18.6,(X),(X),(X),18.6
9020000US3202,3202,"Clark+Nye County Set, Nevada",2100,"Lawyers, and judges, magistrates, and other judicial workers 2100 (SOC 23-10XX)",4685,195,50,3810,200,25,320,0,0,0,20,0,(X),(X),(X),65,100.0,4.2,1.1,81.3,4.3,0.5,6.8,0.0,0.0,0.0,0.4,0.0,(X),(X),(X),1.4,3215,65,40,2755,90,10,230,0,0,0,0,0,(X),(X),(X),25,68.6,1.4,0.9,58.8,1.9,0.2,4.9,0.0,0.0,0.0,0.0,0.0,(X),(X),(X),0.5,1470,130,10,1055,110,15,90,0,0,0,20,0,(X),(X),(X),40,31.4,2.8,0.2,22.5,2.3,0.3,1.9,0.0,0.0,0.0,0.4,0.0,(X),(X),(X),0.9,616,88,44,520,118,24,146,136,136,136,34,136,(X),(X),(X),59,0.9,1.9,0.9,4.5,2.4,0.5,2.8,0.9,0.9,0.9,0.7,0.9,(X),(X),(X),1.2,485,47,38,430,73,14,115,136,136,136,136,136,(X),(X),(X),40,4.5,1.0,0.8,5.0,1.6,0.3,2.3,0.9,0.9,0.9,0.9,0.9,(X),(X),(X),0.8,278,99,22,212,99,20,62,136,136,136,34,136,(X),(X),(X),46,4.5,2.1,0.5,3.8,2.1,0.4,1.3,0.9,0.9,0.9,0.7,0.9,(X),(X),(X),1.0
9020000US3202,3202,"Clark+Nye County Set, Nevada",2105,Judicial law clerks 2105 (SOC 23-1012),35,0,0,35,0,0,0,0,0,0,0,0,(X),(X),(X),0,100.0,0.0,0.0,100.0,0.0,0.0,0.0,0.0,0.0,0.0,0.0,0.0,(X),(X),(X),0.0,35,0,0,35,0,0,0,0,0,0,0,0,(X),(X),(X),0,100.0,0.0,0.0,100.0,0.0,0.0,0.0,0.0,0.0,0.0,0.0,0.0,(X),(X),(X),0.0,0,0,0,0,0,0,0,0,0,0,0,0,(X),(X),(X),0,0.0,0.0,0.0,0.0,0.0,0.0,0.0,0.0,0.0,0.0,0.0,0.0,(X),(X),(X),0.0,36,136,136,36,136,136,136,136,136,136,136,136,(X),(X),(X),136,57.3,57.3,57.3,57.3,57.3,57.3,57.3,57.3,57.3,57.3,57.3,57.3,(X),(X),(X),57.3,36,136,136,36,136,136,136,136,136,136,136,136,(X),(X),(X),136,57.3,57.3,57.3,57.3,57.3,57.3,57.3,57.3,57.3,57.3,57.3,57.3,(X),(X),(X),57.3,136,136,136,136,136,136,136,136,136,136,136,136,(X),(X),(X),136,57.3,57.3,57.3,57.3,57.3,57.3,57.3,57.3,57.3,57.3,57.3,57.3,(X),(X),(X),57.3
9020000US3202,3202,"Clark+Nye County Set, Nevada",2145,Paralegals and legal assistants 2145 (SOC 23-2011),3140,235,45,2300,195,15,235,105,0,10,0,0,(X),(X),(X),0,100.0,7.5,1.4,73.2,6.2,0.5,7.5,3.3,0.0,0.3,0.0,0.0,(X),(X),(X),0.0,420,10,0,255,60,0,80,15,0,0,0,0,(X),(X),(X),0,13.4,0.3,0.0,8.1,1.9,0.0,2.5,0.5,0.0,0.0,0.0,0.0,(X),(X),(X),0.0,2720,225,45,2045,135,15,155,90,0,10,0,0,(X),(X),(X),0,86.6,7.2,1.4,65.1,4.3,0.5,4.9,2.9,0.0,0.3,0.0,0.0,(X),(X),(X),0.0,444,121,48,394,118,24,131,105,136,21,136,136,(X),(X),(X),136,1.3,3.8,1.6,6.3,3.6,0.8,4.1,3.4,1.3,0.7,1.3,1.3,(X),(X),(X),1.3,161,17,136,99,68,136,77,27,136,136,136,136,(X),(X),(X),136,5.1,0.5,1.3,3.3,2.1,1.3,2.4,0.9,1.3,1.3,1.3,1.3,(X),(X),(X),1.3,437,121,48,389,99,24,83,105,136,21,136,136,(X),(X),(X),136,5.0,3.8,1.6,6.6,3.1,0.8,2.6,3.3,1.3,0.7,1.3,1.3,(X),(X),(X),1.3
9020000US3202,3202,"Clark+Nye County Set, Nevada",2160,Miscellaneous legal support workers 2160 (SOC 23-2090),2035,115,75,1570,185,0,50,0,0,0,0,0,(X),(X),(X),45,100.0,5.7,3.7,77.1,9.1,0.0,2.5,0.0,0.0,0.0,0.0,0.0,(X),(X),(X),2.2,650,50,30,530,25,0,20,0,0,0,0,0,(X),(X),(X),0,31.9,2.5,1.5,26.0,1.2,0.0,1.0,0.0,0.0,0.0,0.0,0.0,(X),(X),(X),0.0,1390,65,45,1040,165,0,30,0,0,0,0,0,(X),(X),(X),45,68.3,3.2,2.2,51.1,8.1,0.0,1.5,0.0,0.0,0.0,0.0,0.0,(X),(X),(X),2.2,324,74,57,317,89,136,34,136,136,136,136,136,(X),(X),(X),59,2.1,3.5,2.7,6.9,4.6,2.1,1.7,2.1,2.1,2.1,2.1,2.1,(X),(X),(X),2.9,258,49,48,235,27,136,27,136,136,136,136,136,(X),(X),(X),136,10.1,2.3,2.4,9.5,1.3,2.1,1.3,2.1,2.1,2.1,2.1,2.1,(X),(X),(X),2.1,251,59,37,244,89,136,32,136,136,136,136,136,(X),(X),(X),59,10.1,2.9,1.8,9.9,4.6,2.1,1.6,2.1,2.1,2.1,2.1,2.1,(X),(X),(X),2.9
9020000US3202,3202,"Clark+Nye County Set, Nevada",2200,Postsecondary teachers 2200 (SOC 25-1000),4020,325,80,2875,225,0,440,0,20,15,15,0,(X),(X),(X),25,100.0,8.1,2.0,71.5,5.6,0.0,10.9,0.0,0.5,0.4,0.4,0.0,(X),(X),(X),0.6,2005,140,35,1545,50,0,215,0,0,15,0,0,(X),(X),(X),0,49.9,3.5,0.9,38.4,1.2,0.0,5.3,0.0,0.0,0.4,0.0,0.0,(X),(X),(X),0.0,2015,180,45,1325,175,0,225,0,20,0,15,0,(X),(X),(X),25,50.1,4.5,1.1,33.0,4.4,0.0,5.6,0.0,0.5,0.0,0.4,0.0,(X),(X),(X),0.6,425,125,59,344,127,136,119,136,34,24,26,136,(X),(X),(X),29,1.0,2.9,1.4,5.0,3.1,1.0,2.8,1.0,0.8,0.6,0.6,1.0,(X),(X),(X),0.7,289,71,37,255,56,136,91,136,136,24,136,136,(X),(X),(X),136,4.9,1.8,0.9,4.6,1.4,1.0,2.3,1.0,1.0,0.6,1.0,1.0,(X),(X),(X),1.0,287,113,43,212,113,136,90,136,34,136,26,136,(X),(X),(X),29,4.8,2.7,1.0,4.7,2.8,1.0,2.1,1.0,0.8,1.0,0.6,1.0,(X),(X),(X),0.7
9020000US3202,3202,"Clark+Nye County Set, Nevada",2300,Preschool and kindergarten teachers 2300 (SOC 25-2010),2375,185,115,1610,285,10,75,75,0,0,0,0,(X),(X),(X),20,100.0,7.8,4.8,67.8,12.0,0.4,3.2,3.2,0.0,0.0,0.0,0.0,(X),(X),(X),0.8,70,35,0,15,20,0,0,0,0,0,0,0,(X),(X),(X),0,2.9,1.5,0.0,0.6,0.8,0.0,0.0,0.0,0.0,0.0,0.0,0.0,(X),(X),(X),0.0,2305,150,115,1595,270,10,75,75,0,0,0,0,(X),(X),(X),20,97.1,6.3,4.8,67.2,11.4,0.4,3.2,3.2,0.0,0.0,0.0,0.0,(X),(X),(X),0.8,380,123,66,304,131,15,58,57,136,136,136,136,(X),(X),(X),25,1.8,5.1,2.7,7.0,5.1,0.6,2.4,2.4,1.8,1.8,1.8,1.8,(X),(X),(X),1.1,68,61,136,26,32,136,136,136,136,136,136,136,(X),(X),(X),136,2.8,2.6,1.8,1.1,1.3,1.8,1.8,1.8,1.8,1.8,1.8,1.8,(X),(X),(X),1.8,380,109,66,306,126,15,58,57,136,136,136,136,(X),(X),(X),25,2.9,4.5,2.7,7.1,4.9,0.6,2.4,2.4,1.8,1.8,1.8,1.8,(X),(X),(X),1.1
9020000US3202,3202,"Clark+Nye County Set, Nevada",2310,Elementary and middle school teachers 2310 (SOC 25-2020),18290,1090,380,13955,1600,30,635,30,70,45,180,60,(X),(X),(X),215,100.0,6.0,2.1,76.3,8.7,0.2,3.5,0.2,0.4,0.2,1.0,0.3,(X),(X),(X),1.2,4215,220,40,3200,600,10,60,0,0,15,30,35,(X),(X),(X),10,23.0,1.2,0.2,17.5,3.3,0.1,0.3,0.0,0.0,0.1,0.2,0.2,(X),(X),(X),0.1,14075,870,335,10755,1000,25,575,30,70,35,155,25,(X),(X),(X),205,77.0,4.8,1.8,58.8,5.5,0.1,3.1,0.2,0.4,0.2,0.8,0.1,(X),(X),(X),1.1,963,243,130,868,338,25,164,35,53,37,99,45,(X),(X),(X),127,0.2,1.3,0.7,2.5,1.8,0.1,0.9,0.2,0.3,0.2,0.5,0.2,(X),(X),(X),0.7,434,98,37,416,205,14,52,136,136,22,32,38,(X),(X),(X),15,1.9,0.5,0.2,1.9,1.1,0.1,0.3,0.2,0.2,0.1,0.2,0.2,(X),(X),(X),0.1,766,225,116,678,268,25,166,35,53,29,94,31,(X),(X),(X),133,1.9,1.2,0.6,2.5,1.4,0.1,0.9,0.2,0.3,0.2,0.5,0.2,(X),(X),(X),0.7
9020000US3202,3202,"Clark+Nye County Set, Nevada",2320,Secondary school teachers 2320 (SOC 25-2030),3345,130,70,2620,355,15,80,0,15,10,0,0,(X),(X),(X),50,100.0,3.9,2.1,78.3,10.6,0.4,2.4,0.0,0.4,0.3,0.0,0.0,(X),(X),(X),1.5,1300,70,10,970,185,4,25,0,15,0,0,0,(X),(X),(X),15,38.9,2.1,0.3,29.0,5.5,0.1,0.7,0.0,0.4,0.0,0.0,0.0,(X),(X),(X),0.4,2045,60,60,1650,170,10,60,0,0,10,0,0,(X),(X),(X),35,61.1,1.8,1.8,49.3,5.1,0.3,1.8,0.0,0.0,0.3,0.0,0.0,(X),(X),(X),1.0,427,91,58,337,127,21,79,136,24,15,136,136,(X),(X),(X),58,1.3,2.5,1.7,5.5,3.7,0.6,2.3,1.3,0.7,0.4,1.3,1.3,(X),(X),(X),1.7,238,78,21,211,92,11,27,136,24,136,136,136,(X),(X),(X),28,5.4,2.2,0.6,5.5,2.8,0.3,0.8,1.3,0.7,1.3,1.3,1.3,(X),(X),(X),0.8,324,56,57,278,103,20,75,136,136,15,136,136,(X),(X),(X),53,5.4,1.6,1.7,6.4,3.0,0.6,2.2,1.3,1.3,0.4,1.3,1.3,(X),(X),(X),1.6
9020000US3202,3202,"Clark+Nye County Set, Nevada",2330,Special education teachers 2330 (SOC 25-2050),1140,15,25,810,220,15,15,10,0,0,0,0,(X),(X),(X),30,100.0,1.3,2.2,71.1,19.3,1.3,1.3,0.9,0.0,0.0,0.0,0.0,(X),(X),(X),2.6,310,0,0,275,35,0,0,0,0,0,0,0,(X),(X),(X),0,27.2,0.0,0.0,24.1,3.1,0.0,0.0,0.0,0.0,0.0,0.0,0.0,(X),(X),(X),0.0,830,15,25,535,185,15,15,10,0,0,0,0,(X),(X),(X),30,72.8,1.3,2.2,46.9,16.2,1.3,1.3,0.9,0.0,0.0,0.0,0.0,(X),(X),(X),2.6,223,23,28,162,129,29,29,22,136,136,136,136,(X),(X),(X),32,3.7,2.0,2.4,9.4,9.8,2.5,2.5,1.9,3.7,3.7,3.7,3.7,(X),(X),(X),2.8,139,136,136,123,63,136,136,136,136,136,136,136,(X),(X),(X),136,10.6,3.7,3.7,9.5,5.5,3.7,3.7,3.7,3.7,3.7,3.7,3.7,(X),(X),(X),3.7,192,23,28,136,118,29,29,22,136,136,136,136,(X),(X),(X),32,10.5,2.0,2.4,11.1,9.0,2.5,2.5,1.9,3.7,3.7,3.7,3.7,(X),(X),(X),2.8
9020000US3202,3202,"Clark+Nye County Set, Nevada",2340,Other teachers and instructors 2340 (SOC 25-3000),4130,380,130,2935,395,0,110,0,10,35,60,20,(X),(X),(X),60,100.0,9.2,3.1,71.1,9.6,0.0,2.7,0.0,0.2,0.8,1.5,0.5,(X),(X),(X),1.5,1880,90,70,1375,175,0,65,0,0,25,60,0,(X),(X),(X),25,45.5,2.2,1.7,33.3,4.2,0.0,1.6,0.0,0.0,0.6,1.5,0.0,(X),(X),(X),0.6,2250,285,60,1560,220,0,40,0,10,10,0,20,(X),(X),(X),40,54.5,6.9,1.5,37.8,5.3,0.0,1.0,0.0,0.2,0.2,0.0,0.5,(X),(X),(X),1.0,458,138,88,414,148,136,60,136,21,37,68,36,(X),(X),(X),54,1.0,3.1,2.1,5.7,3.4,1.0,1.5,1.0,0.5,0.9,1.6,0.9,(X),(X),(X),1.3,326,65,55,298,90,136,49,136,136,38,68,136,(X),(X),(X),38,5.6,1.5,1.3,5.7,2.0,1.0,1.2,1.0,1.0,0.9,1.6,1.0,(X),(X),(X),0.9,325,123,65,299,107,136,42,136,21,16,136,36,(X),(X),(X),38,5.6,2.9,1.6,6.2,2.6,1.0,1.0,1.0,0.5,0.4,1.0,0.9,(X),(X),(X),0.9
9020000US3202,3202,"Clark+Nye County Set, Nevada",2400,"Archivists, curators, and museum technicians 2400 (SOC 25-4010)",65,0,0,10,55,0,0,0,0,0,0,0,(X),(X),(X),0,100.0,0.0,0.0,15.4,84.6,0.0,0.0,0.0,0.0,0.0,0.0,0.0,(X),(X),(X),0.0,65,0,0,10,55,0,0,0,0,0,0,0,(X),(X),(X),0,100.0,0.0,0.0,15.4,84.6,0.0,0.0,0.0,0.0,0.0,0.0,0.0,(X),(X),(X),0.0,0,0,0,0,0,0,0,0,0,0,0,0,(X),(X),(X),0,0.0,0.0,0.0,0.0,0.0,0.0,0.0,0.0,0.0,0.0,0.0,0.0,(X),(X),(X),0.0,66,136,136,22,64,136,136,136,136,136,136,136,(X),(X),(X),136,42.1,42.1,42.1,39.6,41.1,42.1,42.1,42.1,42.1,42.1,42.1,42.1,(X),(X),(X),42.1,66,136,136,22,64,136,136,136,136,136,136,136,(X),(X),(X),136,42.1,42.1,42.1,39.6,41.1,42.1,42.1,42.1,42.1,42.1,42.1,42.1,(X),(X),(X),42.1,136,136,136,136,136,136,136,136,136,136,136,136,(X),(X),(X),136,42.1,42.1,42.1,42.1,42.1,42.1,42.1,42.1,42.1,42.1,42.1,42.1,(X),(X),(X),42.1
9020000US3202,3202,"Clark+Nye County Set, Nevada",2430,Librarians 2430 (SOC 25-4021),495,55,40,320,30,0,25,0,0,10,15,0,(X),(X),(X),0,100.0,11.1,8.1,64.6,6.1,0.0,5.1,0.0,0.0,2.0,3.0,0.0,(X),(X),(X),0.0,85,0,0,75,0,0,10,0,0,0,0,0,(X),(X),(X),0,17.2,0.0,0.0,15.2,0.0,0.0,2.0,0.0,0.0,0.0,0.0,0.0,(X),(X),(X),0.0,410,55,40,245,30,0,15,0,0,10,15,0,(X),(X),(X),0,82.8,11.1,8.1,49.5,6.1,0.0,3.0,0.0,0.0,2.0,3.0,0.0,(X),(X),(X),0.0,136,54,48,101,38,136,29,136,136,13,25,136,(X),(X),(X),136,8.2,9.9,8.9,13.6,7.4,8.2,6.1,8.2,8.2,2.8,5.0,8.2,(X),(X),(X),8.2,57,136,136,53,136,136,18,136,136,136,136,136,(X),(X),(X),136,10.3,8.2,8.2,9.7,8.2,8.2,3.7,8.2,8.2,8.2,8.2,8.2,(X),(X),(X),8.2,124,54,48,88,38,136,21,136,136,13,25,136,(X),(X),(X),136,10.4,9.9,8.9,13.6,7.4,8.2,4.5,8.2,8.2,2.8,5.0,8.2,(X),(X),(X),8.2
9020000US3202,3202,"Clark+Nye County Set, Nevada",2440,Library technicians 2440 (SOC 25-4031),220,50,0,135,4,0,20,0,0,4,0,0,(X),(X),(X),0,100.0,22.7,0.0,61.4,1.8,0.0,9.1,0.0,0.0,1.8,0.0,0.0,(X),(X),(X),0.0,65,10,0,55,0,0,0,0,0,0,0,0,(X),(X),(X),0,29.5,4.5,0.0,25.0,0.0,0.0,0.0,0.0,0.0,0.0,0.0,0.0,(X),(X),(X),0.0,155,40,0,80,4,0,20,0,0,4,0,0,(X),(X),(X),0,70.5,18.2,0.0,36.4,1.8,0.0,9.1,0.0,0.0,1.8,0.0,0.0,(X),(X),(X),0.0,102,53,136,81,18,136,32,136,136,12,136,136,(X),(X),(X),136,17.5,20.3,17.5,22.6,8.3,17.5,14.8,17.5,17.5,5.7,17.5,17.5,(X),(X),(X),17.5,61,22,136,58,136,136,136,136,136,136,136,136,(X),(X),(X),136,23.9,9.6,17.5,24.0,17.5,17.5,17.5,17.5,17.5,17.5,17.5,17.5,(X),(X),(X),17.5,87,49,136,62,18,136,32,136,136,12,136,136,(X),(X),(X),136,24.0,19.4,17.5,23.0,8.3,17.5,14.8,17.5,17.5,5.7,17.5,17.5,(X),(X),(X),17.5
9020000US3202,3202,"Clark+Nye County Set, Nevada",2540,Teacher assistants 2540 (SOC 25-9041),3910,610,320,1970,780,0,135,30,0,15,25,0,(X),(X),(X),25,100.0,15.6,8.2,50.4,19.9,0.0,3.5,0.8,0.0,0.4,0.6,0.0,(X),(X),(X),0.6,390,30,20,175,150,0,15,0,0,0,0,0,(X),(X),(X),0,10.0,0.8,0.5,4.5,3.8,0.0,0.4,0.0,0.0,0.0,0.0,0.0,(X),(X),(X),0.0,3520,580,300,1795,630,0,115,30,0,15,25,0,(X),(X),(X),25,90.0,14.8,7.7,45.9,16.1,0.0,2.9,0.8,0.0,0.4,0.6,0.0,(X),(X),(X),0.6,474,178,124,327,216,136,82,47,136,22,33,136,(X),(X),(X),32,1.1,4.1,3.1,5.3,4.9,1.1,2.1,1.2,1.1,0.6,0.8,1.1,(X),(X),(X),0.8,152,40,32,101,107,136,29,136,136,136,136,136,(X),(X),(X),136,3.8,1.0,0.8,2.4,2.7,1.1,0.8,1.1,1.1,1.1,1.1,1.1,(X),(X),(X),1.1,457,177,122,300,202,136,78,47,136,22,33,136,(X),(X),(X),32,3.7,4.0,3.0,5.3,4.7,1.1,2.0,1.2,1.1,0.6,0.8,1.1,(X),(X),(X),0.8
9020000US3202,3202,"Clark+Nye County Set, Nevada",2550,"Other education, training, and library workers 2550 (SOC 25-90XX)",550,10,60,420,35,0,20,0,0,0,0,0,(X),(X),(X),0,100.0,1.8,10.9,76.4,6.4,0.0,3.6,0.0,0.0,0.0,0.0,0.0,(X),(X),(X),0.0,55,0,0,55,0,0,0,0,0,0,0,0,(X),(X),(X),0,10.0,0.0,0.0,10.0,0.0,0.0,0.0,0.0,0.0,0.0,0.0,0.0,(X),(X),(X),0.0,495,10,60,365,35,0,20,0,0,0,0,0,(X),(X),(X),0,90.0,1.8,10.9,66.4,6.4,0.0,3.6,0.0,0.0,0.0,0.0,0.0,(X),(X),(X),0.0,231,18,63,199,53,136,33,136,136,136,136,136,(X),(X),(X),136,7.4,3.5,11.1,15.0,9.8,7.4,6.2,7.4,7.4,7.4,7.4,7.4,(X),(X),(X),7.4,55,136,136,55,136,136,136,136,136,136,136,136,(X),(X),(X),136,8.9,7.4,7.4,8.9,7.4,7.4,7.4,7.4,7.4,7.4,7.4,7.4,(X),(X),(X),7.4,204,18,63,168,53,136,33,136,136,136,136,136,(X),(X),(X),136,9.0,3.5,11.1,14.2,9.8,7.4,6.2,7.4,7.4,7.4,7.4,7.4,(X),(X),(X),7.4
9020000US3202,3202,"Clark+Nye County Set, Nevada",2600,Artists and related workers 2600 (SOC 27-1010),1005,80,0,695,55,0,60,0,0,20,70,0,(X),(X),(X),30,100.0,8.0,0.0,69.2,5.5,0.0,6.0,0.0,0.0,2.0,7.0,0.0,(X),(X),(X),3.0,530,80,0,345,35,0,20,0,0,10,40,0,(X),(X),(X),0,52.7,8.0,0.0,34.3,3.5,0.0,2.0,0.0,0.0,1.0,4.0,0.0,(X),(X),(X),0.0,470,0,0,350,15,0,40,0,0,10,30,0,(X),(X),(X),30,46.8,0.0,0.0,34.8,1.5,0.0,4.0,0.0,0.0,1.0,3.0,0.0,(X),(X),(X),3.0,249,89,136,215,44,136,55,136,136,23,68,136,(X),(X),(X),41,4.1,8.3,4.1,12.7,4.3,4.1,5.4,4.1,4.1,2.4,6.5,4.1,(X),(X),(X),4.0,176,89,136,134,47,136,36,136,136,16,50,136,(X),(X),(X),136,11.2,8.3,4.1,10.8,4.6,4.1,3.5,4.1,4.1,1.7,5.0,4.1,(X),(X),(X),4.1,163,136,136,142,29,136,45,136,136,16,43,136,(X),(X),(X),41,11.2,4.1,4.1,10.6,2.9,4.1,4.4,4.1,4.1,1.6,4.2,4.1,(X),(X),(X),4.0
9020000US3202,3202,"Clark+Nye County Set, Nevada",2630,Designers 2630 (SOC 27-1020),4970,645,290,3345,50,45,535,0,0,10,0,0,(X),(X),(X),55,100.0,13.0,5.8,67.3,1.0,0.9,10.8,0.0,0.0,0.2,0.0,0.0,(X),(X),(X),1.1,2710,360,235,1760,40,10,280,0,0,10,0,0,(X),(X),(X),15,54.5,7.2,4.7,35.4,0.8,0.2,5.6,0.0,0.0,0.2,0.0,0.0,(X),(X),(X),0.3,2260,280,55,1585,10,35,255,0,0,0,0,0,(X),(X),(X),40,45.5,5.6,1.1,31.9,0.2,0.7,5.1,0.0,0.0,0.0,0.0,0.0,(X),(X),(X),0.8,550,224,125,450,46,42,207,136,136,18,136,136,(X),(X),(X),68,0.8,4.3,2.5,5.9,0.9,0.9,3.7,0.8,0.8,0.4,0.8,0.8,(X),(X),(X),1.4,385,153,112,317,44,18,122,136,136,18,136,136,(X),(X),(X),28,4.5,3.1,2.2,4.8,0.9,0.4,2.2,0.8,0.8,0.4,0.8,0.8,(X),(X),(X),0.6,325,155,46,274,12,37,142,136,136,136,136,136,(X),(X),(X),63,4.5,3.0,0.9,4.8,0.2,0.8,2.7,0.8,0.8,0.8,0.8,0.8,(X),(X),(X),1.3
9020000US3202,3202,"Clark+Nye County Set, Nevada",2700,Actors 2700 (SOC 27-2011),510,35,0,315,85,0,50,0,0,0,0,0,(X),(X),(X),20,100.0,6.9,0.0,61.8,16.7,0.0,9.8,0.0,0.0,0.0,0.0,0.0,(X),(X),(X),3.9,140,0,0,75,55,0,10,0,0,0,0,0,(X),(X),(X),0,27.5,0.0,0.0,14.7,10.8,0.0,2.0,0.0,0.0,0.0,0.0,0.0,(X),(X),(X),0.0,370,35,0,240,30,0,40,0,0,0,0,0,(X),(X),(X),20,72.5,6.9,0.0,47.1,5.9,0.0,7.8,0.0,0.0,0.0,0.0,0.0,(X),(X),(X),3.9,176,49,136,135,58,136,63,136,136,136,136,136,(X),(X),(X),35,8.0,9.5,8.0,15.8,10.5,8.0,12.2,8.0,8.0,8.0,8.0,8.0,(X),(X),(X),6.9,86,136,136,53,55,136,16,136,136,136,136,136,(X),(X),(X),136,16.4,8.0,8.0,10.2,11.2,8.0,3.1,8.0,8.0,8.0,8.0,8.0,(X),(X),(X),8.0,158,49,136,129,44,136,60,136,136,136,136,136,(X),(X),(X),35,16.4,9.5,8.0,18.5,8.6,8.0,11.7,8.0,8.0,8.0,8.0,8.0,(X),(X),(X),6.9
9020000US3202,3202,"Clark+Nye County Set, Nevada",2710,Producers and directors 2710 (SOC 27-2012),810,10,0,600,135,0,35,15,0,0,10,0,(X),(X),(X),0,100.0,1.2,0.0,74.1,16.7,0.0,4.3,1.9,0.0,0.0,1.2,0.0,(X),(X),(X),0.0,590,10,0,390,135,0,30,15,0,0,10,0,(X),(X),(X),0,72.8,1.2,0.0,48.1,16.7,0.0,3.7,1.9,0.0,0.0,1.2,0.0,(X),(X),(X),0.0,215,0,0,210,0,0,4,0,0,0,0,0,(X),(X),(X),0,26.5,0.0,0.0,25.9,0.0,0.0,0.5,0.0,0.0,0.0,0.0,0.0,(X),(X),(X),0.0,233,19,136,196,130,136,50,30,136,136,18,136,(X),(X),(X),136,5.1,2.4,5.1,15.2,14.5,5.1,6.0,3.7,5.1,5.1,2.3,5.1,(X),(X),(X),5.1,205,19,136,145,130,136,45,30,136,136,18,136,(X),(X),(X),136,11.3,2.4,5.1,12.4,14.5,5.1,5.5,3.7,5.1,5.1,2.3,5.1,(X),(X),(X),5.1,105,136,136,101,136,136,17,136,136,136,136,136,(X),(X),(X),136,11.4,5.1,5.1,10.9,5.1,5.1,2.0,5.1,5.1,5.1,5.1,5.1,(X),(X),(X),5.1
9020000US3202,3202,"Clark+Nye County Set, Nevada",2720,"Athletes, coaches, umpires, and related workers 2720 (SOC 27-2020)",1630,105,70,1070,180,0,90,15,10,0,0,0,(X),(X),(X),95,100.0,6.4,4.3,65.6,11.0,0.0,5.5,0.9,0.6,0.0,0.0,0.0,(X),(X),(X),5.8,1210,105,70,775,125,0,60,0,0,0,0,0,(X),(X),(X),80,74.2,6.4,4.3,47.5,7.7,0.0,3.7,0.0,0.0,0.0,0.0,0.0,(X),(X),(X),4.9,420,0,0,295,55,0,30,15,10,0,0,0,(X),(X),(X),15,25.8,0.0,0.0,18.1,3.4,0.0,1.8,0.9,0.6,0.0,0.0,0.0,(X),(X),(X),0.9,346,90,76,249,146,136,74,26,16,136,136,136,(X),(X),(X),91,2.6,5.2,4.8,9.5,8.5,2.6,4.5,1.6,1.0,2.6,2.6,2.6,(X),(X),(X),5.1,320,90,76,209,124,136,65,136,136,136,136,136,(X),(X),(X),89,8.8,5.2,4.8,8.0,7.3,2.6,4.0,2.6,2.6,2.6,2.6,2.6,(X),(X),(X),5.0,148,136,136,118,79,136,28,26,16,136,136,136,(X),(X),(X),23,8.8,2.6,2.6,7.2,4.8,2.6,1.7,1.6,1.0,2.6,2.6,2.6,(X),(X),(X),1.4
9020000US3202,3202,"Clark+Nye County Set, Nevada",2740,Dancers and choreographers 2740 (SOC 27-2030),1710,330,100,770,125,0,180,60,45,40,55,0,(X),(X),(X),0,100.0,19.3,5.8,45.0,7.3,0.0,10.5,3.5,2.6,2.3,3.2,0.0,(X),(X),(X),0.0,200,10,55,120,20,0,0,0,0,0,0,0,(X),(X),(X),0,11.7,0.6,3.2,7.0,1.2,0.0,0.0,0.0,0.0,0.0,0.0,0.0,(X),(X),(X),0.0,1505,320,45,650,110,0,180,60,45,40,55,0,(X),(X),(X),0,88.0,18.7,2.6,38.0,6.4,0.0,10.5,3.5,2.6,2.3,3.2,0.0,(X),(X),(X),0.0,360,150,103,261,95,136,105,61,70,53,57,136,(X),(X),(X),136,2.5,8.2,5.6,11.0,5.2,2.5,6.6,3.5,4.0,3.1,3.5,2.5,(X),(X),(X),2.5,134,13,86,92,36,136,136,136,136,136,136,136,(X),(X),(X),136,7.2,0.8,4.8,5.3,2.1,2.5,2.5,2.5,2.5,2.5,2.5,2.5,(X),(X),(X),2.5,322,150,44,215,100,136,105,61,70,53,57,136,(X),(X),(X),136,7.2,8.2,2.7,8.6,5.6,2.5,6.6,3.5,4.0,3.1,3.5,2.5,(X),(X),(X),2.5
9020000US3202,3202,"Clark+Nye County Set, Nevada",2750,"Musicians, singers, and related workers 2750 (SOC 27-2040)",1880,195,145,1220,170,0,130,0,0,0,25,0,(X),(X),(X),0,100.0,10.4,7.7,64.9,9.0,0.0,6.9,0.0,0.0,0.0,1.3,0.0,(X),(X),(X),0.0,1515,145,145,975,135,0,90,0,0,0,25,0,(X),(X),(X),0,80.6,7.7,7.7,51.9,7.2,0.0,4.8,0.0,0.0,0.0,1.3,0.0,(X),(X),(X),0.0,370,50,0,245,35,0,40,0,0,0,0,0,(X),(X),(X),0,19.7,2.7,0.0,13.0,1.9,0.0,2.1,0.0,0.0,0.0,0.0,0.0,(X),(X),(X),0.0,356,96,120,336,72,136,97,136,136,136,36,136,(X),(X),(X),136,2.2,5.5,6.3,9.7,4.1,2.2,5.1,2.2,2.2,2.2,1.9,2.2,(X),(X),(X),2.2,332,92,120,304,68,136,96,136,136,136,36,136,(X),(X),(X),136,6.8,5.1,6.3,10.3,3.9,2.2,5.1,2.2,2.2,2.2,1.9,2.2,(X),(X),(X),2.2,133,42,136,122,40,136,33,136,136,136,136,136,(X),(X),(X),136,6.7,2.3,2.2,6.1,2.1,2.2,1.8,2.2,2.2,2.2,2.2,2.2,(X),(X),(X),2.2
9020000US3202,3202,"Clark+Nye County Set, Nevada",2760,"Entertainers and performers, sports and related workers, all other 2760 (SOC 27-2099)",1640,65,40,1325,120,0,25,0,15,25,0,30,(X),(X),(X),0,100.0,4.0,2.4,80.8,7.3,0.0,1.5,0.0,0.9,1.5,0.0,1.8,(X),(X),(X),0.0,920,25,20,770,70,0,0,0,0,0,0,30,(X),(X),(X),0,56.1,1.5,1.2,47.0,4.3,0.0,0.0,0.0,0.0,0.0,0.0,1.8,(X),(X),(X),0.0,725,40,20,550,50,0,25,0,15,25,0,0,(X),(X),(X),0,44.2,2.4,1.2,33.5,3.0,0.0,1.5,0.0,0.9,1.5,0.0,0.0,(X),(X),(X),0.0,335,57,36,294,101,136,29,136,32,38,136,49,(X),(X),(X),136,2.6,3.6,2.2,8.2,5.8,2.6,1.8,2.6,2.0,2.4,2.6,2.9,(X),(X),(X),2.6,241,29,26,213,77,136,136,136,136,136,136,49,(X),(X),(X),136,9.1,1.8,1.6,9.0,4.6,2.6,2.6,2.6,2.6,2.6,2.6,2.9,(X),(X),(X),2.6,207,49,24,189,63,136,29,136,32,38,136,136,(X),(X),(X),136,9.0,3.0,1.5,9.3,3.7,2.6,1.8,2.6,2.0,2.4,2.6,2.6,(X),(X),(X),2.6
9020000US3202,3202,"Clark+Nye County Set, Nevada",2800,Announcers 2800 (SOC 27-3010),470,45,20,325,40,0,0,0,10,0,0,0,(X),(X),(X),25,100.0,9.6,4.3,69.1,8.5,0.0,0.0,0.0,2.1,0.0,0.0,0.0,(X),(X),(X),5.3,470,45,20,325,40,0,0,0,10,0,0,0,(X),(X),(X),25,100.0,9.6,4.3,69.1,8.5,0.0,0.0,0.0,2.1,0.0,0.0,0.0,(X),(X),(X),5.3,0,0,0,0,0,0,0,0,0,0,0,0,(X),(X),(X),0,0.0,0.0,0.0,0.0,0.0,0.0,0.0,0.0,0.0,0.0,0.0,0.0,(X),(X),(X),0.0,201,70,24,155,64,136,136,136,20,136,136,136,(X),(X),(X),28,8.6,13.9,5.1,16.8,12.9,8.6,8.6,8.6,4.7,8.6,8.6,8.6,(X),(X),(X),6.7,201,70,24,155,64,136,136,136,20,136,136,136,(X),(X),(X),28,8.6,13.9,5.1,16.8,12.9,8.6,8.6,8.6,4.7,8.6,8.6,8.6,(X),(X),(X),6.7,136,136,136,136,136,136,136,136,136,136,136,136,(X),(X),(X),136,8.6,8.6,8.6,8.6,8.6,8.6,8.6,8.6,8.6,8.6,8.6,8.6,(X),(X),(X),8.6
9020000US3202,3202,"Clark+Nye County Set, Nevada",2810,"News analysts, reporters and correspondents 2810 (SOC 27-3020)",515,130,15,370,0,0,0,0,0,0,0,0,(X),(X),(X),0,100.0,25.2,2.9,71.8,0.0,0.0,0.0,0.0,0.0,0.0,0.0,0.0,(X),(X),(X),0.0,200,35,15,145,0,0,0,0,0,0,0,0,(X),(X),(X),0,38.8,6.8,2.9,28.2,0.0,0.0,0.0,0.0,0.0,0.0,0.0,0.0,(X),(X),(X),0.0,315,95,0,225,0,0,0,0,0,0,0,0,(X),(X),(X),0,61.2,18.4,0.0,43.7,0.0,0.0,0.0,0.0,0.0,0.0,0.0,0.0,(X),(X),(X),0.0,214,135,28,170,136,136,136,136,136,136,136,136,(X),(X),(X),136,7.9,22.1,5.9,22.0,7.9,7.9,7.9,7.9,7.9,7.9,7.9,7.9,(X),(X),(X),7.9,108,59,28,102,136,136,136,136,136,136,136,136,(X),(X),(X),136,16.8,10.6,5.9,18.9,7.9,7.9,7.9,7.9,7.9,7.9,7.9,7.9,(X),(X),(X),7.9,168,91,136,145,136,136,136,136,136,136,136,136,(X),(X),(X),136,16.7,15.0,7.9,22.9,7.9,7.9,7.9,7.9,7.9,7.9,7.9,7.9,(X),(X),(X),7.9
9020000US3202,3202,"Clark+Nye County Set, Nevada",2825,Public relations specialists 2825 (SOC 27-3031),840,20,15,680,55,10,60,0,0,0,0,0,(X),(X),(X),0,100.0,2.4,1.8,81.0,6.5,1.2,7.1,0.0,0.0,0.0,0.0,0.0,(X),(X),(X),0.0,365,15,0,330,15,10,0,0,0,0,0,0,(X),(X),(X),0,43.5,1.8,0.0,39.3,1.8,1.2,0.0,0.0,0.0,0.0,0.0,0.0,(X),(X),(X),0.0,470,4,15,350,45,0,60,0,0,0,0,0,(X),(X),(X),0,56.0,0.5,1.8,41.7,5.4,0.0,7.1,0.0,0.0,0.0,0.0,0.0,(X),(X),(X),0.0,187,21,31,177,55,18,89,136,136,136,136,136,(X),(X),(X),136,4.9,2.4,3.6,12.4,6.2,2.2,10.3,4.9,4.9,4.9,4.9,4.9,(X),(X),(X),4.9,124,21,136,117,22,18,136,136,136,136,136,136,(X),(X),(X),136,11.1,2.4,4.9,10.5,2.6,2.2,4.9,4.9,4.9,4.9,4.9,4.9,(X),(X),(X),4.9,139,10,31,129,51,136,89,136,136,136,136,136,(X),(X),(X),136,10.8,1.2,3.6,13.4,5.9,4.9,10.3,4.9,4.9,4.9,4.9,4.9,(X),(X),(X),4.9
9020000US3202,3202,"Clark+Nye County Set, Nevada",2830,Editors 2830 (SOC 27-3041),740,30,0,685,0,0,0,0,15,0,10,0,(X),(X),(X),0,100.0,4.1,0.0,92.6,0.0,0.0,0.0,0.0,2.0,0.0,1.4,0.0,(X),(X),(X),0.0,425,0,0,425,0,0,0,0,0,0,0,0,(X),(X),(X),0,57.4,0.0,0.0,57.4,0.0,0.0,0.0,0.0,0.0,0.0,0.0,0.0,(X),(X),(X),0.0,315,30,0,260,0,0,0,0,15,0,10,0,(X),(X),(X),0,42.6,4.1,0.0,35.1,0.0,0.0,0.0,0.0,2.0,0.0,1.4,0.0,(X),(X),(X),0.0,202,45,136,187,136,136,136,136,30,136,15,136,(X),(X),(X),136,5.6,5.9,5.6,7.5,5.6,5.6,5.6,5.6,3.9,5.6,2.1,5.6,(X),(X),(X),5.6,152,136,136,152,136,136,136,136,136,136,136,136,(X),(X),(X),136,14.3,5.6,5.6,14.3,5.6,5.6,5.6,5.6,5.6,5.6,5.6,5.6,(X),(X),(X),5.6,140,45,136,123,136,136,136,136,30,136,15,136,(X),(X),(X),136,14.2,5.9,5.6,13.7,5.6,5.6,5.6,5.6,3.9,5.6,2.1,5.6,(X),(X),(X),5.6
9020000US3202,3202,"Clark+Nye County Set, Nevada",2840,Technical writers 2840 (SOC 27-3042),190,0,0,175,20,0,0,0,0,0,0,0,(X),(X),(X),0,100.0,0.0,0.0,92.1,10.5,0.0,0.0,0.0,0.0,0.0,0.0,0.0,(X),(X),(X),0.0,160,0,0,145,20,0,0,0,0,0,0,0,(X),(X),(X),0,84.2,0.0,0.0,76.3,10.5,0.0,0.0,0.0,0.0,0.0,0.0,0.0,(X),(X),(X),0.0,30,0,0,30,0,0,0,0,0,0,0,0,(X),(X),(X),0,15.8,0.0,0.0,15.8,0.0,0.0,0.0,0.0,0.0,0.0,0.0,0.0,(X),(X),(X),0.0,93,136,136,83,36,136,136,136,136,136,136,136,(X),(X),(X),136,19.9,19.9,19.9,18.6,17.4,19.9,19.9,19.9,19.9,19.9,19.9,19.9,(X),(X),(X),19.9,86,136,136,76,36,136,136,136,136,136,136,136,(X),(X),(X),136,12.8,19.9,19.9,20.0,17.4,19.9,19.9,19.9,19.9,19.9,19.9,19.9,(X),(X),(X),19.9,26,136,136,26,136,136,136,136,136,136,136,136,(X),(X),(X),136,12.6,19.9,19.9,12.6,19.9,19.9,19.9,19.9,19.9,19.9,19.9,19.9,(X),(X),(X),19.9
9020000US3202,3202,"Clark+Nye County Set, Nevada",2850,Writers and authors 2850 (SOC 27-3043),655,25,15,510,55,0,40,0,4,0,0,0,(X),(X),(X),0,100.0,3.8,2.3,77.9,8.4,0.0,6.1,0.0,0.6,0.0,0.0,0.0,(X),(X),(X),0.0,405,25,0,315,20,0,40,0,4,0,0,0,(X),(X),(X),0,61.8,3.8,0.0,48.1,3.1,0.0,6.1,0.0,0.6,0.0,0.0,0.0,(X),(X),(X),0.0,245,0,15,195,35,0,0,0,0,0,0,0,(X),(X),(X),0,37.4,0.0,2.3,29.8,5.3,0.0,0.0,0.0,0.0,0.0,0.0,0.0,(X),(X),(X),0.0,191,30,24,169,59,136,46,136,11,136,136,136,(X),(X),(X),136,6.3,4.4,3.9,11.8,8.6,6.3,7.1,6.3,1.7,6.3,6.3,6.3,(X),(X),(X),6.3,147,30,136,140,33,136,46,136,11,136,136,136,(X),(X),(X),136,13.0,4.4,6.3,14.8,5.2,6.3,7.1,6.3,1.7,6.3,6.3,6.3,(X),(X),(X),6.3,109,136,24,93,50,136,136,136,136,136,136,136,(X),(X),(X),136,13.1,6.3,3.9,12.3,7.3,6.3,6.3,6.3,6.3,6.3,6.3,6.3,(X),(X),(X),6.3
9020000US3202,3202,"Clark+Nye County Set, Nevada",2860,Miscellaneous media and communication workers 2860 (SOC 27-3090),715,315,50,300,15,0,35,0,0,0,0,0,(X),(X),(X),0,100.0,44.1,7.0,42.0,2.1,0.0,4.9,0.0,0.0,0.0,0.0,0.0,(X),(X),(X),0.0,350,60,15,225,15,0,35,0,0,0,0,0,(X),(X),(X),0,49.0,8.4,2.1,31.5,2.1,0.0,4.9,0.0,0.0,0.0,0.0,0.0,(X),(X),(X),0.0,365,255,35,75,0,0,0,0,0,0,0,0,(X),(X),(X),0,51.0,35.7,4.9,10.5,0.0,0.0,0.0,0.0,0.0,0.0,0.0,0.0,(X),(X),(X),0.0,182,125,43,109,23,136,56,136,136,136,136,136,(X),(X),(X),136,5.8,12.6,5.8,12.6,3.2,5.8,7.5,5.8,5.8,5.8,5.8,5.8,(X),(X),(X),5.8,142,66,29,102,23,136,56,136,136,136,136,136,(X),(X),(X),136,13.9,8.5,4.1,12.3,3.2,5.8,7.5,5.8,5.8,5.8,5.8,5.8,(X),(X),(X),5.8,127,108,34,45,136,136,136,136,136,136,136,136,(X),(X),(X),136,14.0,12.7,4.7,6.1,5.8,5.8,5.8,5.8,5.8,5.8,5.8,5.8,(X),(X),(X),5.8
9020000US3202,3202,"Clark+Nye County Set, Nevada",2900,"Broadcast and sound engineering technicians and radio operators, and media and communication equipment workers, all other 2900 (SOC 27-40XX)",1325,155,100,815,95,0,100,40,10,0,0,0,(X),(X),(X),15,100.0,11.7,7.5,61.5,7.2,0.0,7.5,3.0,0.8,0.0,0.0,0.0,(X),(X),(X),1.1,1125,140,100,690,80,0,100,0,0,0,0,0,(X),(X),(X),15,84.9,10.6,7.5,52.1,6.0,0.0,7.5,0.0,0.0,0.0,0.0,0.0,(X),(X),(X),1.1,200,10,0,120,15,0,0,40,10,0,0,0,(X),(X),(X),0,15.1,0.8,0.0,9.1,1.1,0.0,0.0,3.0,0.8,0.0,0.0,0.0,(X),(X),(X),0.0,315,110,70,247,82,136,63,61,14,136,136,136,(X),(X),(X),25,3.2,8.0,5.4,10.7,6.0,3.2,4.5,4.6,1.1,3.2,3.2,3.2,(X),(X),(X),1.9,262,109,70,196,78,136,63,136,136,136,136,136,(X),(X),(X),25,7.3,7.9,5.4,9.4,5.8,3.2,4.5,3.2,3.2,3.2,3.2,3.2,(X),(X),(X),1.9,115,24,136,87,28,136,136,61,14,136,136,136,(X),(X),(X),136,7.2,1.8,3.2,5.8,2.1,3.2,3.2,4.6,1.1,3.2,3.2,3.2,(X),(X),(X),3.2
9020000US3202,3202,"Clark+Nye County Set, Nevada",2910,Photographers 2910 (SOC 27-4021),1640,355,55,1025,155,35,0,0,20,0,0,0,(X),(X),(X),0,100.0,21.6,3.4,62.5,9.5,2.1,0.0,0.0,1.2,0.0,0.0,0.0,(X),(X),(X),0.0,980,195,30,665,75,20,0,0,0,0,0,0,(X),(X),(X),0,59.8,11.9,1.8,40.5,4.6,1.2,0.0,0.0,0.0,0.0,0.0,0.0,(X),(X),(X),0.0,655,160,25,360,75,15,0,0,20,0,0,0,(X),(X),(X),0,39.9,9.8,1.5,22.0,4.6,0.9,0.0,0.0,1.2,0.0,0.0,0.0,(X),(X),(X),0.0,368,191,48,275,83,37,136,136,33,136,136,136,(X),(X),(X),136,2.6,8.9,3.0,10.2,5.7,2.2,2.6,2.6,2.0,2.6,2.6,2.6,(X),(X),(X),2.6,306,130,38,222,72,32,136,136,136,136,136,136,(X),(X),(X),136,12.0,7.0,2.4,10.0,4.4,2.0,2.6,2.6,2.6,2.6,2.6,2.6,(X),(X),(X),2.6,233,135,31,157,79,24,136,136,33,136,136,136,(X),(X),(X),136,12.1,7.6,1.8,8.7,5.3,1.5,2.6,2.6,2.0,2.6,2.6,2.6,(X),(X),(X),2.6
9020000US3202,3202,"Clark+Nye County Set, Nevada",2920,"Television, video, and motion picture camera operators and editors 2920 (SOC 27-4030)",410,25,0,275,35,0,0,0,0,0,75,0,(X),(X),(X),0,100.0,6.1,0.0,67.1,8.5,0.0,0.0,0.0,0.0,0.0,18.3,0.0,(X),(X),(X),0.0,375,25,0,260,35,0,0,0,0,0,60,0,(X),(X),(X),0,91.5,6.1,0.0,63.4,8.5,0.0,0.0,0.0,0.0,0.0,14.6,0.0,(X),(X),(X),0.0,35,0,0,15,0,0,0,0,0,0,20,0,(X),(X),(X),0,8.5,0.0,0.0,3.7,0.0,0.0,0.0,0.0,0.0,0.0,4.9,0.0,(X),(X),(X),0.0,177,32,136,123,33,136,136,136,136,136,90,136,(X),(X),(X),136,9.8,7.0,9.8,18.1,8.3,9.8,9.8,9.8,9.8,9.8,18.4,9.8,(X),(X),(X),9.8,176,32,136,122,33,136,136,136,136,136,87,136,(X),(X),(X),136,10.0,7.0,9.8,17.7,8.3,9.8,9.8,9.8,9.8,9.8,18.6,9.8,(X),(X),(X),9.8,38,136,136,27,136,136,136,136,136,136,31,136,(X),(X),(X),136,10.0,9.8,9.8,6.8,9.8,9.8,9.8,9.8,9.8,9.8,7.8,9.8,(X),(X),(X),9.8
9020000US3202,3202,"Clark+Nye County Set, Nevada",3000,Chiropractors 3000 (SOC 29-1011),280,15,0,235,0,0,30,0,0,0,0,0,(X),(X),(X),0,100.0,5.4,0.0,83.9,0.0,0.0,10.7,0.0,0.0,0.0,0.0,0.0,(X),(X),(X),0.0,215,15,0,175,0,0,30,0,0,0,0,0,(X),(X),(X),0,76.8,5.4,0.0,62.5,0.0,0.0,10.7,0.0,0.0,0.0,0.0,0.0,(X),(X),(X),0.0,60,0,0,60,0,0,0,0,0,0,0,0,(X),(X),(X),0,21.4,0.0,0.0,21.4,0.0,0.0,0.0,0.0,0.0,0.0,0.0,0.0,(X),(X),(X),0.0,141,27,136,125,136,136,43,136,136,136,136,136,(X),(X),(X),136,14.0,9.1,14.0,16.3,14.0,14.0,15.1,14.0,14.0,14.0,14.0,14.0,(X),(X),(X),14.0,138,27,136,121,136,136,43,136,136,136,136,136,(X),(X),(X),136,17.7,9.1,14.0,21.9,14.0,14.0,15.1,14.0,14.0,14.0,14.0,14.0,(X),(X),(X),14.0,44,136,136,44,136,136,136,136,136,136,136,136,(X),(X),(X),136,17.1,14.0,14.0,17.1,14.0,14.0,14.0,14.0,14.0,14.0,14.0,14.0,(X),(X),(X),14.0
9020000US3202,3202,"Clark+Nye County Set, Nevada",3010,Dentists 3010 (SOC 29-1020),785,10,40,525,0,0,205,0,0,0,0,0,(X),(X),(X),0,100.0,1.3,5.1,66.9,0.0,0.0,26.1,0.0,0.0,0.0,0.0,0.0,(X),(X),(X),0.0,595,10,40,440,0,0,100,0,0,0,0,0,(X),(X),(X),0,75.8,1.3,5.1,56.1,0.0,0.0,12.7,0.0,0.0,0.0,0.0,0.0,(X),(X),(X),0.0,190,0,0,85,0,0,105,0,0,0,0,0,(X),(X),(X),0,24.2,0.0,0.0,10.8,0.0,0.0,13.4,0.0,0.0,0.0,0.0,0.0,(X),(X),(X),0.0,184,20,47,135,136,136,103,136,136,136,136,136,(X),(X),(X),136,5.3,2.5,5.7,11.2,5.3,5.3,10.6,5.3,5.3,5.3,5.3,5.3,(X),(X),(X),5.3,157,20,47,125,136,136,71,136,136,136,136,136,(X),(X),(X),136,8.6,2.5,5.7,11.4,5.3,5.3,8.0,5.3,5.3,5.3,5.3,5.3,(X),(X),(X),5.3,81,136,136,67,136,136,64,136,136,136,136,136,(X),(X),(X),136,8.7,5.3,5.3,8.3,5.3,5.3,7.4,5.3,5.3,5.3,5.3,5.3,(X),(X),(X),5.3
9020000US3202,3202,"Clark+Nye County Set, Nevada",3030,Dietitians and nutritionists 3030 (SOC 29-1031),380,50,0,215,55,0,60,0,0,0,0,0,(X),(X),(X),0,100.0,13.2,0.0,56.6,14.5,0.0,15.8,0.0,0.0,0.0,0.0,0.0,(X),(X),(X),0.0,55,0,0,0,35,0,20,0,0,0,0,0,(X),(X),(X),0,14.5,0.0,0.0,0.0,9.2,0.0,5.3,0.0,0.0,0.0,0.0,0.0,(X),(X),(X),0.0,325,50,0,215,20,0,40,0,0,0,0,0,(X),(X),(X),0,85.5,13.2,0.0,56.6,5.3,0.0,10.5,0.0,0.0,0.0,0.0,0.0,(X),(X),(X),0.0,186,58,136,140,70,136,49,136,136,136,136,136,(X),(X),(X),136,10.6,13.3,10.6,22.2,18.0,10.6,13.8,10.6,10.6,10.6,10.6,10.6,(X),(X),(X),10.6,70,136,136,136,62,136,33,136,136,136,136,136,(X),(X),(X),136,18.3,10.6,10.6,10.6,16.2,10.6,8.7,10.6,10.6,10.6,10.6,10.6,(X),(X),(X),10.6,173,58,136,140,32,136,41,136,136,136,136,136,(X),(X),(X),136,18.6,13.3,10.6,22.2,8.6,10.6,11.7,10.6,10.6,10.6,10.6,10.6,(X),(X),(X),10.6
9020000US3202,3202,"Clark+Nye County Set, Nevada",3040,Optometrists 3040 (SOC 29-1041),105,0,50,20,0,0,35,0,0,0,0,0,(X),(X),(X),0,100.0,0.0,47.6,19.0,0.0,0.0,33.3,0.0,0.0,0.0,0.0,0.0,(X),(X),(X),0.0,60,0,50,10,0,0,0,0,0,0,0,0,(X),(X),(X),0,57.1,0.0,47.6,9.5,0.0,0.0,0.0,0.0,0.0,0.0,0.0,0.0,(X),(X),(X),0.0,45,0,0,10,0,0,35,0,0,0,0,0,(X),(X),(X),0,42.9,0.0,0.0,9.5,0.0,0.0,33.3,0.0,0.0,0.0,0.0,0.0,(X),(X),(X),0.0,90,136,80,24,136,136,36,136,136,136,136,136,(X),(X),(X),136,32.0,32.0,49.3,27.5,32.0,32.0,37.0,32.0,32.0,32.0,32.0,32.0,(X),(X),(X),32.0,81,136,80,18,136,136,136,136,136,136,136,136,(X),(X),(X),136,42.3,32.0,49.3,17.4,32.0,32.0,32.0,32.0,32.0,32.0,32.0,32.0,(X),(X),(X),32.0,39,136,136,15,136,136,36,136,136,136,136,136,(X),(X),(X),136,43.2,32.0,32.0,16.1,32.0,32.0,37.0,32.0,32.0,32.0,32.0,32.0,(X),(X),(X),32.0
9020000US3202,3202,"Clark+Nye County Set, Nevada",3050,Pharmacists 3050 (SOC 29-1051),1690,125,0,910,65,0,510,0,0,35,40,0,(X),(X),(X),0,100.0,7.4,0.0,53.8,3.8,0.0,30.2,0.0,0.0,2.1,2.4,0.0,(X),(X),(X),0.0,820,15,0,575,15,0,160,0,0,35,25,0,(X),(X),(X),0,48.5,0.9,0.0,34.0,0.9,0.0,9.5,0.0,0.0,2.1,1.5,0.0,(X),(X),(X),0.0,870,115,0,340,55,0,350,0,0,0,15,0,(X),(X),(X),0,51.5,6.8,0.0,20.1,3.3,0.0,20.7,0.0,0.0,0.0,0.9,0.0,(X),(X),(X),0.0,318,98,136,244,51,136,182,136,136,40,45,136,(X),(X),(X),136,2.5,5.6,2.5,9.8,3.0,2.5,8.7,2.5,2.5,2.4,2.7,2.5,(X),(X),(X),2.5,182,23,136,167,23,136,83,136,136,40,40,136,(X),(X),(X),136,6.8,1.4,2.5,7.6,1.3,2.5,4.5,2.5,2.5,2.4,2.4,2.5,(X),(X),(X),2.5,209,97,136,135,53,136,123,136,136,136,25,136,(X),(X),(X),136,6.8,5.5,2.5,6.9,3.1,2.5,5.9,2.5,2.5,2.5,1.5,2.5,(X),(X),(X),2.5
9020000US3202,3202,"Clark+Nye County Set, Nevada",3060,Physicians and surgeons 3060 (SOC 29-1060),3410,145,20,1745,400,0,1015,0,0,0,25,0,(X),(X),(X),60,100.0,4.3,0.6,51.2,11.7,0.0,29.8,0.0,0.0,0.0,0.7,0.0,(X),(X),(X),1.8,2290,105,0,1265,270,0,605,0,0,0,0,0,(X),(X),(X),40,67.2,3.1,0.0,37.1,7.9,0.0,17.7,0.0,0.0,0.0,0.0,0.0,(X),(X),(X),1.2,1120,40,20,475,135,0,410,0,0,0,25,0,(X),(X),(X),20,32.8,1.2,0.6,13.9,4.0,0.0,12.0,0.0,0.0,0.0,0.7,0.0,(X),(X),(X),0.6,440,88,34,281,174,136,231,136,136,136,40,136,(X),(X),(X),39,1.2,2.5,1.0,6.2,4.5,1.2,5.7,1.2,1.2,1.2,1.1,1.2,(X),(X),(X),1.1,323,82,136,222,156,136,161,136,136,136,136,136,(X),(X),(X),37,4.9,2.3,1.2,6.0,4.2,1.2,4.2,1.2,1.2,1.2,1.2,1.2,(X),(X),(X),1.1,233,35,34,146,83,136,140,136,136,136,40,136,(X),(X),(X),26,5.0,1.1,1.0,3.6,2.4,1.2,3.8,1.2,1.2,1.2,1.1,1.2,(X),(X),(X),0.8
9020000US3202,3202,"Clark+Nye County Set, Nevada",3110,Physician assistants 3110 (SOC 29-1071),390,10,0,220,4,0,155,0,0,0,0,0,(X),(X),(X),0,100.0,2.6,0.0,56.4,1.0,0.0,39.7,0.0,0.0,0.0,0.0,0.0,(X),(X),(X),0.0,180,0,0,105,4,0,70,0,0,0,0,0,(X),(X),(X),0,46.2,0.0,0.0,26.9,1.0,0.0,17.9,0.0,0.0,0.0,0.0,0.0,(X),(X),(X),0.0,215,10,0,115,0,0,90,0,0,0,0,0,(X),(X),(X),0,55.1,2.6,0.0,29.5,0.0,0.0,23.1,0.0,0.0,0.0,0.0,0.0,(X),(X),(X),0.0,149,16,136,98,12,136,98,136,136,136,136,136,(X),(X),(X),136,10.3,4.3,10.3,18.6,3.0,10.3,18.1,10.3,10.3,10.3,10.3,10.3,(X),(X),(X),10.3,103,136,136,75,12,136,63,136,136,136,136,136,(X),(X),(X),136,20.4,10.3,10.3,18.3,3.0,10.3,14.0,10.3,10.3,10.3,10.3,10.3,(X),(X),(X),10.3,116,16,136,89,136,136,68,136,136,136,136,136,(X),(X),(X),136,20.8,4.3,10.3,20.4,10.3,10.3,14.7,10.3,10.3,10.3,10.3,10.3,(X),(X),(X),10.3
9020000US3202,3202,"Clark+Nye County Set, Nevada",3120,Podiatrists 3120 (SOC 29-1081),35,0,0,20,0,0,15,0,0,0,0,0,(X),(X),(X),0,100.0,0.0,0.0,57.1,0.0,0.0,42.9,0.0,0.0,0.0,0.0,0.0,(X),(X),(X),0.0,20,0,0,20,0,0,0,0,0,0,0,0,(X),(X),(X),0,57.1,0.0,0.0,57.1,0.0,0.0,0.0,0.0,0.0,0.0,0.0,0.0,(X),(X),(X),0.0,15,0,0,0,0,0,15,0,0,0,0,0,(X),(X),(X),0,42.9,0.0,0.0,0.0,0.0,0.0,42.9,0.0,0.0,0.0,0.0,0.0,(X),(X),(X),0.0,32,136,136,23,136,136,23,136,136,136,136,136,(X),(X),(X),136,57.3,57.3,57.3,53.8,57.3,57.3,54.2,57.3,57.3,57.3,57.3,57.3,(X),(X),(X),57.3,23,136,136,23,136,136,136,136,136,136,136,136,(X),(X),(X),136,53.8,57.3,57.3,53.8,57.3,57.3,57.3,57.3,57.3,57.3,57.3,57.3,(X),(X),(X),57.3,23,136,136,136,136,136,23,136,136,136,136,136,(X),(X),(X),136,54.2,57.3,57.3,57.3,57.3,57.3,54.2,57.3,57.3,57.3,57.3,57.3,(X),(X),(X),57.3
9020000US3202,3202,"Clark+Nye County Set, Nevada",3150,Occupational therapists 3150 (SOC 29-1122),275,30,0,215,0,0,30,0,0,0,0,0,(X),(X),(X),0,100.0,10.9,0.0,78.2,0.0,0.0,10.9,0.0,0.0,0.0,0.0,0.0,(X),(X),(X),0.0,30,0,0,20,0,0,10,0,0,0,0,0,(X),(X),(X),0,10.9,0.0,0.0,7.3,0.0,0.0,3.6,0.0,0.0,0.0,0.0,0.0,(X),(X),(X),0.0,245,30,0,195,0,0,20,0,0,0,0,0,(X),(X),(X),0,89.1,10.9,0.0,70.9,0.0,0.0,7.3,0.0,0.0,0.0,0.0,0.0,(X),(X),(X),0.0,109,36,136,94,136,136,29,136,136,136,136,136,(X),(X),(X),136,14.3,12.6,14.3,15.3,14.3,14.3,10.0,14.3,14.3,14.3,14.3,14.3,(X),(X),(X),14.3,32,136,136,22,136,136,21,136,136,136,136,136,(X),(X),(X),136,11.5,14.3,14.3,8.4,14.3,14.3,7.4,14.3,14.3,14.3,14.3,14.3,(X),(X),(X),14.3,104,36,136,91,136,136,23,136,136,136,136,136,(X),(X),(X),136,11.9,12.6,14.3,16.4,14.3,14.3,8.1,14.3,14.3,14.3,14.3,14.3,(X),(X),(X),14.3
9020000US3202,3202,"Clark+Nye County Set, Nevada",3160,Physical therapists 3160 (SOC 29-1123),730,15,55,420,90,0,140,0,0,0,0,0,(X),(X),(X),4,100.0,2.1,7.5,57.5,12.3,0.0,19.2,0.0,0.0,0.0,0.0,0.0,(X),(X),(X),0.5,390,15,55,190,0,0,125,0,0,0,0,0,(X),(X),(X),4,53.4,2.1,7.5,26.0,0.0,0.0,17.1,0.0,0.0,0.0,0.0,0.0,(X),(X),(X),0.5,340,0,0,230,90,0,15,0,0,0,0,0,(X),(X),(X),0,46.6,0.0,0.0,31.5,12.3,0.0,2.1,0.0,0.0,0.0,0.0,0.0,(X),(X),(X),0.0,204,27,66,149,83,136,86,136,136,136,136,136,(X),(X),(X),8,5.7,3.8,9.0,13.4,10.8,5.7,10.5,5.7,5.7,5.7,5.7,5.7,(X),(X),(X),1.0,131,27,66,83,136,136,79,136,136,136,136,136,(X),(X),(X),8,11.3,3.8,9.0,9.8,5.7,5.7,9.6,5.7,5.7,5.7,5.7,5.7,(X),(X),(X),1.0,130,136,136,105,83,136,28,136,136,136,136,136,(X),(X),(X),136,11.3,5.7,5.7,11.1,10.8,5.7,3.9,5.7,5.7,5.7,5.7,5.7,(X),(X),(X),5.7
9020000US3202,3202,"Clark+Nye County Set, Nevada",3200,Radiation therapists 3200 (SOC 29-1124),15,0,0,15,0,0,0,0,0,0,0,0,(X),(X),(X),0,100.0,0.0,0.0,100.0,0.0,0.0,0.0,0.0,0.0,0.0,0.0,0.0,(X),(X),(X),0.0,0,0,0,0,0,0,0,0,0,0,0,0,(X),(X),(X),0,0.0,0.0,0.0,0.0,0.0,0.0,0.0,0.0,0.0,0.0,0.0,0.0,(X),(X),(X),0.0,15,0,0,15,0,0,0,0,0,0,0,0,(X),(X),(X),0,100.0,0.0,0.0,100.0,0.0,0.0,0.0,0.0,0.0,0.0,0.0,0.0,(X),(X),(X),0.0,26,136,136,26,136,136,136,136,136,136,136,136,(X),(X),(X),136,87.6,87.6,87.6,87.6,87.6,87.6,87.6,87.6,87.6,87.6,87.6,87.6,(X),(X),(X),87.6,136,136,136,136,136,136,136,136,136,136,136,136,(X),(X),(X),136,87.6,87.6,87.6,87.6,87.6,87.6,87.6,87.6,87.6,87.6,87.6,87.6,(X),(X),(X),87.6,26,136,136,26,136,136,136,136,136,136,136,136,(X),(X),(X),136,87.6,87.6,87.6,87.6,87.6,87.6,87.6,87.6,87.6,87.6,87.6,87.6,(X),(X),(X),87.6
9020000US3202,3202,"Clark+Nye County Set, Nevada",3210,Recreational therapists 3210 (SOC 29-1125),115,0,0,4,95,0,15,0,0,0,0,0,(X),(X),(X),0,100.0,0.0,0.0,3.5,82.6,0.0,13.0,0.0,0.0,0.0,0.0,0.0,(X),(X),(X),0.0,65,0,0,4,60,0,0,0,0,0,0,0,(X),(X),(X),0,56.5,0.0,0.0,3.5,52.2,0.0,0.0,0.0,0.0,0.0,0.0,0.0,(X),(X),(X),0.0,45,0,0,0,30,0,15,0,0,0,0,0,(X),(X),(X),0,39.1,0.0,0.0,0.0,26.1,0.0,13.0,0.0,0.0,0.0,0.0,0.0,(X),(X),(X),0.0,103,136,136,8,98,136,29,136,136,136,136,136,(X),(X),(X),136,30.0,30.0,30.0,9.6,29.0,30.0,25.1,30.0,30.0,30.0,30.0,30.0,(X),(X),(X),30.0,83,136,136,8,81,136,136,136,136,136,136,136,(X),(X),(X),136,47.6,30.0,30.0,9.6,46.6,30.0,30.0,30.0,30.0,30.0,30.0,30.0,(X),(X),(X),30.0,64,136,136,136,56,136,29,136,136,136,136,136,(X),(X),(X),136,47.6,30.0,30.0,30.0,43.9,30.0,25.1,30.0,30.0,30.0,30.0,30.0,(X),(X),(X),30.0
9020000US3202,3202,"Clark+Nye County Set, Nevada",3220,Respiratory therapists 3220 (SOC 29-1126),665,85,20,410,35,10,75,0,0,0,0,0,(X),(X),(X),30,100.0,12.8,3.0,61.7,5.3,1.5,11.3,0.0,0.0,0.0,0.0,0.0,(X),(X),(X),4.5,345,40,20,150,35,0,75,0,0,0,0,0,(X),(X),(X),30,51.9,6.0,3.0,22.6,5.3,0.0,11.3,0.0,0.0,0.0,0.0,0.0,(X),(X),(X),4.5,320,45,0,265,0,10,0,0,0,0,0,0,(X),(X),(X),0,48.1,6.8,0.0,39.8,0.0,1.5,0.0,0.0,0.0,0.0,0.0,0.0,(X),(X),(X),0.0,218,78,31,179,40,16,62,136,136,136,136,136,(X),(X),(X),40,6.2,11.9,4.4,16.1,5.7,2.5,8.8,6.2,6.2,6.2,6.2,6.2,(X),(X),(X),6.0,160,67,31,89,40,136,62,136,136,136,136,136,(X),(X),(X),40,17.2,10.2,4.4,12.0,5.7,6.2,8.8,6.2,6.2,6.2,6.2,6.2,(X),(X),(X),6.0,156,42,136,149,136,16,136,136,136,136,136,136,(X),(X),(X),136,17.4,6.8,6.2,16.3,6.2,2.5,6.2,6.2,6.2,6.2,6.2,6.2,(X),(X),(X),6.2
9020000US3202,3202,"Clark+Nye County Set, Nevada",3230,Speech-language pathologists 3230 (SOC 29-1127),340,50,0,290,0,0,0,0,0,0,0,0,(X),(X),(X),0,100.0,14.7,0.0,85.3,0.0,0.0,0.0,0.0,0.0,0.0,0.0,0.0,(X),(X),(X),0.0,30,10,0,20,0,0,0,0,0,0,0,0,(X),(X),(X),0,8.8,2.9,0.0,5.9,0.0,0.0,0.0,0.0,0.0,0.0,0.0,0.0,(X),(X),(X),0.0,310,40,0,275,0,0,0,0,0,0,0,0,(X),(X),(X),0,91.2,11.8,0.0,80.9,0.0,0.0,0.0,0.0,0.0,0.0,0.0,0.0,(X),(X),(X),0.0,127,49,136,122,136,136,136,136,136,136,136,136,(X),(X),(X),136,11.7,14.0,11.7,13.9,11.7,11.7,11.7,11.7,11.7,11.7,11.7,11.7,(X),(X),(X),11.7,29,15,136,24,136,136,136,136,136,136,136,136,(X),(X),(X),136,8.7,4.7,11.7,7.2,11.7,11.7,11.7,11.7,11.7,11.7,11.7,11.7,(X),(X),(X),11.7,124,48,136,121,136,136,136,136,136,136,136,136,(X),(X),(X),136,8.8,13.9,11.7,15.7,11.7,11.7,11.7,11.7,11.7,11.7,11.7,11.7,(X),(X),(X),11.7
9020000US3202,3202,"Clark+Nye County Set, Nevada",3245,"Other therapists, including exercise physiologists 3245 (SOC 29-112X)",400,20,45,285,0,0,20,0,0,0,0,0,(X),(X),(X),30,100.0,5.0,11.3,71.3,0.0,0.0,5.0,0.0,0.0,0.0,0.0,0.0,(X),(X),(X),7.5,15,15,0,4,0,0,0,0,0,0,0,0,(X),(X),(X),0,3.8,3.8,0.0,1.0,0.0,0.0,0.0,0.0,0.0,0.0,0.0,0.0,(X),(X),(X),0.0,385,4,45,285,0,0,20,0,0,0,0,0,(X),(X),(X),30,96.3,1.0,11.3,71.3,0.0,0.0,5.0,0.0,0.0,0.0,0.0,0.0,(X),(X),(X),7.5,157,30,48,141,136,136,27,136,136,136,136,136,(X),(X),(X),40,10.1,7.9,11.4,16.9,10.1,10.1,6.7,10.1,10.1,10.1,10.1,10.1,(X),(X),(X),10.1,23,22,136,9,136,136,136,136,136,136,136,136,(X),(X),(X),136,6.0,5.8,10.1,2.0,10.1,10.1,10.1,10.1,10.1,10.1,10.1,10.1,(X),(X),(X),10.1,156,10,48,141,136,136,27,136,136,136,136,136,(X),(X),(X),40,6.1,2.6,11.4,17.1,10.1,10.1,6.7,10.1,10.1,10.1,10.1,10.1,(X),(X),(X),10.1
9020000US3202,3202,"Clark+Nye County Set, Nevada",3250,Veterinarians 3250 (SOC 29-1131),335,30,0,295,10,0,0,0,0,0,0,0,(X),(X),(X),0,100.0,9.0,0.0,88.1,3.0,0.0,0.0,0.0,0.0,0.0,0.0,0.0,(X),(X),(X),0.0,160,25,0,130,4,0,0,0,0,0,0,0,(X),(X),(X),0,47.8,7.5,0.0,38.8,1.2,0.0,0.0,0.0,0.0,0.0,0.0,0.0,(X),(X),(X),0.0,180,10,0,165,4,0,0,0,0,0,0,0,(X),(X),(X),0,53.7,3.0,0.0,49.3,1.2,0.0,0.0,0.0,0.0,0.0,0.0,0.0,(X),(X),(X),0.0,146,44,136,134,17,136,136,136,136,136,136,136,(X),(X),(X),136,11.9,11.8,11.9,13.3,5.6,11.9,11.9,11.9,11.9,11.9,11.9,11.9,(X),(X),(X),11.9,88,41,136,76,9,136,136,136,136,136,136,136,(X),(X),(X),136,17.2,11.3,11.9,17.5,3.1,11.9,11.9,11.9,11.9,11.9,11.9,11.9,(X),(X),(X),11.9,96,16,136,95,9,136,136,136,136,136,136,136,(X),(X),(X),136,16.7,4.7,11.9,17.1,3.1,11.9,11.9,11.9,11.9,11.9,11.9,11.9,(X),(X),(X),11.9
9020000US3202,3202,"Clark+Nye County Set, Nevada",3255,Registered nurses 3255 (SOC 29-1141),13125,410,265,7150,925,85,3960,4,80,30,90,0,(X),(X),(X),125,100.0,3.1,2.0,54.5,7.0,0.6,30.2,0.0,0.6,0.2,0.7,0.0,(X),(X),(X),1.0,1375,20,30,655,85,0,580,0,0,0,0,0,(X),(X),(X),0,10.5,0.2,0.2,5.0,0.6,0.0,4.4,0.0,0.0,0.0,0.0,0.0,(X),(X),(X),0.0,11755,390,235,6490,840,85,3380,4,80,30,90,0,(X),(X),(X),125,89.6,3.0,1.8,49.4,6.4,0.6,25.8,0.0,0.6,0.2,0.7,0.0,(X),(X),(X),1.0,951,156,118,712,299,67,515,12,94,36,59,136,(X),(X),(X),89,0.3,1.2,0.9,4.1,2.1,0.5,3.3,0.1,0.7,0.3,0.5,0.3,(X),(X),(X),0.7,294,30,34,198,67,136,193,136,136,136,136,136,(X),(X),(X),136,2.0,0.2,0.3,1.5,0.5,0.3,1.4,0.3,0.3,0.3,0.3,0.3,(X),(X),(X),0.3,843,158,112,649,272,67,437,12,94,36,59,136,(X),(X),(X),89,2.0,1.2,0.9,3.8,1.9,0.5,2.9,0.1,0.7,0.3,0.5,0.3,(X),(X),(X),0.7
9020000US3202,3202,"Clark+Nye County Set, Nevada",3256,Nurse anesthetists 3256 (SOC 29-1151),75,0,0,75,0,0,0,0,0,0,0,0,(X),(X),(X),0,100.0,0.0,0.0,100.0,0.0,0.0,0.0,0.0,0.0,0.0,0.0,0.0,(X),(X),(X),0.0,0,0,0,0,0,0,0,0,0,0,0,0,(X),(X),(X),0,0.0,0.0,0.0,0.0,0.0,0.0,0.0,0.0,0.0,0.0,0.0,0.0,(X),(X),(X),0.0,75,0,0,75,0,0,0,0,0,0,0,0,(X),(X),(X),0,100.0,0.0,0.0,100.0,0.0,0.0,0.0,0.0,0.0,0.0,0.0,0.0,(X),(X),(X),0.0,66,136,136,66,136,136,136,136,136,136,136,136,(X),(X),(X),136,39.2,39.2,39.2,39.2,39.2,39.2,39.2,39.2,39.2,39.2,39.2,39.2,(X),(X),(X),39.2,136,136,136,136,136,136,136,136,136,136,136,136,(X),(X),(X),136,39.2,39.2,39.2,39.2,39.2,39.2,39.2,39.2,39.2,39.2,39.2,39.2,(X),(X),(X),39.2,66,136,136,66,136,136,136,136,136,136,136,136,(X),(X),(X),136,39.2,39.2,39.2,39.2,39.2,39.2,39.2,39.2,39.2,39.2,39.2,39.2,(X),(X),(X),39.2
9020000US3202,3202,"Clark+Nye County Set, Nevada",3258,Nurse practitioners and nurse midwives 3258 (SOC 29-11XX),150,0,0,105,0,0,45,0,0,0,0,0,(X),(X),(X),0,100.0,0.0,0.0,70.0,0.0,0.0,30.0,0.0,0.0,0.0,0.0,0.0,(X),(X),(X),0.0,20,0,0,10,0,0,10,0,0,0,0,0,(X),(X),(X),0,13.3,0.0,0.0,6.7,0.0,0.0,6.7,0.0,0.0,0.0,0.0,0.0,(X),(X),(X),0.0,130,0,0,95,0,0,35,0,0,0,0,0,(X),(X),(X),0,86.7,0.0,0.0,63.3,0.0,0.0,23.3,0.0,0.0,0.0,0.0,0.0,(X),(X),(X),0.0,68,136,136,55,136,136,40,136,136,136,136,136,(X),(X),(X),136,24.3,24.3,24.3,20.9,24.3,24.3,21.1,24.3,24.3,24.3,24.3,24.3,(X),(X),(X),24.3,26,136,136,16,136,136,18,136,136,136,136,136,(X),(X),(X),136,17.2,24.3,24.3,11.3,24.3,24.3,11.6,24.3,24.3,24.3,24.3,24.3,(X),(X),(X),24.3,69,136,136,54,136,136,37,136,136,136,136,136,(X),(X),(X),136,17.2,24.3,24.3,22.9,24.3,24.3,19.7,24.3,24.3,24.3,24.3,24.3,(X),(X),(X),24.3
9020000US3202,3202,"Clark+Nye County Set, Nevada",3260,"Health diagnosing and treating practitioners, all other 3260 (SOC 29-1199)",75,0,0,50,0,0,25,0,0,0,0,0,(X),(X),(X),0,100.0,0.0,0.0,66.7,0.0,0.0,33.3,0.0,0.0,0.0,0.0,0.0,(X),(X),(X),0.0,15,0,0,0,0,0,15,0,0,0,0,0,(X),(X),(X),0,20.0,0.0,0.0,0.0,0.0,0.0,20.0,0.0,0.0,0.0,0.0,0.0,(X),(X),(X),0.0,65,0,0,50,0,0,10,0,0,0,0,0,(X),(X),(X),0,86.7,0.0,0.0,66.7,0.0,0.0,13.3,0.0,0.0,0.0,0.0,0.0,(X),(X),(X),0.0,63,136,136,58,136,136,27,136,136,136,136,136,(X),(X),(X),136,39.2,39.2,39.2,39.5,39.2,39.2,39.5,39.2,39.2,39.2,39.2,39.2,(X),(X),(X),39.2,23,136,136,136,136,136,23,136,136,136,136,136,(X),(X),(X),136,30.8,39.2,39.2,39.2,39.2,39.2,30.8,39.2,39.2,39.2,39.2,39.2,(X),(X),(X),39.2,61,136,136,58,136,136,19,136,136,136,136,136,(X),(X),(X),136,35.4,39.2,39.2,39.5,39.2,39.2,28.4,39.2,39.2,39.2,39.2,39.2,(X),(X),(X),39.2
9020000US3202,3202,"Clark+Nye County Set, Nevada",3300,Clinical laboratory technologists and technicians 3300 (SOC 29-2010),1655,85,130,625,300,0,515,0,0,0,0,0,(X),(X),(X),0,100.0,5.1,7.9,37.8,18.1,0.0,31.1,0.0,0.0,0.0,0.0,0.0,(X),(X),(X),0.0,450,30,25,145,50,0,200,0,0,0,0,0,(X),(X),(X),0,27.2,1.8,1.5,8.8,3.0,0.0,12.1,0.0,0.0,0.0,0.0,0.0,(X),(X),(X),0.0,1205,55,105,480,255,0,315,0,0,0,0,0,(X),(X),(X),0,72.8,3.3,6.3,29.0,15.4,0.0,19.0,0.0,0.0,0.0,0.0,0.0,(X),(X),(X),0.0,317,76,107,148,163,136,190,136,136,136,136,136,(X),(X),(X),136,2.5,4.4,6.3,9.3,8.7,2.5,8.6,2.5,2.5,2.5,2.5,2.5,(X),(X),(X),2.5,155,38,38,67,61,136,112,136,136,136,136,136,(X),(X),(X),136,7.7,2.2,2.3,4.2,3.6,2.5,6.3,2.5,2.5,2.5,2.5,2.5,(X),(X),(X),2.5,264,69,99,122,146,136,139,136,136,136,136,136,(X),(X),(X),136,7.6,4.1,5.9,7.6,8.0,2.5,6.7,2.5,2.5,2.5,2.5,2.5,(X),(X),(X),2.5
9020000US3202,3202,"Clark+Nye County Set, Nevada",3310,Dental hygienists 3310 (SOC 29-2021),720,105,65,490,0,0,65,0,0,0,0,0,(X),(X),(X),0,100.0,14.6,9.0,68.1,0.0,0.0,9.0,0.0,0.0,0.0,0.0,0.0,(X),(X),(X),0.0,80,10,0,70,0,0,0,0,0,0,0,0,(X),(X),(X),0,11.1,1.4,0.0,9.7,0.0,0.0,0.0,0.0,0.0,0.0,0.0,0.0,(X),(X),(X),0.0,640,90,65,425,0,0,65,0,0,0,0,0,(X),(X),(X),0,88.9,12.5,9.0,59.0,0.0,0.0,9.0,0.0,0.0,0.0,0.0,0.0,(X),(X),(X),0.0,234,112,74,169,136,136,72,136,136,136,136,136,(X),(X),(X),136,5.7,14.1,9.7,15.4,5.7,5.7,9.7,5.7,5.7,5.7,5.7,5.7,(X),(X),(X),5.7,64,27,136,58,136,136,136,136,136,136,136,136,(X),(X),(X),136,8.3,3.5,5.7,7.9,5.7,5.7,5.7,5.7,5.7,5.7,5.7,5.7,(X),(X),(X),5.7,218,110,74,158,136,136,72,136,136,136,136,136,(X),(X),(X),136,8.2,14.3,9.7,15.6,5.7,5.7,9.7,5.7,5.7,5.7,5.7,5.7,(X),(X),(X),5.7
9020000US3202,3202,"Clark+Nye County Set, Nevada",3320,Diagnostic related technologists and technicians 3320 (SOC 29-2030),1680,130,140,925,145,0,300,15,0,10,10,0,(X),(X),(X),10,100.0,7.7,8.3,55.1,8.6,0.0,17.9,0.9,0.0,0.6,0.6,0.0,(X),(X),(X),0.6,640,30,50,315,40,0,165,15,0,0,10,0,(X),(X),(X),10,38.1,1.8,3.0,18.8,2.4,0.0,9.8,0.9,0.0,0.0,0.6,0.0,(X),(X),(X),0.6,1040,100,85,610,105,0,135,0,0,10,0,0,(X),(X),(X),0,61.9,6.0,5.1,36.3,6.3,0.0,8.0,0.0,0.0,0.6,0.0,0.0,(X),(X),(X),0.0,263,80,91,225,83,136,93,26,136,15,14,136,(X),(X),(X),18,2.5,4.6,5.1,8.9,4.7,2.5,5.8,1.5,2.5,0.9,0.8,2.5,(X),(X),(X),1.1,164,34,68,118,43,136,79,26,136,136,14,136,(X),(X),(X),18,8.3,2.0,3.9,6.6,2.6,2.5,4.7,1.5,2.5,2.5,0.8,2.5,(X),(X),(X),1.1,223,73,61,183,82,136,61,136,136,15,136,136,(X),(X),(X),136,8.3,4.2,3.5,8.0,4.7,2.5,3.9,2.5,2.5,0.9,2.5,2.5,(X),(X),(X),2.5
9020000US3202,3202,"Clark+Nye County Set, Nevada",3400,Emergency medical technicians and paramedics 3400 (SOC 29-2041),935,40,50,650,125,0,55,0,0,0,0,0,(X),(X),(X),10,100.0,4.3,5.3,69.5,13.4,0.0,5.9,0.0,0.0,0.0,0.0,0.0,(X),(X),(X),1.1,720,15,50,520,100,0,20,0,0,0,0,0,(X),(X),(X),10,77.0,1.6,5.3,55.6,10.7,0.0,2.1,0.0,0.0,0.0,0.0,0.0,(X),(X),(X),1.1,220,25,0,130,25,0,35,0,0,0,0,0,(X),(X),(X),0,23.5,2.7,0.0,13.9,2.7,0.0,3.7,0.0,0.0,0.0,0.0,0.0,(X),(X),(X),0.0,252,49,47,206,106,136,61,136,136,136,136,136,(X),(X),(X),22,4.4,5.1,4.9,11.4,10.9,4.4,6.2,4.4,4.4,4.4,4.4,4.4,(X),(X),(X),2.3,220,27,47,190,98,136,26,136,136,136,136,136,(X),(X),(X),22,11.5,2.9,4.9,12.1,10.2,4.4,2.8,4.4,4.4,4.4,4.4,4.4,(X),(X),(X),2.3,122,44,136,82,39,136,58,136,136,136,136,136,(X),(X),(X),136,11.4,4.5,4.4,8.4,4.0,4.4,6.0,4.4,4.4,4.4,4.4,4.4,(X),(X),(X),4.4
9020000US3202,3202,"Clark+Nye County Set, Nevada",3420,Health practitioner support technologists and technicians 3420 (SOC 29-2050),3580,305,110,1730,620,10,610,60,25,0,15,0,(X),(X),(X),90,100.0,8.5,3.1,48.3,17.3,0.3,17.0,1.7,0.7,0.0,0.4,0.0,(X),(X),(X),2.5,1085,105,30,370,325,10,200,15,0,0,0,0,(X),(X),(X),30,30.3,2.9,0.8,10.3,9.1,0.3,5.6,0.4,0.0,0.0,0.0,0.0,(X),(X),(X),0.8,2495,200,85,1360,295,0,410,45,25,0,15,0,(X),(X),(X),60,69.7,5.6,2.4,38.0,8.2,0.0,11.5,1.3,0.7,0.0,0.4,0.0,(X),(X),(X),1.7,434,152,61,269,215,15,187,55,44,136,22,136,(X),(X),(X),60,1.2,4.0,1.8,5.3,5.6,0.4,4.8,1.5,1.2,1.2,0.6,1.2,(X),(X),(X),1.7,243,103,36,128,152,15,109,24,136,136,136,136,(X),(X),(X),37,5.7,2.9,1.0,3.4,4.0,0.4,3.0,0.7,1.2,1.2,1.2,1.2,(X),(X),(X),1.0,362,110,52,230,157,136,154,50,44,136,22,136,(X),(X),(X),47,5.7,2.9,1.5,4.8,4.3,1.2,4.0,1.4,1.2,1.2,0.6,1.2,(X),(X),(X),1.3
9020000US3202,3202,"Clark+Nye County Set, Nevada",3500,Licensed practical and licensed vocational nurses 3500 (SOC 29-2061),2360,215,15,1220,465,0,365,0,0,0,10,0,(X),(X),(X),75,100.0,9.1,0.6,51.7,19.7,0.0,15.5,0.0,0.0,0.0,0.4,0.0,(X),(X),(X),3.2,215,10,0,75,55,0,65,0,0,0,0,0,(X),(X),(X),10,9.1,0.4,0.0,3.2,2.3,0.0,2.8,0.0,0.0,0.0,0.0,0.0,(X),(X),(X),0.4,2145,205,15,1145,410,0,300,0,0,0,10,0,(X),(X),(X),65,90.9,8.7,0.6,48.5,17.4,0.0,12.7,0.0,0.0,0.0,0.4,0.0,(X),(X),(X),2.8,447,120,23,277,179,136,145,136,136,136,16,136,(X),(X),(X),95,1.8,4.8,1.0,7.1,6.4,1.8,5.4,1.8,1.8,1.8,0.7,1.8,(X),(X),(X),3.9,107,17,136,68,67,136,62,136,136,136,136,136,(X),(X),(X),19,4.2,0.7,1.8,2.9,2.8,1.8,2.5,1.8,1.8,1.8,1.8,1.8,(X),(X),(X),0.8,413,117,23,264,155,136,134,136,136,136,16,136,(X),(X),(X),92,4.1,4.7,1.0,6.7,5.8,1.8,5.2,1.8,1.8,1.8,0.7,1.8,(X),(X),(X),3.8
9020000US3202,3202,"Clark+Nye County Set, Nevada",3510,Medical records and health information technicians 3510 (SOC 29-2071),460,50,85,225,30,0,70,0,0,0,0,0,(X),(X),(X),0,100.0,10.9,18.5,48.9,6.5,0.0,15.2,0.0,0.0,0.0,0.0,0.0,(X),(X),(X),0.0,65,0,0,45,0,0,20,0,0,0,0,0,(X),(X),(X),0,14.1,0.0,0.0,9.8,0.0,0.0,4.3,0.0,0.0,0.0,0.0,0.0,(X),(X),(X),0.0,395,50,85,175,30,0,50,0,0,0,0,0,(X),(X),(X),0,85.9,10.9,18.5,38.0,6.5,0.0,10.9,0.0,0.0,0.0,0.0,0.0,(X),(X),(X),0.0,115,55,53,87,31,136,63,136,136,136,136,136,(X),(X),(X),136,8.8,11.6,10.8,15.8,6.7,8.8,13.1,8.8,8.8,8.8,8.8,8.8,(X),(X),(X),8.8,44,136,136,38,136,136,29,136,136,136,136,136,(X),(X),(X),136,9.1,8.8,8.8,7.7,8.8,8.8,6.3,8.8,8.8,8.8,8.8,8.8,(X),(X),(X),8.8,109,55,53,72,31,136,62,136,136,136,136,136,(X),(X),(X),136,9.3,11.6,10.8,14.6,6.7,8.8,12.7,8.8,8.8,8.8,8.8,8.8,(X),(X),(X),8.8
9020000US3202,3202,"Clark+Nye County Set, Nevada",3520,"Opticians, dispensing 3520 (SOC 29-2081)",365,20,45,140,60,0,90,0,0,15,0,0,(X),(X),(X),0,100.0,5.5,12.3,38.4,16.4,0.0,24.7,0.0,0.0,4.1,0.0,0.0,(X),(X),(X),0.0,45,0,0,45,0,0,0,0,0,0,0,0,(X),(X),(X),0,12.3,0.0,0.0,12.3,0.0,0.0,0.0,0.0,0.0,0.0,0.0,0.0,(X),(X),(X),0.0,320,20,45,95,60,0,90,0,0,15,0,0,(X),(X),(X),0,87.7,5.5,12.3,26.0,16.4,0.0,24.7,0.0,0.0,4.1,0.0,0.0,(X),(X),(X),0.0,129,33,44,63,74,136,73,136,136,30,136,136,(X),(X),(X),136,11.0,9.3,11.5,15.2,18.3,11.0,20.7,11.0,11.0,7.6,11.0,11.0,(X),(X),(X),11.0,50,136,136,50,136,136,136,136,136,136,136,136,(X),(X),(X),136,12.5,11.0,11.0,12.5,11.0,11.0,11.0,11.0,11.0,11.0,11.0,11.0,(X),(X),(X),11.0,118,33,44,51,74,136,73,136,136,30,136,136,(X),(X),(X),136,12.2,9.3,11.5,14.4,18.3,11.0,20.7,11.0,11.0,7.6,11.0,11.0,(X),(X),(X),11.0
9020000US3202,3202,"Clark+Nye County Set, Nevada",3535,Miscellaneous health technologists and technicians 3535 (SOC 29-2090),455,0,10,220,50,0,155,4,0,0,0,10,(X),(X),(X),0,100.0,0.0,2.2,48.4,11.0,0.0,34.1,0.9,0.0,0.0,0.0,2.2,(X),(X),(X),0.0,145,0,10,45,10,0,70,4,0,0,0,0,(X),(X),(X),0,31.9,0.0,2.2,9.9,2.2,0.0,15.4,0.9,0.0,0.0,0.0,0.0,(X),(X),(X),0.0,310,0,0,175,40,0,85,0,0,0,0,10,(X),(X),(X),0,68.1,0.0,0.0,38.5,8.8,0.0,18.7,0.0,0.0,0.0,0.0,2.2,(X),(X),(X),0.0,138,136,32,109,46,136,81,18,136,136,136,17,(X),(X),(X),136,8.9,8.9,7.2,16.4,10.1,8.9,15.1,4.0,8.9,8.9,8.9,3.8,(X),(X),(X),8.9,84,136,32,47,18,136,60,18,136,136,136,136,(X),(X),(X),136,17.0,8.9,7.2,10.0,3.7,8.9,12.6,4.0,8.9,8.9,8.9,8.9,(X),(X),(X),8.9,127,136,136,106,45,136,63,136,136,136,136,17,(X),(X),(X),136,16.8,8.9,8.9,18.3,9.7,8.9,12.3,8.9,8.9,8.9,8.9,3.8,(X),(X),(X),8.9
9020000US3202,3202,"Clark+Nye County Set, Nevada",3540,Other healthcare practitioners and technical occupations 3540 (SOC 29-9000),325,25,0,235,25,0,0,0,0,40,0,0,(X),(X),(X),0,100.0,7.7,0.0,72.3,7.7,0.0,0.0,0.0,0.0,12.3,0.0,0.0,(X),(X),(X),0.0,230,25,0,170,25,0,0,0,0,10,0,0,(X),(X),(X),0,70.8,7.7,0.0,52.3,7.7,0.0,0.0,0.0,0.0,3.1,0.0,0.0,(X),(X),(X),0.0,95,0,0,65,0,0,0,0,0,30,0,0,(X),(X),(X),0,29.2,0.0,0.0,20.0,0.0,0.0,0.0,0.0,0.0,9.2,0.0,0.0,(X),(X),(X),0.0,114,42,136,106,38,136,136,136,136,47,136,136,(X),(X),(X),136,12.2,12.6,12.2,20.1,11.0,12.2,12.2,12.2,12.2,13.6,12.2,12.2,(X),(X),(X),12.2,101,42,136,96,38,136,136,136,136,20,136,136,(X),(X),(X),136,19.6,12.6,12.2,23.5,11.0,12.2,12.2,12.2,12.2,6.1,12.2,12.2,(X),(X),(X),12.2,75,136,136,61,136,136,136,136,136,42,136,136,(X),(X),(X),136,20.1,12.2,12.2,17.0,12.2,12.2,12.2,12.2,12.2,12.5,12.2,12.2,(X),(X),(X),12.2
9020000US3202,3202,"Clark+Nye County Set, Nevada",3600,"Nursing, psychiatric, and home health aides 3600 (SOC 31-1010)",5465,710,300,1895,1520,20,870,40,20,0,0,0,(X),(X),(X),90,100.0,13.0,5.5,34.7,27.8,0.4,15.9,0.7,0.4,0.0,0.0,0.0,(X),(X),(X),1.6,1060,60,70,320,285,0,320,0,0,0,0,0,(X),(X),(X),4,19.4,1.1,1.3,5.9,5.2,0.0,5.9,0.0,0.0,0.0,0.0,0.0,(X),(X),(X),0.1,4400,645,230,1575,1235,20,550,40,20,0,0,0,(X),(X),(X),85,80.5,11.8,4.2,28.8,22.6,0.4,10.1,0.7,0.4,0.0,0.0,0.0,(X),(X),(X),1.6,458,217,106,289,261,26,205,59,33,136,136,136,(X),(X),(X),95,0.8,3.7,2.0,4.6,4.2,0.5,3.4,1.1,0.6,0.8,0.8,0.8,(X),(X),(X),1.7,218,62,64,117,127,136,120,136,136,136,136,136,(X),(X),(X),18,3.6,1.1,1.2,2.1,2.3,0.8,2.1,0.8,0.8,0.8,0.8,0.8,(X),(X),(X),0.3,422,209,84,268,257,26,171,59,33,136,136,136,(X),(X),(X),92,3.7,3.6,1.6,4.5,4.1,0.5,3.0,1.1,0.6,0.8,0.8,0.8,(X),(X),(X),1.7
9020000US3202,3202,"Clark+Nye County Set, Nevada",3610,Occupational therapy assistants and aides 3610 (SOC 31-2010),80,10,0,70,0,0,0,0,0,0,0,0,(X),(X),(X),0,100.0,12.5,0.0,87.5,0.0,0.0,0.0,0.0,0.0,0.0,0.0,0.0,(X),(X),(X),0.0,0,0,0,0,0,0,0,0,0,0,0,0,(X),(X),(X),0,0.0,0.0,0.0,0.0,0.0,0.0,0.0,0.0,0.0,0.0,0.0,0.0,(X),(X),(X),0.0,80,10,0,70,0,0,0,0,0,0,0,0,(X),(X),(X),0,100.0,12.5,0.0,87.5,0.0,0.0,0.0,0.0,0.0,0.0,0.0,0.0,(X),(X),(X),0.0,68,16,136,63,136,136,136,136,136,136,136,136,(X),(X),(X),136,37.9,20.2,37.9,22.4,37.9,37.9,37.9,37.9,37.9,37.9,37.9,37.9,(X),(X),(X),37.9,136,136,136,136,136,136,136,136,136,136,136,136,(X),(X),(X),136,37.9,37.9,37.9,37.9,37.9,37.9,37.9,37.9,37.9,37.9,37.9,37.9,(X),(X),(X),37.9,68,16,136,63,136,136,136,136,136,136,136,136,(X),(X),(X),136,37.9,20.2,37.9,22.4,37.9,37.9,37.9,37.9,37.9,37.9,37.9,37.9,(X),(X),(X),37.9
9020000US3202,3202,"Clark+Nye County Set, Nevada",3620,Physical therapist assistants and aides 3620 (SOC 31-2020),355,0,25,265,0,0,65,0,0,0,0,0,(X),(X),(X),0,100.0,0.0,7.0,74.6,0.0,0.0,18.3,0.0,0.0,0.0,0.0,0.0,(X),(X),(X),0.0,135,0,15,90,0,0,35,0,0,0,0,0,(X),(X),(X),0,38.0,0.0,4.2,25.4,0.0,0.0,9.9,0.0,0.0,0.0,0.0,0.0,(X),(X),(X),0.0,215,0,10,175,0,0,30,0,0,0,0,0,(X),(X),(X),0,60.6,0.0,2.8,49.3,0.0,0.0,8.5,0.0,0.0,0.0,0.0,0.0,(X),(X),(X),0.0,141,136,31,117,136,136,70,136,136,136,136,136,(X),(X),(X),136,11.3,11.3,9.3,17.2,11.3,11.3,16.7,11.3,11.3,11.3,11.3,11.3,(X),(X),(X),11.3,80,136,25,57,136,136,58,136,136,136,136,136,(X),(X),(X),136,19.4,11.3,7.2,15.8,11.3,11.3,15.5,11.3,11.3,11.3,11.3,11.3,(X),(X),(X),11.3,120,136,19,105,136,136,43,136,136,136,136,136,(X),(X),(X),136,19.0,11.3,5.9,18.5,11.3,11.3,11.1,11.3,11.3,11.3,11.3,11.3,(X),(X),(X),11.3
9020000US3202,3202,"Clark+Nye County Set, Nevada",3630,Massage therapists 3630 (SOC 31-9011),1840,125,0,1300,120,0,275,0,0,4,0,0,(X),(X),(X),10,100.0,6.8,0.0,70.7,6.5,0.0,14.9,0.0,0.0,0.2,0.0,0.0,(X),(X),(X),0.5,485,80,0,265,0,0,140,0,0,0,0,0,(X),(X),(X),0,26.4,4.3,0.0,14.4,0.0,0.0,7.6,0.0,0.0,0.0,0.0,0.0,(X),(X),(X),0.0,1355,45,0,1035,120,0,135,0,0,4,0,0,(X),(X),(X),10,73.6,2.4,0.0,56.3,6.5,0.0,7.3,0.0,0.0,0.2,0.0,0.0,(X),(X),(X),0.5,333,93,136,280,90,136,140,136,136,18,136,136,(X),(X),(X),19,2.3,5.0,2.3,8.0,4.8,2.3,7.0,2.3,2.3,1.0,2.3,2.3,(X),(X),(X),1.1,170,77,136,110,136,136,105,136,136,136,136,136,(X),(X),(X),136,8.3,4.3,2.3,5.7,2.3,2.3,5.4,2.3,2.3,2.3,2.3,2.3,(X),(X),(X),2.3,293,49,136,255,90,136,79,136,136,18,136,136,(X),(X),(X),19,8.3,2.6,2.3,8.6,4.8,2.3,4.2,2.3,2.3,1.0,2.3,2.3,(X),(X),(X),1.1
9020000US3202,3202,"Clark+Nye County Set, Nevada",3640,Dental assistants 3640 (SOC 31-9091),2135,395,285,1040,130,10,235,0,0,0,20,0,(X),(X),(X),25,100.0,18.5,13.3,48.7,6.1,0.5,11.0,0.0,0.0,0.0,0.9,0.0,(X),(X),(X),1.2,225,40,40,75,0,0,45,0,0,0,0,0,(X),(X),(X),25,10.5,1.9,1.9,3.5,0.0,0.0,2.1,0.0,0.0,0.0,0.0,0.0,(X),(X),(X),1.2,1910,355,240,965,130,10,190,0,0,0,20,0,(X),(X),(X),0,89.5,16.6,11.2,45.2,6.1,0.5,8.9,0.0,0.0,0.0,0.9,0.0,(X),(X),(X),0.0,401,196,113,316,110,14,104,136,136,136,33,136,(X),(X),(X),42,2.0,8.3,5.5,10.1,5.0,0.6,4.8,2.0,2.0,2.0,1.5,2.0,(X),(X),(X),1.9,118,42,49,83,136,136,41,136,136,136,136,136,(X),(X),(X),42,5.4,1.9,2.3,3.9,2.0,2.0,1.9,2.0,2.0,2.0,2.0,2.0,(X),(X),(X),1.9,386,179,101,312,110,14,95,136,136,136,33,136,(X),(X),(X),136,5.4,7.5,4.8,10.6,5.0,0.6,4.4,2.0,2.0,2.0,1.5,2.0,(X),(X),(X),2.0
9020000US3202,3202,"Clark+Nye County Set, Nevada",3645,Medical assistants 3645 (SOC 31-9092),2540,460,320,1190,180,15,200,135,4,0,0,0,(X),(X),(X),30,100.0,18.1,12.6,46.9,7.1,0.6,7.9,5.3,0.2,0.0,0.0,0.0,(X),(X),(X),1.2,150,35,35,35,35,0,10,0,0,0,0,0,(X),(X),(X),0,5.9,1.4,1.4,1.4,1.4,0.0,0.4,0.0,0.0,0.0,0.0,0.0,(X),(X),(X),0.0,2390,420,285,1155,145,15,190,135,4,0,0,0,(X),(X),(X),30,94.1,16.5,11.2,45.5,5.7,0.6,7.5,5.3,0.2,0.0,0.0,0.0,(X),(X),(X),1.2,416,173,140,235,118,34,92,113,20,136,136,136,(X),(X),(X),48,1.7,5.8,5.5,7.9,4.4,1.3,3.3,4.1,0.8,1.7,1.7,1.7,(X),(X),(X),1.9,99,42,57,42,54,136,16,136,136,136,136,136,(X),(X),(X),136,3.9,1.7,2.3,1.7,2.1,1.7,0.6,1.7,1.7,1.7,1.7,1.7,(X),(X),(X),1.7,414,160,124,239,104,34,91,113,20,136,136,136,(X),(X),(X),48,3.9,5.3,4.8,7.9,3.9,1.3,3.3,4.1,0.8,1.7,1.7,1.7,(X),(X),(X),1.9
9020000US3202,3202,"Clark+Nye County Set, Nevada",3646,Medical transcriptionists 3646 (SOC 31-9094),300,0,0,250,4,0,45,0,0,0,0,0,(X),(X),(X),0,100.0,0.0,0.0,83.3,1.3,0.0,15.0,0.0,0.0,0.0,0.0,0.0,(X),(X),(X),0.0,0,0,0,0,0,0,0,0,0,0,0,0,(X),(X),(X),0,0.0,0.0,0.0,0.0,0.0,0.0,0.0,0.0,0.0,0.0,0.0,0.0,(X),(X),(X),0.0,300,0,0,250,4,0,45,0,0,0,0,0,(X),(X),(X),0,100.0,0.0,0.0,83.3,1.3,0.0,15.0,0.0,0.0,0.0,0.0,0.0,(X),(X),(X),0.0,153,136,136,152,21,136,49,136,136,136,136,136,(X),(X),(X),136,13.2,13.2,13.2,19.8,7.2,13.2,17.6,13.2,13.2,13.2,13.2,13.2,(X),(X),(X),13.2,136,136,136,136,136,136,136,136,136,136,136,136,(X),(X),(X),136,13.2,13.2,13.2,13.2,13.2,13.2,13.2,13.2,13.2,13.2,13.2,13.2,(X),(X),(X),13.2,153,136,136,152,21,136,49,136,136,136,136,136,(X),(X),(X),136,13.2,13.2,13.2,19.8,7.2,13.2,17.6,13.2,13.2,13.2,13.2,13.2,(X),(X),(X),13.2
9020000US3202,3202,"Clark+Nye County Set, Nevada",3647,Pharmacy aides 3647 (SOC 31-9095),110,0,0,40,0,0,65,0,0,0,0,0,(X),(X),(X),0,100.0,0.0,0.0,36.4,0.0,0.0,59.1,0.0,0.0,0.0,0.0,0.0,(X),(X),(X),0.0,110,0,0,40,0,0,65,0,0,0,0,0,(X),(X),(X),0,100.0,0.0,0.0,36.4,0.0,0.0,59.1,0.0,0.0,0.0,0.0,0.0,(X),(X),(X),0.0,0,0,0,0,0,0,0,0,0,0,0,0,(X),(X),(X),0,0.0,0.0,0.0,0.0,0.0,0.0,0.0,0.0,0.0,0.0,0.0,0.0,(X),(X),(X),0.0,126,136,136,46,136,136,105,136,136,136,136,136,(X),(X),(X),136,31.0,31.0,31.0,47.9,31.0,31.0,44.6,31.0,31.0,31.0,31.0,31.0,(X),(X),(X),31.0,126,136,136,46,136,136,105,136,136,136,136,136,(X),(X),(X),136,31.0,31.0,31.0,47.9,31.0,31.0,44.6,31.0,31.0,31.0,31.0,31.0,(X),(X),(X),31.0,136,136,136,136,136,136,136,136,136,136,136,136,(X),(X),(X),136,31.0,31.0,31.0,31.0,31.0,31.0,31.0,31.0,31.0,31.0,31.0,31.0,(X),(X),(X),31.0
9020000US3202,3202,"Clark+Nye County Set, Nevada",3648,Veterinary assistants and laboratory animal caretakers 3648 (SOC 31-9096),180,10,15,155,0,0,0,0,0,0,0,0,(X),(X),(X),0,100.0,5.6,8.3,86.1,0.0,0.0,0.0,0.0,0.0,0.0,0.0,0.0,(X),(X),(X),0.0,45,0,0,45,0,0,0,0,0,0,0,0,(X),(X),(X),0,25.0,0.0,0.0,25.0,0.0,0.0,0.0,0.0,0.0,0.0,0.0,0.0,(X),(X),(X),0.0,135,10,15,110,0,0,0,0,0,0,0,0,(X),(X),(X),0,75.0,5.6,8.3,61.1,0.0,0.0,0.0,0.0,0.0,0.0,0.0,0.0,(X),(X),(X),0.0,85,24,24,76,136,136,136,136,136,136,136,136,(X),(X),(X),136,20.8,12.3,13.1,15.0,20.8,20.8,20.8,20.8,20.8,20.8,20.8,20.8,(X),(X),(X),20.8,41,136,136,41,136,136,136,136,136,136,136,136,(X),(X),(X),136,19.8,20.8,20.8,19.8,20.8,20.8,20.8,20.8,20.8,20.8,20.8,20.8,(X),(X),(X),20.8,73,24,24,69,136,136,136,136,136,136,136,136,(X),(X),(X),136,19.5,12.3,13.1,26.2,20.8,20.8,20.8,20.8,20.8,20.8,20.8,20.8,(X),(X),(X),20.8
9020000US3202,3202,"Clark+Nye County Set, Nevada",3649,Phlebotomists 3649 (SOC 31-9097),865,155,0,305,230,0,165,15,0,0,0,0,(X),(X),(X),0,100.0,17.9,0.0,35.3,26.6,0.0,19.1,1.7,0.0,0.0,0.0,0.0,(X),(X),(X),0.0,135,0,0,70,15,0,50,0,0,0,0,0,(X),(X),(X),0,15.6,0.0,0.0,8.1,1.7,0.0,5.8,0.0,0.0,0.0,0.0,0.0,(X),(X),(X),0.0,735,155,0,235,210,0,115,15,0,0,0,0,(X),(X),(X),0,85.0,17.9,0.0,27.2,24.3,0.0,13.3,1.7,0.0,0.0,0.0,0.0,(X),(X),(X),0.0,213,93,136,135,130,136,109,26,136,136,136,136,(X),(X),(X),136,4.8,10.6,4.8,14.1,13.6,4.8,10.7,3.0,4.8,4.8,4.8,4.8,(X),(X),(X),4.8,80,136,136,47,34,136,48,136,136,136,136,136,(X),(X),(X),136,8.8,4.8,4.8,5.4,3.9,4.8,5.6,4.8,4.8,4.8,4.8,4.8,(X),(X),(X),4.8,199,93,136,126,125,136,99,26,136,136,136,136,(X),(X),(X),136,9.2,10.6,4.8,13.6,13.3,4.8,10.3,3.0,4.8,4.8,4.8,4.8,(X),(X),(X),4.8
9020000US3202,3202,"Clark+Nye County Set, Nevada",3655,"Healthcare support workers, all other, including medical equipment preparers 3655 (SOC 31-909X)",410,70,4,150,40,4,105,0,0,0,15,0,(X),(X),(X),15,100.0,17.1,1.0,36.6,9.8,1.0,25.6,0.0,0.0,0.0,3.7,0.0,(X),(X),(X),3.7,165,20,0,25,10,4,75,0,0,0,15,0,(X),(X),(X),15,40.2,4.9,0.0,6.1,2.4,1.0,18.3,0.0,0.0,0.0,3.7,0.0,(X),(X),(X),3.7,245,50,4,130,35,0,30,0,0,0,0,0,(X),(X),(X),0,59.8,12.2,1.0,31.7,8.5,0.0,7.3,0.0,0.0,0.0,0.0,0.0,(X),(X),(X),0.0,179,59,10,94,55,15,111,136,136,136,28,136,(X),(X),(X),23,9.8,13.4,2.5,19.2,13.1,4.0,21.3,9.8,9.8,9.8,6.7,9.8,(X),(X),(X),5.5,120,35,136,30,15,15,103,136,136,136,28,136,(X),(X),(X),23,21.9,8.4,9.8,7.5,3.8,4.0,21.4,9.8,9.8,9.8,6.7,9.8,(X),(X),(X),5.5,127,47,10,88,55,136,43,136,136,136,136,136,(X),(X),(X),136,21.8,11.5,2.5,17.9,12.9,9.8,10.1,9.8,9.8,9.8,9.8,9.8,(X),(X),(X),9.8
9020000US3202,3202,"Clark+Nye County Set, Nevada",3700,First-line supervisors of correctional officers 3700 (SOC 33-1011),180,0,0,105,80,0,0,0,0,0,0,0,(X),(X),(X),0,100.0,0.0,0.0,58.3,44.4,0.0,0.0,0.0,0.0,0.0,0.0,0.0,(X),(X),(X),0.0,105,0,0,40,65,0,0,0,0,0,0,0,(X),(X),(X),0,58.3,0.0,0.0,22.2,36.1,0.0,0.0,0.0,0.0,0.0,0.0,0.0,(X),(X),(X),0.0,80,0,0,65,15,0,0,0,0,0,0,0,(X),(X),(X),0,44.4,0.0,0.0,36.1,8.3,0.0,0.0,0.0,0.0,0.0,0.0,0.0,(X),(X),(X),0.0,101,136,136,60,78,136,136,136,136,136,136,136,(X),(X),(X),136,20.8,20.8,20.8,29.0,28.9,20.8,20.8,20.8,20.8,20.8,20.8,20.8,(X),(X),(X),20.8,79,136,136,30,73,136,136,136,136,136,136,136,(X),(X),(X),136,24.4,20.8,20.8,16.0,30.3,20.8,20.8,20.8,20.8,20.8,20.8,20.8,(X),(X),(X),20.8,52,136,136,44,29,136,136,136,136,136,136,136,(X),(X),(X),136,22.8,20.8,20.8,22.7,15.6,20.8,20.8,20.8,20.8,20.8,20.8,20.8,(X),(X),(X),20.8
9020000US3202,3202,"Clark+Nye County Set, Nevada",3710,First-line supervisors of police and detectives 3710 (SOC 33-1012),570,25,0,495,10,0,20,25,0,0,0,0,(X),(X),(X),0,100.0,4.4,0.0,86.8,1.8,0.0,3.5,4.4,0.0,0.0,0.0,0.0,(X),(X),(X),0.0,455,25,0,385,0,0,20,25,0,0,0,0,(X),(X),(X),0,79.8,4.4,0.0,67.5,0.0,0.0,3.5,4.4,0.0,0.0,0.0,0.0,(X),(X),(X),0.0,120,0,0,110,10,0,0,0,0,0,0,0,(X),(X),(X),0,21.1,0.0,0.0,19.3,1.8,0.0,0.0,0.0,0.0,0.0,0.0,0.0,(X),(X),(X),0.0,159,31,136,158,14,136,26,37,136,136,136,136,(X),(X),(X),136,7.2,5.2,7.2,11.1,2.5,7.2,4.6,6.5,7.2,7.2,7.2,7.2,(X),(X),(X),7.2,143,31,136,138,136,136,26,37,136,136,136,136,(X),(X),(X),136,13.0,5.2,7.2,14.4,7.2,7.2,4.6,6.5,7.2,7.2,7.2,7.2,(X),(X),(X),7.2,82,136,136,81,14,136,136,136,136,136,136,136,(X),(X),(X),136,13.0,7.2,7.2,12.9,2.5,7.2,7.2,7.2,7.2,7.2,7.2,7.2,(X),(X),(X),7.2
9020000US3202,3202,"Clark+Nye County Set, Nevada",3720,First-line supervisors of fire fighting and prevention workers 3720 (SOC 33-1021),415,0,15,325,40,0,30,0,0,0,0,0,(X),(X),(X),0,100.0,0.0,3.6,78.3,9.6,0.0,7.2,0.0,0.0,0.0,0.0,0.0,(X),(X),(X),0.0,415,0,15,325,40,0,30,0,0,0,0,0,(X),(X),(X),0,100.0,0.0,3.6,78.3,9.6,0.0,7.2,0.0,0.0,0.0,0.0,0.0,(X),(X),(X),0.0,0,0,0,0,0,0,0,0,0,0,0,0,(X),(X),(X),0,0.0,0.0,0.0,0.0,0.0,0.0,0.0,0.0,0.0,0.0,0.0,0.0,(X),(X),(X),0.0,144,136,31,118,34,136,40,136,136,136,136,136,(X),(X),(X),136,9.7,9.7,7.3,12.2,7.5,9.7,8.8,9.7,9.7,9.7,9.7,9.7,(X),(X),(X),9.7,144,136,31,118,34,136,40,136,136,136,136,136,(X),(X),(X),136,9.7,9.7,7.3,12.2,7.5,9.7,8.8,9.7,9.7,9.7,9.7,9.7,(X),(X),(X),9.7,136,136,136,136,136,136,136,136,136,136,136,136,(X),(X),(X),136,9.7,9.7,9.7,9.7,9.7,9.7,9.7,9.7,9.7,9.7,9.7,9.7,(X),(X),(X),9.7
9020000US3202,3202,"Clark+Nye County Set, Nevada",3730,"First-line supervisors of protective service workers, all other 3730 (SOC 33-1099)",1800,55,45,1215,225,55,85,45,0,4,35,0,(X),(X),(X),35,100.0,3.1,2.5,67.5,12.5,3.1,4.7,2.5,0.0,0.2,1.9,0.0,(X),(X),(X),1.9,1510,25,45,980,210,50,75,45,0,4,35,0,(X),(X),(X),35,83.9,1.4,2.5,54.4,11.7,2.8,4.2,2.5,0.0,0.2,1.9,0.0,(X),(X),(X),1.9,290,30,0,230,15,4,10,0,0,0,0,0,(X),(X),(X),0,16.1,1.7,0.0,12.8,0.8,0.2,0.6,0.0,0.0,0.0,0.0,0.0,(X),(X),(X),0.0,302,53,35,250,114,58,63,47,136,17,38,136,(X),(X),(X),44,2.3,2.9,1.9,7.9,5.9,3.2,3.6,2.6,2.3,1.0,2.1,2.3,(X),(X),(X),2.5,267,39,35,223,112,56,62,47,136,17,38,136,(X),(X),(X),44,5.8,2.2,1.9,8.6,5.9,3.1,3.4,2.6,2.3,1.0,2.1,2.3,(X),(X),(X),2.5,119,42,136,110,25,136,16,136,136,136,136,136,(X),(X),(X),136,5.8,2.3,2.3,5.5,1.4,0.1,0.9,2.3,2.3,2.3,2.3,2.3,(X),(X),(X),2.3
9020000US3202,3202,"Clark+Nye County Set, Nevada",3740,Firefighters 3740 (SOC 33-2011),1440,180,80,1025,60,25,10,0,0,0,25,0,(X),(X),(X),30,100.0,12.5,5.6,71.2,4.2,1.7,0.7,0.0,0.0,0.0,1.7,0.0,(X),(X),(X),2.1,1310,180,25,955,60,25,10,0,0,0,25,0,(X),(X),(X),30,91.0,12.5,1.7,66.3,4.2,1.7,0.7,0.0,0.0,0.0,1.7,0.0,(X),(X),(X),2.1,130,0,60,70,0,0,0,0,0,0,0,0,(X),(X),(X),0,9.0,0.0,4.2,4.9,0.0,0.0,0.0,0.0,0.0,0.0,0.0,0.0,(X),(X),(X),0.0,288,86,67,268,47,26,25,136,136,136,30,136,(X),(X),(X),34,2.9,5.9,4.5,9.2,3.3,1.8,1.7,2.9,2.9,2.9,2.1,2.9,(X),(X),(X),2.4,275,86,27,260,47,26,25,136,136,136,30,136,(X),(X),(X),34,4.9,5.9,1.8,9.7,3.3,1.8,1.7,2.9,2.9,2.9,2.1,2.9,(X),(X),(X),2.4,75,136,58,56,136,136,136,136,136,136,136,136,(X),(X),(X),136,5.0,2.9,4.0,3.8,2.9,2.9,2.9,2.9,2.9,2.9,2.9,2.9,(X),(X),(X),2.9
9020000US3202,3202,"Clark+Nye County Set, Nevada",3750,Fire inspectors 3750 (SOC 33-2020),135,0,15,100,20,0,0,0,0,0,0,0,(X),(X),(X),0,100.0,0.0,11.1,74.1,14.8,0.0,0.0,0.0,0.0,0.0,0.0,0.0,(X),(X),(X),0.0,100,0,15,65,20,0,0,0,0,0,0,0,(X),(X),(X),0,74.1,0.0,11.1,48.1,14.8,0.0,0.0,0.0,0.0,0.0,0.0,0.0,(X),(X),(X),0.0,35,0,0,30,4,0,0,0,0,0,0,0,(X),(X),(X),0,25.9,0.0,0.0,22.2,3.0,0.0,0.0,0.0,0.0,0.0,0.0,0.0,(X),(X),(X),0.0,68,136,27,56,28,136,136,136,136,136,136,136,(X),(X),(X),136,26.5,26.5,19.4,24.0,18.3,26.5,26.5,26.5,26.5,26.5,26.5,26.5,(X),(X),(X),26.5,59,136,27,42,28,136,136,136,136,136,136,136,(X),(X),(X),136,25.9,26.5,19.4,24.9,19.2,26.5,26.5,26.5,26.5,26.5,26.5,26.5,(X),(X),(X),26.5,37,136,136,39,4,136,136,136,136,136,136,136,(X),(X),(X),136,24.0,26.5,26.5,25.1,3.5,26.5,26.5,26.5,26.5,26.5,26.5,26.5,(X),(X),(X),26.5
9020000US3202,3202,"Clark+Nye County Set, Nevada",3800,"Bailiffs, correctional officers, and jailers 3800 (SOC 33-3010)",1715,310,90,935,280,0,65,0,10,20,15,0,(X),(X),(X),0,100.0,18.1,5.2,54.5,16.3,0.0,3.8,0.0,0.6,1.2,0.9,0.0,(X),(X),(X),0.0,1415,310,90,800,190,0,20,0,0,4,0,0,(X),(X),(X),0,82.5,18.1,5.2,46.6,11.1,0.0,1.2,0.0,0.0,0.2,0.0,0.0,(X),(X),(X),0.0,300,0,0,135,90,0,45,0,10,10,15,0,(X),(X),(X),0,17.5,0.0,0.0,7.9,5.2,0.0,2.6,0.0,0.6,0.6,0.9,0.0,(X),(X),(X),0.0,335,151,75,217,140,136,50,136,14,23,22,136,(X),(X),(X),136,2.4,8.0,4.2,8.4,7.0,2.4,2.9,2.4,0.9,1.4,1.3,2.4,(X),(X),(X),2.4,318,151,75,215,105,136,28,136,136,15,136,136,(X),(X),(X),136,6.7,8.0,4.2,9.0,5.2,2.4,1.6,2.4,2.4,0.9,2.4,2.4,(X),(X),(X),2.4,116,136,136,73,82,136,48,136,14,19,22,136,(X),(X),(X),136,6.7,2.4,2.4,4.4,4.7,2.4,2.8,2.4,0.9,1.1,1.3,2.4,(X),(X),(X),2.4
9020000US3202,3202,"Clark+Nye County Set, Nevada",3820,Detectives and criminal investigators 3820 (SOC 33-3021),810,150,20,510,40,10,20,0,0,25,30,0,(X),(X),(X),0,100.0,18.5,2.5,63.0,4.9,1.2,2.5,0.0,0.0,3.1,3.7,0.0,(X),(X),(X),0.0,620,105,20,370,30,10,20,0,0,25,30,0,(X),(X),(X),0,76.5,13.0,2.5,45.7,3.7,1.2,2.5,0.0,0.0,3.1,3.7,0.0,(X),(X),(X),0.0,190,40,0,140,10,0,0,0,0,0,0,0,(X),(X),(X),0,23.5,4.9,0.0,17.3,1.2,0.0,0.0,0.0,0.0,0.0,0.0,0.0,(X),(X),(X),0.0,200,98,35,157,45,16,30,136,136,31,38,136,(X),(X),(X),136,5.1,10.6,4.1,15.1,5.3,2.0,3.6,5.1,5.1,3.8,4.5,5.1,(X),(X),(X),5.1,175,77,35,130,42,16,30,136,136,31,38,136,(X),(X),(X),136,11.3,8.7,4.1,13.7,5.0,2.0,3.6,5.1,5.1,3.8,4.5,5.1,(X),(X),(X),5.1,105,66,136,81,13,136,136,136,136,136,136,136,(X),(X),(X),136,11.3,7.9,5.1,9.4,1.6,5.1,5.1,5.1,5.1,5.1,5.1,5.1,(X),(X),(X),5.1
9020000US3202,3202,"Clark+Nye County Set, Nevada",3840,Miscellaneous law enforcement workers 3840 (SOC 33-30XX),90,0,15,65,0,0,10,0,0,0,0,0,(X),(X),(X),0,100.0,0.0,16.7,72.2,0.0,0.0,11.1,0.0,0.0,0.0,0.0,0.0,(X),(X),(X),0.0,90,0,15,65,0,0,10,0,0,0,0,0,(X),(X),(X),0,100.0,0.0,16.7,72.2,0.0,0.0,11.1,0.0,0.0,0.0,0.0,0.0,(X),(X),(X),0.0,0,0,0,0,0,0,0,0,0,0,0,0,(X),(X),(X),0,0.0,0.0,0.0,0.0,0.0,0.0,0.0,0.0,0.0,0.0,0.0,0.0,(X),(X),(X),0.0,63,136,28,55,136,136,17,136,136,136,136,136,(X),(X),(X),136,35.4,35.4,28.1,31.2,35.4,35.4,17.9,35.4,35.4,35.4,35.4,35.4,(X),(X),(X),35.4,63,136,28,55,136,136,17,136,136,136,136,136,(X),(X),(X),136,35.4,35.4,28.1,31.2,35.4,35.4,17.9,35.4,35.4,35.4,35.4,35.4,(X),(X),(X),35.4,136,136,136,136,136,136,136,136,136,136,136,136,(X),(X),(X),136,35.4,35.4,35.4,35.4,35.4,35.4,35.4,35.4,35.4,35.4,35.4,35.4,(X),(X),(X),35.4
9020000US3202,3202,"Clark+Nye County Set, Nevada",3850,Police officers 3850 (SOC 33-3050),4990,280,250,3650,410,90,130,4,15,25,20,20,(X),(X),(X),95,100.0,5.6,5.0,73.1,8.2,1.8,2.6,0.1,0.3,0.5,0.4,0.4,(X),(X),(X),1.9,4160,260,190,3000,350,75,115,0,15,25,20,20,(X),(X),(X),95,83.4,5.2,3.8,60.1,7.0,1.5,2.3,0.0,0.3,0.5,0.4,0.4,(X),(X),(X),1.9,835,20,60,650,65,20,15,4,0,0,0,0,(X),(X),(X),0,16.7,0.4,1.2,13.0,1.3,0.4,0.3,0.1,0.0,0.0,0.0,0.0,(X),(X),(X),0.0,541,114,125,433,159,56,94,15,27,37,32,34,(X),(X),(X),68,0.8,2.1,2.4,4.6,2.8,1.1,1.9,0.3,0.5,0.7,0.6,0.7,(X),(X),(X),1.4,492,112,103,398,147,58,88,136,27,37,32,34,(X),(X),(X),68,4.0,2.1,2.1,5.4,2.7,1.2,1.8,0.8,0.5,0.7,0.6,0.7,(X),(X),(X),1.4,220,25,74,180,51,28,24,15,136,136,136,136,(X),(X),(X),136,4.0,0.5,1.5,3.3,1.0,0.6,0.5,0.3,0.8,0.8,0.8,0.8,(X),(X),(X),0.8
9020000US3202,3202,"Clark+Nye County Set, Nevada",3900,Animal control workers 3900 (SOC 33-9011),25,0,0,10,0,0,10,0,0,0,0,0,(X),(X),(X),0,100.0,0.0,0.0,40.0,0.0,0.0,40.0,0.0,0.0,0.0,0.0,0.0,(X),(X),(X),0.0,10,0,0,0,0,0,10,0,0,0,0,0,(X),(X),(X),0,40.0,0.0,0.0,0.0,0.0,0.0,40.0,0.0,0.0,0.0,0.0,0.0,(X),(X),(X),0.0,10,0,0,10,0,0,0,0,0,0,0,0,(X),(X),(X),0,40.0,0.0,0.0,40.0,0.0,0.0,0.0,0.0,0.0,0.0,0.0,0.0,(X),(X),(X),0.0,30,136,136,20,136,136,20,136,136,136,136,136,(X),(X),(X),136,67.8,67.8,67.8,60.0,67.8,67.8,60.0,67.8,67.8,67.8,67.8,67.8,(X),(X),(X),67.8,20,136,136,136,136,136,20,136,136,136,136,136,(X),(X),(X),136,60.0,67.8,67.8,67.8,67.8,67.8,60.0,67.8,67.8,67.8,67.8,67.8,(X),(X),(X),67.8,20,136,136,20,136,136,136,136,136,136,136,136,(X),(X),(X),136,60.0,67.8,67.8,60.0,67.8,67.8,67.8,67.8,67.8,67.8,67.8,67.8,(X),(X),(X),67.8
9020000US3202,3202,"Clark+Nye County Set, Nevada",3910,Private detectives and investigators 3910 (SOC 33-9021),465,40,20,320,70,0,0,0,0,4,15,0,(X),(X),(X),0,100.0,8.6,4.3,68.8,15.1,0.0,0.0,0.0,0.0,0.9,3.2,0.0,(X),(X),(X),0.0,210,40,10,125,40,0,0,0,0,0,0,0,(X),(X),(X),0,45.2,8.6,2.2,26.9,8.6,0.0,0.0,0.0,0.0,0.0,0.0,0.0,(X),(X),(X),0.0,255,0,10,195,30,0,0,0,0,4,15,0,(X),(X),(X),0,54.8,0.0,2.2,41.9,6.5,0.0,0.0,0.0,0.0,0.9,3.2,0.0,(X),(X),(X),0.0,173,51,26,127,65,136,136,136,136,12,24,136,(X),(X),(X),136,8.7,10.3,5.8,13.3,11.8,8.7,8.7,8.7,8.7,2.5,5.1,8.7,(X),(X),(X),8.7,115,51,19,80,53,136,136,136,136,136,136,136,(X),(X),(X),136,15.9,10.3,4.1,14.1,10.4,8.7,8.7,8.7,8.7,8.7,8.7,8.7,(X),(X),(X),8.7,110,136,15,91,40,136,136,136,136,12,24,136,(X),(X),(X),136,15.8,8.7,3.2,14.5,7.9,8.7,8.7,8.7,8.7,2.5,5.1,8.7,(X),(X),(X),8.7
9020000US3202,3202,"Clark+Nye County Set, Nevada",3930,Security guards and gaming surveillance officers 3930 (SOC 33-9030),16785,1625,610,9330,3315,50,1275,130,105,70,110,15,(X),(X),(X),155,100.0,9.7,3.6,55.6,19.7,0.3,7.6,0.8,0.6,0.4,0.7,0.1,(X),(X),(X),0.9,13730,1365,445,7790,2555,45,1095,85,105,50,60,15,(X),(X),(X),130,81.8,8.1,2.7,46.4,15.2,0.3,6.5,0.5,0.6,0.3,0.4,0.1,(X),(X),(X),0.8,3055,265,165,1540,755,4,180,45,0,20,50,0,(X),(X),(X),25,18.2,1.6,1.0,9.2,4.5,0.0,1.1,0.3,0.0,0.1,0.3,0.0,(X),(X),(X),0.1,1029,329,201,657,505,48,292,74,106,50,61,28,(X),(X),(X),91,0.3,1.8,1.2,2.8,2.5,0.3,1.6,0.4,0.6,0.3,0.4,0.2,(X),(X),(X),0.5,911,317,159,581,420,47,292,59,106,47,47,28,(X),(X),(X),91,2.4,1.8,1.0,2.8,2.2,0.3,1.6,0.4,0.6,0.3,0.3,0.2,(X),(X),(X),0.5,447,121,97,289,230,10,109,39,136,22,46,136,(X),(X),(X),24,2.4,0.7,0.6,1.6,1.3,0.1,0.7,0.2,0.3,0.1,0.3,0.3,(X),(X),(X),0.1
9020000US3202,3202,"Clark+Nye County Set, Nevada",3940,Crossing guards 3940 (SOC 33-9091),825,65,10,440,235,20,45,10,0,0,0,0,(X),(X),(X),0,100.0,7.9,1.2,53.3,28.5,2.4,5.5,1.2,0.0,0.0,0.0,0.0,(X),(X),(X),0.0,510,55,10,230,150,20,45,0,0,0,0,0,(X),(X),(X),0,61.8,6.7,1.2,27.9,18.2,2.4,5.5,0.0,0.0,0.0,0.0,0.0,(X),(X),(X),0.0,315,10,0,210,85,0,0,10,0,0,0,0,(X),(X),(X),0,38.2,1.2,0.0,25.5,10.3,0.0,0.0,1.2,0.0,0.0,0.0,0.0,(X),(X),(X),0.0,230,55,22,133,112,31,77,18,136,136,136,136,(X),(X),(X),136,5.0,6.1,2.6,12.3,11.2,3.7,8.7,2.2,5.0,5.0,5.0,5.0,(X),(X),(X),5.0,195,52,22,100,111,31,77,136,136,136,136,136,(X),(X),(X),136,12.3,5.8,2.6,10.8,11.8,3.7,8.7,5.0,5.0,5.0,5.0,5.0,(X),(X),(X),5.0,108,14,136,88,59,136,136,18,136,136,136,136,(X),(X),(X),136,12.3,1.8,5.0,9.8,7.5,5.0,5.0,2.2,5.0,5.0,5.0,5.0,(X),(X),(X),5.0
9020000US3202,3202,"Clark+Nye County Set, Nevada",3945,Transportation security screeners 3945 (SOC 33-9093),465,45,35,260,40,0,60,20,0,0,0,0,(X),(X),(X),0,100.0,9.7,7.5,55.9,8.6,0.0,12.9,4.3,0.0,0.0,0.0,0.0,(X),(X),(X),0.0,265,10,35,150,20,0,50,0,0,0,0,0,(X),(X),(X),0,57.0,2.2,7.5,32.3,4.3,0.0,10.8,0.0,0.0,0.0,0.0,0.0,(X),(X),(X),0.0,195,35,0,110,20,0,10,20,0,0,0,0,(X),(X),(X),0,41.9,7.5,0.0,23.7,4.3,0.0,2.2,4.3,0.0,0.0,0.0,0.0,(X),(X),(X),0.0,145,48,38,114,37,136,48,38,136,136,136,136,(X),(X),(X),136,8.7,10.3,7.9,15.0,7.7,8.7,9.5,8.1,8.7,8.7,8.7,8.7,(X),(X),(X),8.7,116,23,38,90,26,136,42,136,136,136,136,136,(X),(X),(X),136,16.0,4.9,7.9,15.3,5.5,8.7,8.3,8.7,8.7,8.7,8.7,8.7,(X),(X),(X),8.7,87,41,136,66,24,136,18,38,136,136,136,136,(X),(X),(X),136,15.7,9.1,8.7,12.6,5.1,8.7,3.8,8.1,8.7,8.7,8.7,8.7,(X),(X),(X),8.7
9020000US3202,3202,"Clark+Nye County Set, Nevada",3955,"Lifeguards and other recreational, and all other protective service workers 3955 (SOC 33-909X)",1255,65,135,725,200,25,70,0,0,0,25,0,(X),(X),(X),10,100.0,5.2,10.8,57.8,15.9,2.0,5.6,0.0,0.0,0.0,2.0,0.0,(X),(X),(X),0.8,625,35,85,355,100,10,0,0,0,0,25,0,(X),(X),(X),10,49.8,2.8,6.8,28.3,8.0,0.8,0.0,0.0,0.0,0.0,2.0,0.0,(X),(X),(X),0.8,635,30,50,370,100,15,70,0,0,0,0,0,(X),(X),(X),0,50.6,2.4,4.0,29.5,8.0,1.2,5.6,0.0,0.0,0.0,0.0,0.0,(X),(X),(X),0.0,225,57,94,206,96,33,55,136,136,136,37,136,(X),(X),(X),17,3.3,4.5,7.1,10.3,7.6,2.6,4.4,3.3,3.3,3.3,2.9,3.3,(X),(X),(X),1.3,155,36,83,110,83,23,136,136,136,136,37,136,(X),(X),(X),17,8.8,2.8,6.4,7.2,6.4,1.8,3.3,3.3,3.3,3.3,2.9,3.3,(X),(X),(X),1.3,158,44,42,141,65,26,55,136,136,136,136,136,(X),(X),(X),136,8.8,3.5,3.3,8.1,5.3,2.0,4.4,3.3,3.3,3.3,3.3,3.3,(X),(X),(X),3.3
9020000US3202,3202,"Clark+Nye County Set, Nevada",4000,Chefs and head cooks 4000 (SOC 35-1011),4565,840,360,1940,395,0,855,35,50,20,20,15,(X),(X),(X),35,100.0,18.4,7.9,42.5,8.7,0.0,18.7,0.8,1.1,0.4,0.4,0.3,(X),(X),(X),0.8,3855,715,330,1545,395,0,725,35,50,0,20,15,(X),(X),(X),30,84.4,15.7,7.2,33.8,8.7,0.0,15.9,0.8,1.1,0.0,0.4,0.3,(X),(X),(X),0.7,710,125,35,395,0,0,130,0,0,20,0,0,(X),(X),(X),10,15.6,2.7,0.8,8.7,0.0,0.0,2.8,0.0,0.0,0.4,0.0,0.0,(X),(X),(X),0.2,585,261,153,316,160,136,265,53,60,31,33,25,(X),(X),(X),39,0.9,5.0,3.2,5.7,3.3,0.9,5.1,1.2,1.3,0.7,0.7,0.6,(X),(X),(X),0.9,513,241,140,270,160,136,252,53,60,136,33,25,(X),(X),(X),35,3.5,5.0,3.0,4.8,3.3,0.9,5.0,1.2,1.3,0.9,0.7,0.6,(X),(X),(X),0.8,185,93,51,125,136,136,70,136,136,31,136,136,(X),(X),(X),14,3.5,1.9,1.1,2.7,0.9,0.9,1.5,0.9,0.9,0.7,0.9,0.9,(X),(X),(X),0.3
9020000US3202,3202,"Clark+Nye County Set, Nevada",4010,First-line supervisors of food preparation and serving workers 4010 (SOC 35-1012),5870,1370,555,2810,550,0,410,60,15,15,25,0,(X),(X),(X),65,100.0,23.3,9.5,47.9,9.4,0.0,7.0,1.0,0.3,0.3,0.4,0.0,(X),(X),(X),1.1,2875,635,120,1590,235,0,235,0,15,15,0,0,(X),(X),(X),40,49.0,10.8,2.0,27.1,4.0,0.0,4.0,0.0,0.3,0.3,0.0,0.0,(X),(X),(X),0.7,2995,740,435,1220,315,0,175,60,0,0,25,0,(X),(X),(X),25,51.0,12.6,7.4,20.8,5.4,0.0,3.0,1.0,0.0,0.0,0.4,0.0,(X),(X),(X),0.4,618,289,201,439,186,136,155,72,24,24,29,136,(X),(X),(X),61,0.7,4.3,3.5,4.9,2.9,0.7,2.6,1.2,0.4,0.4,0.5,0.7,(X),(X),(X),1.0,428,190,89,322,118,136,117,136,24,24,136,136,(X),(X),(X),48,5.6,2.9,1.5,4.8,1.9,0.7,2.0,0.7,0.4,0.4,0.7,0.7,(X),(X),(X),0.8,473,208,181,298,134,136,101,72,136,136,29,136,(X),(X),(X),34,5.7,3.4,3.1,4.2,2.2,0.7,1.7,1.2,0.7,0.7,0.5,0.7,(X),(X),(X),0.6
9020000US3202,3202,"Clark+Nye County Set, Nevada",4020,Cooks 4020 (SOC 35-2010),20290,8595,3425,3970,1460,85,2410,20,20,65,0,0,(X),(X),(X),240,100.0,42.4,16.9,19.6,7.2,0.4,11.9,0.1,0.1,0.3,0.0,0.0,(X),(X),(X),1.2,14025,6180,2115,2590,1075,40,1790,20,20,55,0,0,(X),(X),(X),145,69.1,30.5,10.4,12.8,5.3,0.2,8.8,0.1,0.1,0.3,0.0,0.0,(X),(X),(X),0.7,6265,2415,1310,1380,385,45,620,0,0,10,0,0,(X),(X),(X),100,30.9,11.9,6.5,6.8,1.9,0.2,3.1,0.0,0.0,0.0,0.0,0.0,(X),(X),(X),0.5,1307,970,617,522,321,64,403,27,35,76,136,136,(X),(X),(X),119,0.2,3.4,2.9,2.3,1.6,0.3,1.9,0.1,0.2,0.4,0.2,0.2,(X),(X),(X),0.6,981,760,442,416,262,51,361,27,35,74,136,136,(X),(X),(X),93,2.6,2.9,2.1,2.0,1.3,0.3,1.8,0.1,0.2,0.4,0.2,0.2,(X),(X),(X),0.5,703,445,336,277,158,41,206,136,136,17,136,136,(X),(X),(X),68,2.6,2.0,1.6,1.3,0.8,0.2,1.0,0.2,0.2,0.1,0.2,0.2,(X),(X),(X),0.3
9020000US3202,3202,"Clark+Nye County Set, Nevada",4030,Food preparation workers 4030 (SOC 35-2021),10245,5510,1385,1500,685,120,770,70,25,25,110,0,(X),(X),(X),50,100.0,53.8,13.5,14.6,6.7,1.2,7.5,0.7,0.2,0.2,1.1,0.0,(X),(X),(X),0.5,4985,2820,630,695,340,20,325,10,0,25,90,0,(X),(X),(X),30,48.7,27.5,6.1,6.8,3.3,0.2,3.2,0.1,0.0,0.2,0.9,0.0,(X),(X),(X),0.3,5260,2690,755,805,345,100,445,60,25,0,20,0,(X),(X),(X),15,51.3,26.3,7.4,7.9,3.4,1.0,4.3,0.6,0.2,0.0,0.2,0.0,(X),(X),(X),0.1,924,746,294,322,219,89,204,67,39,36,70,136,(X),(X),(X),47,0.4,4.4,2.8,3.0,2.1,0.9,2.0,0.6,0.4,0.3,0.7,0.4,(X),(X),(X),0.5,594,486,211,223,161,35,120,15,136,36,65,136,(X),(X),(X),42,3.6,3.6,2.0,2.1,1.6,0.3,1.2,0.1,0.4,0.3,0.6,0.4,(X),(X),(X),0.4,585,425,206,191,151,80,160,66,39,136,25,136,(X),(X),(X),33,3.6,3.1,2.0,1.9,1.4,0.8,1.6,0.6,0.4,0.4,0.2,0.4,(X),(X),(X),0.3
9020000US3202,3202,"Clark+Nye County Set, Nevada",4040,Bartenders 4040 (SOC 35-3011),10300,1715,440,6270,570,80,890,85,20,0,90,55,(X),(X),(X),80,100.0,16.7,4.3,60.9,5.5,0.8,8.6,0.8,0.2,0.0,0.9,0.5,(X),(X),(X),0.8,6540,1325,365,3535,420,30,635,75,20,0,60,0,(X),(X),(X),80,63.5,12.9,3.5,34.3,4.1,0.3,6.2,0.7,0.2,0.0,0.6,0.0,(X),(X),(X),0.8,3760,395,75,2735,150,50,255,10,0,0,30,55,(X),(X),(X),0,36.5,3.8,0.7,26.6,1.5,0.5,2.5,0.1,0.0,0.0,0.3,0.5,(X),(X),(X),0.0,853,332,135,682,165,76,249,88,28,136,74,83,(X),(X),(X),57,0.4,2.9,1.3,4.1,1.6,0.7,2.2,0.9,0.3,0.4,0.7,0.8,(X),(X),(X),0.6,583,302,118,429,142,44,210,82,28,136,68,136,(X),(X),(X),57,3.4,2.7,1.1,3.3,1.4,0.4,2.0,0.8,0.3,0.4,0.7,0.4,(X),(X),(X),0.6,512,157,61,460,74,59,172,24,136,136,33,83,(X),(X),(X),136,3.4,1.5,0.6,3.6,0.7,0.6,1.6,0.2,0.4,0.4,0.3,0.8,(X),(X),(X),0.4
9020000US3202,3202,"Clark+Nye County Set, Nevada",4050,"Combined food preparation and serving workers, including fast food 4050 (SOC 35-3021)",2110,655,180,765,225,0,190,0,80,0,0,0,(X),(X),(X),10,100.0,31.0,8.5,36.3,10.7,0.0,9.0,0.0,3.8,0.0,0.0,0.0,(X),(X),(X),0.5,820,280,75,310,90,0,50,0,10,0,0,0,(X),(X),(X),0,38.9,13.3,3.6,14.7,4.3,0.0,2.4,0.0,0.5,0.0,0.0,0.0,(X),(X),(X),0.0,1285,375,105,455,130,0,140,0,70,0,0,0,(X),(X),(X),10,60.9,17.8,5.0,21.6,6.2,0.0,6.6,0.0,3.3,0.0,0.0,0.0,(X),(X),(X),0.5,328,238,89,212,121,136,89,136,88,136,136,136,(X),(X),(X),15,2.0,9.2,4.5,8.8,5.5,2.0,4.2,2.0,4.1,2.0,2.0,2.0,(X),(X),(X),0.7,210,124,52,146,77,136,47,136,19,136,136,136,(X),(X),(X),136,7.1,5.2,2.4,6.3,3.6,2.0,2.2,2.0,0.9,2.0,2.0,2.0,(X),(X),(X),2.0,232,171,72,156,97,136,82,136,82,136,136,136,(X),(X),(X),15,7.2,7.2,3.6,7.3,4.4,2.0,3.9,2.0,3.8,2.0,2.0,2.0,(X),(X),(X),0.7
9020000US3202,3202,"Clark+Nye County Set, Nevada",4060,"Counter attendants, cafeteria, food concession, and coffee shop 4060 (SOC 35-3022)",1510,170,180,895,65,0,125,0,10,10,10,0,(X),(X),(X),45,100.0,11.3,11.9,59.3,4.3,0.0,8.3,0.0,0.7,0.7,0.7,0.0,(X),(X),(X),3.0,440,30,20,295,20,0,25,0,0,0,10,0,(X),(X),(X),45,29.1,2.0,1.3,19.5,1.3,0.0,1.7,0.0,0.0,0.0,0.7,0.0,(X),(X),(X),3.0,1070,140,160,600,45,0,100,0,10,10,0,0,(X),(X),(X),0,70.9,9.3,10.6,39.7,3.0,0.0,6.6,0.0,0.7,0.7,0.0,0.0,(X),(X),(X),0.0,271,89,106,194,58,136,69,136,14,20,17,136,(X),(X),(X),58,2.8,5.4,6.3,8.2,3.8,2.8,4.4,2.8,0.9,1.3,1.1,2.8,(X),(X),(X),3.8,156,31,29,135,29,136,40,136,136,136,17,136,(X),(X),(X),58,8.7,2.0,1.9,8.1,1.9,2.8,2.6,2.8,2.8,2.8,1.1,2.8,(X),(X),(X),3.8,227,81,100,165,49,136,61,136,14,20,136,136,(X),(X),(X),136,8.7,5.0,6.0,9.0,3.3,2.8,3.9,2.8,0.9,1.3,2.8,2.8,(X),(X),(X),2.8
9020000US3202,3202,"Clark+Nye County Set, Nevada",4110,Waiters and waitresses 4110 (SOC 35-3031),25995,3970,1955,13655,1785,70,3715,70,105,145,305,0,(X),(X),(X),210,100.0,15.3,7.5,52.5,6.9,0.3,14.3,0.3,0.4,0.6,1.2,0.0,(X),(X),(X),0.8,8410,1655,690,4020,530,30,1165,65,15,55,115,0,(X),(X),(X),65,32.4,6.4,2.7,15.5,2.0,0.1,4.5,0.3,0.1,0.2,0.4,0.0,(X),(X),(X),0.3,17585,2315,1265,9635,1255,40,2550,4,90,90,195,0,(X),(X),(X),145,67.6,8.9,4.9,37.1,4.8,0.2,9.8,0.0,0.3,0.3,0.8,0.0,(X),(X),(X),0.6,1370,468,369,859,476,56,582,57,78,80,159,136,(X),(X),(X),118,0.2,1.9,1.3,2.4,1.7,0.2,1.9,0.2,0.3,0.3,0.6,0.2,(X),(X),(X),0.5,850,394,219,514,200,43,265,57,23,53,95,136,(X),(X),(X),65,2.6,1.5,0.8,1.8,0.8,0.2,1.0,0.2,0.1,0.2,0.4,0.2,(X),(X),(X),0.3,1096,432,305,734,389,34,439,11,75,64,130,136,(X),(X),(X),100,2.6,1.7,1.2,2.4,1.4,0.1,1.5,0.1,0.3,0.2,0.5,0.2,(X),(X),(X),0.4
9020000US3202,3202,"Clark+Nye County Set, Nevada",4120,"Food servers, nonrestaurant 4120 (SOC 35-3041)",6095,1490,740,2165,700,15,875,10,0,0,10,0,(X),(X),(X),85,100.0,24.4,12.1,35.5,11.5,0.2,14.4,0.2,0.0,0.0,0.2,0.0,(X),(X),(X),1.4,3050,725,355,1095,325,15,435,0,0,0,10,0,(X),(X),(X),85,50.0,11.9,5.8,18.0,5.3,0.2,7.1,0.0,0.0,0.0,0.2,0.0,(X),(X),(X),1.4,3045,765,385,1070,375,0,440,10,0,0,0,0,(X),(X),(X),0,50.0,12.6,6.3,17.6,6.2,0.0,7.2,0.2,0.0,0.0,0.0,0.0,(X),(X),(X),0.0,639,307,217,419,222,26,232,17,136,136,15,136,(X),(X),(X),86,0.7,4.6,3.1,5.5,3.4,0.4,4.0,0.3,0.7,0.7,0.3,0.7,(X),(X),(X),1.4,493,208,153,294,135,26,169,136,136,136,15,136,(X),(X),(X),86,5.1,3.4,2.4,3.9,2.1,0.4,2.8,0.7,0.7,0.7,0.3,0.7,(X),(X),(X),1.4,386,244,149,222,155,136,150,17,136,136,136,136,(X),(X),(X),136,5.1,3.8,2.3,3.6,2.5,0.7,2.6,0.3,0.7,0.7,0.7,0.7,(X),(X),(X),0.7
9020000US3202,3202,"Clark+Nye County Set, Nevada",4130,"Miscellaneous food preparation and serving related workers, including dining room and cafeteria attendants and bartender helpers 4130 (SOC 35-90XX)",8885,3125,1150,2010,600,15,1605,175,15,10,45,0,(X),(X),(X),140,100.0,35.2,12.9,22.6,6.8,0.2,18.1,2.0,0.2,0.1,0.5,0.0,(X),(X),(X),1.6,5730,1815,665,1565,310,0,1065,175,15,10,25,0,(X),(X),(X),80,64.5,20.4,7.5,17.6,3.5,0.0,12.0,2.0,0.2,0.1,0.3,0.0,(X),(X),(X),0.9,3155,1310,480,445,290,15,540,0,0,0,20,0,(X),(X),(X),55,35.5,14.7,5.4,5.0,3.3,0.2,6.1,0.0,0.0,0.0,0.2,0.0,(X),(X),(X),0.6,885,512,273,411,203,29,316,117,24,20,47,136,(X),(X),(X),93,0.5,3.9,3.0,3.9,2.2,0.3,3.3,1.3,0.3,0.2,0.5,0.5,(X),(X),(X),1.0,744,395,199,377,136,136,263,117,24,20,41,136,(X),(X),(X),75,4.5,3.4,2.2,3.7,1.4,0.5,2.9,1.3,0.3,0.2,0.5,0.5,(X),(X),(X),0.8,464,310,169,158,146,29,180,136,136,136,23,136,(X),(X),(X),64,4.5,3.2,1.9,1.7,1.7,0.3,1.9,0.5,0.5,0.5,0.3,0.5,(X),(X),(X),0.7
9020000US3202,3202,"Clark+Nye County Set, Nevada",4140,Dishwashers 4140 (SOC 35-9021),3735,2220,665,435,280,0,125,10,0,0,0,0,(X),(X),(X),0,100.0,59.4,17.8,11.6,7.5,0.0,3.3,0.3,0.0,0.0,0.0,0.0,(X),(X),(X),0.0,2800,1780,445,300,170,0,95,10,0,0,0,0,(X),(X),(X),0,75.0,47.7,11.9,8.0,4.6,0.0,2.5,0.3,0.0,0.0,0.0,0.0,(X),(X),(X),0.0,935,435,225,135,110,0,30,0,0,0,0,0,(X),(X),(X),0,25.0,11.6,6.0,3.6,2.9,0.0,0.8,0.0,0.0,0.0,0.0,0.0,(X),(X),(X),0.0,439,365,199,160,171,136,85,21,136,136,136,136,(X),(X),(X),136,1.1,6.8,5.0,4.1,4.6,1.1,2.2,0.6,1.1,1.1,1.1,1.1,(X),(X),(X),1.1,384,324,161,132,115,136,75,21,136,136,136,136,(X),(X),(X),136,6.2,6.5,4.2,3.6,3.1,1.1,2.0,0.6,1.1,1.1,1.1,1.1,(X),(X),(X),1.1,260,186,127,104,107,136,37,136,136,136,136,136,(X),(X),(X),136,6.2,5.0,3.3,2.7,2.9,1.1,1.0,1.1,1.1,1.1,1.1,1.1,(X),(X),(X),1.1
9020000US3202,3202,"Clark+Nye County Set, Nevada",4150,"Hosts and hostesses, restaurant, lounge, and coffee shop 4150 (SOC 35-9031)",4675,840,375,2350,360,25,350,95,30,75,80,0,(X),(X),(X),95,100.0,18.0,8.0,50.3,7.7,0.5,7.5,2.0,0.6,1.6,1.7,0.0,(X),(X),(X),2.0,825,120,70,345,105,0,75,60,10,40,0,0,(X),(X),(X),0,17.6,2.6,1.5,7.4,2.2,0.0,1.6,1.3,0.2,0.9,0.0,0.0,(X),(X),(X),0.0,3850,720,305,2005,255,25,275,40,20,35,80,0,(X),(X),(X),95,82.4,15.4,6.5,42.9,5.5,0.5,5.9,0.9,0.4,0.7,1.7,0.0,(X),(X),(X),2.0,582,255,144,408,177,31,122,106,34,76,63,136,(X),(X),(X),82,0.9,4.6,2.9,6.2,3.8,0.7,2.5,2.2,0.7,1.6,1.4,0.9,(X),(X),(X),1.8,229,86,68,165,94,136,67,92,23,59,136,136,(X),(X),(X),136,4.5,1.8,1.5,3.4,2.0,0.9,1.4,1.9,0.5,1.3,0.9,0.9,(X),(X),(X),0.9,529,242,129,382,140,31,102,61,30,51,63,136,(X),(X),(X),82,4.5,4.4,2.6,6.4,3.0,0.7,2.1,1.3,0.6,1.1,1.4,0.9,(X),(X),(X),1.8
9020000US3202,3202,"Clark+Nye County Set, Nevada",4200,First-line supervisors of housekeeping and janitorial workers 4200 (SOC 37-1011),3375,985,340,1290,530,4,135,20,0,0,0,30,(X),(X),(X),40,100.0,29.2,10.1,38.2,15.7,0.1,4.0,0.6,0.0,0.0,0.0,0.9,(X),(X),(X),1.2,1915,555,150,880,185,0,80,0,0,0,0,30,(X),(X),(X),40,56.7,16.4,4.4,26.1,5.5,0.0,2.4,0.0,0.0,0.0,0.0,0.9,(X),(X),(X),1.2,1460,430,190,410,350,4,55,20,0,0,0,0,(X),(X),(X),0,43.3,12.7,5.6,12.1,10.4,0.1,1.6,0.6,0.0,0.0,0.0,0.0,(X),(X),(X),0.0,399,246,134,267,208,12,72,34,136,136,136,42,(X),(X),(X),64,1.2,6.4,3.8,7.0,5.6,0.3,2.1,1.0,1.2,1.2,1.2,1.3,(X),(X),(X),1.9,325,204,96,226,121,136,59,136,136,136,136,42,(X),(X),(X),64,7.3,5.6,2.8,6.4,3.6,1.2,1.7,1.2,1.2,1.2,1.2,1.3,(X),(X),(X),1.9,308,176,100,140,161,12,39,34,136,136,136,136,(X),(X),(X),136,7.3,5.1,2.9,3.9,4.3,0.3,1.2,1.0,1.2,1.2,1.2,1.2,(X),(X),(X),1.2
9020000US3202,3202,"Clark+Nye County Set, Nevada",4210,"First-line supervisors of landscaping, lawn service, and groundskeeping workers 4210 (SOC 37-1012)",1450,545,190,685,10,0,0,0,0,0,0,0,(X),(X),(X),15,100.0,37.6,13.1,47.2,0.7,0.0,0.0,0.0,0.0,0.0,0.0,0.0,(X),(X),(X),1.0,1345,545,155,630,10,0,0,0,0,0,0,0,(X),(X),(X),0,92.8,37.6,10.7,43.4,0.7,0.0,0.0,0.0,0.0,0.0,0.0,0.0,(X),(X),(X),0.0,105,0,35,55,0,0,0,0,0,0,0,0,(X),(X),(X),15,7.2,0.0,2.4,3.8,0.0,0.0,0.0,0.0,0.0,0.0,0.0,0.0,(X),(X),(X),1.0,312,203,82,230,15,136,136,136,136,136,136,136,(X),(X),(X),27,2.9,10.9,5.9,11.9,1.0,2.9,2.9,2.9,2.9,2.9,2.9,2.9,(X),(X),(X),1.9,298,203,81,210,15,136,136,136,136,136,136,136,(X),(X),(X),136,5.0,10.9,5.7,11.3,1.0,2.9,2.9,2.9,2.9,2.9,2.9,2.9,(X),(X),(X),2.9,76,136,37,62,136,136,136,136,136,136,136,136,(X),(X),(X),27,5.0,2.9,2.7,4.1,2.9,2.9,2.9,2.9,2.9,2.9,2.9,2.9,(X),(X),(X),1.9
9020000US3202,3202,"Clark+Nye County Set, Nevada",4220,Janitors and building cleaners 4220 (SOC 37-201X),20050,6585,3250,5545,2410,110,1880,145,30,15,15,10,(X),(X),(X),55,100.0,32.8,16.2,27.7,12.0,0.5,9.4,0.7,0.1,0.1,0.1,0.0,(X),(X),(X),0.3,13845,3950,2285,4300,1735,110,1315,70,15,15,15,10,(X),(X),(X),25,69.1,19.7,11.4,21.4,8.7,0.5,6.6,0.3,0.1,0.1,0.1,0.0,(X),(X),(X),0.1,6205,2635,960,1245,675,4,565,75,15,0,0,0,(X),(X),(X),30,30.9,13.1,4.8,6.2,3.4,0.0,2.8,0.4,0.1,0.0,0.0,0.0,(X),(X),(X),0.1,1048,640,500,485,440,80,331,91,32,26,24,15,(X),(X),(X),43,0.2,2.6,2.3,2.4,2.2,0.4,1.5,0.4,0.2,0.1,0.1,0.1,(X),(X),(X),0.2,905,452,456,447,403,80,244,58,23,26,24,15,(X),(X),(X),29,2.7,2.0,2.1,2.1,2.0,0.4,1.1,0.3,0.1,0.1,0.1,0.1,(X),(X),(X),0.1,626,428,220,233,201,4,180,69,24,136,136,136,(X),(X),(X),32,2.7,2.0,1.1,1.2,1.0,0.1,0.9,0.3,0.1,0.2,0.2,0.2,(X),(X),(X),0.2
9020000US3202,3202,"Clark+Nye County Set, Nevada",4230,Maids and housekeeping cleaners 4230 (SOC 37-2012),26755,13445,4755,3540,1970,15,2640,150,0,15,35,0,(X),(X),(X),190,100.0,50.3,17.8,13.2,7.4,0.1,9.9,0.6,0.0,0.1,0.1,0.0,(X),(X),(X),0.7,4840,2150,605,805,400,0,670,70,0,0,25,0,(X),(X),(X),115,18.1,8.0,2.3,3.0,1.5,0.0,2.5,0.3,0.0,0.0,0.1,0.0,(X),(X),(X),0.4,21920,11295,4150,2735,1570,15,1970,75,0,15,10,0,(X),(X),(X),75,81.9,42.2,15.5,10.2,5.9,0.1,7.4,0.3,0.0,0.1,0.0,0.0,(X),(X),(X),0.3,1278,942,498,471,406,28,419,94,136,28,52,136,(X),(X),(X),183,0.2,2.6,1.7,1.6,1.5,0.1,1.5,0.4,0.2,0.1,0.2,0.2,(X),(X),(X),0.7,603,492,189,204,125,136,201,52,136,136,32,136,(X),(X),(X),130,2.1,1.8,0.7,0.8,0.5,0.2,0.8,0.2,0.2,0.2,0.1,0.2,(X),(X),(X),0.5,1177,917,462,387,365,28,351,82,136,28,24,136,(X),(X),(X),64,2.1,2.9,1.6,1.3,1.3,0.1,1.3,0.3,0.2,0.1,0.1,0.2,(X),(X),(X),0.2
9020000US3202,3202,"Clark+Nye County Set, Nevada",4240,Pest control workers 4240 (SOC 37-2021),835,85,0,610,50,0,30,20,0,4,0,0,(X),(X),(X),30,100.0,10.2,0.0,73.1,6.0,0.0,3.6,2.4,0.0,0.5,0.0,0.0,(X),(X),(X),3.6,835,85,0,610,50,0,30,20,0,4,0,0,(X),(X),(X),30,100.0,10.2,0.0,73.1,6.0,0.0,3.6,2.4,0.0,0.5,0.0,0.0,(X),(X),(X),3.6,0,0,0,0,0,0,0,0,0,0,0,0,(X),(X),(X),0,0.0,0.0,0.0,0.0,0.0,0.0,0.0,0.0,0.0,0.0,0.0,0.0,(X),(X),(X),0.0,249,64,136,204,63,136,35,35,136,9,136,136,(X),(X),(X),43,5.0,7.4,5.0,9.6,7.4,5.0,4.4,4.1,5.0,1.2,5.0,5.0,(X),(X),(X),4.9,249,64,136,204,63,136,35,35,136,9,136,136,(X),(X),(X),43,5.0,7.4,5.0,9.6,7.4,5.0,4.4,4.1,5.0,1.2,5.0,5.0,(X),(X),(X),4.9,136,136,136,136,136,136,136,136,136,136,136,136,(X),(X),(X),136,5.0,5.0,5.0,5.0,5.0,5.0,5.0,5.0,5.0,5.0,5.0,5.0,(X),(X),(X),5.0
9020000US3202,3202,"Clark+Nye County Set, Nevada",4250,Grounds maintenance workers 4250 (SOC 37-3010),10190,6085,1455,2085,400,0,130,10,10,0,0,0,(X),(X),(X),10,100.0,59.7,14.3,20.5,3.9,0.0,1.3,0.1,0.1,0.0,0.0,0.0,(X),(X),(X),0.1,9625,6020,1455,1655,355,0,105,10,10,0,0,0,(X),(X),(X),10,94.5,59.1,14.3,16.2,3.5,0.0,1.0,0.1,0.1,0.0,0.0,0.0,(X),(X),(X),0.1,565,65,0,430,45,0,25,0,0,0,0,0,(X),(X),(X),0,5.5,0.6,0.0,4.2,0.4,0.0,0.2,0.0,0.0,0.0,0.0,0.0,(X),(X),(X),0.0,999,838,312,341,181,136,99,25,19,136,136,136,(X),(X),(X),15,0.4,4.3,3.3,2.9,1.7,0.4,1.0,0.2,0.2,0.4,0.4,0.4,(X),(X),(X),0.1,982,834,312,296,172,136,95,25,19,136,136,136,(X),(X),(X),15,1.9,4.3,3.3,2.5,1.6,0.4,0.9,0.2,0.2,0.4,0.4,0.4,(X),(X),(X),0.1,201,68,136,187,46,136,36,136,136,136,136,136,(X),(X),(X),136,1.9,0.7,0.4,1.8,0.5,0.4,0.4,0.4,0.4,0.4,0.4,0.4,(X),(X),(X),0.4
9020000US3202,3202,"Clark+Nye County Set, Nevada",4300,First-line supervisors of gaming workers 4300 (SOC 39-1010),6655,555,435,4335,205,0,1040,10,0,10,20,20,(X),(X),(X),25,100.0,8.3,6.5,65.1,3.1,0.0,15.6,0.2,0.0,0.2,0.3,0.3,(X),(X),(X),0.4,4425,325,265,3185,125,0,485,0,0,10,10,20,(X),(X),(X),0,66.5,4.9,4.0,47.9,1.9,0.0,7.3,0.0,0.0,0.2,0.2,0.3,(X),(X),(X),0.0,2230,230,170,1155,80,0,550,10,0,0,10,0,(X),(X),(X),25,33.5,3.5,2.6,17.4,1.2,0.0,8.3,0.2,0.0,0.0,0.2,0.0,(X),(X),(X),0.4,662,200,169,503,89,136,225,15,136,19,29,33,(X),(X),(X),31,0.6,2.8,2.4,4.1,1.3,0.6,3.2,0.2,0.6,0.3,0.4,0.5,(X),(X),(X),0.5,539,161,151,459,70,136,164,136,136,19,22,33,(X),(X),(X),136,4.3,2.4,2.2,4.9,1.0,0.6,2.4,0.6,0.6,0.3,0.3,0.5,(X),(X),(X),0.6,356,121,103,244,62,136,156,15,136,136,17,136,(X),(X),(X),31,4.3,1.8,1.5,3.3,0.9,0.6,2.3,0.2,0.6,0.6,0.2,0.6,(X),(X),(X),0.5
9020000US3202,3202,"Clark+Nye County Set, Nevada",4320,First-line supervisors of personal service workers 4320 (SOC 39-1021),1945,305,90,1260,75,0,180,0,10,15,0,0,(X),(X),(X),0,100.0,15.7,4.6,64.8,3.9,0.0,9.3,0.0,0.5,0.8,0.0,0.0,(X),(X),(X),0.0,950,150,90,650,4,0,55,0,0,0,0,0,(X),(X),(X),0,48.8,7.7,4.6,33.4,0.2,0.0,2.8,0.0,0.0,0.0,0.0,0.0,(X),(X),(X),0.0,995,155,4,610,70,0,125,0,10,15,0,0,(X),(X),(X),0,51.2,8.0,0.2,31.4,3.6,0.0,6.4,0.0,0.5,0.8,0.0,0.0,(X),(X),(X),0.0,334,150,77,270,59,136,118,136,20,29,136,136,(X),(X),(X),136,2.2,7.1,3.9,8.8,2.9,2.2,5.8,2.2,1.1,1.5,2.2,2.2,(X),(X),(X),2.2,248,114,76,202,10,136,49,136,136,136,136,136,(X),(X),(X),136,9.4,5.7,3.9,8.6,0.5,2.2,2.5,2.2,2.2,2.2,2.2,2.2,(X),(X),(X),2.2,246,114,14,189,58,136,102,136,20,29,136,136,(X),(X),(X),136,9.3,5.7,0.7,8.4,2.9,2.2,5.0,2.2,1.1,1.5,2.2,2.2,(X),(X),(X),2.2
9020000US3203,3203,"Lyon and Nearby Counties County Set, Nevada",0000,"Total, all occupations",39545,3565,1345,31775,425,1015,685,165,45,345,20,15,(X),(X),(X),140,100.0,9.0,3.4,80.4,1.1,2.6,1.7,0.4,0.1,0.9,0.1,0.0,(X),(X),(X),0.4,21030,2090,835,16770,250,430,225,80,20,235,20,0,(X),(X),(X),70,53.2,5.3,2.1,42.4,0.6,1.1,0.6,0.2,0.1,0.6,0.1,0.0,(X),(X),(X),0.2,18520,1475,510,15005,170,590,465,90,25,110,0,15,(X),(X),(X),70,46.8,3.7,1.3,37.9,0.4,1.5,1.2,0.2,0.1,0.3,0.0,0.0,(X),(X),(X),0.2,1007,477,402,879,111,207,201,100,51,107,46,27,(X),(X),(X),121,0.1,1.2,1.0,1.0,0.3,0.5,0.5,0.3,0.1,0.3,0.1,0.1,(X),(X),(X),0.3,696,324,276,587,90,138,107,78,30,90,46,136,(X),(X),(X),65,1.2,0.8,0.7,1.1,0.2,0.3,0.3,0.2,0.1,0.2,0.1,0.1,(X),(X),(X),0.2,668,284,216,587,73,114,188,53,40,64,136,27,(X),(X),(X),92,1.2,0.7,0.5,1.1,0.2,0.3,0.5,0.1,0.1,0.2,0.1,0.1,(X),(X),(X),0.2
9020000US3203,3203,"Lyon and Nearby Counties County Set, Nevada",0010,Chief executives and legislators 0010 (SOC 11-10XX),120,0,0,120,0,4,0,0,0,0,0,0,(X),(X),(X),0,100.0,0.0,0.0,100.0,0.0,3.3,0.0,0.0,0.0,0.0,0.0,0.0,(X),(X),(X),0.0,55,0,0,55,0,4,0,0,0,0,0,0,(X),(X),(X),0,45.8,0.0,0.0,45.8,0.0,3.3,0.0,0.0,0.0,0.0,0.0,0.0,(X),(X),(X),0.0,65,0,0,65,0,0,0,0,0,0,0,0,(X),(X),(X),0,54.2,0.0,0.0,54.2,0.0,0.0,0.0,0.0,0.0,0.0,0.0,0.0,(X),(X),(X),0.0,94,136,136,95,136,7,136,136,136,136,136,136,(X),(X),(X),136,29.0,29.0,29.0,29.0,29.0,6.5,29.0,29.0,29.0,29.0,29.0,29.0,(X),(X),(X),29.0,45,136,136,45,136,7,136,136,136,136,136,136,(X),(X),(X),136,41.1,29.0,29.0,40.7,29.0,6.5,29.0,29.0,29.0,29.0,29.0,29.0,(X),(X),(X),29.0,82,136,136,82,136,136,136,136,136,136,136,136,(X),(X),(X),136,41.2,29.0,29.0,41.2,29.0,29.0,29.0,29.0,29.0,29.0,29.0,29.0,(X),(X),(X),29.0
9020000US3203,3203,"Lyon and Nearby Counties County Set, Nevada",0020,General and operations managers 0020 (SOC 11-1021),240,0,0,150,0,4,90,0,0,0,0,0,(X),(X),(X),0,100.0,0.0,0.0,62.5,0.0,1.7,37.5,0.0,0.0,0.0,0.0,0.0,(X),(X),(X),0.0,185,0,0,120,0,0,65,0,0,0,0,0,(X),(X),(X),0,77.1,0.0,0.0,50.0,0.0,0.0,27.1,0.0,0.0,0.0,0.0,0.0,(X),(X),(X),0.0,55,0,0,30,0,4,20,0,0,0,0,0,(X),(X),(X),0,22.9,0.0,0.0,12.5,0.0,1.7,8.3,0.0,0.0,0.0,0.0,0.0,(X),(X),(X),0.0,127,136,136,70,136,5,89,136,136,136,136,136,(X),(X),(X),136,16.2,16.2,16.2,24.7,16.2,2.4,25.5,16.2,16.2,16.2,16.2,16.2,(X),(X),(X),16.2,106,136,136,67,136,136,67,136,136,136,136,136,(X),(X),(X),136,13.7,16.2,16.2,22.8,16.2,16.2,19.1,16.2,16.2,16.2,16.2,16.2,(X),(X),(X),16.2,40,136,136,33,136,5,25,136,136,136,136,136,(X),(X),(X),136,13.9,16.2,16.2,15.6,16.2,2.4,7.6,16.2,16.2,16.2,16.2,16.2,(X),(X),(X),16.2
9020000US3203,3203,"Lyon and Nearby Counties County Set, Nevada",0110,Computer and information systems managers 0110 (SOC 11-3021),15,0,0,10,4,0,0,0,0,0,0,0,(X),(X),(X),0,100.0,0.0,0.0,66.7,26.7,0.0,0.0,0.0,0.0,0.0,0.0,0.0,(X),(X),(X),0.0,15,0,0,10,4,0,0,0,0,0,0,0,(X),(X),(X),0,100.0,0.0,0.0,66.7,26.7,0.0,0.0,0.0,0.0,0.0,0.0,0.0,(X),(X),(X),0.0,0,0,0,0,0,0,0,0,0,0,0,0,(X),(X),(X),0,0.0,0.0,0.0,0.0,0.0,0.0,0.0,0.0,0.0,0.0,0.0,0.0,(X),(X),(X),0.0,25,136,136,18,14,136,136,136,136,136,136,136,(X),(X),(X),136,87.6,87.6,87.6,66.7,73.3,87.6,87.6,87.6,87.6,87.6,87.6,87.6,(X),(X),(X),87.6,25,136,136,18,14,136,136,136,136,136,136,136,(X),(X),(X),136,87.6,87.6,87.6,66.7,73.3,87.6,87.6,87.6,87.6,87.6,87.6,87.6,(X),(X),(X),87.6,136,136,136,136,136,136,136,136,136,136,136,136,(X),(X),(X),136,87.6,87.6,87.6,87.6,87.6,87.6,87.6,87.6,87.6,87.6,87.6,87.6,(X),(X),(X),87.6
9020000US3203,3203,"Lyon and Nearby Counties County Set, Nevada",0120,Financial managers 0120 (SOC 11-3031),160,0,0,105,20,10,10,0,0,10,0,0,(X),(X),(X),0,100.0,0.0,0.0,65.6,12.5,6.3,6.3,0.0,0.0,6.3,0.0,0.0,(X),(X),(X),0.0,30,0,0,20,0,0,10,0,0,0,0,0,(X),(X),(X),0,18.8,0.0,0.0,12.5,0.0,0.0,6.3,0.0,0.0,0.0,0.0,0.0,(X),(X),(X),0.0,125,0,0,85,20,10,0,0,0,10,0,0,(X),(X),(X),0,78.1,0.0,0.0,53.1,12.5,6.3,0.0,0.0,0.0,6.3,0.0,0.0,(X),(X),(X),0.0,89,136,136,60,49,15,20,136,136,21,136,136,(X),(X),(X),136,23.0,23.0,23.0,24.1,24.0,9.8,12.2,23.0,23.0,13.0,23.0,23.0,(X),(X),(X),23.0,32,136,136,23,136,136,20,136,136,136,136,136,(X),(X),(X),136,18.5,23.0,23.0,14.1,23.0,23.0,12.2,23.0,23.0,23.0,23.0,23.0,(X),(X),(X),23.0,80,136,136,55,49,15,136,136,136,21,136,136,(X),(X),(X),136,19.2,23.0,23.0,24.5,24.0,9.8,23.0,23.0,23.0,13.0,23.0,23.0,(X),(X),(X),23.0
9020000US3203,3203,"Lyon and Nearby Counties County Set, Nevada",0136,Human resources managers 0136 (SOC 11-3121),65,0,0,25,0,0,35,0,0,0,0,0,(X),(X),(X),0,100.0,0.0,0.0,38.5,0.0,0.0,53.8,0.0,0.0,0.0,0.0,0.0,(X),(X),(X),0.0,55,0,0,15,0,0,35,0,0,0,0,0,(X),(X),(X),0,84.6,0.0,0.0,23.1,0.0,0.0,53.8,0.0,0.0,0.0,0.0,0.0,(X),(X),(X),0.0,10,0,0,10,0,0,0,0,0,0,0,0,(X),(X),(X),0,15.4,0.0,0.0,15.4,0.0,0.0,0.0,0.0,0.0,0.0,0.0,0.0,(X),(X),(X),0.0,69,136,136,36,136,136,62,136,136,136,136,136,(X),(X),(X),136,42.1,42.1,42.1,58.2,42.1,42.1,53.8,42.1,42.1,42.1,42.1,42.1,(X),(X),(X),42.1,66,136,136,31,136,136,62,136,136,136,136,136,(X),(X),(X),136,33.9,42.1,42.1,48.1,42.1,42.1,53.8,42.1,42.1,42.1,42.1,42.1,(X),(X),(X),42.1,19,136,136,19,136,136,136,136,136,136,136,136,(X),(X),(X),136,33.0,42.1,42.1,33.0,42.1,42.1,42.1,42.1,42.1,42.1,42.1,42.1,(X),(X),(X),42.1
9020000US3203,3203,"Lyon and Nearby Counties County Set, Nevada",0140,Industrial production managers 0140 (SOC 11-3051),85,65,0,20,0,0,0,0,0,0,0,0,(X),(X),(X),0,100.0,76.5,0.0,23.5,0.0,0.0,0.0,0.0,0.0,0.0,0.0,0.0,(X),(X),(X),0.0,85,65,0,20,0,0,0,0,0,0,0,0,(X),(X),(X),0,100.0,76.5,0.0,23.5,0.0,0.0,0.0,0.0,0.0,0.0,0.0,0.0,(X),(X),(X),0.0,0,0,0,0,0,0,0,0,0,0,0,0,(X),(X),(X),0,0.0,0.0,0.0,0.0,0.0,0.0,0.0,0.0,0.0,0.0,0.0,0.0,(X),(X),(X),0.0,87,81,136,34,136,136,136,136,136,136,136,136,(X),(X),(X),136,36.7,40.1,36.7,42.0,36.7,36.7,36.7,36.7,36.7,36.7,36.7,36.7,(X),(X),(X),36.7,87,81,136,34,136,136,136,136,136,136,136,136,(X),(X),(X),136,36.7,40.1,36.7,42.0,36.7,36.7,36.7,36.7,36.7,36.7,36.7,36.7,(X),(X),(X),36.7,136,136,136,136,136,136,136,136,136,136,136,136,(X),(X),(X),136,36.7,36.7,36.7,36.7,36.7,36.7,36.7,36.7,36.7,36.7,36.7,36.7,(X),(X),(X),36.7
9020000US3203,3203,"Lyon and Nearby Counties County Set, Nevada",0150,Purchasing managers 0150 (SOC 11-3061),40,0,0,40,0,4,0,0,0,0,0,0,(X),(X),(X),0,100.0,0.0,0.0,100.0,0.0,10.0,0.0,0.0,0.0,0.0,0.0,0.0,(X),(X),(X),0.0,10,0,0,10,0,0,0,0,0,0,0,0,(X),(X),(X),0,25.0,0.0,0.0,25.0,0.0,0.0,0.0,0.0,0.0,0.0,0.0,0.0,(X),(X),(X),0.0,35,0,0,35,0,4,0,0,0,0,0,0,(X),(X),(X),0,87.5,0.0,0.0,87.5,0.0,10.0,0.0,0.0,0.0,0.0,0.0,0.0,(X),(X),(X),0.0,47,136,136,47,136,3,136,136,136,136,136,136,(X),(X),(X),136,53.6,53.6,53.6,53.6,53.6,15.9,53.6,53.6,53.6,53.6,53.6,53.6,(X),(X),(X),53.6,15,136,136,15,136,136,136,136,136,136,136,136,(X),(X),(X),136,31.2,53.6,53.6,31.2,53.6,53.6,53.6,53.6,53.6,53.6,53.6,53.6,(X),(X),(X),53.6,40,136,136,41,136,3,136,136,136,136,136,136,(X),(X),(X),136,39.7,53.6,53.6,49.3,53.6,15.9,53.6,53.6,53.6,53.6,53.6,53.6,(X),(X),(X),53.6
9020000US3203,3203,"Lyon and Nearby Counties County Set, Nevada",0160,"Transportation, storage, and distribution managers 0160 (SOC 11-3071)",35,0,0,35,0,0,0,0,0,0,0,0,(X),(X),(X),0,100.0,0.0,0.0,100.0,0.0,0.0,0.0,0.0,0.0,0.0,0.0,0.0,(X),(X),(X),0.0,0,0,0,0,0,0,0,0,0,0,0,0,(X),(X),(X),0,0.0,0.0,0.0,0.0,0.0,0.0,0.0,0.0,0.0,0.0,0.0,0.0,(X),(X),(X),0.0,35,0,0,35,0,0,0,0,0,0,0,0,(X),(X),(X),0,100.0,0.0,0.0,100.0,0.0,0.0,0.0,0.0,0.0,0.0,0.0,0.0,(X),(X),(X),0.0,54,136,136,54,136,136,136,136,136,136,136,136,(X),(X),(X),136,57.3,57.3,57.3,57.3,57.3,57.3,57.3,57.3,57.3,57.3,57.3,57.3,(X),(X),(X),57.3,136,136,136,136,136,136,136,136,136,136,136,136,(X),(X),(X),136,57.3,57.3,57.3,57.3,57.3,57.3,57.3,57.3,57.3,57.3,57.3,57.3,(X),(X),(X),57.3,54,136,136,54,136,136,136,136,136,136,136,136,(X),(X),(X),136,57.3,57.3,57.3,57.3,57.3,57.3,57.3,57.3,57.3,57.3,57.3,57.3,(X),(X),(X),57.3
9020000US3203,3203,"Lyon and Nearby Counties County Set, Nevada",0205,"Farmers, ranchers, and other agricultural managers 0205 (SOC 11-9013)",375,0,0,350,0,15,0,0,0,10,0,0,(X),(X),(X),0,100.0,0.0,0.0,93.3,0.0,4.0,0.0,0.0,0.0,2.7,0.0,0.0,(X),(X),(X),0.0,350,0,0,330,0,15,0,0,0,10,0,0,(X),(X),(X),0,93.3,0.0,0.0,88.0,0.0,4.0,0.0,0.0,0.0,2.7,0.0,0.0,(X),(X),(X),0.0,20,0,0,20,0,4,0,0,0,0,0,0,(X),(X),(X),0,5.3,0.0,0.0,5.3,0.0,1.1,0.0,0.0,0.0,0.0,0.0,0.0,(X),(X),(X),0.0,139,136,136,133,136,23,136,136,136,17,136,136,(X),(X),(X),136,10.7,10.7,10.7,6.6,10.7,6.0,10.7,10.7,10.7,4.6,10.7,10.7,(X),(X),(X),10.7,135,136,136,129,136,23,136,136,136,17,136,136,(X),(X),(X),136,6.8,10.7,10.7,8.3,10.7,6.1,10.7,10.7,10.7,4.6,10.7,10.7,(X),(X),(X),10.7,24,136,136,24,136,4,136,136,136,136,136,136,(X),(X),(X),136,6.5,10.7,10.7,6.5,10.7,1.1,10.7,10.7,10.7,10.7,10.7,10.7,(X),(X),(X),10.7
9020000US3203,3203,"Lyon and Nearby Counties County Set, Nevada",0220,Construction managers 0220 (SOC 11-9021),300,50,0,205,0,45,0,0,0,0,0,0,(X),(X),(X),0,100.0,16.7,0.0,68.3,0.0,15.0,0.0,0.0,0.0,0.0,0.0,0.0,(X),(X),(X),0.0,190,0,0,145,0,45,0,0,0,0,0,0,(X),(X),(X),0,63.3,0.0,0.0,48.3,0.0,15.0,0.0,0.0,0.0,0.0,0.0,0.0,(X),(X),(X),0.0,110,50,0,60,0,0,0,0,0,0,0,0,(X),(X),(X),0,36.7,16.7,0.0,20.0,0.0,0.0,0.0,0.0,0.0,0.0,0.0,0.0,(X),(X),(X),0.0,154,85,136,113,136,65,136,136,136,136,136,136,(X),(X),(X),136,13.2,25.2,13.2,26.7,13.2,19.3,13.2,13.2,13.2,13.2,13.2,13.2,(X),(X),(X),13.2,105,136,136,87,136,65,136,136,136,136,136,136,(X),(X),(X),136,27.2,13.2,13.2,27.1,13.2,19.3,13.2,13.2,13.2,13.2,13.2,13.2,(X),(X),(X),13.2,111,85,136,76,136,136,136,136,136,136,136,136,(X),(X),(X),136,27.7,25.2,13.2,23.2,13.2,13.2,13.2,13.2,13.2,13.2,13.2,13.2,(X),(X),(X),13.2
9020000US3203,3203,"Lyon and Nearby Counties County Set, Nevada",0230,Education administrators 0230 (SOC 11-9030),115,0,0,115,0,0,0,0,0,0,0,0,(X),(X),(X),0,100.0,0.0,0.0,100.0,0.0,0.0,0.0,0.0,0.0,0.0,0.0,0.0,(X),(X),(X),0.0,75,0,0,75,0,0,0,0,0,0,0,0,(X),(X),(X),0,65.2,0.0,0.0,65.2,0.0,0.0,0.0,0.0,0.0,0.0,0.0,0.0,(X),(X),(X),0.0,40,0,0,40,0,0,0,0,0,0,0,0,(X),(X),(X),0,34.8,0.0,0.0,34.8,0.0,0.0,0.0,0.0,0.0,0.0,0.0,0.0,(X),(X),(X),0.0,83,136,136,83,136,136,136,136,136,136,136,136,(X),(X),(X),136,30.0,30.0,30.0,30.0,30.0,30.0,30.0,30.0,30.0,30.0,30.0,30.0,(X),(X),(X),30.0,63,136,136,63,136,136,136,136,136,136,136,136,(X),(X),(X),136,26.6,30.0,30.0,26.6,30.0,30.0,30.0,30.0,30.0,30.0,30.0,30.0,(X),(X),(X),30.0,38,136,136,38,136,136,136,136,136,136,136,136,(X),(X),(X),136,26.9,30.0,30.0,26.9,30.0,30.0,30.0,30.0,30.0,30.0,30.0,30.0,(X),(X),(X),30.0
9020000US3203,3203,"Lyon and Nearby Counties County Set, Nevada",0300,Architectural and engineering managers 0300 (SOC 11-9041),25,0,0,25,0,0,0,0,0,0,0,0,(X),(X),(X),0,100.0,0.0,0.0,100.0,0.0,0.0,0.0,0.0,0.0,0.0,0.0,0.0,(X),(X),(X),0.0,15,0,0,15,0,0,0,0,0,0,0,0,(X),(X),(X),0,60.0,0.0,0.0,60.0,0.0,0.0,0.0,0.0,0.0,0.0,0.0,0.0,(X),(X),(X),0.0,10,0,0,10,0,0,0,0,0,0,0,0,(X),(X),(X),0,40.0,0.0,0.0,40.0,0.0,0.0,0.0,0.0,0.0,0.0,0.0,0.0,(X),(X),(X),0.0,30,136,136,30,136,136,136,136,136,136,136,136,(X),(X),(X),136,67.8,67.8,67.8,67.8,67.8,67.8,67.8,67.8,67.8,67.8,67.8,67.8,(X),(X),(X),67.8,22,136,136,22,136,136,136,136,136,136,136,136,(X),(X),(X),136,60.0,67.8,67.8,60.0,67.8,67.8,67.8,67.8,67.8,67.8,67.8,67.8,(X),(X),(X),67.8,22,136,136,22,136,136,136,136,136,136,136,136,(X),(X),(X),136,60.0,67.8,67.8,60.0,67.8,67.8,67.8,67.8,67.8,67.8,67.8,67.8,(X),(X),(X),67.8
9020000US3203,3203,"Lyon and Nearby Counties County Set, Nevada",0310,Food service managers 0310 (SOC 11-9051),180,0,0,150,0,0,0,0,0,0,0,0,(X),(X),(X),35,100.0,0.0,0.0,83.3,0.0,0.0,0.0,0.0,0.0,0.0,0.0,0.0,(X),(X),(X),19.4,120,0,0,85,0,0,0,0,0,0,0,0,(X),(X),(X),35,66.7,0.0,0.0,47.2,0.0,0.0,0.0,0.0,0.0,0.0,0.0,0.0,(X),(X),(X),19.4,60,0,0,60,0,0,0,0,0,0,0,0,(X),(X),(X),0,33.3,0.0,0.0,33.3,0.0,0.0,0.0,0.0,0.0,0.0,0.0,0.0,(X),(X),(X),0.0,129,136,136,109,136,136,136,136,136,136,136,136,(X),(X),(X),58,20.8,20.8,20.8,27.4,20.8,20.8,20.8,20.8,20.8,20.8,20.8,20.8,(X),(X),(X),27.5,105,136,136,82,136,136,136,136,136,136,136,136,(X),(X),(X),58,32.2,20.8,20.8,31.2,20.8,20.8,20.8,20.8,20.8,20.8,20.8,20.8,(X),(X),(X),27.5,69,136,136,69,136,136,136,136,136,136,136,136,(X),(X),(X),136,32.9,20.8,20.8,32.9,20.8,20.8,20.8,20.8,20.8,20.8,20.8,20.8,(X),(X),(X),20.8
9020000US3203,3203,"Lyon and Nearby Counties County Set, Nevada",0330,Gaming managers 0330 (SOC 11-9071),15,0,0,15,0,0,0,0,0,0,0,0,(X),(X),(X),0,100.0,0.0,0.0,100.0,0.0,0.0,0.0,0.0,0.0,0.0,0.0,0.0,(X),(X),(X),0.0,0,0,0,0,0,0,0,0,0,0,0,0,(X),(X),(X),0,0.0,0.0,0.0,0.0,0.0,0.0,0.0,0.0,0.0,0.0,0.0,0.0,(X),(X),(X),0.0,15,0,0,15,0,0,0,0,0,0,0,0,(X),(X),(X),0,100.0,0.0,0.0,100.0,0.0,0.0,0.0,0.0,0.0,0.0,0.0,0.0,(X),(X),(X),0.0,23,136,136,23,136,136,136,136,136,136,136,136,(X),(X),(X),136,87.6,87.6,87.6,87.6,87.6,87.6,87.6,87.6,87.6,87.6,87.6,87.6,(X),(X),(X),87.6,136,136,136,136,136,136,136,136,136,136,136,136,(X),(X),(X),136,87.6,87.6,87.6,87.6,87.6,87.6,87.6,87.6,87.6,87.6,87.6,87.6,(X),(X),(X),87.6,23,136,136,23,136,136,136,136,136,136,136,136,(X),(X),(X),136,87.6,87.6,87.6,87.6,87.6,87.6,87.6,87.6,87.6,87.6,87.6,87.6,(X),(X),(X),87.6
9020000US3203,3203,"Lyon and Nearby Counties County Set, Nevada",0340,Lodging managers 0340 (SOC 11-9081),50,0,0,15,0,0,35,0,0,0,0,0,(X),(X),(X),0,100.0,0.0,0.0,30.0,0.0,0.0,70.0,0.0,0.0,0.0,0.0,0.0,(X),(X),(X),0.0,0,0,0,0,0,0,0,0,0,0,0,0,(X),(X),(X),0,0.0,0.0,0.0,0.0,0.0,0.0,0.0,0.0,0.0,0.0,0.0,0.0,(X),(X),(X),0.0,50,0,0,15,0,0,35,0,0,0,0,0,(X),(X),(X),0,100.0,0.0,0.0,30.0,0.0,0.0,70.0,0.0,0.0,0.0,0.0,0.0,(X),(X),(X),0.0,52,136,136,31,136,136,41,136,136,136,136,136,(X),(X),(X),136,48.0,48.0,48.0,51.6,48.0,48.0,50.4,48.0,48.0,48.0,48.0,48.0,(X),(X),(X),48.0,136,136,136,136,136,136,136,136,136,136,136,136,(X),(X),(X),136,48.0,48.0,48.0,48.0,48.0,48.0,48.0,48.0,48.0,48.0,48.0,48.0,(X),(X),(X),48.0,52,136,136,31,136,136,41,136,136,136,136,136,(X),(X),(X),136,48.0,48.0,48.0,51.6,48.0,48.0,50.4,48.0,48.0,48.0,48.0,48.0,(X),(X),(X),48.0
9020000US3203,3203,"Lyon and Nearby Counties County Set, Nevada",0350,Medical and health services managers 0350 (SOC 11-9111),10,0,0,10,0,0,0,0,0,0,0,0,(X),(X),(X),0,100.0,0.0,0.0,100.0,0.0,0.0,0.0,0.0,0.0,0.0,0.0,0.0,(X),(X),(X),0.0,10,0,0,10,0,0,0,0,0,0,0,0,(X),(X),(X),0,100.0,0.0,0.0,100.0,0.0,0.0,0.0,0.0,0.0,0.0,0.0,0.0,(X),(X),(X),0.0,0,0,0,0,0,0,0,0,0,0,0,0,(X),(X),(X),0,0.0,0.0,0.0,0.0,0.0,0.0,0.0,0.0,0.0,0.0,0.0,0.0,(X),(X),(X),0.0,18,136,136,18,136,136,136,136,136,136,136,136,(X),(X),(X),136,100.0,100.0,100.0,100.0,100.0,100.0,100.0,100.0,100.0,100.0,100.0,100.0,(X),(X),(X),100.0,18,136,136,18,136,136,136,136,136,136,136,136,(X),(X),(X),136,100.0,100.0,100.0,100.0,100.0,100.0,100.0,100.0,100.0,100.0,100.0,100.0,(X),(X),(X),100.0,136,136,136,136,136,136,136,136,136,136,136,136,(X),(X),(X),136,100.0,100.0,100.0,100.0,100.0,100.0,100.0,100.0,100.0,100.0,100.0,100.0,(X),(X),(X),100.0
9020000US3203,3203,"Lyon and Nearby Counties County Set, Nevada",0360,Natural sciences managers 0360 (SOC 11-9121),25,0,0,25,0,0,0,0,0,0,0,0,(X),(X),(X),0,100.0,0.0,0.0,100.0,0.0,0.0,0.0,0.0,0.0,0.0,0.0,0.0,(X),(X),(X),0.0,25,0,0,25,0,0,0,0,0,0,0,0,(X),(X),(X),0,100.0,0.0,0.0,100.0,0.0,0.0,0.0,0.0,0.0,0.0,0.0,0.0,(X),(X),(X),0.0,0,0,0,0,0,0,0,0,0,0,0,0,(X),(X),(X),0,0.0,0.0,0.0,0.0,0.0,0.0,0.0,0.0,0.0,0.0,0.0,0.0,(X),(X),(X),0.0,37,136,136,37,136,136,136,136,136,136,136,136,(X),(X),(X),136,67.8,67.8,67.8,67.8,67.8,67.8,67.8,67.8,67.8,67.8,67.8,67.8,(X),(X),(X),67.8,37,136,136,37,136,136,136,136,136,136,136,136,(X),(X),(X),136,67.8,67.8,67.8,67.8,67.8,67.8,67.8,67.8,67.8,67.8,67.8,67.8,(X),(X),(X),67.8,136,136,136,136,136,136,136,136,136,136,136,136,(X),(X),(X),136,67.8,67.8,67.8,67.8,67.8,67.8,67.8,67.8,67.8,67.8,67.8,67.8,(X),(X),(X),67.8
9020000US3203,3203,"Lyon and Nearby Counties County Set, Nevada",0410,"Property, real estate, and community association managers 0410 (SOC 11-9141)",75,0,0,55,0,20,0,0,0,0,0,0,(X),(X),(X),0,100.0,0.0,0.0,73.3,0.0,26.7,0.0,0.0,0.0,0.0,0.0,0.0,(X),(X),(X),0.0,40,0,0,20,0,20,0,0,0,0,0,0,(X),(X),(X),0,53.3,0.0,0.0,26.7,0.0,26.7,0.0,0.0,0.0,0.0,0.0,0.0,(X),(X),(X),0.0,35,0,0,35,0,0,0,0,0,0,0,0,(X),(X),(X),0,46.7,0.0,0.0,46.7,0.0,0.0,0.0,0.0,0.0,0.0,0.0,0.0,(X),(X),(X),0.0,62,136,136,50,136,34,136,136,136,136,136,136,(X),(X),(X),136,39.2,39.2,39.2,39.5,39.2,41.6,39.2,39.2,39.2,39.2,39.2,39.2,(X),(X),(X),39.2,48,136,136,34,136,34,136,136,136,136,136,136,(X),(X),(X),136,44.7,39.2,39.2,41.4,39.2,41.6,39.2,39.2,39.2,39.2,39.2,39.2,(X),(X),(X),39.2,41,136,136,41,136,136,136,136,136,136,136,136,(X),(X),(X),136,45.0,39.2,39.2,45.0,39.2,39.2,39.2,39.2,39.2,39.2,39.2,39.2,(X),(X),(X),39.2
9020000US3203,3203,"Lyon and Nearby Counties County Set, Nevada",0420,Social and community service managers 0420 (SOC 11-9151),40,0,0,40,0,0,0,0,4,0,0,0,(X),(X),(X),0,100.0,0.0,0.0,100.0,0.0,0.0,0.0,0.0,10.0,0.0,0.0,0.0,(X),(X),(X),0.0,0,0,0,0,0,0,0,0,0,0,0,0,(X),(X),(X),0,0.0,0.0,0.0,0.0,0.0,0.0,0.0,0.0,0.0,0.0,0.0,0.0,(X),(X),(X),0.0,40,0,0,40,0,0,0,0,4,0,0,0,(X),(X),(X),0,100.0,0.0,0.0,100.0,0.0,0.0,0.0,0.0,10.0,0.0,0.0,0.0,(X),(X),(X),0.0,46,136,136,46,136,136,136,136,4,136,136,136,(X),(X),(X),136,53.6,53.6,53.6,53.6,53.6,53.6,53.6,53.6,20.8,53.6,53.6,53.6,(X),(X),(X),53.6,136,136,136,136,136,136,136,136,136,136,136,136,(X),(X),(X),136,53.6,53.6,53.6,53.6,53.6,53.6,53.6,53.6,53.6,53.6,53.6,53.6,(X),(X),(X),53.6,46,136,136,46,136,136,136,136,4,136,136,136,(X),(X),(X),136,53.6,53.6,53.6,53.6,53.6,53.6,53.6,53.6,20.8,53.6,53.6,53.6,(X),(X),(X),53.6
9020000US3203,3203,"Lyon and Nearby Counties County Set, Nevada",0430,"Miscellaneous managers, including funeral service managers and postmasters and mail superintendents 0430 (SOC 11-9XXX)",625,30,0,575,0,20,0,0,0,0,0,0,(X),(X),(X),0,100.0,4.8,0.0,92.0,0.0,3.2,0.0,0.0,0.0,0.0,0.0,0.0,(X),(X),(X),0.0,350,30,0,300,0,20,0,0,0,0,0,0,(X),(X),(X),0,56.0,4.8,0.0,48.0,0.0,3.2,0.0,0.0,0.0,0.0,0.0,0.0,(X),(X),(X),0.0,275,0,0,275,0,0,0,0,0,0,0,0,(X),(X),(X),0,44.0,0.0,0.0,44.0,0.0,0.0,0.0,0.0,0.0,0.0,0.0,0.0,(X),(X),(X),0.0,208,46,136,213,136,36,136,136,136,136,136,136,(X),(X),(X),136,6.6,7.4,6.6,9.5,6.6,6.0,6.6,6.6,6.6,6.6,6.6,6.6,(X),(X),(X),6.6,143,46,136,133,136,36,136,136,136,136,136,136,(X),(X),(X),136,20.9,7.4,6.6,18.5,6.6,6.0,6.6,6.6,6.6,6.6,6.6,6.6,(X),(X),(X),6.6,178,136,136,178,136,136,136,136,136,136,136,136,(X),(X),(X),136,20.9,6.6,6.6,20.9,6.6,6.6,6.6,6.6,6.6,6.6,6.6,6.6,(X),(X),(X),6.6
9020000US3203,3203,"Lyon and Nearby Counties County Set, Nevada",0500,"Agents and business managers of artists, performers, and athletes 0500 (SOC 13-1011)",30,30,0,0,0,0,0,0,0,0,0,0,(X),(X),(X),0,100.0,100.0,0.0,0.0,0.0,0.0,0.0,0.0,0.0,0.0,0.0,0.0,(X),(X),(X),0.0,0,0,0,0,0,0,0,0,0,0,0,0,(X),(X),(X),0,0.0,0.0,0.0,0.0,0.0,0.0,0.0,0.0,0.0,0.0,0.0,0.0,(X),(X),(X),0.0,30,30,0,0,0,0,0,0,0,0,0,0,(X),(X),(X),0,100.0,100.0,0.0,0.0,0.0,0.0,0.0,0.0,0.0,0.0,0.0,0.0,(X),(X),(X),0.0,49,49,136,136,136,136,136,136,136,136,136,136,(X),(X),(X),136,61.9,61.9,61.9,61.9,61.9,61.9,61.9,61.9,61.9,61.9,61.9,61.9,(X),(X),(X),61.9,136,136,136,136,136,136,136,136,136,136,136,136,(X),(X),(X),136,61.9,61.9,61.9,61.9,61.9,61.9,61.9,61.9,61.9,61.9,61.9,61.9,(X),(X),(X),61.9,49,49,136,136,136,136,136,136,136,136,136,136,(X),(X),(X),136,61.9,61.9,61.9,61.9,61.9,61.9,61.9,61.9,61.9,61.9,61.9,61.9,(X),(X),(X),61.9
9020000US3203,3203,"Lyon and Nearby Counties County Set, Nevada",0520,"Wholesale and retail buyers, except farm products 0520 (SOC 13-1022)",55,0,15,40,0,0,0,0,0,0,0,0,(X),(X),(X),0,100.0,0.0,27.3,72.7,0.0,0.0,0.0,0.0,0.0,0.0,0.0,0.0,(X),(X),(X),0.0,30,0,0,30,0,0,0,0,0,0,0,0,(X),(X),(X),0,54.5,0.0,0.0,54.5,0.0,0.0,0.0,0.0,0.0,0.0,0.0,0.0,(X),(X),(X),0.0,25,0,15,4,0,0,0,0,0,0,0,0,(X),(X),(X),0,45.5,0.0,27.3,7.3,0.0,0.0,0.0,0.0,0.0,0.0,0.0,0.0,(X),(X),(X),0.0,47,136,28,38,136,136,136,136,136,136,136,136,(X),(X),(X),136,45.7,45.7,42.8,39.9,45.7,45.7,45.7,45.7,45.7,45.7,45.7,45.7,(X),(X),(X),45.7,37,136,136,37,136,136,136,136,136,136,136,136,(X),(X),(X),136,47.4,45.7,45.7,47.4,45.7,45.7,45.7,45.7,45.7,45.7,45.7,45.7,(X),(X),(X),45.7,29,136,28,15,136,136,136,136,136,136,136,136,(X),(X),(X),136,46.0,45.7,42.8,33.0,45.7,45.7,45.7,45.7,45.7,45.7,45.7,45.7,(X),(X),(X),45.7
9020000US3203,3203,"Lyon and Nearby Counties County Set, Nevada",0530,"Purchasing agents, except wholesale, retail, and farm products 0530 (SOC 13-1023)",30,0,0,30,0,0,0,0,0,0,0,0,(X),(X),(X),0,100.0,0.0,0.0,100.0,0.0,0.0,0.0,0.0,0.0,0.0,0.0,0.0,(X),(X),(X),0.0,30,0,0,30,0,0,0,0,0,0,0,0,(X),(X),(X),0,100.0,0.0,0.0,100.0,0.0,0.0,0.0,0.0,0.0,0.0,0.0,0.0,(X),(X),(X),0.0,0,0,0,0,0,0,0,0,0,0,0,0,(X),(X),(X),0,0.0,0.0,0.0,0.0,0.0,0.0,0.0,0.0,0.0,0.0,0.0,0.0,(X),(X),(X),0.0,33,136,136,33,136,136,136,136,136,136,136,136,(X),(X),(X),136,61.9,61.9,61.9,61.9,61.9,61.9,61.9,61.9,61.9,61.9,61.9,61.9,(X),(X),(X),61.9,33,136,136,33,136,136,136,136,136,136,136,136,(X),(X),(X),136,61.9,61.9,61.9,61.9,61.9,61.9,61.9,61.9,61.9,61.9,61.9,61.9,(X),(X),(X),61.9,136,136,136,136,136,136,136,136,136,136,136,136,(X),(X),(X),136,61.9,61.9,61.9,61.9,61.9,61.9,61.9,61.9,61.9,61.9,61.9,61.9,(X),(X),(X),61.9
9020000US3203,3203,"Lyon and Nearby Counties County Set, Nevada",0540,"Claims adjusters, appraisers, examiners, and investigators 0540 (SOC 13-1030)",15,0,0,15,0,0,0,0,0,0,0,0,(X),(X),(X),0,100.0,0.0,0.0,100.0,0.0,0.0,0.0,0.0,0.0,0.0,0.0,0.0,(X),(X),(X),0.0,10,0,0,10,0,0,0,0,0,0,0,0,(X),(X),(X),0,66.7,0.0,0.0,66.7,0.0,0.0,0.0,0.0,0.0,0.0,0.0,0.0,(X),(X),(X),0.0,4,0,0,4,0,0,0,0,0,0,0,0,(X),(X),(X),0,26.7,0.0,0.0,26.7,0.0,0.0,0.0,0.0,0.0,0.0,0.0,0.0,(X),(X),(X),0.0,22,136,136,22,136,136,136,136,136,136,136,136,(X),(X),(X),136,87.6,87.6,87.6,87.6,87.6,87.6,87.6,87.6,87.6,87.6,87.6,87.6,(X),(X),(X),87.6,21,136,136,21,136,136,136,136,136,136,136,136,(X),(X),(X),136,66.7,87.6,87.6,66.7,87.6,87.6,87.6,87.6,87.6,87.6,87.6,87.6,(X),(X),(X),87.6,3,136,136,3,136,136,136,136,136,136,136,136,(X),(X),(X),136,73.3,87.6,87.6,73.3,87.6,87.6,87.6,87.6,87.6,87.6,87.6,87.6,(X),(X),(X),87.6
9020000US3203,3203,"Lyon and Nearby Counties County Set, Nevada",0565,Compliance officers 0565 (SOC 13-1041),90,0,0,90,0,0,0,0,0,0,0,0,(X),(X),(X),0,100.0,0.0,0.0,100.0,0.0,0.0,0.0,0.0,0.0,0.0,0.0,0.0,(X),(X),(X),0.0,75,0,0,75,0,0,0,0,0,0,0,0,(X),(X),(X),0,83.3,0.0,0.0,83.3,0.0,0.0,0.0,0.0,0.0,0.0,0.0,0.0,(X),(X),(X),0.0,15,0,0,15,0,0,0,0,0,0,0,0,(X),(X),(X),0,16.7,0.0,0.0,16.7,0.0,0.0,0.0,0.0,0.0,0.0,0.0,0.0,(X),(X),(X),0.0,99,136,136,99,136,136,136,136,136,136,136,136,(X),(X),(X),136,35.4,35.4,35.4,35.4,35.4,35.4,35.4,35.4,35.4,35.4,35.4,35.4,(X),(X),(X),35.4,96,136,136,96,136,136,136,136,136,136,136,136,(X),(X),(X),136,35.0,35.4,35.4,35.0,35.4,35.4,35.4,35.4,35.4,35.4,35.4,35.4,(X),(X),(X),35.4,24,136,136,24,136,136,136,136,136,136,136,136,(X),(X),(X),136,37.1,35.4,35.4,37.1,35.4,35.4,35.4,35.4,35.4,35.4,35.4,35.4,(X),(X),(X),35.4
9020000US3203,3203,"Lyon and Nearby Counties County Set, Nevada",0600,Cost estimators 0600 (SOC 13-1051),50,0,0,50,0,0,0,0,0,0,0,0,(X),(X),(X),0,100.0,0.0,0.0,100.0,0.0,0.0,0.0,0.0,0.0,0.0,0.0,0.0,(X),(X),(X),0.0,50,0,0,50,0,0,0,0,0,0,0,0,(X),(X),(X),0,100.0,0.0,0.0,100.0,0.0,0.0,0.0,0.0,0.0,0.0,0.0,0.0,(X),(X),(X),0.0,0,0,0,0,0,0,0,0,0,0,0,0,(X),(X),(X),0,0.0,0.0,0.0,0.0,0.0,0.0,0.0,0.0,0.0,0.0,0.0,0.0,(X),(X),(X),0.0,40,136,136,40,136,136,136,136,136,136,136,136,(X),(X),(X),136,48.0,48.0,48.0,48.0,48.0,48.0,48.0,48.0,48.0,48.0,48.0,48.0,(X),(X),(X),48.0,40,136,136,40,136,136,136,136,136,136,136,136,(X),(X),(X),136,48.0,48.0,48.0,48.0,48.0,48.0,48.0,48.0,48.0,48.0,48.0,48.0,(X),(X),(X),48.0,136,136,136,136,136,136,136,136,136,136,136,136,(X),(X),(X),136,48.0,48.0,48.0,48.0,48.0,48.0,48.0,48.0,48.0,48.0,48.0,48.0,(X),(X),(X),48.0
9020000US3203,3203,"Lyon and Nearby Counties County Set, Nevada",0630,Human resources workers 0630 (SOC 13-1070),65,0,0,65,0,0,0,0,0,0,0,0,(X),(X),(X),0,100.0,0.0,0.0,100.0,0.0,0.0,0.0,0.0,0.0,0.0,0.0,0.0,(X),(X),(X),0.0,15,0,0,15,0,0,0,0,0,0,0,0,(X),(X),(X),0,23.1,0.0,0.0,23.1,0.0,0.0,0.0,0.0,0.0,0.0,0.0,0.0,(X),(X),(X),0.0,50,0,0,50,0,0,0,0,0,0,0,0,(X),(X),(X),0,76.9,0.0,0.0,76.9,0.0,0.0,0.0,0.0,0.0,0.0,0.0,0.0,(X),(X),(X),0.0,59,136,136,59,136,136,136,136,136,136,136,136,(X),(X),(X),136,42.1,42.1,42.1,42.1,42.1,42.1,42.1,42.1,42.1,42.1,42.1,42.1,(X),(X),(X),42.1,26,136,136,26,136,136,136,136,136,136,136,136,(X),(X),(X),136,38.0,42.1,42.1,38.0,42.1,42.1,42.1,42.1,42.1,42.1,42.1,42.1,(X),(X),(X),42.1,49,136,136,49,136,136,136,136,136,136,136,136,(X),(X),(X),136,33.7,42.1,42.1,33.7,42.1,42.1,42.1,42.1,42.1,42.1,42.1,42.1,(X),(X),(X),42.1
9020000US3203,3203,"Lyon and Nearby Counties County Set, Nevada",0650,Training and development specialists 0650 (SOC 13-1151),75,0,0,75,0,0,0,0,0,0,0,0,(X),(X),(X),0,100.0,0.0,0.0,100.0,0.0,0.0,0.0,0.0,0.0,0.0,0.0,0.0,(X),(X),(X),0.0,30,0,0,30,0,0,0,0,0,0,0,0,(X),(X),(X),0,40.0,0.0,0.0,40.0,0.0,0.0,0.0,0.0,0.0,0.0,0.0,0.0,(X),(X),(X),0.0,45,0,0,45,0,0,0,0,0,0,0,0,(X),(X),(X),0,60.0,0.0,0.0,60.0,0.0,0.0,0.0,0.0,0.0,0.0,0.0,0.0,(X),(X),(X),0.0,75,136,136,75,136,136,136,136,136,136,136,136,(X),(X),(X),136,39.2,39.2,39.2,39.2,39.2,39.2,39.2,39.2,39.2,39.2,39.2,39.2,(X),(X),(X),39.2,34,136,136,34,136,136,136,136,136,136,136,136,(X),(X),(X),136,53.0,39.2,39.2,53.0,39.2,39.2,39.2,39.2,39.2,39.2,39.2,39.2,(X),(X),(X),39.2,65,136,136,65,136,136,136,136,136,136,136,136,(X),(X),(X),136,53.1,39.2,39.2,53.1,39.2,39.2,39.2,39.2,39.2,39.2,39.2,39.2,(X),(X),(X),39.2
9020000US3203,3203,"Lyon and Nearby Counties County Set, Nevada",0700,Logisticians 0700 (SOC 13-1081),15,0,0,15,0,0,0,0,0,0,0,0,(X),(X),(X),0,100.0,0.0,0.0,100.0,0.0,0.0,0.0,0.0,0.0,0.0,0.0,0.0,(X),(X),(X),0.0,0,0,0,0,0,0,0,0,0,0,0,0,(X),(X),(X),0,0.0,0.0,0.0,0.0,0.0,0.0,0.0,0.0,0.0,0.0,0.0,0.0,(X),(X),(X),0.0,15,0,0,15,0,0,0,0,0,0,0,0,(X),(X),(X),0,100.0,0.0,0.0,100.0,0.0,0.0,0.0,0.0,0.0,0.0,0.0,0.0,(X),(X),(X),0.0,23,136,136,23,136,136,136,136,136,136,136,136,(X),(X),(X),136,87.6,87.6,87.6,87.6,87.6,87.6,87.6,87.6,87.6,87.6,87.6,87.6,(X),(X),(X),87.6,136,136,136,136,136,136,136,136,136,136,136,136,(X),(X),(X),136,87.6,87.6,87.6,87.6,87.6,87.6,87.6,87.6,87.6,87.6,87.6,87.6,(X),(X),(X),87.6,23,136,136,23,136,136,136,136,136,136,136,136,(X),(X),(X),136,87.6,87.6,87.6,87.6,87.6,87.6,87.6,87.6,87.6,87.6,87.6,87.6,(X),(X),(X),87.6
9020000US3203,3203,"Lyon and Nearby Counties County Set, Nevada",0710,Management analysts 0710 (SOC 13-1111),40,0,0,40,0,0,0,0,0,0,0,0,(X),(X),(X),0,100.0,0.0,0.0,100.0,0.0,0.0,0.0,0.0,0.0,0.0,0.0,0.0,(X),(X),(X),0.0,25,0,0,25,0,0,0,0,0,0,0,0,(X),(X),(X),0,62.5,0.0,0.0,62.5,0.0,0.0,0.0,0.0,0.0,0.0,0.0,0.0,(X),(X),(X),0.0,15,0,0,15,0,0,0,0,0,0,0,0,(X),(X),(X),0,37.5,0.0,0.0,37.5,0.0,0.0,0.0,0.0,0.0,0.0,0.0,0.0,(X),(X),(X),0.0,43,136,136,43,136,136,136,136,136,136,136,136,(X),(X),(X),136,53.6,53.6,53.6,53.6,53.6,53.6,53.6,53.6,53.6,53.6,53.6,53.6,(X),(X),(X),53.6,28,136,136,28,136,136,136,136,136,136,136,136,(X),(X),(X),136,43.9,53.6,53.6,43.9,53.6,53.6,53.6,53.6,53.6,53.6,53.6,53.6,(X),(X),(X),53.6,25,136,136,25,136,136,136,136,136,136,136,136,(X),(X),(X),136,46.8,53.6,53.6,46.8,53.6,53.6,53.6,53.6,53.6,53.6,53.6,53.6,(X),(X),(X),53.6
9020000US3203,3203,"Lyon and Nearby Counties County Set, Nevada",0740,"Business operations specialists, all other 0740 (SOC 13-1199)",30,0,0,30,0,0,0,0,0,0,0,0,(X),(X),(X),0,100.0,0.0,0.0,100.0,0.0,0.0,0.0,0.0,0.0,0.0,0.0,0.0,(X),(X),(X),0.0,10,0,0,10,0,0,0,0,0,0,0,0,(X),(X),(X),0,33.3,0.0,0.0,33.3,0.0,0.0,0.0,0.0,0.0,0.0,0.0,0.0,(X),(X),(X),0.0,20,0,0,20,0,0,0,0,0,0,0,0,(X),(X),(X),0,66.7,0.0,0.0,66.7,0.0,0.0,0.0,0.0,0.0,0.0,0.0,0.0,(X),(X),(X),0.0,37,136,136,37,136,136,136,136,136,136,136,136,(X),(X),(X),136,61.9,61.9,61.9,61.9,61.9,61.9,61.9,61.9,61.9,61.9,61.9,61.9,(X),(X),(X),61.9,17,136,136,17,136,136,136,136,136,136,136,136,(X),(X),(X),136,55.0,61.9,61.9,55.0,61.9,61.9,61.9,61.9,61.9,61.9,61.9,61.9,(X),(X),(X),61.9,36,136,136,36,136,136,136,136,136,136,136,136,(X),(X),(X),136,65.9,61.9,61.9,65.9,61.9,61.9,61.9,61.9,61.9,61.9,61.9,61.9,(X),(X),(X),61.9
9020000US3203,3203,"Lyon and Nearby Counties County Set, Nevada",0800,Accountants and auditors 0800 (SOC 13-2011),265,0,0,260,0,4,0,0,0,0,0,0,(X),(X),(X),0,100.0,0.0,0.0,98.1,0.0,1.5,0.0,0.0,0.0,0.0,0.0,0.0,(X),(X),(X),0.0,90,0,0,90,0,0,0,0,0,0,0,0,(X),(X),(X),0,34.0,0.0,0.0,34.0,0.0,0.0,0.0,0.0,0.0,0.0,0.0,0.0,(X),(X),(X),0.0,175,0,0,175,0,4,0,0,0,0,0,0,(X),(X),(X),0,66.0,0.0,0.0,66.0,0.0,1.5,0.0,0.0,0.0,0.0,0.0,0.0,(X),(X),(X),0.0,160,136,136,160,136,2,136,136,136,136,136,136,(X),(X),(X),136,14.8,14.8,14.8,5.0,14.8,1.2,14.8,14.8,14.8,14.8,14.8,14.8,(X),(X),(X),14.8,76,136,136,76,136,136,136,136,136,136,136,136,(X),(X),(X),136,24.7,14.8,14.8,24.7,14.8,14.8,14.8,14.8,14.8,14.8,14.8,14.8,(X),(X),(X),14.8,132,136,136,130,136,2,136,136,136,136,136,136,(X),(X),(X),136,25.1,14.8,14.8,24.7,14.8,1.2,14.8,14.8,14.8,14.8,14.8,14.8,(X),(X),(X),14.8
9020000US3203,3203,"Lyon and Nearby Counties County Set, Nevada",0810,Appraisers and assessors of real estate 0810 (SOC 13-2021),75,0,0,65,0,4,0,10,0,0,0,0,(X),(X),(X),0,100.0,0.0,0.0,86.7,0.0,5.3,0.0,13.3,0.0,0.0,0.0,0.0,(X),(X),(X),0.0,45,0,0,40,0,4,0,0,0,0,0,0,(X),(X),(X),0,60.0,0.0,0.0,53.3,0.0,5.3,0.0,0.0,0.0,0.0,0.0,0.0,(X),(X),(X),0.0,30,0,0,25,0,0,0,10,0,0,0,0,(X),(X),(X),0,40.0,0.0,0.0,33.3,0.0,0.0,0.0,13.3,0.0,0.0,0.0,0.0,(X),(X),(X),0.0,70,136,136,70,136,2,136,14,136,136,136,136,(X),(X),(X),136,39.2,39.2,39.2,30.3,39.2,8.0,39.2,23.3,39.2,39.2,39.2,39.2,(X),(X),(X),39.2,63,136,136,64,136,2,136,136,136,136,136,136,(X),(X),(X),136,46.9,39.2,39.2,51.3,39.2,8.0,39.2,39.2,39.2,39.2,39.2,39.2,(X),(X),(X),39.2,29,136,136,29,136,136,136,14,136,136,136,136,(X),(X),(X),136,51.1,39.2,39.2,42.7,39.2,39.2,39.2,23.3,39.2,39.2,39.2,39.2,(X),(X),(X),39.2
9020000US3203,3203,"Lyon and Nearby Counties County Set, Nevada",0830,Credit analysts 0830 (SOC 13-2041),20,0,0,20,0,0,0,0,0,0,0,0,(X),(X),(X),0,100.0,0.0,0.0,100.0,0.0,0.0,0.0,0.0,0.0,0.0,0.0,0.0,(X),(X),(X),0.0,0,0,0,0,0,0,0,0,0,0,0,0,(X),(X),(X),0,0.0,0.0,0.0,0.0,0.0,0.0,0.0,0.0,0.0,0.0,0.0,0.0,(X),(X),(X),0.0,20,0,0,20,0,0,0,0,0,0,0,0,(X),(X),(X),0,100.0,0.0,0.0,100.0,0.0,0.0,0.0,0.0,0.0,0.0,0.0,0.0,(X),(X),(X),0.0,34,136,136,34,136,136,136,136,136,136,136,136,(X),(X),(X),136,75.8,75.8,75.8,75.8,75.8,75.8,75.8,75.8,75.8,75.8,75.8,75.8,(X),(X),(X),75.8,136,136,136,136,136,136,136,136,136,136,136,136,(X),(X),(X),136,75.8,75.8,75.8,75.8,75.8,75.8,75.8,75.8,75.8,75.8,75.8,75.8,(X),(X),(X),75.8,34,136,136,34,136,136,136,136,136,136,136,136,(X),(X),(X),136,75.8,75.8,75.8,75.8,75.8,75.8,75.8,75.8,75.8,75.8,75.8,75.8,(X),(X),(X),75.8
9020000US3203,3203,"Lyon and Nearby Counties County Set, Nevada",0840,Financial analysts 0840 (SOC 13-2051),15,0,0,15,0,0,0,0,0,0,0,0,(X),(X),(X),0,100.0,0.0,0.0,100.0,0.0,0.0,0.0,0.0,0.0,0.0,0.0,0.0,(X),(X),(X),0.0,0,0,0,0,0,0,0,0,0,0,0,0,(X),(X),(X),0,0.0,0.0,0.0,0.0,0.0,0.0,0.0,0.0,0.0,0.0,0.0,0.0,(X),(X),(X),0.0,15,0,0,15,0,0,0,0,0,0,0,0,(X),(X),(X),0,100.0,0.0,0.0,100.0,0.0,0.0,0.0,0.0,0.0,0.0,0.0,0.0,(X),(X),(X),0.0,23,136,136,23,136,136,136,136,136,136,136,136,(X),(X),(X),136,87.6,87.6,87.6,87.6,87.6,87.6,87.6,87.6,87.6,87.6,87.6,87.6,(X),(X),(X),87.6,136,136,136,136,136,136,136,136,136,136,136,136,(X),(X),(X),136,87.6,87.6,87.6,87.6,87.6,87.6,87.6,87.6,87.6,87.6,87.6,87.6,(X),(X),(X),87.6,23,136,136,23,136,136,136,136,136,136,136,136,(X),(X),(X),136,87.6,87.6,87.6,87.6,87.6,87.6,87.6,87.6,87.6,87.6,87.6,87.6,(X),(X),(X),87.6
9020000US3203,3203,"Lyon and Nearby Counties County Set, Nevada",0910,Credit counselors and loan officers 0910 (SOC 13-2070),60,10,0,40,0,0,10,0,0,0,0,0,(X),(X),(X),0,100.0,16.7,0.0,66.7,0.0,0.0,16.7,0.0,0.0,0.0,0.0,0.0,(X),(X),(X),0.0,25,0,0,25,0,0,0,0,0,0,0,0,(X),(X),(X),0,41.7,0.0,0.0,41.7,0.0,0.0,0.0,0.0,0.0,0.0,0.0,0.0,(X),(X),(X),0.0,30,10,0,10,0,0,10,0,0,0,0,0,(X),(X),(X),0,50.0,16.7,0.0,16.7,0.0,0.0,16.7,0.0,0.0,0.0,0.0,0.0,(X),(X),(X),0.0,50,15,136,50,136,136,22,136,136,136,136,136,(X),(X),(X),136,43.8,26.4,43.8,47.5,43.8,43.8,43.0,43.8,43.8,43.8,43.8,43.8,(X),(X),(X),43.8,44,136,136,44,136,136,136,136,136,136,136,136,(X),(X),(X),136,53.6,43.8,43.8,53.6,43.8,43.8,43.8,43.8,43.8,43.8,43.8,43.8,(X),(X),(X),43.8,33,15,136,20,136,136,22,136,136,136,136,136,(X),(X),(X),136,50.0,26.4,43.8,31.2,43.8,43.8,43.0,43.8,43.8,43.8,43.8,43.8,(X),(X),(X),43.8
9020000US3203,3203,"Lyon and Nearby Counties County Set, Nevada",0940,Tax preparers 0940 (SOC 13-2082),50,0,0,50,0,0,0,0,0,0,0,0,(X),(X),(X),0,100.0,0.0,0.0,100.0,0.0,0.0,0.0,0.0,0.0,0.0,0.0,0.0,(X),(X),(X),0.0,0,0,0,0,0,0,0,0,0,0,0,0,(X),(X),(X),0,0.0,0.0,0.0,0.0,0.0,0.0,0.0,0.0,0.0,0.0,0.0,0.0,(X),(X),(X),0.0,50,0,0,50,0,0,0,0,0,0,0,0,(X),(X),(X),0,100.0,0.0,0.0,100.0,0.0,0.0,0.0,0.0,0.0,0.0,0.0,0.0,(X),(X),(X),0.0,39,136,136,39,136,136,136,136,136,136,136,136,(X),(X),(X),136,48.0,48.0,48.0,48.0,48.0,48.0,48.0,48.0,48.0,48.0,48.0,48.0,(X),(X),(X),48.0,136,136,136,136,136,136,136,136,136,136,136,136,(X),(X),(X),136,48.0,48.0,48.0,48.0,48.0,48.0,48.0,48.0,48.0,48.0,48.0,48.0,(X),(X),(X),48.0,39,136,136,39,136,136,136,136,136,136,136,136,(X),(X),(X),136,48.0,48.0,48.0,48.0,48.0,48.0,48.0,48.0,48.0,48.0,48.0,48.0,(X),(X),(X),48.0
9020000US3203,3203,"Lyon and Nearby Counties County Set, Nevada",0950,"Financial specialists, all other 0950 (SOC 13-2099)",60,0,45,15,0,0,0,0,0,0,0,0,(X),(X),(X),0,100.0,0.0,75.0,25.0,0.0,0.0,0.0,0.0,0.0,0.0,0.0,0.0,(X),(X),(X),0.0,0,0,0,0,0,0,0,0,0,0,0,0,(X),(X),(X),0,0.0,0.0,0.0,0.0,0.0,0.0,0.0,0.0,0.0,0.0,0.0,0.0,(X),(X),(X),0.0,60,0,45,15,0,0,0,0,0,0,0,0,(X),(X),(X),0,100.0,0.0,75.0,25.0,0.0,0.0,0.0,0.0,0.0,0.0,0.0,0.0,(X),(X),(X),0.0,83,136,79,24,136,136,136,136,136,136,136,136,(X),(X),(X),136,43.8,43.8,47.9,48.0,43.8,43.8,43.8,43.8,43.8,43.8,43.8,43.8,(X),(X),(X),43.8,136,136,136,136,136,136,136,136,136,136,136,136,(X),(X),(X),136,43.8,43.8,43.8,43.8,43.8,43.8,43.8,43.8,43.8,43.8,43.8,43.8,(X),(X),(X),43.8,83,136,79,24,136,136,136,136,136,136,136,136,(X),(X),(X),136,43.8,43.8,47.9,48.0,43.8,43.8,43.8,43.8,43.8,43.8,43.8,43.8,(X),(X),(X),43.8
9020000US3203,3203,"Lyon and Nearby Counties County Set, Nevada",1010,Computer programmers 1010 (SOC 15-1131),70,35,0,25,0,0,0,0,0,0,0,0,(X),(X),(X),10,100.0,50.0,0.0,35.7,0.0,0.0,0.0,0.0,0.0,0.0,0.0,0.0,(X),(X),(X),14.3,60,35,0,15,0,0,0,0,0,0,0,0,(X),(X),(X),10,85.7,50.0,0.0,21.4,0.0,0.0,0.0,0.0,0.0,0.0,0.0,0.0,(X),(X),(X),14.3,10,0,0,10,0,0,0,0,0,0,0,0,(X),(X),(X),0,14.3,0.0,0.0,14.3,0.0,0.0,0.0,0.0,0.0,0.0,0.0,0.0,(X),(X),(X),0.0,65,57,136,27,136,136,136,136,136,136,136,136,(X),(X),(X),14,40.5,49.3,40.5,41.1,40.5,40.5,40.5,40.5,40.5,40.5,40.5,40.5,(X),(X),(X),22.5,65,57,136,25,136,136,136,136,136,136,136,136,(X),(X),(X),14,29.7,49.3,40.5,37.8,40.5,40.5,40.5,40.5,40.5,40.5,40.5,40.5,(X),(X),(X),22.5,14,136,136,14,136,136,136,136,136,136,136,136,(X),(X),(X),136,27.1,40.5,40.5,27.1,40.5,40.5,40.5,40.5,40.5,40.5,40.5,40.5,(X),(X),(X),40.5
9020000US3203,3203,"Lyon and Nearby Counties County Set, Nevada",1020,"Software developers, applications and systems software 1020 (SOC 15-113X)",80,0,0,75,0,4,0,0,0,0,0,0,(X),(X),(X),0,100.0,0.0,0.0,93.8,0.0,5.0,0.0,0.0,0.0,0.0,0.0,0.0,(X),(X),(X),0.0,30,0,0,30,0,0,0,0,0,0,0,0,(X),(X),(X),0,37.5,0.0,0.0,37.5,0.0,0.0,0.0,0.0,0.0,0.0,0.0,0.0,(X),(X),(X),0.0,50,0,0,45,0,4,0,0,0,0,0,0,(X),(X),(X),0,62.5,0.0,0.0,56.3,0.0,5.0,0.0,0.0,0.0,0.0,0.0,0.0,(X),(X),(X),0.0,69,136,136,67,136,11,136,136,136,136,136,136,(X),(X),(X),136,37.9,37.9,37.9,16.4,37.9,15.7,37.9,37.9,37.9,37.9,37.9,37.9,(X),(X),(X),37.9,40,136,136,40,136,136,136,136,136,136,136,136,(X),(X),(X),136,42.3,37.9,37.9,42.3,37.9,37.9,37.9,37.9,37.9,37.9,37.9,37.9,(X),(X),(X),37.9,55,136,136,55,136,11,136,136,136,136,136,136,(X),(X),(X),136,42.5,37.9,37.9,45.5,37.9,15.7,37.9,37.9,37.9,37.9,37.9,37.9,(X),(X),(X),37.9
9020000US3203,3203,"Lyon and Nearby Counties County Set, Nevada",1030,Web developers 1030 (SOC 15-1134),45,0,0,0,0,45,0,0,0,0,0,0,(X),(X),(X),0,100.0,0.0,0.0,0.0,0.0,100.0,0.0,0.0,0.0,0.0,0.0,0.0,(X),(X),(X),0.0,45,0,0,0,0,45,0,0,0,0,0,0,(X),(X),(X),0,100.0,0.0,0.0,0.0,0.0,100.0,0.0,0.0,0.0,0.0,0.0,0.0,(X),(X),(X),0.0,0,0,0,0,0,0,0,0,0,0,0,0,(X),(X),(X),0,0.0,0.0,0.0,0.0,0.0,0.0,0.0,0.0,0.0,0.0,0.0,0.0,(X),(X),(X),0.0,60,136,136,136,136,60,136,136,136,136,136,136,(X),(X),(X),136,50.6,50.6,50.6,50.6,50.6,50.6,50.6,50.6,50.6,50.6,50.6,50.6,(X),(X),(X),50.6,60,136,136,136,136,60,136,136,136,136,136,136,(X),(X),(X),136,50.6,50.6,50.6,50.6,50.6,50.6,50.6,50.6,50.6,50.6,50.6,50.6,(X),(X),(X),50.6,136,136,136,136,136,136,136,136,136,136,136,136,(X),(X),(X),136,50.6,50.6,50.6,50.6,50.6,50.6,50.6,50.6,50.6,50.6,50.6,50.6,(X),(X),(X),50.6
9020000US3203,3203,"Lyon and Nearby Counties County Set, Nevada",1050,Computer support specialists 1050 (SOC 15-1150),55,4,0,50,0,0,0,0,0,0,0,0,(X),(X),(X),0,100.0,7.3,0.0,90.9,0.0,0.0,0.0,0.0,0.0,0.0,0.0,0.0,(X),(X),(X),0.0,55,4,0,50,0,0,0,0,0,0,0,0,(X),(X),(X),0,100.0,7.3,0.0,90.9,0.0,0.0,0.0,0.0,0.0,0.0,0.0,0.0,(X),(X),(X),0.0,0,0,0,0,0,0,0,0,0,0,0,0,(X),(X),(X),0,0.0,0.0,0.0,0.0,0.0,0.0,0.0,0.0,0.0,0.0,0.0,0.0,(X),(X),(X),0.0,48,14,136,48,136,136,136,136,136,136,136,136,(X),(X),(X),136,45.7,29.4,45.7,32.0,45.7,45.7,45.7,45.7,45.7,45.7,45.7,45.7,(X),(X),(X),45.7,48,14,136,48,136,136,136,136,136,136,136,136,(X),(X),(X),136,45.7,29.4,45.7,32.0,45.7,45.7,45.7,45.7,45.7,45.7,45.7,45.7,(X),(X),(X),45.7,136,136,136,136,136,136,136,136,136,136,136,136,(X),(X),(X),136,45.7,45.7,45.7,45.7,45.7,45.7,45.7,45.7,45.7,45.7,45.7,45.7,(X),(X),(X),45.7
9020000US3203,3203,"Lyon and Nearby Counties County Set, Nevada",1105,Network and computer systems administrators 1105 (SOC 15-1142),15,0,0,10,0,0,0,0,0,4,0,0,(X),(X),(X),0,100.0,0.0,0.0,66.7,0.0,0.0,0.0,0.0,0.0,26.7,0.0,0.0,(X),(X),(X),0.0,4,0,0,0,0,0,0,0,0,4,0,0,(X),(X),(X),0,26.7,0.0,0.0,0.0,0.0,0.0,0.0,0.0,0.0,26.7,0.0,0.0,(X),(X),(X),0.0,10,0,0,10,0,0,0,0,0,0,0,0,(X),(X),(X),0,66.7,0.0,0.0,66.7,0.0,0.0,0.0,0.0,0.0,0.0,0.0,0.0,(X),(X),(X),0.0,25,136,136,21,136,136,136,136,136,10,136,136,(X),(X),(X),136,87.6,87.6,87.6,66.7,87.6,87.6,87.6,87.6,87.6,73.3,87.6,87.6,(X),(X),(X),87.6,10,136,136,136,136,136,136,136,136,10,136,136,(X),(X),(X),136,73.3,87.6,87.6,87.6,87.6,87.6,87.6,87.6,87.6,73.3,87.6,87.6,(X),(X),(X),87.6,21,136,136,21,136,136,136,136,136,136,136,136,(X),(X),(X),136,66.7,87.6,87.6,66.7,87.6,87.6,87.6,87.6,87.6,87.6,87.6,87.6,(X),(X),(X),87.6
9020000US3203,3203,"Lyon and Nearby Counties County Set, Nevada",1107,"Computer occupations, all other 1107 (SOC 15-1199)",4,0,0,0,0,0,0,0,0,0,0,0,(X),(X),(X),4,100.0,0.0,0.0,0.0,0.0,0.0,0.0,0.0,0.0,0.0,0.0,0.0,(X),(X),(X),100.0,4,0,0,0,0,0,0,0,0,0,0,0,(X),(X),(X),4,100.0,0.0,0.0,0.0,0.0,0.0,0.0,0.0,0.0,0.0,0.0,0.0,(X),(X),(X),100.0,0,0,0,0,0,0,0,0,0,0,0,0,(X),(X),(X),0,0.0,0.0,0.0,0.0,0.0,0.0,0.0,0.0,0.0,0.0,0.0,0.0,(X),(X),(X),0.0,4,136,136,136,136,136,136,136,136,136,136,136,(X),(X),(X),4,100.0,100.0,100.0,100.0,100.0,100.0,100.0,100.0,100.0,100.0,100.0,100.0,(X),(X),(X),100.0,4,136,136,136,136,136,136,136,136,136,136,136,(X),(X),(X),4,100.0,100.0,100.0,100.0,100.0,100.0,100.0,100.0,100.0,100.0,100.0,100.0,(X),(X),(X),100.0,136,136,136,136,136,136,136,136,136,136,136,136,(X),(X),(X),136,100.0,100.0,100.0,100.0,100.0,100.0,100.0,100.0,100.0,100.0,100.0,100.0,(X),(X),(X),100.0
9020000US3203,3203,"Lyon and Nearby Counties County Set, Nevada",1220,Operations research analysts 1220 (SOC 15-2031),70,0,0,70,0,0,0,0,0,0,0,0,(X),(X),(X),0,100.0,0.0,0.0,100.0,0.0,0.0,0.0,0.0,0.0,0.0,0.0,0.0,(X),(X),(X),0.0,45,0,0,45,0,0,0,0,0,0,0,0,(X),(X),(X),0,64.3,0.0,0.0,64.3,0.0,0.0,0.0,0.0,0.0,0.0,0.0,0.0,(X),(X),(X),0.0,20,0,0,20,0,0,0,0,0,0,0,0,(X),(X),(X),0,28.6,0.0,0.0,28.6,0.0,0.0,0.0,0.0,0.0,0.0,0.0,0.0,(X),(X),(X),0.0,61,136,136,61,136,136,136,136,136,136,136,136,(X),(X),(X),136,40.5,40.5,40.5,40.5,40.5,40.5,40.5,40.5,40.5,40.5,40.5,40.5,(X),(X),(X),40.5,47,136,136,47,136,136,136,136,136,136,136,136,(X),(X),(X),136,45.5,40.5,40.5,45.5,40.5,40.5,40.5,40.5,40.5,40.5,40.5,40.5,(X),(X),(X),40.5,39,136,136,39,136,136,136,136,136,136,136,136,(X),(X),(X),136,47.1,40.5,40.5,47.1,40.5,40.5,40.5,40.5,40.5,40.5,40.5,40.5,(X),(X),(X),40.5
9020000US3203,3203,"Lyon and Nearby Counties County Set, Nevada",1300,"Architects, except naval 1300 (SOC 17-1010)",20,0,0,15,0,0,0,4,0,0,0,0,(X),(X),(X),0,100.0,0.0,0.0,75.0,0.0,0.0,0.0,20.0,0.0,0.0,0.0,0.0,(X),(X),(X),0.0,0,0,0,0,0,0,0,0,0,0,0,0,(X),(X),(X),0,0.0,0.0,0.0,0.0,0.0,0.0,0.0,0.0,0.0,0.0,0.0,0.0,(X),(X),(X),0.0,20,0,0,15,0,0,0,4,0,0,0,0,(X),(X),(X),0,100.0,0.0,0.0,75.0,0.0,0.0,0.0,20.0,0.0,0.0,0.0,0.0,(X),(X),(X),0.0,25,136,136,25,136,136,136,15,136,136,136,136,(X),(X),(X),136,75.8,75.8,75.8,75.0,75.8,75.8,75.8,80.0,75.8,75.8,75.8,75.8,(X),(X),(X),75.8,136,136,136,136,136,136,136,136,136,136,136,136,(X),(X),(X),136,75.8,75.8,75.8,75.8,75.8,75.8,75.8,75.8,75.8,75.8,75.8,75.8,(X),(X),(X),75.8,25,136,136,25,136,136,136,15,136,136,136,136,(X),(X),(X),136,75.8,75.8,75.8,75.0,75.8,75.8,75.8,80.0,75.8,75.8,75.8,75.8,(X),(X),(X),75.8
9020000US3203,3203,"Lyon and Nearby Counties County Set, Nevada",1310,"Surveyors, cartographers, and photogrammetrists 1310 (SOC 17-1020)",10,0,0,10,0,0,0,0,0,0,0,0,(X),(X),(X),0,100.0,0.0,0.0,100.0,0.0,0.0,0.0,0.0,0.0,0.0,0.0,0.0,(X),(X),(X),0.0,10,0,0,10,0,0,0,0,0,0,0,0,(X),(X),(X),0,100.0,0.0,0.0,100.0,0.0,0.0,0.0,0.0,0.0,0.0,0.0,0.0,(X),(X),(X),0.0,0,0,0,0,0,0,0,0,0,0,0,0,(X),(X),(X),0,0.0,0.0,0.0,0.0,0.0,0.0,0.0,0.0,0.0,0.0,0.0,0.0,(X),(X),(X),0.0,20,136,136,20,136,136,136,136,136,136,136,136,(X),(X),(X),136,100.0,100.0,100.0,100.0,100.0,100.0,100.0,100.0,100.0,100.0,100.0,100.0,(X),(X),(X),100.0,20,136,136,20,136,136,136,136,136,136,136,136,(X),(X),(X),136,100.0,100.0,100.0,100.0,100.0,100.0,100.0,100.0,100.0,100.0,100.0,100.0,(X),(X),(X),100.0,136,136,136,136,136,136,136,136,136,136,136,136,(X),(X),(X),136,100.0,100.0,100.0,100.0,100.0,100.0,100.0,100.0,100.0,100.0,100.0,100.0,(X),(X),(X),100.0
9020000US3203,3203,"Lyon and Nearby Counties County Set, Nevada",1320,Aerospace engineers 1320 (SOC 17-2011),20,0,0,20,0,0,0,0,0,0,0,0,(X),(X),(X),0,100.0,0.0,0.0,100.0,0.0,0.0,0.0,0.0,0.0,0.0,0.0,0.0,(X),(X),(X),0.0,20,0,0,20,0,0,0,0,0,0,0,0,(X),(X),(X),0,100.0,0.0,0.0,100.0,0.0,0.0,0.0,0.0,0.0,0.0,0.0,0.0,(X),(X),(X),0.0,0,0,0,0,0,0,0,0,0,0,0,0,(X),(X),(X),0,0.0,0.0,0.0,0.0,0.0,0.0,0.0,0.0,0.0,0.0,0.0,0.0,(X),(X),(X),0.0,32,136,136,32,136,136,136,136,136,136,136,136,(X),(X),(X),136,75.8,75.8,75.8,75.8,75.8,75.8,75.8,75.8,75.8,75.8,75.8,75.8,(X),(X),(X),75.8,32,136,136,32,136,136,136,136,136,136,136,136,(X),(X),(X),136,75.8,75.8,75.8,75.8,75.8,75.8,75.8,75.8,75.8,75.8,75.8,75.8,(X),(X),(X),75.8,136,136,136,136,136,136,136,136,136,136,136,136,(X),(X),(X),136,75.8,75.8,75.8,75.8,75.8,75.8,75.8,75.8,75.8,75.8,75.8,75.8,(X),(X),(X),75.8
9020000US3203,3203,"Lyon and Nearby Counties County Set, Nevada",1360,Civil engineers 1360 (SOC 17-2051),85,0,0,50,0,0,0,35,0,0,0,0,(X),(X),(X),0,100.0,0.0,0.0,58.8,0.0,0.0,0.0,41.2,0.0,0.0,0.0,0.0,(X),(X),(X),0.0,85,0,0,50,0,0,0,35,0,0,0,0,(X),(X),(X),0,100.0,0.0,0.0,58.8,0.0,0.0,0.0,41.2,0.0,0.0,0.0,0.0,(X),(X),(X),0.0,0,0,0,0,0,0,0,0,0,0,0,0,(X),(X),(X),0,0.0,0.0,0.0,0.0,0.0,0.0,0.0,0.0,0.0,0.0,0.0,0.0,(X),(X),(X),0.0,77,136,136,50,136,136,136,53,136,136,136,136,(X),(X),(X),136,36.7,36.7,36.7,44.4,36.7,36.7,36.7,42.7,36.7,36.7,36.7,36.7,(X),(X),(X),36.7,77,136,136,50,136,136,136,53,136,136,136,136,(X),(X),(X),136,36.7,36.7,36.7,44.4,36.7,36.7,36.7,42.7,36.7,36.7,36.7,36.7,(X),(X),(X),36.7,136,136,136,136,136,136,136,136,136,136,136,136,(X),(X),(X),136,36.7,36.7,36.7,36.7,36.7,36.7,36.7,36.7,36.7,36.7,36.7,36.7,(X),(X),(X),36.7
9020000US3203,3203,"Lyon and Nearby Counties County Set, Nevada",1410,Electrical and electronics engineers 1410 (SOC 17-2070),60,20,0,40,0,0,0,0,0,0,0,0,(X),(X),(X),0,100.0,33.3,0.0,66.7,0.0,0.0,0.0,0.0,0.0,0.0,0.0,0.0,(X),(X),(X),0.0,40,0,0,40,0,0,0,0,0,0,0,0,(X),(X),(X),0,66.7,0.0,0.0,66.7,0.0,0.0,0.0,0.0,0.0,0.0,0.0,0.0,(X),(X),(X),0.0,20,20,0,0,0,0,0,0,0,0,0,0,(X),(X),(X),0,33.3,33.3,0.0,0.0,0.0,0.0,0.0,0.0,0.0,0.0,0.0,0.0,(X),(X),(X),0.0,69,35,136,39,136,136,136,136,136,136,136,136,(X),(X),(X),136,43.8,33.7,43.8,27.0,43.8,43.8,43.8,43.8,43.8,43.8,43.8,43.8,(X),(X),(X),43.8,39,136,136,39,136,136,136,136,136,136,136,136,(X),(X),(X),136,27.0,43.8,43.8,27.0,43.8,43.8,43.8,43.8,43.8,43.8,43.8,43.8,(X),(X),(X),43.8,35,35,136,136,136,136,136,136,136,136,136,136,(X),(X),(X),136,33.7,33.7,43.8,43.8,43.8,43.8,43.8,43.8,43.8,43.8,43.8,43.8,(X),(X),(X),43.8
9020000US3203,3203,"Lyon and Nearby Counties County Set, Nevada",1420,Environmental engineers 1420 (SOC 17-2081),45,0,0,45,0,0,0,0,0,0,0,0,(X),(X),(X),0,100.0,0.0,0.0,100.0,0.0,0.0,0.0,0.0,0.0,0.0,0.0,0.0,(X),(X),(X),0.0,45,0,0,45,0,0,0,0,0,0,0,0,(X),(X),(X),0,100.0,0.0,0.0,100.0,0.0,0.0,0.0,0.0,0.0,0.0,0.0,0.0,(X),(X),(X),0.0,0,0,0,0,0,0,0,0,0,0,0,0,(X),(X),(X),0,0.0,0.0,0.0,0.0,0.0,0.0,0.0,0.0,0.0,0.0,0.0,0.0,(X),(X),(X),0.0,79,136,136,79,136,136,136,136,136,136,136,136,(X),(X),(X),136,50.6,50.6,50.6,50.6,50.6,50.6,50.6,50.6,50.6,50.6,50.6,50.6,(X),(X),(X),50.6,79,136,136,79,136,136,136,136,136,136,136,136,(X),(X),(X),136,50.6,50.6,50.6,50.6,50.6,50.6,50.6,50.6,50.6,50.6,50.6,50.6,(X),(X),(X),50.6,136,136,136,136,136,136,136,136,136,136,136,136,(X),(X),(X),136,50.6,50.6,50.6,50.6,50.6,50.6,50.6,50.6,50.6,50.6,50.6,50.6,(X),(X),(X),50.6
9020000US3203,3203,"Lyon and Nearby Counties County Set, Nevada",1430,"Industrial engineers, including health and safety 1430 (SOC 17-2110)",75,0,0,75,0,0,0,0,0,0,0,0,(X),(X),(X),0,100.0,0.0,0.0,100.0,0.0,0.0,0.0,0.0,0.0,0.0,0.0,0.0,(X),(X),(X),0.0,75,0,0,75,0,0,0,0,0,0,0,0,(X),(X),(X),0,100.0,0.0,0.0,100.0,0.0,0.0,0.0,0.0,0.0,0.0,0.0,0.0,(X),(X),(X),0.0,0,0,0,0,0,0,0,0,0,0,0,0,(X),(X),(X),0,0.0,0.0,0.0,0.0,0.0,0.0,0.0,0.0,0.0,0.0,0.0,0.0,(X),(X),(X),0.0,92,136,136,92,136,136,136,136,136,136,136,136,(X),(X),(X),136,39.2,39.2,39.2,39.2,39.2,39.2,39.2,39.2,39.2,39.2,39.2,39.2,(X),(X),(X),39.2,92,136,136,92,136,136,136,136,136,136,136,136,(X),(X),(X),136,39.2,39.2,39.2,39.2,39.2,39.2,39.2,39.2,39.2,39.2,39.2,39.2,(X),(X),(X),39.2,136,136,136,136,136,136,136,136,136,136,136,136,(X),(X),(X),136,39.2,39.2,39.2,39.2,39.2,39.2,39.2,39.2,39.2,39.2,39.2,39.2,(X),(X),(X),39.2
9020000US3203,3203,"Lyon and Nearby Counties County Set, Nevada",1440,Marine engineers and naval architects 1440 (SOC 17-2121),10,0,0,10,0,0,0,0,0,0,0,0,(X),(X),(X),0,100.0,0.0,0.0,100.0,0.0,0.0,0.0,0.0,0.0,0.0,0.0,0.0,(X),(X),(X),0.0,10,0,0,10,0,0,0,0,0,0,0,0,(X),(X),(X),0,100.0,0.0,0.0,100.0,0.0,0.0,0.0,0.0,0.0,0.0,0.0,0.0,(X),(X),(X),0.0,0,0,0,0,0,0,0,0,0,0,0,0,(X),(X),(X),0,0.0,0.0,0.0,0.0,0.0,0.0,0.0,0.0,0.0,0.0,0.0,0.0,(X),(X),(X),0.0,19,136,136,19,136,136,136,136,136,136,136,136,(X),(X),(X),136,100.0,100.0,100.0,100.0,100.0,100.0,100.0,100.0,100.0,100.0,100.0,100.0,(X),(X),(X),100.0,19,136,136,19,136,136,136,136,136,136,136,136,(X),(X),(X),136,100.0,100.0,100.0,100.0,100.0,100.0,100.0,100.0,100.0,100.0,100.0,100.0,(X),(X),(X),100.0,136,136,136,136,136,136,136,136,136,136,136,136,(X),(X),(X),136,100.0,100.0,100.0,100.0,100.0,100.0,100.0,100.0,100.0,100.0,100.0,100.0,(X),(X),(X),100.0
9020000US3203,3203,"Lyon and Nearby Counties County Set, Nevada",1460,Mechanical engineers 1460 (SOC 17-2141),35,0,0,35,0,0,0,0,0,0,0,0,(X),(X),(X),0,100.0,0.0,0.0,100.0,0.0,0.0,0.0,0.0,0.0,0.0,0.0,0.0,(X),(X),(X),0.0,35,0,0,35,0,0,0,0,0,0,0,0,(X),(X),(X),0,100.0,0.0,0.0,100.0,0.0,0.0,0.0,0.0,0.0,0.0,0.0,0.0,(X),(X),(X),0.0,0,0,0,0,0,0,0,0,0,0,0,0,(X),(X),(X),0,0.0,0.0,0.0,0.0,0.0,0.0,0.0,0.0,0.0,0.0,0.0,0.0,(X),(X),(X),0.0,44,136,136,44,136,136,136,136,136,136,136,136,(X),(X),(X),136,57.3,57.3,57.3,57.3,57.3,57.3,57.3,57.3,57.3,57.3,57.3,57.3,(X),(X),(X),57.3,44,136,136,44,136,136,136,136,136,136,136,136,(X),(X),(X),136,57.3,57.3,57.3,57.3,57.3,57.3,57.3,57.3,57.3,57.3,57.3,57.3,(X),(X),(X),57.3,136,136,136,136,136,136,136,136,136,136,136,136,(X),(X),(X),136,57.3,57.3,57.3,57.3,57.3,57.3,57.3,57.3,57.3,57.3,57.3,57.3,(X),(X),(X),57.3
9020000US3203,3203,"Lyon and Nearby Counties County Set, Nevada",1520,"Petroleum, mining and geological engineers, including mining safety engineers 1520 (SOC 17-21XX)",10,0,0,10,0,0,0,0,0,0,0,0,(X),(X),(X),0,100.0,0.0,0.0,100.0,0.0,0.0,0.0,0.0,0.0,0.0,0.0,0.0,(X),(X),(X),0.0,10,0,0,10,0,0,0,0,0,0,0,0,(X),(X),(X),0,100.0,0.0,0.0,100.0,0.0,0.0,0.0,0.0,0.0,0.0,0.0,0.0,(X),(X),(X),0.0,0,0,0,0,0,0,0,0,0,0,0,0,(X),(X),(X),0,0.0,0.0,0.0,0.0,0.0,0.0,0.0,0.0,0.0,0.0,0.0,0.0,(X),(X),(X),0.0,13,136,136,13,136,136,136,136,136,136,136,136,(X),(X),(X),136,100.0,100.0,100.0,100.0,100.0,100.0,100.0,100.0,100.0,100.0,100.0,100.0,(X),(X),(X),100.0,13,136,136,13,136,136,136,136,136,136,136,136,(X),(X),(X),136,100.0,100.0,100.0,100.0,100.0,100.0,100.0,100.0,100.0,100.0,100.0,100.0,(X),(X),(X),100.0,136,136,136,136,136,136,136,136,136,136,136,136,(X),(X),(X),136,100.0,100.0,100.0,100.0,100.0,100.0,100.0,100.0,100.0,100.0,100.0,100.0,(X),(X),(X),100.0
9020000US3203,3203,"Lyon and Nearby Counties County Set, Nevada",1530,"Miscellaneous engineers, including nuclear engineers 1530 (SOC 17-21YY)",15,0,0,15,0,0,0,0,0,0,0,0,(X),(X),(X),0,100.0,0.0,0.0,100.0,0.0,0.0,0.0,0.0,0.0,0.0,0.0,0.0,(X),(X),(X),0.0,15,0,0,15,0,0,0,0,0,0,0,0,(X),(X),(X),0,100.0,0.0,0.0,100.0,0.0,0.0,0.0,0.0,0.0,0.0,0.0,0.0,(X),(X),(X),0.0,0,0,0,0,0,0,0,0,0,0,0,0,(X),(X),(X),0,0.0,0.0,0.0,0.0,0.0,0.0,0.0,0.0,0.0,0.0,0.0,0.0,(X),(X),(X),0.0,28,136,136,28,136,136,136,136,136,136,136,136,(X),(X),(X),136,87.6,87.6,87.6,87.6,87.6,87.6,87.6,87.6,87.6,87.6,87.6,87.6,(X),(X),(X),87.6,28,136,136,28,136,136,136,136,136,136,136,136,(X),(X),(X),136,87.6,87.6,87.6,87.6,87.6,87.6,87.6,87.6,87.6,87.6,87.6,87.6,(X),(X),(X),87.6,136,136,136,136,136,136,136,136,136,136,136,136,(X),(X),(X),136,87.6,87.6,87.6,87.6,87.6,87.6,87.6,87.6,87.6,87.6,87.6,87.6,(X),(X),(X),87.6
9020000US3203,3203,"Lyon and Nearby Counties County Set, Nevada",1540,Drafters 1540 (SOC 17-3010),95,0,0,95,0,0,0,0,0,0,0,0,(X),(X),(X),0,100.0,0.0,0.0,100.0,0.0,0.0,0.0,0.0,0.0,0.0,0.0,0.0,(X),(X),(X),0.0,95,0,0,95,0,0,0,0,0,0,0,0,(X),(X),(X),0,100.0,0.0,0.0,100.0,0.0,0.0,0.0,0.0,0.0,0.0,0.0,0.0,(X),(X),(X),0.0,0,0,0,0,0,0,0,0,0,0,0,0,(X),(X),(X),0,0.0,0.0,0.0,0.0,0.0,0.0,0.0,0.0,0.0,0.0,0.0,0.0,(X),(X),(X),0.0,72,136,136,72,136,136,136,136,136,136,136,136,(X),(X),(X),136,34.2,34.2,34.2,34.2,34.2,34.2,34.2,34.2,34.2,34.2,34.2,34.2,(X),(X),(X),34.2,72,136,136,72,136,136,136,136,136,136,136,136,(X),(X),(X),136,34.2,34.2,34.2,34.2,34.2,34.2,34.2,34.2,34.2,34.2,34.2,34.2,(X),(X),(X),34.2,136,136,136,136,136,136,136,136,136,136,136,136,(X),(X),(X),136,34.2,34.2,34.2,34.2,34.2,34.2,34.2,34.2,34.2,34.2,34.2,34.2,(X),(X),(X),34.2
9020000US3203,3203,"Lyon and Nearby Counties County Set, Nevada",1550,"Engineering technicians, except drafters 1550 (SOC 17-3020)",140,0,0,140,0,0,0,0,0,0,0,0,(X),(X),(X),0,100.0,0.0,0.0,100.0,0.0,0.0,0.0,0.0,0.0,0.0,0.0,0.0,(X),(X),(X),0.0,135,0,0,135,0,0,0,0,0,0,0,0,(X),(X),(X),0,96.4,0.0,0.0,96.4,0.0,0.0,0.0,0.0,0.0,0.0,0.0,0.0,(X),(X),(X),0.0,4,0,0,4,0,0,0,0,0,0,0,0,(X),(X),(X),0,2.9,0.0,0.0,2.9,0.0,0.0,0.0,0.0,0.0,0.0,0.0,0.0,(X),(X),(X),0.0,90,136,136,90,136,136,136,136,136,136,136,136,(X),(X),(X),136,25.7,25.7,25.7,25.7,25.7,25.7,25.7,25.7,25.7,25.7,25.7,25.7,(X),(X),(X),25.7,89,136,136,89,136,136,136,136,136,136,136,136,(X),(X),(X),136,7.1,25.7,25.7,7.1,25.7,25.7,25.7,25.7,25.7,25.7,25.7,25.7,(X),(X),(X),25.7,8,136,136,8,136,136,136,136,136,136,136,136,(X),(X),(X),136,5.7,25.7,25.7,5.7,25.7,25.7,25.7,25.7,25.7,25.7,25.7,25.7,(X),(X),(X),25.7
9020000US3203,3203,"Lyon and Nearby Counties County Set, Nevada",1560,Surveying and mapping technicians 1560 (SOC 17-3031),15,0,0,15,0,0,0,0,0,0,0,0,(X),(X),(X),0,100.0,0.0,0.0,100.0,0.0,0.0,0.0,0.0,0.0,0.0,0.0,0.0,(X),(X),(X),0.0,0,0,0,0,0,0,0,0,0,0,0,0,(X),(X),(X),0,0.0,0.0,0.0,0.0,0.0,0.0,0.0,0.0,0.0,0.0,0.0,0.0,(X),(X),(X),0.0,15,0,0,15,0,0,0,0,0,0,0,0,(X),(X),(X),0,100.0,0.0,0.0,100.0,0.0,0.0,0.0,0.0,0.0,0.0,0.0,0.0,(X),(X),(X),0.0,22,136,136,22,136,136,136,136,136,136,136,136,(X),(X),(X),136,87.6,87.6,87.6,87.6,87.6,87.6,87.6,87.6,87.6,87.6,87.6,87.6,(X),(X),(X),87.6,136,136,136,136,136,136,136,136,136,136,136,136,(X),(X),(X),136,87.6,87.6,87.6,87.6,87.6,87.6,87.6,87.6,87.6,87.6,87.6,87.6,(X),(X),(X),87.6,22,136,136,22,136,136,136,136,136,136,136,136,(X),(X),(X),136,87.6,87.6,87.6,87.6,87.6,87.6,87.6,87.6,87.6,87.6,87.6,87.6,(X),(X),(X),87.6
9020000US3203,3203,"Lyon and Nearby Counties County Set, Nevada",1610,Biological scientists 1610 (SOC 19-1020),65,0,0,65,0,0,0,0,0,0,0,0,(X),(X),(X),0,100.0,0.0,0.0,100.0,0.0,0.0,0.0,0.0,0.0,0.0,0.0,0.0,(X),(X),(X),0.0,65,0,0,65,0,0,0,0,0,0,0,0,(X),(X),(X),0,100.0,0.0,0.0,100.0,0.0,0.0,0.0,0.0,0.0,0.0,0.0,0.0,(X),(X),(X),0.0,0,0,0,0,0,0,0,0,0,0,0,0,(X),(X),(X),0,0.0,0.0,0.0,0.0,0.0,0.0,0.0,0.0,0.0,0.0,0.0,0.0,(X),(X),(X),0.0,60,136,136,60,136,136,136,136,136,136,136,136,(X),(X),(X),136,42.1,42.1,42.1,42.1,42.1,42.1,42.1,42.1,42.1,42.1,42.1,42.1,(X),(X),(X),42.1,60,136,136,60,136,136,136,136,136,136,136,136,(X),(X),(X),136,42.1,42.1,42.1,42.1,42.1,42.1,42.1,42.1,42.1,42.1,42.1,42.1,(X),(X),(X),42.1,136,136,136,136,136,136,136,136,136,136,136,136,(X),(X),(X),136,42.1,42.1,42.1,42.1,42.1,42.1,42.1,42.1,42.1,42.1,42.1,42.1,(X),(X),(X),42.1
9020000US3203,3203,"Lyon and Nearby Counties County Set, Nevada",1720,Chemists and materials scientists 1720 (SOC 19-2030),50,0,0,50,0,0,0,0,0,0,0,0,(X),(X),(X),0,100.0,0.0,0.0,100.0,0.0,0.0,0.0,0.0,0.0,0.0,0.0,0.0,(X),(X),(X),0.0,0,0,0,0,0,0,0,0,0,0,0,0,(X),(X),(X),0,0.0,0.0,0.0,0.0,0.0,0.0,0.0,0.0,0.0,0.0,0.0,0.0,(X),(X),(X),0.0,50,0,0,50,0,0,0,0,0,0,0,0,(X),(X),(X),0,100.0,0.0,0.0,100.0,0.0,0.0,0.0,0.0,0.0,0.0,0.0,0.0,(X),(X),(X),0.0,81,136,136,81,136,136,136,136,136,136,136,136,(X),(X),(X),136,48.0,48.0,48.0,48.0,48.0,48.0,48.0,48.0,48.0,48.0,48.0,48.0,(X),(X),(X),48.0,136,136,136,136,136,136,136,136,136,136,136,136,(X),(X),(X),136,48.0,48.0,48.0,48.0,48.0,48.0,48.0,48.0,48.0,48.0,48.0,48.0,(X),(X),(X),48.0,81,136,136,81,136,136,136,136,136,136,136,136,(X),(X),(X),136,48.0,48.0,48.0,48.0,48.0,48.0,48.0,48.0,48.0,48.0,48.0,48.0,(X),(X),(X),48.0
9020000US3203,3203,"Lyon and Nearby Counties County Set, Nevada",1740,Environmental scientists and geoscientists 1740 (SOC 19-2040),35,0,0,0,0,10,20,0,0,0,0,0,(X),(X),(X),0,100.0,0.0,0.0,0.0,0.0,28.6,57.1,0.0,0.0,0.0,0.0,0.0,(X),(X),(X),0.0,10,0,0,0,0,10,0,0,0,0,0,0,(X),(X),(X),0,28.6,0.0,0.0,0.0,0.0,28.6,0.0,0.0,0.0,0.0,0.0,0.0,(X),(X),(X),0.0,20,0,0,0,0,0,20,0,0,0,0,0,(X),(X),(X),0,57.1,0.0,0.0,0.0,0.0,0.0,57.1,0.0,0.0,0.0,0.0,0.0,(X),(X),(X),0.0,43,136,136,136,136,21,37,136,136,136,136,136,(X),(X),(X),136,57.3,57.3,57.3,57.3,57.3,68.2,57.1,57.3,57.3,57.3,57.3,57.3,(X),(X),(X),57.3,21,136,136,136,136,21,136,136,136,136,136,136,(X),(X),(X),136,68.2,57.3,57.3,57.3,57.3,68.2,57.3,57.3,57.3,57.3,57.3,57.3,(X),(X),(X),57.3,37,136,136,136,136,136,37,136,136,136,136,136,(X),(X),(X),136,57.1,57.3,57.3,57.3,57.3,57.3,57.1,57.3,57.3,57.3,57.3,57.3,(X),(X),(X),57.3
9020000US3203,3203,"Lyon and Nearby Counties County Set, Nevada",1820,Psychologists 1820 (SOC 19-3030),40,0,0,40,0,0,0,0,0,0,0,0,(X),(X),(X),0,100.0,0.0,0.0,100.0,0.0,0.0,0.0,0.0,0.0,0.0,0.0,0.0,(X),(X),(X),0.0,25,0,0,25,0,0,0,0,0,0,0,0,(X),(X),(X),0,62.5,0.0,0.0,62.5,0.0,0.0,0.0,0.0,0.0,0.0,0.0,0.0,(X),(X),(X),0.0,15,0,0,15,0,0,0,0,0,0,0,0,(X),(X),(X),0,37.5,0.0,0.0,37.5,0.0,0.0,0.0,0.0,0.0,0.0,0.0,0.0,(X),(X),(X),0.0,42,136,136,42,136,136,136,136,136,136,136,136,(X),(X),(X),136,53.6,53.6,53.6,53.6,53.6,53.6,53.6,53.6,53.6,53.6,53.6,53.6,(X),(X),(X),53.6,29,136,136,29,136,136,136,136,136,136,136,136,(X),(X),(X),136,54.7,53.6,53.6,54.7,53.6,53.6,53.6,53.6,53.6,53.6,53.6,53.6,(X),(X),(X),53.6,32,136,136,32,136,136,136,136,136,136,136,136,(X),(X),(X),136,58.2,53.6,53.6,58.2,53.6,53.6,53.6,53.6,53.6,53.6,53.6,53.6,(X),(X),(X),53.6
9020000US3203,3203,"Lyon and Nearby Counties County Set, Nevada",1860,"Miscellaneous social scientists, including survey researchers and sociologists 1860 (SOC 19-30XX)",15,0,0,15,0,0,0,0,0,0,0,0,(X),(X),(X),0,100.0,0.0,0.0,100.0,0.0,0.0,0.0,0.0,0.0,0.0,0.0,0.0,(X),(X),(X),0.0,0,0,0,0,0,0,0,0,0,0,0,0,(X),(X),(X),0,0.0,0.0,0.0,0.0,0.0,0.0,0.0,0.0,0.0,0.0,0.0,0.0,(X),(X),(X),0.0,15,0,0,15,0,0,0,0,0,0,0,0,(X),(X),(X),0,100.0,0.0,0.0,100.0,0.0,0.0,0.0,0.0,0.0,0.0,0.0,0.0,(X),(X),(X),0.0,30,136,136,30,136,136,136,136,136,136,136,136,(X),(X),(X),136,87.6,87.6,87.6,87.6,87.6,87.6,87.6,87.6,87.6,87.6,87.6,87.6,(X),(X),(X),87.6,136,136,136,136,136,136,136,136,136,136,136,136,(X),(X),(X),136,87.6,87.6,87.6,87.6,87.6,87.6,87.6,87.6,87.6,87.6,87.6,87.6,(X),(X),(X),87.6,30,136,136,30,136,136,136,136,136,136,136,136,(X),(X),(X),136,87.6,87.6,87.6,87.6,87.6,87.6,87.6,87.6,87.6,87.6,87.6,87.6,(X),(X),(X),87.6
9020000US3203,3203,"Lyon and Nearby Counties County Set, Nevada",1930,"Geological and petroleum technicians, and nuclear technicians 1930 (SOC 19-40XX)",45,0,0,45,0,0,0,0,0,0,0,0,(X),(X),(X),0,100.0,0.0,0.0,100.0,0.0,0.0,0.0,0.0,0.0,0.0,0.0,0.0,(X),(X),(X),0.0,0,0,0,0,0,0,0,0,0,0,0,0,(X),(X),(X),0,0.0,0.0,0.0,0.0,0.0,0.0,0.0,0.0,0.0,0.0,0.0,0.0,(X),(X),(X),0.0,45,0,0,45,0,0,0,0,0,0,0,0,(X),(X),(X),0,100.0,0.0,0.0,100.0,0.0,0.0,0.0,0.0,0.0,0.0,0.0,0.0,(X),(X),(X),0.0,61,136,136,61,136,136,136,136,136,136,136,136,(X),(X),(X),136,50.6,50.6,50.6,50.6,50.6,50.6,50.6,50.6,50.6,50.6,50.6,50.6,(X),(X),(X),50.6,136,136,136,136,136,136,136,136,136,136,136,136,(X),(X),(X),136,50.6,50.6,50.6,50.6,50.6,50.6,50.6,50.6,50.6,50.6,50.6,50.6,(X),(X),(X),50.6,61,136,136,61,136,136,136,136,136,136,136,136,(X),(X),(X),136,50.6,50.6,50.6,50.6,50.6,50.6,50.6,50.6,50.6,50.6,50.6,50.6,(X),(X),(X),50.6
9020000US3203,3203,"Lyon and Nearby Counties County Set, Nevada",1965,"Miscellaneous life, physical, and social science technicians, including social science research assistants 1965 (SOC 19-40YY)",20,0,0,20,0,0,0,0,0,0,0,0,(X),(X),(X),0,100.0,0.0,0.0,100.0,0.0,0.0,0.0,0.0,0.0,0.0,0.0,0.0,(X),(X),(X),0.0,0,0,0,0,0,0,0,0,0,0,0,0,(X),(X),(X),0,0.0,0.0,0.0,0.0,0.0,0.0,0.0,0.0,0.0,0.0,0.0,0.0,(X),(X),(X),0.0,20,0,0,20,0,0,0,0,0,0,0,0,(X),(X),(X),0,100.0,0.0,0.0,100.0,0.0,0.0,0.0,0.0,0.0,0.0,0.0,0.0,(X),(X),(X),0.0,30,136,136,30,136,136,136,136,136,136,136,136,(X),(X),(X),136,75.8,75.8,75.8,75.8,75.8,75.8,75.8,75.8,75.8,75.8,75.8,75.8,(X),(X),(X),75.8,136,136,136,136,136,136,136,136,136,136,136,136,(X),(X),(X),136,75.8,75.8,75.8,75.8,75.8,75.8,75.8,75.8,75.8,75.8,75.8,75.8,(X),(X),(X),75.8,30,136,136,30,136,136,136,136,136,136,136,136,(X),(X),(X),136,75.8,75.8,75.8,75.8,75.8,75.8,75.8,75.8,75.8,75.8,75.8,75.8,(X),(X),(X),75.8
9020000US3203,3203,"Lyon and Nearby Counties County Set, Nevada",2000,Counselors 2000 (SOC 21-1010),185,0,0,185,0,0,0,0,0,0,0,0,(X),(X),(X),0,100.0,0.0,0.0,100.0,0.0,0.0,0.0,0.0,0.0,0.0,0.0,0.0,(X),(X),(X),0.0,35,0,0,35,0,0,0,0,0,0,0,0,(X),(X),(X),0,18.9,0.0,0.0,18.9,0.0,0.0,0.0,0.0,0.0,0.0,0.0,0.0,(X),(X),(X),0.0,150,0,0,150,0,0,0,0,0,0,0,0,(X),(X),(X),0,81.1,0.0,0.0,81.1,0.0,0.0,0.0,0.0,0.0,0.0,0.0,0.0,(X),(X),(X),0.0,107,136,136,107,136,136,136,136,136,136,136,136,(X),(X),(X),136,20.4,20.4,20.4,20.4,20.4,20.4,20.4,20.4,20.4,20.4,20.4,20.4,(X),(X),(X),20.4,44,136,136,44,136,136,136,136,136,136,136,136,(X),(X),(X),136,24.8,20.4,20.4,24.8,20.4,20.4,20.4,20.4,20.4,20.4,20.4,20.4,(X),(X),(X),20.4,106,136,136,106,136,136,136,136,136,136,136,136,(X),(X),(X),136,24.9,20.4,20.4,24.9,20.4,20.4,20.4,20.4,20.4,20.4,20.4,20.4,(X),(X),(X),20.4
9020000US3203,3203,"Lyon and Nearby Counties County Set, Nevada",2010,Social workers 2010 (SOC 21-1020),205,0,0,195,0,10,0,0,0,0,0,0,(X),(X),(X),0,100.0,0.0,0.0,95.1,0.0,4.9,0.0,0.0,0.0,0.0,0.0,0.0,(X),(X),(X),0.0,15,0,0,15,0,4,0,0,0,0,0,0,(X),(X),(X),0,7.3,0.0,0.0,7.3,0.0,2.0,0.0,0.0,0.0,0.0,0.0,0.0,(X),(X),(X),0.0,190,0,0,180,0,10,0,0,0,0,0,0,(X),(X),(X),0,92.7,0.0,0.0,87.8,0.0,4.9,0.0,0.0,0.0,0.0,0.0,0.0,(X),(X),(X),0.0,124,136,136,122,136,13,136,136,136,136,136,136,(X),(X),(X),136,18.6,18.6,18.6,7.7,18.6,7.0,18.6,18.6,18.6,18.6,18.6,18.6,(X),(X),(X),18.6,32,136,136,30,136,4,136,136,136,136,136,136,(X),(X),(X),136,16.9,18.6,18.6,15.5,18.6,2.4,18.6,18.6,18.6,18.6,18.6,18.6,(X),(X),(X),18.6,122,136,136,121,136,13,136,136,136,136,136,136,(X),(X),(X),136,16.1,18.6,18.6,16.9,18.6,7.0,18.6,18.6,18.6,18.6,18.6,18.6,(X),(X),(X),18.6
9020000US3203,3203,"Lyon and Nearby Counties County Set, Nevada",2015,Probation officers and correctional treatment specialists 2015 (SOC 21-1092),90,0,0,90,0,0,0,0,0,0,0,0,(X),(X),(X),0,100.0,0.0,0.0,100.0,0.0,0.0,0.0,0.0,0.0,0.0,0.0,0.0,(X),(X),(X),0.0,90,0,0,90,0,0,0,0,0,0,0,0,(X),(X),(X),0,100.0,0.0,0.0,100.0,0.0,0.0,0.0,0.0,0.0,0.0,0.0,0.0,(X),(X),(X),0.0,0,0,0,0,0,0,0,0,0,0,0,0,(X),(X),(X),0,0.0,0.0,0.0,0.0,0.0,0.0,0.0,0.0,0.0,0.0,0.0,0.0,(X),(X),(X),0.0,85,136,136,85,136,136,136,136,136,136,136,136,(X),(X),(X),136,35.4,35.4,35.4,35.4,35.4,35.4,35.4,35.4,35.4,35.4,35.4,35.4,(X),(X),(X),35.4,85,136,136,85,136,136,136,136,136,136,136,136,(X),(X),(X),136,35.4,35.4,35.4,35.4,35.4,35.4,35.4,35.4,35.4,35.4,35.4,35.4,(X),(X),(X),35.4,136,136,136,136,136,136,136,136,136,136,136,136,(X),(X),(X),136,35.4,35.4,35.4,35.4,35.4,35.4,35.4,35.4,35.4,35.4,35.4,35.4,(X),(X),(X),35.4
9020000US3203,3203,"Lyon and Nearby Counties County Set, Nevada",2016,Social and human service assistants 2016 (SOC 21-1093),125,0,40,90,0,0,0,0,0,0,0,0,(X),(X),(X),0,100.0,0.0,32.0,72.0,0.0,0.0,0.0,0.0,0.0,0.0,0.0,0.0,(X),(X),(X),0.0,10,0,0,10,0,0,0,0,0,0,0,0,(X),(X),(X),0,8.0,0.0,0.0,8.0,0.0,0.0,0.0,0.0,0.0,0.0,0.0,0.0,(X),(X),(X),0.0,115,0,40,75,0,0,0,0,0,0,0,0,(X),(X),(X),0,92.0,0.0,32.0,60.0,0.0,0.0,0.0,0.0,0.0,0.0,0.0,0.0,(X),(X),(X),0.0,75,136,40,62,136,136,136,136,136,136,136,136,(X),(X),(X),136,28.1,28.1,29.5,29.5,28.1,28.1,28.1,28.1,28.1,28.1,28.1,28.1,(X),(X),(X),28.1,21,136,136,21,136,136,136,136,136,136,136,136,(X),(X),(X),136,19.4,28.1,28.1,19.4,28.1,28.1,28.1,28.1,28.1,28.1,28.1,28.1,(X),(X),(X),28.1,81,136,40,70,136,136,136,136,136,136,136,136,(X),(X),(X),136,18.9,28.1,29.5,34.1,28.1,28.1,28.1,28.1,28.1,28.1,28.1,28.1,(X),(X),(X),28.1
9020000US3203,3203,"Lyon and Nearby Counties County Set, Nevada",2025,"Miscellaneous community and social service specialists, including health educators and community health workers 2025 (SOC 21-109X)",20,0,0,20,0,4,0,0,0,0,0,0,(X),(X),(X),0,100.0,0.0,0.0,100.0,0.0,20.0,0.0,0.0,0.0,0.0,0.0,0.0,(X),(X),(X),0.0,10,0,0,10,0,4,0,0,0,0,0,0,(X),(X),(X),0,50.0,0.0,0.0,50.0,0.0,20.0,0.0,0.0,0.0,0.0,0.0,0.0,(X),(X),(X),0.0,10,0,0,10,0,0,0,0,0,0,0,0,(X),(X),(X),0,50.0,0.0,0.0,50.0,0.0,0.0,0.0,0.0,0.0,0.0,0.0,0.0,(X),(X),(X),0.0,22,136,136,19,136,5,136,136,136,136,136,136,(X),(X),(X),136,75.8,75.8,75.8,75.8,75.8,25.0,75.8,75.8,75.8,75.8,75.8,75.8,(X),(X),(X),75.8,18,136,136,14,136,5,136,136,136,136,136,136,(X),(X),(X),136,50.0,75.8,75.8,50.0,75.8,25.0,75.8,75.8,75.8,75.8,75.8,75.8,(X),(X),(X),75.8,16,136,136,16,136,136,136,136,136,136,136,136,(X),(X),(X),136,50.0,75.8,75.8,50.0,75.8,75.8,75.8,75.8,75.8,75.8,75.8,75.8,(X),(X),(X),75.8
9020000US3203,3203,"Lyon and Nearby Counties County Set, Nevada",2040,Clergy 2040 (SOC 21-2011),180,80,0,100,0,0,0,0,0,0,0,0,(X),(X),(X),0,100.0,44.4,0.0,55.6,0.0,0.0,0.0,0.0,0.0,0.0,0.0,0.0,(X),(X),(X),0.0,180,80,0,100,0,0,0,0,0,0,0,0,(X),(X),(X),0,100.0,44.4,0.0,55.6,0.0,0.0,0.0,0.0,0.0,0.0,0.0,0.0,(X),(X),(X),0.0,0,0,0,0,0,0,0,0,0,0,0,0,(X),(X),(X),0,0.0,0.0,0.0,0.0,0.0,0.0,0.0,0.0,0.0,0.0,0.0,0.0,(X),(X),(X),0.0,116,88,136,79,136,136,136,136,136,136,136,136,(X),(X),(X),136,20.8,37.1,20.8,36.9,20.8,20.8,20.8,20.8,20.8,20.8,20.8,20.8,(X),(X),(X),20.8,116,88,136,79,136,136,136,136,136,136,136,136,(X),(X),(X),136,20.8,37.1,20.8,36.9,20.8,20.8,20.8,20.8,20.8,20.8,20.8,20.8,(X),(X),(X),20.8,136,136,136,136,136,136,136,136,136,136,136,136,(X),(X),(X),136,20.8,20.8,20.8,20.8,20.8,20.8,20.8,20.8,20.8,20.8,20.8,20.8,(X),(X),(X),20.8
9020000US3203,3203,"Lyon and Nearby Counties County Set, Nevada",2060,"Religious workers, all other 2060 (SOC 21-2099)",35,0,0,35,0,0,0,0,0,0,0,0,(X),(X),(X),0,100.0,0.0,0.0,100.0,0.0,0.0,0.0,0.0,0.0,0.0,0.0,0.0,(X),(X),(X),0.0,0,0,0,0,0,0,0,0,0,0,0,0,(X),(X),(X),0,0.0,0.0,0.0,0.0,0.0,0.0,0.0,0.0,0.0,0.0,0.0,0.0,(X),(X),(X),0.0,35,0,0,35,0,0,0,0,0,0,0,0,(X),(X),(X),0,100.0,0.0,0.0,100.0,0.0,0.0,0.0,0.0,0.0,0.0,0.0,0.0,(X),(X),(X),0.0,54,136,136,54,136,136,136,136,136,136,136,136,(X),(X),(X),136,57.3,57.3,57.3,57.3,57.3,57.3,57.3,57.3,57.3,57.3,57.3,57.3,(X),(X),(X),57.3,136,136,136,136,136,136,136,136,136,136,136,136,(X),(X),(X),136,57.3,57.3,57.3,57.3,57.3,57.3,57.3,57.3,57.3,57.3,57.3,57.3,(X),(X),(X),57.3,54,136,136,54,136,136,136,136,136,136,136,136,(X),(X),(X),136,57.3,57.3,57.3,57.3,57.3,57.3,57.3,57.3,57.3,57.3,57.3,57.3,(X),(X),(X),57.3
9020000US3203,3203,"Lyon and Nearby Counties County Set, Nevada",2100,"Lawyers, and judges, magistrates, and other judicial workers 2100 (SOC 23-10XX)",200,25,25,150,0,0,0,0,0,0,0,0,(X),(X),(X),0,100.0,12.5,12.5,75.0,0.0,0.0,0.0,0.0,0.0,0.0,0.0,0.0,(X),(X),(X),0.0,180,25,25,125,0,0,0,0,0,0,0,0,(X),(X),(X),0,90.0,12.5,12.5,62.5,0.0,0.0,0.0,0.0,0.0,0.0,0.0,0.0,(X),(X),(X),0.0,20,0,0,20,0,0,0,0,0,0,0,0,(X),(X),(X),0,10.0,0.0,0.0,10.0,0.0,0.0,0.0,0.0,0.0,0.0,0.0,0.0,(X),(X),(X),0.0,106,47,46,79,136,136,136,136,136,136,136,136,(X),(X),(X),136,19.0,20.8,20.8,24.5,19.0,19.0,19.0,19.0,19.0,19.0,19.0,19.0,(X),(X),(X),19.0,94,47,46,82,136,136,136,136,136,136,136,136,(X),(X),(X),136,16.1,20.8,20.8,35.3,19.0,19.0,19.0,19.0,19.0,19.0,19.0,19.0,(X),(X),(X),19.0,35,136,136,35,136,136,136,136,136,136,136,136,(X),(X),(X),136,16.2,19.0,19.0,16.2,19.0,19.0,19.0,19.0,19.0,19.0,19.0,19.0,(X),(X),(X),19.0
9020000US3203,3203,"Lyon and Nearby Counties County Set, Nevada",2145,Paralegals and legal assistants 2145 (SOC 23-2011),75,0,0,75,0,0,0,0,0,0,0,0,(X),(X),(X),0,100.0,0.0,0.0,100.0,0.0,0.0,0.0,0.0,0.0,0.0,0.0,0.0,(X),(X),(X),0.0,0,0,0,0,0,0,0,0,0,0,0,0,(X),(X),(X),0,0.0,0.0,0.0,0.0,0.0,0.0,0.0,0.0,0.0,0.0,0.0,0.0,(X),(X),(X),0.0,75,0,0,75,0,0,0,0,0,0,0,0,(X),(X),(X),0,100.0,0.0,0.0,100.0,0.0,0.0,0.0,0.0,0.0,0.0,0.0,0.0,(X),(X),(X),0.0,95,136,136,95,136,136,136,136,136,136,136,136,(X),(X),(X),136,39.2,39.2,39.2,39.2,39.2,39.2,39.2,39.2,39.2,39.2,39.2,39.2,(X),(X),(X),39.2,136,136,136,136,136,136,136,136,136,136,136,136,(X),(X),(X),136,39.2,39.2,39.2,39.2,39.2,39.2,39.2,39.2,39.2,39.2,39.2,39.2,(X),(X),(X),39.2,95,136,136,95,136,136,136,136,136,136,136,136,(X),(X),(X),136,39.2,39.2,39.2,39.2,39.2,39.2,39.2,39.2,39.2,39.2,39.2,39.2,(X),(X),(X),39.2
9020000US3203,3203,"Lyon and Nearby Counties County Set, Nevada",2160,Miscellaneous legal support workers 2160 (SOC 23-2090),60,0,0,60,0,0,0,0,0,0,0,0,(X),(X),(X),0,100.0,0.0,0.0,100.0,0.0,0.0,0.0,0.0,0.0,0.0,0.0,0.0,(X),(X),(X),0.0,10,0,0,10,0,0,0,0,0,0,0,0,(X),(X),(X),0,16.7,0.0,0.0,16.7,0.0,0.0,0.0,0.0,0.0,0.0,0.0,0.0,(X),(X),(X),0.0,45,0,0,45,0,0,0,0,0,0,0,0,(X),(X),(X),0,75.0,0.0,0.0,75.0,0.0,0.0,0.0,0.0,0.0,0.0,0.0,0.0,(X),(X),(X),0.0,66,136,136,66,136,136,136,136,136,136,136,136,(X),(X),(X),136,43.8,43.8,43.8,43.8,43.8,43.8,43.8,43.8,43.8,43.8,43.8,43.8,(X),(X),(X),43.8,21,136,136,21,136,136,136,136,136,136,136,136,(X),(X),(X),136,46.3,43.8,43.8,46.3,43.8,43.8,43.8,43.8,43.8,43.8,43.8,43.8,(X),(X),(X),43.8,64,136,136,64,136,136,136,136,136,136,136,136,(X),(X),(X),136,44.6,43.8,43.8,44.6,43.8,43.8,43.8,43.8,43.8,43.8,43.8,43.8,(X),(X),(X),43.8
9020000US3203,3203,"Lyon and Nearby Counties County Set, Nevada",2200,Postsecondary teachers 2200 (SOC 25-1000),95,0,0,95,0,0,0,0,0,0,0,0,(X),(X),(X),0,100.0,0.0,0.0,100.0,0.0,0.0,0.0,0.0,0.0,0.0,0.0,0.0,(X),(X),(X),0.0,15,0,0,15,0,0,0,0,0,0,0,0,(X),(X),(X),0,15.8,0.0,0.0,15.8,0.0,0.0,0.0,0.0,0.0,0.0,0.0,0.0,(X),(X),(X),0.0,80,0,0,80,0,0,0,0,0,0,0,0,(X),(X),(X),0,84.2,0.0,0.0,84.2,0.0,0.0,0.0,0.0,0.0,0.0,0.0,0.0,(X),(X),(X),0.0,63,136,136,63,136,136,136,136,136,136,136,136,(X),(X),(X),136,34.2,34.2,34.2,34.2,34.2,34.2,34.2,34.2,34.2,34.2,34.2,34.2,(X),(X),(X),34.2,23,136,136,23,136,136,136,136,136,136,136,136,(X),(X),(X),136,24.1,34.2,34.2,24.1,34.2,34.2,34.2,34.2,34.2,34.2,34.2,34.2,(X),(X),(X),34.2,59,136,136,59,136,136,136,136,136,136,136,136,(X),(X),(X),136,23.6,34.2,34.2,23.6,34.2,34.2,34.2,34.2,34.2,34.2,34.2,34.2,(X),(X),(X),34.2
9020000US3203,3203,"Lyon and Nearby Counties County Set, Nevada",2300,Preschool and kindergarten teachers 2300 (SOC 25-2010),130,85,0,45,0,4,0,0,0,0,0,0,(X),(X),(X),0,100.0,65.4,0.0,34.6,0.0,3.1,0.0,0.0,0.0,0.0,0.0,0.0,(X),(X),(X),0.0,0,0,0,0,0,0,0,0,0,0,0,0,(X),(X),(X),0,0.0,0.0,0.0,0.0,0.0,0.0,0.0,0.0,0.0,0.0,0.0,0.0,(X),(X),(X),0.0,130,85,0,45,0,4,0,0,0,0,0,0,(X),(X),(X),0,100.0,65.4,0.0,34.6,0.0,3.1,0.0,0.0,0.0,0.0,0.0,0.0,(X),(X),(X),0.0,116,105,136,44,136,5,136,136,136,136,136,136,(X),(X),(X),136,27.3,39.4,27.3,37.7,27.3,4.7,27.3,27.3,27.3,27.3,27.3,27.3,(X),(X),(X),27.3,136,136,136,136,136,136,136,136,136,136,136,136,(X),(X),(X),136,27.3,27.3,27.3,27.3,27.3,27.3,27.3,27.3,27.3,27.3,27.3,27.3,(X),(X),(X),27.3,116,105,136,44,136,5,136,136,136,136,136,136,(X),(X),(X),136,27.3,39.4,27.3,37.7,27.3,4.7,27.3,27.3,27.3,27.3,27.3,27.3,(X),(X),(X),27.3
9020000US3203,3203,"Lyon and Nearby Counties County Set, Nevada",2310,Elementary and middle school teachers 2310 (SOC 25-2020),1070,0,0,1035,0,10,0,0,0,20,0,0,(X),(X),(X),0,100.0,0.0,0.0,96.7,0.0,0.9,0.0,0.0,0.0,1.9,0.0,0.0,(X),(X),(X),0.0,145,0,0,125,0,0,0,0,0,20,0,0,(X),(X),(X),0,13.6,0.0,0.0,11.7,0.0,0.0,0.0,0.0,0.0,1.9,0.0,0.0,(X),(X),(X),0.0,920,0,0,910,0,10,0,0,0,4,0,0,(X),(X),(X),0,86.0,0.0,0.0,85.0,0.0,0.9,0.0,0.0,0.0,0.4,0.0,0.0,(X),(X),(X),0.0,341,136,136,342,136,17,136,136,136,33,136,136,(X),(X),(X),136,3.9,3.9,3.9,3.7,3.9,1.6,3.9,3.9,3.9,3.2,3.9,3.9,(X),(X),(X),3.9,72,136,136,65,136,136,136,136,136,33,136,136,(X),(X),(X),136,6.5,3.9,3.9,5.6,3.9,3.9,3.9,3.9,3.9,3.1,3.9,3.9,(X),(X),(X),3.9,318,136,136,318,136,17,136,136,136,136,136,136,(X),(X),(X),136,6.4,3.9,3.9,6.7,3.9,1.6,3.9,3.9,3.9,0.1,3.9,3.9,(X),(X),(X),3.9
9020000US3203,3203,"Lyon and Nearby Counties County Set, Nevada",2320,Secondary school teachers 2320 (SOC 25-2030),190,55,0,135,0,0,0,0,0,0,0,0,(X),(X),(X),0,100.0,28.9,0.0,71.1,0.0,0.0,0.0,0.0,0.0,0.0,0.0,0.0,(X),(X),(X),0.0,90,0,0,90,0,0,0,0,0,0,0,0,(X),(X),(X),0,47.4,0.0,0.0,47.4,0.0,0.0,0.0,0.0,0.0,0.0,0.0,0.0,(X),(X),(X),0.0,100,55,0,45,0,0,0,0,0,0,0,0,(X),(X),(X),0,52.6,28.9,0.0,23.7,0.0,0.0,0.0,0.0,0.0,0.0,0.0,0.0,(X),(X),(X),0.0,105,80,136,83,136,136,136,136,136,136,136,136,(X),(X),(X),136,19.9,37.1,19.9,37.0,19.9,19.9,19.9,19.9,19.9,19.9,19.9,19.9,(X),(X),(X),19.9,60,136,136,60,136,136,136,136,136,136,136,136,(X),(X),(X),136,29.8,19.9,19.9,29.8,19.9,19.9,19.9,19.9,19.9,19.9,19.9,19.9,(X),(X),(X),19.9,89,80,136,48,136,136,136,136,136,136,136,136,(X),(X),(X),136,30.3,37.1,19.9,23.3,19.9,19.9,19.9,19.9,19.9,19.9,19.9,19.9,(X),(X),(X),19.9
9020000US3203,3203,"Lyon and Nearby Counties County Set, Nevada",2330,Special education teachers 2330 (SOC 25-2050),10,0,0,0,0,10,0,0,0,0,0,0,(X),(X),(X),0,100.0,0.0,0.0,0.0,0.0,100.0,0.0,0.0,0.0,0.0,0.0,0.0,(X),(X),(X),0.0,0,0,0,0,0,0,0,0,0,0,0,0,(X),(X),(X),0,0.0,0.0,0.0,0.0,0.0,0.0,0.0,0.0,0.0,0.0,0.0,0.0,(X),(X),(X),0.0,10,0,0,0,0,10,0,0,0,0,0,0,(X),(X),(X),0,100.0,0.0,0.0,0.0,0.0,100.0,0.0,0.0,0.0,0.0,0.0,0.0,(X),(X),(X),0.0,16,136,136,136,136,16,136,136,136,136,136,136,(X),(X),(X),136,100.0,100.0,100.0,100.0,100.0,100.0,100.0,100.0,100.0,100.0,100.0,100.0,(X),(X),(X),100.0,136,136,136,136,136,136,136,136,136,136,136,136,(X),(X),(X),136,100.0,100.0,100.0,100.0,100.0,100.0,100.0,100.0,100.0,100.0,100.0,100.0,(X),(X),(X),100.0,16,136,136,136,136,16,136,136,136,136,136,136,(X),(X),(X),136,100.0,100.0,100.0,100.0,100.0,100.0,100.0,100.0,100.0,100.0,100.0,100.0,(X),(X),(X),100.0
9020000US3203,3203,"Lyon and Nearby Counties County Set, Nevada",2340,Other teachers and instructors 2340 (SOC 25-3000),140,0,0,130,0,4,0,0,0,4,0,0,(X),(X),(X),0,100.0,0.0,0.0,92.9,0.0,2.9,0.0,0.0,0.0,2.9,0.0,0.0,(X),(X),(X),0.0,70,0,0,65,0,0,0,0,0,4,0,0,(X),(X),(X),0,50.0,0.0,0.0,46.4,0.0,0.0,0.0,0.0,0.0,2.9,0.0,0.0,(X),(X),(X),0.0,70,0,0,65,0,4,0,0,0,0,0,0,(X),(X),(X),0,50.0,0.0,0.0,46.4,0.0,2.9,0.0,0.0,0.0,0.0,0.0,0.0,(X),(X),(X),0.0,80,136,136,75,136,8,136,136,136,19,136,136,(X),(X),(X),136,25.7,25.7,25.7,14.7,25.7,5.8,25.7,25.7,25.7,12.8,25.7,25.7,(X),(X),(X),25.7,52,136,136,49,136,136,136,136,136,19,136,136,(X),(X),(X),136,29.6,25.7,25.7,28.9,25.7,25.7,25.7,25.7,25.7,12.8,25.7,25.7,(X),(X),(X),25.7,63,136,136,62,136,8,136,136,136,136,136,136,(X),(X),(X),136,29.2,25.7,25.7,29.8,25.7,5.8,25.7,25.7,25.7,25.7,25.7,25.7,(X),(X),(X),25.7
9020000US3203,3203,"Lyon and Nearby Counties County Set, Nevada",2430,Librarians 2430 (SOC 25-4021),15,0,0,15,0,4,0,0,0,0,0,0,(X),(X),(X),0,100.0,0.0,0.0,100.0,0.0,26.7,0.0,0.0,0.0,0.0,0.0,0.0,(X),(X),(X),0.0,0,0,0,0,0,0,0,0,0,0,0,0,(X),(X),(X),0,0.0,0.0,0.0,0.0,0.0,0.0,0.0,0.0,0.0,0.0,0.0,0.0,(X),(X),(X),0.0,15,0,0,15,0,4,0,0,0,0,0,0,(X),(X),(X),0,100.0,0.0,0.0,100.0,0.0,26.7,0.0,0.0,0.0,0.0,0.0,0.0,(X),(X),(X),0.0,23,136,136,23,136,4,136,136,136,136,136,136,(X),(X),(X),136,87.6,87.6,87.6,87.6,87.6,73.3,87.6,87.6,87.6,87.6,87.6,87.6,(X),(X),(X),87.6,136,136,136,136,136,136,136,136,136,136,136,136,(X),(X),(X),136,87.6,87.6,87.6,87.6,87.6,87.6,87.6,87.6,87.6,87.6,87.6,87.6,(X),(X),(X),87.6,23,136,136,23,136,4,136,136,136,136,136,136,(X),(X),(X),136,87.6,87.6,87.6,87.6,87.6,73.3,87.6,87.6,87.6,87.6,87.6,87.6,(X),(X),(X),87.6
9020000US3203,3203,"Lyon and Nearby Counties County Set, Nevada",2540,Teacher assistants 2540 (SOC 25-9041),280,30,0,250,0,0,0,0,0,0,0,0,(X),(X),(X),0,100.0,10.7,0.0,89.3,0.0,0.0,0.0,0.0,0.0,0.0,0.0,0.0,(X),(X),(X),0.0,30,0,0,30,0,0,0,0,0,0,0,0,(X),(X),(X),0,10.7,0.0,0.0,10.7,0.0,0.0,0.0,0.0,0.0,0.0,0.0,0.0,(X),(X),(X),0.0,250,30,0,220,0,0,0,0,0,0,0,0,(X),(X),(X),0,89.3,10.7,0.0,78.6,0.0,0.0,0.0,0.0,0.0,0.0,0.0,0.0,(X),(X),(X),0.0,119,40,136,111,136,136,136,136,136,136,136,136,(X),(X),(X),136,14.0,13.0,14.0,13.5,14.0,14.0,14.0,14.0,14.0,14.0,14.0,14.0,(X),(X),(X),14.0,38,136,136,38,136,136,136,136,136,136,136,136,(X),(X),(X),136,13.7,14.0,14.0,13.7,14.0,14.0,14.0,14.0,14.0,14.0,14.0,14.0,(X),(X),(X),14.0,116,40,136,108,136,136,136,136,136,136,136,136,(X),(X),(X),136,14.0,13.0,14.0,18.8,14.0,14.0,14.0,14.0,14.0,14.0,14.0,14.0,(X),(X),(X),14.0
9020000US3203,3203,"Lyon and Nearby Counties County Set, Nevada",2550,"Other education, training, and library workers 2550 (SOC 25-90XX)",4,0,4,0,0,0,0,0,0,0,0,0,(X),(X),(X),0,100.0,0.0,100.0,0.0,0.0,0.0,0.0,0.0,0.0,0.0,0.0,0.0,(X),(X),(X),0.0,4,0,4,0,0,0,0,0,0,0,0,0,(X),(X),(X),0,100.0,0.0,100.0,0.0,0.0,0.0,0.0,0.0,0.0,0.0,0.0,0.0,(X),(X),(X),0.0,0,0,0,0,0,0,0,0,0,0,0,0,(X),(X),(X),0,0.0,0.0,0.0,0.0,0.0,0.0,0.0,0.0,0.0,0.0,0.0,0.0,(X),(X),(X),0.0,11,136,11,136,136,136,136,136,136,136,136,136,(X),(X),(X),136,100.0,100.0,100.0,100.0,100.0,100.0,100.0,100.0,100.0,100.0,100.0,100.0,(X),(X),(X),100.0,11,136,11,136,136,136,136,136,136,136,136,136,(X),(X),(X),136,100.0,100.0,100.0,100.0,100.0,100.0,100.0,100.0,100.0,100.0,100.0,100.0,(X),(X),(X),100.0,136,136,136,136,136,136,136,136,136,136,136,136,(X),(X),(X),136,100.0,100.0,100.0,100.0,100.0,100.0,100.0,100.0,100.0,100.0,100.0,100.0,(X),(X),(X),100.0
9020000US3203,3203,"Lyon and Nearby Counties County Set, Nevada",2600,Artists and related workers 2600 (SOC 27-1010),15,0,0,15,0,0,0,0,0,0,0,0,(X),(X),(X),0,100.0,0.0,0.0,100.0,0.0,0.0,0.0,0.0,0.0,0.0,0.0,0.0,(X),(X),(X),0.0,0,0,0,0,0,0,0,0,0,0,0,0,(X),(X),(X),0,0.0,0.0,0.0,0.0,0.0,0.0,0.0,0.0,0.0,0.0,0.0,0.0,(X),(X),(X),0.0,15,0,0,15,0,0,0,0,0,0,0,0,(X),(X),(X),0,100.0,0.0,0.0,100.0,0.0,0.0,0.0,0.0,0.0,0.0,0.0,0.0,(X),(X),(X),0.0,25,136,136,25,136,136,136,136,136,136,136,136,(X),(X),(X),136,87.6,87.6,87.6,87.6,87.6,87.6,87.6,87.6,87.6,87.6,87.6,87.6,(X),(X),(X),87.6,136,136,136,136,136,136,136,136,136,136,136,136,(X),(X),(X),136,87.6,87.6,87.6,87.6,87.6,87.6,87.6,87.6,87.6,87.6,87.6,87.6,(X),(X),(X),87.6,25,136,136,25,136,136,136,136,136,136,136,136,(X),(X),(X),136,87.6,87.6,87.6,87.6,87.6,87.6,87.6,87.6,87.6,87.6,87.6,87.6,(X),(X),(X),87.6
9020000US3203,3203,"Lyon and Nearby Counties County Set, Nevada",2630,Designers 2630 (SOC 27-1020),165,10,0,155,0,0,0,0,0,0,0,0,(X),(X),(X),0,100.0,6.1,0.0,93.9,0.0,0.0,0.0,0.0,0.0,0.0,0.0,0.0,(X),(X),(X),0.0,60,10,0,45,0,0,0,0,0,0,0,0,(X),(X),(X),0,36.4,6.1,0.0,27.3,0.0,0.0,0.0,0.0,0.0,0.0,0.0,0.0,(X),(X),(X),0.0,110,0,0,110,0,0,0,0,0,0,0,0,(X),(X),(X),0,66.7,0.0,0.0,66.7,0.0,0.0,0.0,0.0,0.0,0.0,0.0,0.0,(X),(X),(X),0.0,90,23,136,87,136,136,136,136,136,136,136,136,(X),(X),(X),136,22.5,14.1,22.5,14.3,22.5,22.5,22.5,22.5,22.5,22.5,22.5,22.5,(X),(X),(X),22.5,58,23,136,53,136,136,136,136,136,136,136,136,(X),(X),(X),136,33.8,14.1,22.5,31.9,22.5,22.5,22.5,22.5,22.5,22.5,22.5,22.5,(X),(X),(X),22.5,86,136,136,86,136,136,136,136,136,136,136,136,(X),(X),(X),136,33.6,22.5,22.5,33.6,22.5,22.5,22.5,22.5,22.5,22.5,22.5,22.5,(X),(X),(X),22.5
9020000US3203,3203,"Lyon and Nearby Counties County Set, Nevada",2720,"Athletes, coaches, umpires, and related workers 2720 (SOC 27-2020)",10,0,0,0,0,10,0,0,0,0,0,0,(X),(X),(X),0,100.0,0.0,0.0,0.0,0.0,100.0,0.0,0.0,0.0,0.0,0.0,0.0,(X),(X),(X),0.0,10,0,0,0,0,10,0,0,0,0,0,0,(X),(X),(X),0,100.0,0.0,0.0,0.0,0.0,100.0,0.0,0.0,0.0,0.0,0.0,0.0,(X),(X),(X),0.0,0,0,0,0,0,0,0,0,0,0,0,0,(X),(X),(X),0,0.0,0.0,0.0,0.0,0.0,0.0,0.0,0.0,0.0,0.0,0.0,0.0,(X),(X),(X),0.0,21,136,136,136,136,21,136,136,136,136,136,136,(X),(X),(X),136,100.0,100.0,100.0,100.0,100.0,100.0,100.0,100.0,100.0,100.0,100.0,100.0,(X),(X),(X),100.0,21,136,136,136,136,21,136,136,136,136,136,136,(X),(X),(X),136,100.0,100.0,100.0,100.0,100.0,100.0,100.0,100.0,100.0,100.0,100.0,100.0,(X),(X),(X),100.0,136,136,136,136,136,136,136,136,136,136,136,136,(X),(X),(X),136,100.0,100.0,100.0,100.0,100.0,100.0,100.0,100.0,100.0,100.0,100.0,100.0,(X),(X),(X),100.0
9020000US3203,3203,"Lyon and Nearby Counties County Set, Nevada",2750,"Musicians, singers, and related workers 2750 (SOC 27-2040)",25,0,0,10,4,4,0,0,0,0,0,0,(X),(X),(X),0,100.0,0.0,0.0,40.0,16.0,16.0,0.0,0.0,0.0,0.0,0.0,0.0,(X),(X),(X),0.0,15,0,0,10,4,0,0,0,0,0,0,0,(X),(X),(X),0,60.0,0.0,0.0,40.0,16.0,0.0,0.0,0.0,0.0,0.0,0.0,0.0,(X),(X),(X),0.0,4,0,0,0,0,4,0,0,0,0,0,0,(X),(X),(X),0,16.0,0.0,0.0,0.0,0.0,16.0,0.0,0.0,0.0,0.0,0.0,0.0,(X),(X),(X),0.0,24,136,136,23,7,10,136,136,136,136,136,136,(X),(X),(X),136,67.8,67.8,67.8,60.0,42.7,47.6,67.8,67.8,67.8,67.8,67.8,67.8,(X),(X),(X),67.8,23,136,136,23,7,136,136,136,136,136,136,136,(X),(X),(X),136,60.0,67.8,67.8,60.0,42.7,67.8,67.8,67.8,67.8,67.8,67.8,67.8,(X),(X),(X),67.8,10,136,136,136,136,10,136,136,136,136,136,136,(X),(X),(X),136,47.6,67.8,67.8,67.8,67.8,47.6,67.8,67.8,67.8,67.8,67.8,67.8,(X),(X),(X),67.8
9020000US3203,3203,"Lyon and Nearby Counties County Set, Nevada",2850,Writers and authors 2850 (SOC 27-3043),30,0,0,25,0,4,0,0,0,4,0,0,(X),(X),(X),0,100.0,0.0,0.0,83.3,0.0,13.3,0.0,0.0,0.0,13.3,0.0,0.0,(X),(X),(X),0.0,30,0,0,25,0,0,0,0,0,4,0,0,(X),(X),(X),0,100.0,0.0,0.0,83.3,0.0,0.0,0.0,0.0,0.0,13.3,0.0,0.0,(X),(X),(X),0.0,4,0,0,0,0,4,0,0,0,0,0,0,(X),(X),(X),0,13.3,0.0,0.0,0.0,0.0,13.3,0.0,0.0,0.0,0.0,0.0,0.0,(X),(X),(X),0.0,41,136,136,41,136,4,136,136,136,4,136,136,(X),(X),(X),136,61.9,61.9,61.9,48.4,61.9,30.9,61.9,61.9,61.9,34.0,61.9,61.9,(X),(X),(X),61.9,40,136,136,41,136,136,136,136,136,4,136,136,(X),(X),(X),136,61.9,61.9,61.9,48.4,61.9,61.9,61.9,61.9,61.9,34.0,61.9,61.9,(X),(X),(X),61.9,4,136,136,136,136,4,136,136,136,136,136,136,(X),(X),(X),136,30.9,61.9,61.9,61.9,61.9,30.9,61.9,61.9,61.9,61.9,61.9,61.9,(X),(X),(X),61.9
9020000US3203,3203,"Lyon and Nearby Counties County Set, Nevada",2860,Miscellaneous media and communication workers 2860 (SOC 27-3090),30,0,30,0,0,0,0,0,0,0,0,0,(X),(X),(X),0,100.0,0.0,100.0,0.0,0.0,0.0,0.0,0.0,0.0,0.0,0.0,0.0,(X),(X),(X),0.0,30,0,30,0,0,0,0,0,0,0,0,0,(X),(X),(X),0,100.0,0.0,100.0,0.0,0.0,0.0,0.0,0.0,0.0,0.0,0.0,0.0,(X),(X),(X),0.0,0,0,0,0,0,0,0,0,0,0,0,0,(X),(X),(X),0,0.0,0.0,0.0,0.0,0.0,0.0,0.0,0.0,0.0,0.0,0.0,0.0,(X),(X),(X),0.0,51,136,51,136,136,136,136,136,136,136,136,136,(X),(X),(X),136,61.9,61.9,61.9,61.9,61.9,61.9,61.9,61.9,61.9,61.9,61.9,61.9,(X),(X),(X),61.9,51,136,51,136,136,136,136,136,136,136,136,136,(X),(X),(X),136,61.9,61.9,61.9,61.9,61.9,61.9,61.9,61.9,61.9,61.9,61.9,61.9,(X),(X),(X),61.9,136,136,136,136,136,136,136,136,136,136,136,136,(X),(X),(X),136,61.9,61.9,61.9,61.9,61.9,61.9,61.9,61.9,61.9,61.9,61.9,61.9,(X),(X),(X),61.9
9020000US3203,3203,"Lyon and Nearby Counties County Set, Nevada",2900,"Broadcast and sound engineering technicians and radio operators, and media and communication equipment workers, all other 2900 (SOC 27-40XX)",15,0,0,15,0,0,0,0,0,0,0,0,(X),(X),(X),0,100.0,0.0,0.0,100.0,0.0,0.0,0.0,0.0,0.0,0.0,0.0,0.0,(X),(X),(X),0.0,15,0,0,15,0,0,0,0,0,0,0,0,(X),(X),(X),0,100.0,0.0,0.0,100.0,0.0,0.0,0.0,0.0,0.0,0.0,0.0,0.0,(X),(X),(X),0.0,0,0,0,0,0,0,0,0,0,0,0,0,(X),(X),(X),0,0.0,0.0,0.0,0.0,0.0,0.0,0.0,0.0,0.0,0.0,0.0,0.0,(X),(X),(X),0.0,31,136,136,31,136,136,136,136,136,136,136,136,(X),(X),(X),136,87.6,87.6,87.6,87.6,87.6,87.6,87.6,87.6,87.6,87.6,87.6,87.6,(X),(X),(X),87.6,31,136,136,31,136,136,136,136,136,136,136,136,(X),(X),(X),136,87.6,87.6,87.6,87.6,87.6,87.6,87.6,87.6,87.6,87.6,87.6,87.6,(X),(X),(X),87.6,136,136,136,136,136,136,136,136,136,136,136,136,(X),(X),(X),136,87.6,87.6,87.6,87.6,87.6,87.6,87.6,87.6,87.6,87.6,87.6,87.6,(X),(X),(X),87.6
9020000US3203,3203,"Lyon and Nearby Counties County Set, Nevada",3010,Dentists 3010 (SOC 29-1020),15,0,0,15,0,0,0,0,0,0,0,0,(X),(X),(X),0,100.0,0.0,0.0,100.0,0.0,0.0,0.0,0.0,0.0,0.0,0.0,0.0,(X),(X),(X),0.0,0,0,0,0,0,0,0,0,0,0,0,0,(X),(X),(X),0,0.0,0.0,0.0,0.0,0.0,0.0,0.0,0.0,0.0,0.0,0.0,0.0,(X),(X),(X),0.0,15,0,0,15,0,0,0,0,0,0,0,0,(X),(X),(X),0,100.0,0.0,0.0,100.0,0.0,0.0,0.0,0.0,0.0,0.0,0.0,0.0,(X),(X),(X),0.0,24,136,136,24,136,136,136,136,136,136,136,136,(X),(X),(X),136,87.6,87.6,87.6,87.6,87.6,87.6,87.6,87.6,87.6,87.6,87.6,87.6,(X),(X),(X),87.6,136,136,136,136,136,136,136,136,136,136,136,136,(X),(X),(X),136,87.6,87.6,87.6,87.6,87.6,87.6,87.6,87.6,87.6,87.6,87.6,87.6,(X),(X),(X),87.6,24,136,136,24,136,136,136,136,136,136,136,136,(X),(X),(X),136,87.6,87.6,87.6,87.6,87.6,87.6,87.6,87.6,87.6,87.6,87.6,87.6,(X),(X),(X),87.6
9020000US3203,3203,"Lyon and Nearby Counties County Set, Nevada",3030,Dietitians and nutritionists 3030 (SOC 29-1031),45,0,0,45,0,0,0,0,0,0,0,0,(X),(X),(X),0,100.0,0.0,0.0,100.0,0.0,0.0,0.0,0.0,0.0,0.0,0.0,0.0,(X),(X),(X),0.0,0,0,0,0,0,0,0,0,0,0,0,0,(X),(X),(X),0,0.0,0.0,0.0,0.0,0.0,0.0,0.0,0.0,0.0,0.0,0.0,0.0,(X),(X),(X),0.0,45,0,0,45,0,0,0,0,0,0,0,0,(X),(X),(X),0,100.0,0.0,0.0,100.0,0.0,0.0,0.0,0.0,0.0,0.0,0.0,0.0,(X),(X),(X),0.0,41,136,136,41,136,136,136,136,136,136,136,136,(X),(X),(X),136,50.6,50.6,50.6,50.6,50.6,50.6,50.6,50.6,50.6,50.6,50.6,50.6,(X),(X),(X),50.6,136,136,136,136,136,136,136,136,136,136,136,136,(X),(X),(X),136,50.6,50.6,50.6,50.6,50.6,50.6,50.6,50.6,50.6,50.6,50.6,50.6,(X),(X),(X),50.6,41,136,136,41,136,136,136,136,136,136,136,136,(X),(X),(X),136,50.6,50.6,50.6,50.6,50.6,50.6,50.6,50.6,50.6,50.6,50.6,50.6,(X),(X),(X),50.6
9020000US3203,3203,"Lyon and Nearby Counties County Set, Nevada",3050,Pharmacists 3050 (SOC 29-1051),25,0,0,25,0,0,0,0,0,0,0,0,(X),(X),(X),0,100.0,0.0,0.0,100.0,0.0,0.0,0.0,0.0,0.0,0.0,0.0,0.0,(X),(X),(X),0.0,25,0,0,25,0,0,0,0,0,0,0,0,(X),(X),(X),0,100.0,0.0,0.0,100.0,0.0,0.0,0.0,0.0,0.0,0.0,0.0,0.0,(X),(X),(X),0.0,0,0,0,0,0,0,0,0,0,0,0,0,(X),(X),(X),0,0.0,0.0,0.0,0.0,0.0,0.0,0.0,0.0,0.0,0.0,0.0,0.0,(X),(X),(X),0.0,36,136,136,36,136,136,136,136,136,136,136,136,(X),(X),(X),136,67.8,67.8,67.8,67.8,67.8,67.8,67.8,67.8,67.8,67.8,67.8,67.8,(X),(X),(X),67.8,36,136,136,36,136,136,136,136,136,136,136,136,(X),(X),(X),136,67.8,67.8,67.8,67.8,67.8,67.8,67.8,67.8,67.8,67.8,67.8,67.8,(X),(X),(X),67.8,136,136,136,136,136,136,136,136,136,136,136,136,(X),(X),(X),136,67.8,67.8,67.8,67.8,67.8,67.8,67.8,67.8,67.8,67.8,67.8,67.8,(X),(X),(X),67.8
9020000US3203,3203,"Lyon and Nearby Counties County Set, Nevada",3060,Physicians and surgeons 3060 (SOC 29-1060),20,0,0,20,0,0,0,0,0,0,0,0,(X),(X),(X),0,100.0,0.0,0.0,100.0,0.0,0.0,0.0,0.0,0.0,0.0,0.0,0.0,(X),(X),(X),0.0,0,0,0,0,0,0,0,0,0,0,0,0,(X),(X),(X),0,0.0,0.0,0.0,0.0,0.0,0.0,0.0,0.0,0.0,0.0,0.0,0.0,(X),(X),(X),0.0,20,0,0,20,0,0,0,0,0,0,0,0,(X),(X),(X),0,100.0,0.0,0.0,100.0,0.0,0.0,0.0,0.0,0.0,0.0,0.0,0.0,(X),(X),(X),0.0,32,136,136,32,136,136,136,136,136,136,136,136,(X),(X),(X),136,75.8,75.8,75.8,75.8,75.8,75.8,75.8,75.8,75.8,75.8,75.8,75.8,(X),(X),(X),75.8,136,136,136,136,136,136,136,136,136,136,136,136,(X),(X),(X),136,75.8,75.8,75.8,75.8,75.8,75.8,75.8,75.8,75.8,75.8,75.8,75.8,(X),(X),(X),75.8,32,136,136,32,136,136,136,136,136,136,136,136,(X),(X),(X),136,75.8,75.8,75.8,75.8,75.8,75.8,75.8,75.8,75.8,75.8,75.8,75.8,(X),(X),(X),75.8
9020000US3203,3203,"Lyon and Nearby Counties County Set, Nevada",3110,Physician assistants 3110 (SOC 29-1071),15,0,0,15,0,0,0,0,0,0,0,0,(X),(X),(X),0,100.0,0.0,0.0,100.0,0.0,0.0,0.0,0.0,0.0,0.0,0.0,0.0,(X),(X),(X),0.0,15,0,0,15,0,0,0,0,0,0,0,0,(X),(X),(X),0,100.0,0.0,0.0,100.0,0.0,0.0,0.0,0.0,0.0,0.0,0.0,0.0,(X),(X),(X),0.0,0,0,0,0,0,0,0,0,0,0,0,0,(X),(X),(X),0,0.0,0.0,0.0,0.0,0.0,0.0,0.0,0.0,0.0,0.0,0.0,0.0,(X),(X),(X),0.0,23,136,136,23,136,136,136,136,136,136,136,136,(X),(X),(X),136,87.6,87.6,87.6,87.6,87.6,87.6,87.6,87.6,87.6,87.6,87.6,87.6,(X),(X),(X),87.6,23,136,136,23,136,136,136,136,136,136,136,136,(X),(X),(X),136,87.6,87.6,87.6,87.6,87.6,87.6,87.6,87.6,87.6,87.6,87.6,87.6,(X),(X),(X),87.6,136,136,136,136,136,136,136,136,136,136,136,136,(X),(X),(X),136,87.6,87.6,87.6,87.6,87.6,87.6,87.6,87.6,87.6,87.6,87.6,87.6,(X),(X),(X),87.6
9020000US3203,3203,"Lyon and Nearby Counties County Set, Nevada",3150,Occupational therapists 3150 (SOC 29-1122),15,0,0,15,0,0,0,0,0,0,0,0,(X),(X),(X),0,100.0,0.0,0.0,100.0,0.0,0.0,0.0,0.0,0.0,0.0,0.0,0.0,(X),(X),(X),0.0,0,0,0,0,0,0,0,0,0,0,0,0,(X),(X),(X),0,0.0,0.0,0.0,0.0,0.0,0.0,0.0,0.0,0.0,0.0,0.0,0.0,(X),(X),(X),0.0,15,0,0,15,0,0,0,0,0,0,0,0,(X),(X),(X),0,100.0,0.0,0.0,100.0,0.0,0.0,0.0,0.0,0.0,0.0,0.0,0.0,(X),(X),(X),0.0,23,136,136,23,136,136,136,136,136,136,136,136,(X),(X),(X),136,87.6,87.6,87.6,87.6,87.6,87.6,87.6,87.6,87.6,87.6,87.6,87.6,(X),(X),(X),87.6,136,136,136,136,136,136,136,136,136,136,136,136,(X),(X),(X),136,87.6,87.6,87.6,87.6,87.6,87.6,87.6,87.6,87.6,87.6,87.6,87.6,(X),(X),(X),87.6,23,136,136,23,136,136,136,136,136,136,136,136,(X),(X),(X),136,87.6,87.6,87.6,87.6,87.6,87.6,87.6,87.6,87.6,87.6,87.6,87.6,(X),(X),(X),87.6
9020000US3203,3203,"Lyon and Nearby Counties County Set, Nevada",3160,Physical therapists 3160 (SOC 29-1123),20,0,0,20,0,0,0,0,0,0,0,0,(X),(X),(X),0,100.0,0.0,0.0,100.0,0.0,0.0,0.0,0.0,0.0,0.0,0.0,0.0,(X),(X),(X),0.0,20,0,0,20,0,0,0,0,0,0,0,0,(X),(X),(X),0,100.0,0.0,0.0,100.0,0.0,0.0,0.0,0.0,0.0,0.0,0.0,0.0,(X),(X),(X),0.0,0,0,0,0,0,0,0,0,0,0,0,0,(X),(X),(X),0,0.0,0.0,0.0,0.0,0.0,0.0,0.0,0.0,0.0,0.0,0.0,0.0,(X),(X),(X),0.0,37,136,136,37,136,136,136,136,136,136,136,136,(X),(X),(X),136,75.8,75.8,75.8,75.8,75.8,75.8,75.8,75.8,75.8,75.8,75.8,75.8,(X),(X),(X),75.8,37,136,136,37,136,136,136,136,136,136,136,136,(X),(X),(X),136,75.8,75.8,75.8,75.8,75.8,75.8,75.8,75.8,75.8,75.8,75.8,75.8,(X),(X),(X),75.8,136,136,136,136,136,136,136,136,136,136,136,136,(X),(X),(X),136,75.8,75.8,75.8,75.8,75.8,75.8,75.8,75.8,75.8,75.8,75.8,75.8,(X),(X),(X),75.8
9020000US3203,3203,"Lyon and Nearby Counties County Set, Nevada",3220,Respiratory therapists 3220 (SOC 29-1126),15,0,0,15,0,0,0,0,0,0,0,0,(X),(X),(X),0,100.0,0.0,0.0,100.0,0.0,0.0,0.0,0.0,0.0,0.0,0.0,0.0,(X),(X),(X),0.0,0,0,0,0,0,0,0,0,0,0,0,0,(X),(X),(X),0,0.0,0.0,0.0,0.0,0.0,0.0,0.0,0.0,0.0,0.0,0.0,0.0,(X),(X),(X),0.0,15,0,0,15,0,0,0,0,0,0,0,0,(X),(X),(X),0,100.0,0.0,0.0,100.0,0.0,0.0,0.0,0.0,0.0,0.0,0.0,0.0,(X),(X),(X),0.0,25,136,136,25,136,136,136,136,136,136,136,136,(X),(X),(X),136,87.6,87.6,87.6,87.6,87.6,87.6,87.6,87.6,87.6,87.6,87.6,87.6,(X),(X),(X),87.6,136,136,136,136,136,136,136,136,136,136,136,136,(X),(X),(X),136,87.6,87.6,87.6,87.6,87.6,87.6,87.6,87.6,87.6,87.6,87.6,87.6,(X),(X),(X),87.6,25,136,136,25,136,136,136,136,136,136,136,136,(X),(X),(X),136,87.6,87.6,87.6,87.6,87.6,87.6,87.6,87.6,87.6,87.6,87.6,87.6,(X),(X),(X),87.6
9020000US3203,3203,"Lyon and Nearby Counties County Set, Nevada",3255,Registered nurses 3255 (SOC 29-1141),260,15,0,225,0,4,0,15,0,0,0,0,(X),(X),(X),0,100.0,5.8,0.0,86.5,0.0,1.5,0.0,5.8,0.0,0.0,0.0,0.0,(X),(X),(X),0.0,15,0,0,15,0,0,0,0,0,0,0,0,(X),(X),(X),0,5.8,0.0,0.0,5.8,0.0,0.0,0.0,0.0,0.0,0.0,0.0,0.0,(X),(X),(X),0.0,245,15,0,215,0,4,0,15,0,0,0,0,(X),(X),(X),0,94.2,5.8,0.0,82.7,0.0,1.5,0.0,5.8,0.0,0.0,0.0,0.0,(X),(X),(X),0.0,114,30,136,107,136,6,136,28,136,136,136,136,(X),(X),(X),136,15.0,11.3,15.0,16.2,15.0,2.2,15.0,9.9,15.0,15.0,15.0,15.0,(X),(X),(X),15.0,22,136,136,22,136,136,136,136,136,136,136,136,(X),(X),(X),136,8.6,15.0,15.0,8.6,15.0,15.0,15.0,15.0,15.0,15.0,15.0,15.0,(X),(X),(X),15.0,113,30,136,106,136,6,136,28,136,136,136,136,(X),(X),(X),136,8.4,11.3,15.0,18.1,15.0,2.2,15.0,9.9,15.0,15.0,15.0,15.0,(X),(X),(X),15.0
9020000US3203,3203,"Lyon and Nearby Counties County Set, Nevada",3258,Nurse practitioners and nurse midwives 3258 (SOC 29-11XX),10,0,0,10,0,0,0,0,0,0,0,0,(X),(X),(X),0,100.0,0.0,0.0,100.0,0.0,0.0,0.0,0.0,0.0,0.0,0.0,0.0,(X),(X),(X),0.0,0,0,0,0,0,0,0,0,0,0,0,0,(X),(X),(X),0,0.0,0.0,0.0,0.0,0.0,0.0,0.0,0.0,0.0,0.0,0.0,0.0,(X),(X),(X),0.0,10,0,0,10,0,0,0,0,0,0,0,0,(X),(X),(X),0,100.0,0.0,0.0,100.0,0.0,0.0,0.0,0.0,0.0,0.0,0.0,0.0,(X),(X),(X),0.0,15,136,136,15,136,136,136,136,136,136,136,136,(X),(X),(X),136,100.0,100.0,100.0,100.0,100.0,100.0,100.0,100.0,100.0,100.0,100.0,100.0,(X),(X),(X),100.0,136,136,136,136,136,136,136,136,136,136,136,136,(X),(X),(X),136,100.0,100.0,100.0,100.0,100.0,100.0,100.0,100.0,100.0,100.0,100.0,100.0,(X),(X),(X),100.0,15,136,136,15,136,136,136,136,136,136,136,136,(X),(X),(X),136,100.0,100.0,100.0,100.0,100.0,100.0,100.0,100.0,100.0,100.0,100.0,100.0,(X),(X),(X),100.0
9020000US3203,3203,"Lyon and Nearby Counties County Set, Nevada",3300,Clinical laboratory technologists and technicians 3300 (SOC 29-2010),15,0,0,15,0,0,0,0,0,0,0,0,(X),(X),(X),0,100.0,0.0,0.0,100.0,0.0,0.0,0.0,0.0,0.0,0.0,0.0,0.0,(X),(X),(X),0.0,0,0,0,0,0,0,0,0,0,0,0,0,(X),(X),(X),0,0.0,0.0,0.0,0.0,0.0,0.0,0.0,0.0,0.0,0.0,0.0,0.0,(X),(X),(X),0.0,15,0,0,15,0,0,0,0,0,0,0,0,(X),(X),(X),0,100.0,0.0,0.0,100.0,0.0,0.0,0.0,0.0,0.0,0.0,0.0,0.0,(X),(X),(X),0.0,21,136,136,21,136,136,136,136,136,136,136,136,(X),(X),(X),136,87.6,87.6,87.6,87.6,87.6,87.6,87.6,87.6,87.6,87.6,87.6,87.6,(X),(X),(X),87.6,136,136,136,136,136,136,136,136,136,136,136,136,(X),(X),(X),136,87.6,87.6,87.6,87.6,87.6,87.6,87.6,87.6,87.6,87.6,87.6,87.6,(X),(X),(X),87.6,21,136,136,21,136,136,136,136,136,136,136,136,(X),(X),(X),136,87.6,87.6,87.6,87.6,87.6,87.6,87.6,87.6,87.6,87.6,87.6,87.6,(X),(X),(X),87.6
9020000US3203,3203,"Lyon and Nearby Counties County Set, Nevada",3310,Dental hygienists 3310 (SOC 29-2021),35,0,0,35,0,0,0,0,0,0,0,0,(X),(X),(X),0,100.0,0.0,0.0,100.0,0.0,0.0,0.0,0.0,0.0,0.0,0.0,0.0,(X),(X),(X),0.0,0,0,0,0,0,0,0,0,0,0,0,0,(X),(X),(X),0,0.0,0.0,0.0,0.0,0.0,0.0,0.0,0.0,0.0,0.0,0.0,0.0,(X),(X),(X),0.0,35,0,0,35,0,0,0,0,0,0,0,0,(X),(X),(X),0,100.0,0.0,0.0,100.0,0.0,0.0,0.0,0.0,0.0,0.0,0.0,0.0,(X),(X),(X),0.0,45,136,136,45,136,136,136,136,136,136,136,136,(X),(X),(X),136,57.3,57.3,57.3,57.3,57.3,57.3,57.3,57.3,57.3,57.3,57.3,57.3,(X),(X),(X),57.3,136,136,136,136,136,136,136,136,136,136,136,136,(X),(X),(X),136,57.3,57.3,57.3,57.3,57.3,57.3,57.3,57.3,57.3,57.3,57.3,57.3,(X),(X),(X),57.3,45,136,136,45,136,136,136,136,136,136,136,136,(X),(X),(X),136,57.3,57.3,57.3,57.3,57.3,57.3,57.3,57.3,57.3,57.3,57.3,57.3,(X),(X),(X),57.3
9020000US3203,3203,"Lyon and Nearby Counties County Set, Nevada",3320,Diagnostic related technologists and technicians 3320 (SOC 29-2030),30,0,0,30,0,0,0,0,0,0,0,0,(X),(X),(X),0,100.0,0.0,0.0,100.0,0.0,0.0,0.0,0.0,0.0,0.0,0.0,0.0,(X),(X),(X),0.0,10,0,0,10,0,0,0,0,0,0,0,0,(X),(X),(X),0,33.3,0.0,0.0,33.3,0.0,0.0,0.0,0.0,0.0,0.0,0.0,0.0,(X),(X),(X),0.0,20,0,0,20,0,0,0,0,0,0,0,0,(X),(X),(X),0,66.7,0.0,0.0,66.7,0.0,0.0,0.0,0.0,0.0,0.0,0.0,0.0,(X),(X),(X),0.0,44,136,136,44,136,136,136,136,136,136,136,136,(X),(X),(X),136,61.9,61.9,61.9,61.9,61.9,61.9,61.9,61.9,61.9,61.9,61.9,61.9,(X),(X),(X),61.9,22,136,136,22,136,136,136,136,136,136,136,136,(X),(X),(X),136,62.2,61.9,61.9,62.2,61.9,61.9,61.9,61.9,61.9,61.9,61.9,61.9,(X),(X),(X),61.9,35,136,136,35,136,136,136,136,136,136,136,136,(X),(X),(X),136,66.7,61.9,61.9,66.7,61.9,61.9,61.9,61.9,61.9,61.9,61.9,61.9,(X),(X),(X),61.9
9020000US3203,3203,"Lyon and Nearby Counties County Set, Nevada",3400,Emergency medical technicians and paramedics 3400 (SOC 29-2041),20,4,0,15,0,0,0,0,0,0,0,0,(X),(X),(X),0,100.0,20.0,0.0,75.0,0.0,0.0,0.0,0.0,0.0,0.0,0.0,0.0,(X),(X),(X),0.0,0,0,0,0,0,0,0,0,0,0,0,0,(X),(X),(X),0,0.0,0.0,0.0,0.0,0.0,0.0,0.0,0.0,0.0,0.0,0.0,0.0,(X),(X),(X),0.0,20,4,0,15,0,0,0,0,0,0,0,0,(X),(X),(X),0,100.0,20.0,0.0,75.0,0.0,0.0,0.0,0.0,0.0,0.0,0.0,0.0,(X),(X),(X),0.0,18,10,136,18,136,136,136,136,136,136,136,136,(X),(X),(X),136,75.8,60.1,75.8,69.5,75.8,75.8,75.8,75.8,75.8,75.8,75.8,75.8,(X),(X),(X),75.8,136,136,136,136,136,136,136,136,136,136,136,136,(X),(X),(X),136,75.8,75.8,75.8,75.8,75.8,75.8,75.8,75.8,75.8,75.8,75.8,75.8,(X),(X),(X),75.8,18,10,136,18,136,136,136,136,136,136,136,136,(X),(X),(X),136,75.8,60.1,75.8,69.5,75.8,75.8,75.8,75.8,75.8,75.8,75.8,75.8,(X),(X),(X),75.8
9020000US3203,3203,"Lyon and Nearby Counties County Set, Nevada",3420,Health practitioner support technologists and technicians 3420 (SOC 29-2050),75,0,0,65,0,0,0,0,0,15,0,0,(X),(X),(X),0,100.0,0.0,0.0,86.7,0.0,0.0,0.0,0.0,0.0,20.0,0.0,0.0,(X),(X),(X),0.0,0,0,0,0,0,0,0,0,0,0,0,0,(X),(X),(X),0,0.0,0.0,0.0,0.0,0.0,0.0,0.0,0.0,0.0,0.0,0.0,0.0,(X),(X),(X),0.0,75,0,0,65,0,0,0,0,0,15,0,0,(X),(X),(X),0,100.0,0.0,0.0,86.7,0.0,0.0,0.0,0.0,0.0,20.0,0.0,0.0,(X),(X),(X),0.0,67,136,136,65,136,136,136,136,136,23,136,136,(X),(X),(X),136,39.2,39.2,39.2,32.6,39.2,39.2,39.2,39.2,39.2,32.3,39.2,39.2,(X),(X),(X),39.2,136,136,136,136,136,136,136,136,136,136,136,136,(X),(X),(X),136,39.2,39.2,39.2,39.2,39.2,39.2,39.2,39.2,39.2,39.2,39.2,39.2,(X),(X),(X),39.2,67,136,136,65,136,136,136,136,136,23,136,136,(X),(X),(X),136,39.2,39.2,39.2,32.6,39.2,39.2,39.2,39.2,39.2,32.3,39.2,39.2,(X),(X),(X),39.2
9020000US3203,3203,"Lyon and Nearby Counties County Set, Nevada",3500,Licensed practical and licensed vocational nurses 3500 (SOC 29-2061),70,0,0,20,0,50,0,0,0,0,0,0,(X),(X),(X),0,100.0,0.0,0.0,28.6,0.0,71.4,0.0,0.0,0.0,0.0,0.0,0.0,(X),(X),(X),0.0,0,0,0,0,0,0,0,0,0,0,0,0,(X),(X),(X),0,0.0,0.0,0.0,0.0,0.0,0.0,0.0,0.0,0.0,0.0,0.0,0.0,(X),(X),(X),0.0,70,0,0,20,0,50,0,0,0,0,0,0,(X),(X),(X),0,100.0,0.0,0.0,28.6,0.0,71.4,0.0,0.0,0.0,0.0,0.0,0.0,(X),(X),(X),0.0,37,136,136,25,136,29,136,136,136,136,136,136,(X),(X),(X),136,40.5,40.5,40.5,30.5,40.5,30.0,40.5,40.5,40.5,40.5,40.5,40.5,(X),(X),(X),40.5,136,136,136,136,136,136,136,136,136,136,136,136,(X),(X),(X),136,40.5,40.5,40.5,40.5,40.5,40.5,40.5,40.5,40.5,40.5,40.5,40.5,(X),(X),(X),40.5,37,136,136,25,136,29,136,136,136,136,136,136,(X),(X),(X),136,40.5,40.5,40.5,30.5,40.5,30.0,40.5,40.5,40.5,40.5,40.5,40.5,(X),(X),(X),40.5
9020000US3203,3203,"Lyon and Nearby Counties County Set, Nevada",3520,"Opticians, dispensing 3520 (SOC 29-2081)",15,15,0,0,0,0,0,0,0,0,0,0,(X),(X),(X),0,100.0,100.0,0.0,0.0,0.0,0.0,0.0,0.0,0.0,0.0,0.0,0.0,(X),(X),(X),0.0,0,0,0,0,0,0,0,0,0,0,0,0,(X),(X),(X),0,0.0,0.0,0.0,0.0,0.0,0.0,0.0,0.0,0.0,0.0,0.0,0.0,(X),(X),(X),0.0,15,15,0,0,0,0,0,0,0,0,0,0,(X),(X),(X),0,100.0,100.0,0.0,0.0,0.0,0.0,0.0,0.0,0.0,0.0,0.0,0.0,(X),(X),(X),0.0,29,29,136,136,136,136,136,136,136,136,136,136,(X),(X),(X),136,87.6,87.6,87.6,87.6,87.6,87.6,87.6,87.6,87.6,87.6,87.6,87.6,(X),(X),(X),87.6,136,136,136,136,136,136,136,136,136,136,136,136,(X),(X),(X),136,87.6,87.6,87.6,87.6,87.6,87.6,87.6,87.6,87.6,87.6,87.6,87.6,(X),(X),(X),87.6,29,29,136,136,136,136,136,136,136,136,136,136,(X),(X),(X),136,87.6,87.6,87.6,87.6,87.6,87.6,87.6,87.6,87.6,87.6,87.6,87.6,(X),(X),(X),87.6
9020000US3203,3203,"Lyon and Nearby Counties County Set, Nevada",3535,Miscellaneous health technologists and technicians 3535 (SOC 29-2090),10,0,0,10,0,0,0,0,0,0,0,0,(X),(X),(X),0,100.0,0.0,0.0,100.0,0.0,0.0,0.0,0.0,0.0,0.0,0.0,0.0,(X),(X),(X),0.0,10,0,0,10,0,0,0,0,0,0,0,0,(X),(X),(X),0,100.0,0.0,0.0,100.0,0.0,0.0,0.0,0.0,0.0,0.0,0.0,0.0,(X),(X),(X),0.0,0,0,0,0,0,0,0,0,0,0,0,0,(X),(X),(X),0,0.0,0.0,0.0,0.0,0.0,0.0,0.0,0.0,0.0,0.0,0.0,0.0,(X),(X),(X),0.0,21,136,136,21,136,136,136,136,136,136,136,136,(X),(X),(X),136,100.0,100.0,100.0,100.0,100.0,100.0,100.0,100.0,100.0,100.0,100.0,100.0,(X),(X),(X),100.0,21,136,136,21,136,136,136,136,136,136,136,136,(X),(X),(X),136,100.0,100.0,100.0,100.0,100.0,100.0,100.0,100.0,100.0,100.0,100.0,100.0,(X),(X),(X),100.0,136,136,136,136,136,136,136,136,136,136,136,136,(X),(X),(X),136,100.0,100.0,100.0,100.0,100.0,100.0,100.0,100.0,100.0,100.0,100.0,100.0,(X),(X),(X),100.0
9020000US3203,3203,"Lyon and Nearby Counties County Set, Nevada",3540,Other healthcare practitioners and technical occupations 3540 (SOC 29-9000),65,0,0,65,0,0,0,0,0,0,0,0,(X),(X),(X),0,100.0,0.0,0.0,100.0,0.0,0.0,0.0,0.0,0.0,0.0,0.0,0.0,(X),(X),(X),0.0,65,0,0,65,0,0,0,0,0,0,0,0,(X),(X),(X),0,100.0,0.0,0.0,100.0,0.0,0.0,0.0,0.0,0.0,0.0,0.0,0.0,(X),(X),(X),0.0,0,0,0,0,0,0,0,0,0,0,0,0,(X),(X),(X),0,0.0,0.0,0.0,0.0,0.0,0.0,0.0,0.0,0.0,0.0,0.0,0.0,(X),(X),(X),0.0,47,136,136,47,136,136,136,136,136,136,136,136,(X),(X),(X),136,42.1,42.1,42.1,42.1,42.1,42.1,42.1,42.1,42.1,42.1,42.1,42.1,(X),(X),(X),42.1,47,136,136,47,136,136,136,136,136,136,136,136,(X),(X),(X),136,42.1,42.1,42.1,42.1,42.1,42.1,42.1,42.1,42.1,42.1,42.1,42.1,(X),(X),(X),42.1,136,136,136,136,136,136,136,136,136,136,136,136,(X),(X),(X),136,42.1,42.1,42.1,42.1,42.1,42.1,42.1,42.1,42.1,42.1,42.1,42.1,(X),(X),(X),42.1
9020000US3203,3203,"Lyon and Nearby Counties County Set, Nevada",3600,"Nursing, psychiatric, and home health aides 3600 (SOC 31-1010)",405,60,4,285,0,55,0,0,0,0,0,0,(X),(X),(X),4,100.0,14.8,1.0,70.4,0.0,13.6,0.0,0.0,0.0,0.0,0.0,0.0,(X),(X),(X),1.0,20,0,0,20,0,0,0,0,0,0,0,0,(X),(X),(X),0,4.9,0.0,0.0,4.9,0.0,0.0,0.0,0.0,0.0,0.0,0.0,0.0,(X),(X),(X),0.0,385,60,4,265,0,55,0,0,0,0,0,0,(X),(X),(X),4,95.1,14.8,1.0,65.4,0.0,13.6,0.0,0.0,0.0,0.0,0.0,0.0,(X),(X),(X),1.0,166,63,4,149,136,41,136,136,136,136,136,136,(X),(X),(X),1,10.0,15.3,1.1,17.7,10.0,11.3,10.0,10.0,10.0,10.0,10.0,10.0,(X),(X),(X),0.6,24,136,136,24,136,136,136,136,136,136,136,136,(X),(X),(X),136,5.6,10.0,10.0,5.6,10.0,10.0,10.0,10.0,10.0,10.0,10.0,10.0,(X),(X),(X),10.0,158,63,4,140,136,41,136,136,136,136,136,136,(X),(X),(X),1,5.4,15.3,1.1,16.6,10.0,11.3,10.0,10.0,10.0,10.0,10.0,10.0,(X),(X),(X),0.6
9020000US3203,3203,"Lyon and Nearby Counties County Set, Nevada",3620,Physical therapist assistants and aides 3620 (SOC 31-2020),15,0,15,0,0,0,0,0,0,0,0,0,(X),(X),(X),0,100.0,0.0,100.0,0.0,0.0,0.0,0.0,0.0,0.0,0.0,0.0,0.0,(X),(X),(X),0.0,0,0,0,0,0,0,0,0,0,0,0,0,(X),(X),(X),0,0.0,0.0,0.0,0.0,0.0,0.0,0.0,0.0,0.0,0.0,0.0,0.0,(X),(X),(X),0.0,15,0,15,0,0,0,0,0,0,0,0,0,(X),(X),(X),0,100.0,0.0,100.0,0.0,0.0,0.0,0.0,0.0,0.0,0.0,0.0,0.0,(X),(X),(X),0.0,28,136,28,136,136,136,136,136,136,136,136,136,(X),(X),(X),136,87.6,87.6,87.6,87.6,87.6,87.6,87.6,87.6,87.6,87.6,87.6,87.6,(X),(X),(X),87.6,136,136,136,136,136,136,136,136,136,136,136,136,(X),(X),(X),136,87.6,87.6,87.6,87.6,87.6,87.6,87.6,87.6,87.6,87.6,87.6,87.6,(X),(X),(X),87.6,28,136,28,136,136,136,136,136,136,136,136,136,(X),(X),(X),136,87.6,87.6,87.6,87.6,87.6,87.6,87.6,87.6,87.6,87.6,87.6,87.6,(X),(X),(X),87.6
9020000US3203,3203,"Lyon and Nearby Counties County Set, Nevada",3630,Massage therapists 3630 (SOC 31-9011),10,0,0,0,10,0,0,0,0,0,0,0,(X),(X),(X),0,100.0,0.0,0.0,0.0,100.0,0.0,0.0,0.0,0.0,0.0,0.0,0.0,(X),(X),(X),0.0,0,0,0,0,0,0,0,0,0,0,0,0,(X),(X),(X),0,0.0,0.0,0.0,0.0,0.0,0.0,0.0,0.0,0.0,0.0,0.0,0.0,(X),(X),(X),0.0,10,0,0,0,10,0,0,0,0,0,0,0,(X),(X),(X),0,100.0,0.0,0.0,0.0,100.0,0.0,0.0,0.0,0.0,0.0,0.0,0.0,(X),(X),(X),0.0,16,136,136,136,16,136,136,136,136,136,136,136,(X),(X),(X),136,100.0,100.0,100.0,100.0,100.0,100.0,100.0,100.0,100.0,100.0,100.0,100.0,(X),(X),(X),100.0,136,136,136,136,136,136,136,136,136,136,136,136,(X),(X),(X),136,100.0,100.0,100.0,100.0,100.0,100.0,100.0,100.0,100.0,100.0,100.0,100.0,(X),(X),(X),100.0,16,136,136,136,16,136,136,136,136,136,136,136,(X),(X),(X),136,100.0,100.0,100.0,100.0,100.0,100.0,100.0,100.0,100.0,100.0,100.0,100.0,(X),(X),(X),100.0
9020000US3203,3203,"Lyon and Nearby Counties County Set, Nevada",3640,Dental assistants 3640 (SOC 31-9091),75,0,0,75,0,4,0,0,0,0,0,0,(X),(X),(X),0,100.0,0.0,0.0,100.0,0.0,5.3,0.0,0.0,0.0,0.0,0.0,0.0,(X),(X),(X),0.0,0,0,0,0,0,0,0,0,0,0,0,0,(X),(X),(X),0,0.0,0.0,0.0,0.0,0.0,0.0,0.0,0.0,0.0,0.0,0.0,0.0,(X),(X),(X),0.0,75,0,0,75,0,4,0,0,0,0,0,0,(X),(X),(X),0,100.0,0.0,0.0,100.0,0.0,5.3,0.0,0.0,0.0,0.0,0.0,0.0,(X),(X),(X),0.0,55,136,136,56,136,6,136,136,136,136,136,136,(X),(X),(X),136,39.2,39.2,39.2,39.2,39.2,9.4,39.2,39.2,39.2,39.2,39.2,39.2,(X),(X),(X),39.2,136,136,136,136,136,136,136,136,136,136,136,136,(X),(X),(X),136,39.2,39.2,39.2,39.2,39.2,39.2,39.2,39.2,39.2,39.2,39.2,39.2,(X),(X),(X),39.2,55,136,136,56,136,6,136,136,136,136,136,136,(X),(X),(X),136,39.2,39.2,39.2,39.2,39.2,9.4,39.2,39.2,39.2,39.2,39.2,39.2,(X),(X),(X),39.2
9020000US3203,3203,"Lyon and Nearby Counties County Set, Nevada",3645,Medical assistants 3645 (SOC 31-9092),110,0,0,110,0,0,0,0,0,0,0,0,(X),(X),(X),0,100.0,0.0,0.0,100.0,0.0,0.0,0.0,0.0,0.0,0.0,0.0,0.0,(X),(X),(X),0.0,0,0,0,0,0,0,0,0,0,0,0,0,(X),(X),(X),0,0.0,0.0,0.0,0.0,0.0,0.0,0.0,0.0,0.0,0.0,0.0,0.0,(X),(X),(X),0.0,110,0,0,110,0,0,0,0,0,0,0,0,(X),(X),(X),0,100.0,0.0,0.0,100.0,0.0,0.0,0.0,0.0,0.0,0.0,0.0,0.0,(X),(X),(X),0.0,95,136,136,95,136,136,136,136,136,136,136,136,(X),(X),(X),136,31.0,31.0,31.0,31.0,31.0,31.0,31.0,31.0,31.0,31.0,31.0,31.0,(X),(X),(X),31.0,136,136,136,136,136,136,136,136,136,136,136,136,(X),(X),(X),136,31.0,31.0,31.0,31.0,31.0,31.0,31.0,31.0,31.0,31.0,31.0,31.0,(X),(X),(X),31.0,95,136,136,95,136,136,136,136,136,136,136,136,(X),(X),(X),136,31.0,31.0,31.0,31.0,31.0,31.0,31.0,31.0,31.0,31.0,31.0,31.0,(X),(X),(X),31.0
9020000US3203,3203,"Lyon and Nearby Counties County Set, Nevada",3646,Medical transcriptionists 3646 (SOC 31-9094),85,0,0,50,35,0,0,0,0,0,0,0,(X),(X),(X),0,100.0,0.0,0.0,58.8,41.2,0.0,0.0,0.0,0.0,0.0,0.0,0.0,(X),(X),(X),0.0,0,0,0,0,0,0,0,0,0,0,0,0,(X),(X),(X),0,0.0,0.0,0.0,0.0,0.0,0.0,0.0,0.0,0.0,0.0,0.0,0.0,(X),(X),(X),0.0,85,0,0,50,35,0,0,0,0,0,0,0,(X),(X),(X),0,100.0,0.0,0.0,58.8,41.2,0.0,0.0,0.0,0.0,0.0,0.0,0.0,(X),(X),(X),0.0,81,136,136,64,46,136,136,136,136,136,136,136,(X),(X),(X),136,36.7,36.7,36.7,47.8,47.3,36.7,36.7,36.7,36.7,36.7,36.7,36.7,(X),(X),(X),36.7,136,136,136,136,136,136,136,136,136,136,136,136,(X),(X),(X),136,36.7,36.7,36.7,36.7,36.7,36.7,36.7,36.7,36.7,36.7,36.7,36.7,(X),(X),(X),36.7,81,136,136,64,46,136,136,136,136,136,136,136,(X),(X),(X),136,36.7,36.7,36.7,47.8,47.3,36.7,36.7,36.7,36.7,36.7,36.7,36.7,(X),(X),(X),36.7
9020000US3203,3203,"Lyon and Nearby Counties County Set, Nevada",3648,Veterinary assistants and laboratory animal caretakers 3648 (SOC 31-9096),50,0,0,50,0,0,0,0,0,0,0,0,(X),(X),(X),0,100.0,0.0,0.0,100.0,0.0,0.0,0.0,0.0,0.0,0.0,0.0,0.0,(X),(X),(X),0.0,0,0,0,0,0,0,0,0,0,0,0,0,(X),(X),(X),0,0.0,0.0,0.0,0.0,0.0,0.0,0.0,0.0,0.0,0.0,0.0,0.0,(X),(X),(X),0.0,50,0,0,50,0,0,0,0,0,0,0,0,(X),(X),(X),0,100.0,0.0,0.0,100.0,0.0,0.0,0.0,0.0,0.0,0.0,0.0,0.0,(X),(X),(X),0.0,63,136,136,63,136,136,136,136,136,136,136,136,(X),(X),(X),136,48.0,48.0,48.0,48.0,48.0,48.0,48.0,48.0,48.0,48.0,48.0,48.0,(X),(X),(X),48.0,136,136,136,136,136,136,136,136,136,136,136,136,(X),(X),(X),136,48.0,48.0,48.0,48.0,48.0,48.0,48.0,48.0,48.0,48.0,48.0,48.0,(X),(X),(X),48.0,63,136,136,63,136,136,136,136,136,136,136,136,(X),(X),(X),136,48.0,48.0,48.0,48.0,48.0,48.0,48.0,48.0,48.0,48.0,48.0,48.0,(X),(X),(X),48.0
9020000US3203,3203,"Lyon and Nearby Counties County Set, Nevada",3649,Phlebotomists 3649 (SOC 31-9097),25,0,0,0,0,0,25,0,0,0,0,0,(X),(X),(X),0,100.0,0.0,0.0,0.0,0.0,0.0,100.0,0.0,0.0,0.0,0.0,0.0,(X),(X),(X),0.0,0,0,0,0,0,0,0,0,0,0,0,0,(X),(X),(X),0,0.0,0.0,0.0,0.0,0.0,0.0,0.0,0.0,0.0,0.0,0.0,0.0,(X),(X),(X),0.0,25,0,0,0,0,0,25,0,0,0,0,0,(X),(X),(X),0,100.0,0.0,0.0,0.0,0.0,0.0,100.0,0.0,0.0,0.0,0.0,0.0,(X),(X),(X),0.0,39,136,136,136,136,136,39,136,136,136,136,136,(X),(X),(X),136,67.8,67.8,67.8,67.8,67.8,67.8,67.8,67.8,67.8,67.8,67.8,67.8,(X),(X),(X),67.8,136,136,136,136,136,136,136,136,136,136,136,136,(X),(X),(X),136,67.8,67.8,67.8,67.8,67.8,67.8,67.8,67.8,67.8,67.8,67.8,67.8,(X),(X),(X),67.8,39,136,136,136,136,136,39,136,136,136,136,136,(X),(X),(X),136,67.8,67.8,67.8,67.8,67.8,67.8,67.8,67.8,67.8,67.8,67.8,67.8,(X),(X),(X),67.8
9020000US3203,3203,"Lyon and Nearby Counties County Set, Nevada",3655,"Healthcare support workers, all other, including medical equipment preparers 3655 (SOC 31-909X)",25,0,0,25,0,0,0,0,0,0,0,0,(X),(X),(X),0,100.0,0.0,0.0,100.0,0.0,0.0,0.0,0.0,0.0,0.0,0.0,0.0,(X),(X),(X),0.0,25,0,0,25,0,0,0,0,0,0,0,0,(X),(X),(X),0,100.0,0.0,0.0,100.0,0.0,0.0,0.0,0.0,0.0,0.0,0.0,0.0,(X),(X),(X),0.0,0,0,0,0,0,0,0,0,0,0,0,0,(X),(X),(X),0,0.0,0.0,0.0,0.0,0.0,0.0,0.0,0.0,0.0,0.0,0.0,0.0,(X),(X),(X),0.0,39,136,136,39,136,136,136,136,136,136,136,136,(X),(X),(X),136,67.8,67.8,67.8,67.8,67.8,67.8,67.8,67.8,67.8,67.8,67.8,67.8,(X),(X),(X),67.8,39,136,136,39,136,136,136,136,136,136,136,136,(X),(X),(X),136,67.8,67.8,67.8,67.8,67.8,67.8,67.8,67.8,67.8,67.8,67.8,67.8,(X),(X),(X),67.8,136,136,136,136,136,136,136,136,136,136,136,136,(X),(X),(X),136,67.8,67.8,67.8,67.8,67.8,67.8,67.8,67.8,67.8,67.8,67.8,67.8,(X),(X),(X),67.8
9020000US3203,3203,"Lyon and Nearby Counties County Set, Nevada",3710,First-line supervisors of police and detectives 3710 (SOC 33-1012),50,0,0,50,0,0,0,0,0,0,0,0,(X),(X),(X),0,100.0,0.0,0.0,100.0,0.0,0.0,0.0,0.0,0.0,0.0,0.0,0.0,(X),(X),(X),0.0,40,0,0,40,0,0,0,0,0,0,0,0,(X),(X),(X),0,80.0,0.0,0.0,80.0,0.0,0.0,0.0,0.0,0.0,0.0,0.0,0.0,(X),(X),(X),0.0,15,0,0,15,0,0,0,0,0,0,0,0,(X),(X),(X),0,30.0,0.0,0.0,30.0,0.0,0.0,0.0,0.0,0.0,0.0,0.0,0.0,(X),(X),(X),0.0,57,136,136,57,136,136,136,136,136,136,136,136,(X),(X),(X),136,48.0,48.0,48.0,48.0,48.0,48.0,48.0,48.0,48.0,48.0,48.0,48.0,(X),(X),(X),48.0,54,136,136,54,136,136,136,136,136,136,136,136,(X),(X),(X),136,56.4,48.0,48.0,56.4,48.0,48.0,48.0,48.0,48.0,48.0,48.0,48.0,(X),(X),(X),48.0,24,136,136,24,136,136,136,136,136,136,136,136,(X),(X),(X),136,50.0,48.0,48.0,50.0,48.0,48.0,48.0,48.0,48.0,48.0,48.0,48.0,(X),(X),(X),48.0
9020000US3203,3203,"Lyon and Nearby Counties County Set, Nevada",3720,First-line supervisors of fire fighting and prevention workers 3720 (SOC 33-1021),25,0,0,25,0,0,0,0,0,0,0,0,(X),(X),(X),0,100.0,0.0,0.0,100.0,0.0,0.0,0.0,0.0,0.0,0.0,0.0,0.0,(X),(X),(X),0.0,25,0,0,25,0,0,0,0,0,0,0,0,(X),(X),(X),0,100.0,0.0,0.0,100.0,0.0,0.0,0.0,0.0,0.0,0.0,0.0,0.0,(X),(X),(X),0.0,0,0,0,0,0,0,0,0,0,0,0,0,(X),(X),(X),0,0.0,0.0,0.0,0.0,0.0,0.0,0.0,0.0,0.0,0.0,0.0,0.0,(X),(X),(X),0.0,38,136,136,38,136,136,136,136,136,136,136,136,(X),(X),(X),136,67.8,67.8,67.8,67.8,67.8,67.8,67.8,67.8,67.8,67.8,67.8,67.8,(X),(X),(X),67.8,38,136,136,38,136,136,136,136,136,136,136,136,(X),(X),(X),136,67.8,67.8,67.8,67.8,67.8,67.8,67.8,67.8,67.8,67.8,67.8,67.8,(X),(X),(X),67.8,136,136,136,136,136,136,136,136,136,136,136,136,(X),(X),(X),136,67.8,67.8,67.8,67.8,67.8,67.8,67.8,67.8,67.8,67.8,67.8,67.8,(X),(X),(X),67.8
9020000US3203,3203,"Lyon and Nearby Counties County Set, Nevada",3730,"First-line supervisors of protective service workers, all other 3730 (SOC 33-1099)",65,40,0,25,0,0,0,0,0,0,0,0,(X),(X),(X),0,100.0,61.5,0.0,38.5,0.0,0.0,0.0,0.0,0.0,0.0,0.0,0.0,(X),(X),(X),0.0,30,15,0,15,0,0,0,0,0,0,0,0,(X),(X),(X),0,46.2,23.1,0.0,23.1,0.0,0.0,0.0,0.0,0.0,0.0,0.0,0.0,(X),(X),(X),0.0,35,25,0,10,0,0,0,0,0,0,0,0,(X),(X),(X),0,53.8,38.5,0.0,15.4,0.0,0.0,0.0,0.0,0.0,0.0,0.0,0.0,(X),(X),(X),0.0,49,39,136,29,136,136,136,136,136,136,136,136,(X),(X),(X),136,42.1,40.9,42.1,39.7,42.1,42.1,42.1,42.1,42.1,42.1,42.1,42.1,(X),(X),(X),42.1,33,25,136,25,136,136,136,136,136,136,136,136,(X),(X),(X),136,39.1,37.1,42.1,36.7,42.1,42.1,42.1,42.1,42.1,42.1,42.1,42.1,(X),(X),(X),42.1,35,32,136,15,136,136,136,136,136,136,136,136,(X),(X),(X),136,39.3,40.7,42.1,21.6,42.1,42.1,42.1,42.1,42.1,42.1,42.1,42.1,(X),(X),(X),42.1
9020000US3203,3203,"Lyon and Nearby Counties County Set, Nevada",3740,Firefighters 3740 (SOC 33-2011),100,0,0,75,0,25,0,0,0,0,0,0,(X),(X),(X),0,100.0,0.0,0.0,75.0,0.0,25.0,0.0,0.0,0.0,0.0,0.0,0.0,(X),(X),(X),0.0,90,0,0,75,0,15,0,0,0,0,0,0,(X),(X),(X),0,90.0,0.0,0.0,75.0,0.0,15.0,0.0,0.0,0.0,0.0,0.0,0.0,(X),(X),(X),0.0,10,0,0,0,0,10,0,0,0,0,0,0,(X),(X),(X),0,10.0,0.0,0.0,0.0,0.0,10.0,0.0,0.0,0.0,0.0,0.0,0.0,(X),(X),(X),0.0,117,136,136,115,136,26,136,136,136,136,136,136,(X),(X),(X),136,33.1,33.1,33.1,49.5,33.1,47.0,33.1,33.1,33.1,33.1,33.1,33.1,(X),(X),(X),33.1,118,136,136,115,136,18,136,136,136,136,136,136,(X),(X),(X),136,22.9,33.1,33.1,49.5,33.1,33.3,33.1,33.1,33.1,33.1,33.1,33.1,(X),(X),(X),33.1,14,136,136,136,136,14,136,136,136,136,136,136,(X),(X),(X),136,18.6,33.1,33.1,33.1,33.1,18.6,33.1,33.1,33.1,33.1,33.1,33.1,(X),(X),(X),33.1
9020000US3203,3203,"Lyon and Nearby Counties County Set, Nevada",3750,Fire inspectors 3750 (SOC 33-2020),100,0,0,100,0,0,0,0,0,0,0,0,(X),(X),(X),0,100.0,0.0,0.0,100.0,0.0,0.0,0.0,0.0,0.0,0.0,0.0,0.0,(X),(X),(X),0.0,90,0,0,90,0,0,0,0,0,0,0,0,(X),(X),(X),0,90.0,0.0,0.0,90.0,0.0,0.0,0.0,0.0,0.0,0.0,0.0,0.0,(X),(X),(X),0.0,10,0,0,10,0,0,0,0,0,0,0,0,(X),(X),(X),0,10.0,0.0,0.0,10.0,0.0,0.0,0.0,0.0,0.0,0.0,0.0,0.0,(X),(X),(X),0.0,64,136,136,64,136,136,136,136,136,136,136,136,(X),(X),(X),136,33.1,33.1,33.1,33.1,33.1,33.1,33.1,33.1,33.1,33.1,33.1,33.1,(X),(X),(X),33.1,63,136,136,63,136,136,136,136,136,136,136,136,(X),(X),(X),136,20.6,33.1,33.1,20.6,33.1,33.1,33.1,33.1,33.1,33.1,33.1,33.1,(X),(X),(X),33.1,15,136,136,15,136,136,136,136,136,136,136,136,(X),(X),(X),136,17.9,33.1,33.1,17.9,33.1,33.1,33.1,33.1,33.1,33.1,33.1,33.1,(X),(X),(X),33.1
9020000US3203,3203,"Lyon and Nearby Counties County Set, Nevada",3800,"Bailiffs, correctional officers, and jailers 3800 (SOC 33-3010)",320,25,0,295,0,0,0,0,0,0,0,0,(X),(X),(X),0,100.0,7.8,0.0,92.2,0.0,0.0,0.0,0.0,0.0,0.0,0.0,0.0,(X),(X),(X),0.0,265,25,0,240,0,0,0,0,0,0,0,0,(X),(X),(X),0,82.8,7.8,0.0,75.0,0.0,0.0,0.0,0.0,0.0,0.0,0.0,0.0,(X),(X),(X),0.0,50,0,0,50,0,0,0,0,0,0,0,0,(X),(X),(X),0,15.6,0.0,0.0,15.6,0.0,0.0,0.0,0.0,0.0,0.0,0.0,0.0,(X),(X),(X),0.0,175,50,136,168,136,136,136,136,136,136,136,136,(X),(X),(X),136,12.4,15.7,12.4,16.3,12.4,12.4,12.4,12.4,12.4,12.4,12.4,12.4,(X),(X),(X),12.4,166,50,136,159,136,136,136,136,136,136,136,136,(X),(X),(X),136,20.6,15.7,12.4,24.6,12.4,12.4,12.4,12.4,12.4,12.4,12.4,12.4,(X),(X),(X),12.4,69,136,136,69,136,136,136,136,136,136,136,136,(X),(X),(X),136,20.9,12.4,12.4,20.9,12.4,12.4,12.4,12.4,12.4,12.4,12.4,12.4,(X),(X),(X),12.4
9020000US3203,3203,"Lyon and Nearby Counties County Set, Nevada",3820,Detectives and criminal investigators 3820 (SOC 33-3021),80,25,0,55,0,0,0,0,0,0,0,0,(X),(X),(X),0,100.0,31.3,0.0,68.8,0.0,0.0,0.0,0.0,0.0,0.0,0.0,0.0,(X),(X),(X),0.0,80,25,0,55,0,0,0,0,0,0,0,0,(X),(X),(X),0,100.0,31.3,0.0,68.8,0.0,0.0,0.0,0.0,0.0,0.0,0.0,0.0,(X),(X),(X),0.0,0,0,0,0,0,0,0,0,0,0,0,0,(X),(X),(X),0,0.0,0.0,0.0,0.0,0.0,0.0,0.0,0.0,0.0,0.0,0.0,0.0,(X),(X),(X),0.0,69,44,136,53,136,136,136,136,136,136,136,136,(X),(X),(X),136,37.9,42.1,37.9,46.0,37.9,37.9,37.9,37.9,37.9,37.9,37.9,37.9,(X),(X),(X),37.9,69,44,136,53,136,136,136,136,136,136,136,136,(X),(X),(X),136,37.9,42.1,37.9,46.0,37.9,37.9,37.9,37.9,37.9,37.9,37.9,37.9,(X),(X),(X),37.9,136,136,136,136,136,136,136,136,136,136,136,136,(X),(X),(X),136,37.9,37.9,37.9,37.9,37.9,37.9,37.9,37.9,37.9,37.9,37.9,37.9,(X),(X),(X),37.9
9020000US3203,3203,"Lyon and Nearby Counties County Set, Nevada",3840,Miscellaneous law enforcement workers 3840 (SOC 33-30XX),4,0,0,4,0,0,0,0,0,0,0,0,(X),(X),(X),0,100.0,0.0,0.0,100.0,0.0,0.0,0.0,0.0,0.0,0.0,0.0,0.0,(X),(X),(X),0.0,4,0,0,4,0,0,0,0,0,0,0,0,(X),(X),(X),0,100.0,0.0,0.0,100.0,0.0,0.0,0.0,0.0,0.0,0.0,0.0,0.0,(X),(X),(X),0.0,0,0,0,0,0,0,0,0,0,0,0,0,(X),(X),(X),0,0.0,0.0,0.0,0.0,0.0,0.0,0.0,0.0,0.0,0.0,0.0,0.0,(X),(X),(X),0.0,9,136,136,9,136,136,136,136,136,136,136,136,(X),(X),(X),136,100.0,100.0,100.0,100.0,100.0,100.0,100.0,100.0,100.0,100.0,100.0,100.0,(X),(X),(X),100.0,9,136,136,9,136,136,136,136,136,136,136,136,(X),(X),(X),136,100.0,100.0,100.0,100.0,100.0,100.0,100.0,100.0,100.0,100.0,100.0,100.0,(X),(X),(X),100.0,136,136,136,136,136,136,136,136,136,136,136,136,(X),(X),(X),136,100.0,100.0,100.0,100.0,100.0,100.0,100.0,100.0,100.0,100.0,100.0,100.0,(X),(X),(X),100.0
9020000US3203,3203,"Lyon and Nearby Counties County Set, Nevada",3850,Police officers 3850 (SOC 33-3050),290,45,0,245,0,0,0,0,0,0,0,0,(X),(X),(X),0,100.0,15.5,0.0,84.5,0.0,0.0,0.0,0.0,0.0,0.0,0.0,0.0,(X),(X),(X),0.0,255,20,0,230,0,0,0,0,0,0,0,0,(X),(X),(X),0,87.9,6.9,0.0,79.3,0.0,0.0,0.0,0.0,0.0,0.0,0.0,0.0,(X),(X),(X),0.0,35,25,0,10,0,0,0,0,0,0,0,0,(X),(X),(X),0,12.1,8.6,0.0,3.4,0.0,0.0,0.0,0.0,0.0,0.0,0.0,0.0,(X),(X),(X),0.0,135,56,136,128,136,136,136,136,136,136,136,136,(X),(X),(X),136,13.6,18.5,13.6,18.4,13.6,13.6,13.6,13.6,13.6,13.6,13.6,13.6,(X),(X),(X),13.6,128,40,136,124,136,136,136,136,136,136,136,136,(X),(X),(X),136,14.9,13.7,13.6,19.3,13.6,13.6,13.6,13.6,13.6,13.6,13.6,13.6,(X),(X),(X),13.6,45,42,136,18,136,136,136,136,136,136,136,136,(X),(X),(X),136,14.9,14.2,13.6,5.9,13.6,13.6,13.6,13.6,13.6,13.6,13.6,13.6,(X),(X),(X),13.6
9020000US3203,3203,"Lyon and Nearby Counties County Set, Nevada",3910,Private detectives and investigators 3910 (SOC 33-9021),40,0,0,40,0,0,0,0,0,0,0,0,(X),(X),(X),0,100.0,0.0,0.0,100.0,0.0,0.0,0.0,0.0,0.0,0.0,0.0,0.0,(X),(X),(X),0.0,20,0,0,20,0,0,0,0,0,0,0,0,(X),(X),(X),0,50.0,0.0,0.0,50.0,0.0,0.0,0.0,0.0,0.0,0.0,0.0,0.0,(X),(X),(X),0.0,20,0,0,20,0,0,0,0,0,0,0,0,(X),(X),(X),0,50.0,0.0,0.0,50.0,0.0,0.0,0.0,0.0,0.0,0.0,0.0,0.0,(X),(X),(X),0.0,50,136,136,50,136,136,136,136,136,136,136,136,(X),(X),(X),136,53.6,53.6,53.6,53.6,53.6,53.6,53.6,53.6,53.6,53.6,53.6,53.6,(X),(X),(X),53.6,42,136,136,42,136,136,136,136,136,136,136,136,(X),(X),(X),136,50.0,53.6,53.6,50.0,53.6,53.6,53.6,53.6,53.6,53.6,53.6,53.6,(X),(X),(X),53.6,31,136,136,31,136,136,136,136,136,136,136,136,(X),(X),(X),136,50.0,53.6,53.6,50.0,53.6,53.6,53.6,53.6,53.6,53.6,53.6,53.6,(X),(X),(X),53.6
9020000US3203,3203,"Lyon and Nearby Counties County Set, Nevada",3930,Security guards and gaming surveillance officers 3930 (SOC 33-9030),375,25,0,320,20,0,0,0,0,0,10,0,(X),(X),(X),0,100.0,6.7,0.0,85.3,5.3,0.0,0.0,0.0,0.0,0.0,2.7,0.0,(X),(X),(X),0.0,300,0,0,290,0,0,0,0,0,0,10,0,(X),(X),(X),0,80.0,0.0,0.0,77.3,0.0,0.0,0.0,0.0,0.0,0.0,2.7,0.0,(X),(X),(X),0.0,70,25,0,30,20,0,0,0,0,0,0,0,(X),(X),(X),0,18.7,6.7,0.0,8.0,5.3,0.0,0.0,0.0,0.0,0.0,0.0,0.0,(X),(X),(X),0.0,178,36,136,178,28,136,136,136,136,136,30,136,(X),(X),(X),136,10.7,10.6,10.7,14.6,8.1,10.7,10.7,10.7,10.7,10.7,7.6,10.7,(X),(X),(X),10.7,173,136,136,170,136,136,136,136,136,136,30,136,(X),(X),(X),136,16.4,10.7,10.7,17.3,10.7,10.7,10.7,10.7,10.7,10.7,7.6,10.7,(X),(X),(X),10.7,55,36,136,37,28,136,136,136,136,136,136,136,(X),(X),(X),136,16.0,10.6,10.7,9.7,8.1,10.7,10.7,10.7,10.7,10.7,10.7,10.7,(X),(X),(X),10.7
9020000US3203,3203,"Lyon and Nearby Counties County Set, Nevada",4000,Chefs and head cooks 4000 (SOC 35-1011),10,0,0,10,0,0,0,0,0,0,0,0,(X),(X),(X),0,100.0,0.0,0.0,100.0,0.0,0.0,0.0,0.0,0.0,0.0,0.0,0.0,(X),(X),(X),0.0,10,0,0,10,0,0,0,0,0,0,0,0,(X),(X),(X),0,100.0,0.0,0.0,100.0,0.0,0.0,0.0,0.0,0.0,0.0,0.0,0.0,(X),(X),(X),0.0,0,0,0,0,0,0,0,0,0,0,0,0,(X),(X),(X),0,0.0,0.0,0.0,0.0,0.0,0.0,0.0,0.0,0.0,0.0,0.0,0.0,(X),(X),(X),0.0,21,136,136,21,136,136,136,136,136,136,136,136,(X),(X),(X),136,100.0,100.0,100.0,100.0,100.0,100.0,100.0,100.0,100.0,100.0,100.0,100.0,(X),(X),(X),100.0,21,136,136,21,136,136,136,136,136,136,136,136,(X),(X),(X),136,100.0,100.0,100.0,100.0,100.0,100.0,100.0,100.0,100.0,100.0,100.0,100.0,(X),(X),(X),100.0,136,136,136,136,136,136,136,136,136,136,136,136,(X),(X),(X),136,100.0,100.0,100.0,100.0,100.0,100.0,100.0,100.0,100.0,100.0,100.0,100.0,(X),(X),(X),100.0
9020000US3203,3203,"Lyon and Nearby Counties County Set, Nevada",4010,First-line supervisors of food preparation and serving workers 4010 (SOC 35-1012),330,15,0,300,0,4,0,0,10,0,0,0,(X),(X),(X),0,100.0,4.5,0.0,90.9,0.0,1.2,0.0,0.0,3.0,0.0,0.0,0.0,(X),(X),(X),0.0,90,0,0,80,0,0,0,0,10,0,0,0,(X),(X),(X),0,27.3,0.0,0.0,24.2,0.0,0.0,0.0,0.0,3.0,0.0,0.0,0.0,(X),(X),(X),0.0,240,15,0,215,0,4,0,0,0,0,0,0,(X),(X),(X),0,72.7,4.5,0.0,65.2,0.0,1.2,0.0,0.0,0.0,0.0,0.0,0.0,(X),(X),(X),0.0,173,29,136,168,136,9,136,136,14,136,136,136,(X),(X),(X),136,12.1,9.1,12.1,11.3,12.1,2.9,12.1,12.1,4.4,12.1,12.1,12.1,(X),(X),(X),12.1,70,136,136,67,136,136,136,136,14,136,136,136,(X),(X),(X),136,17.3,12.1,12.1,16.9,12.1,12.1,12.1,12.1,4.4,12.1,12.1,12.1,(X),(X),(X),12.1,139,29,136,136,136,9,136,136,136,136,136,136,(X),(X),(X),136,17.1,9.1,12.1,19.8,12.1,2.9,12.1,12.1,12.1,12.1,12.1,12.1,(X),(X),(X),12.1
9020000US3203,3203,"Lyon and Nearby Counties County Set, Nevada",4020,Cooks 4020 (SOC 35-2010),550,105,15,305,0,35,65,0,0,0,0,15,(X),(X),(X),10,100.0,19.1,2.7,55.5,0.0,6.4,11.8,0.0,0.0,0.0,0.0,2.7,(X),(X),(X),1.8,250,0,0,215,0,35,0,0,0,0,0,0,(X),(X),(X),0,45.5,0.0,0.0,39.1,0.0,6.4,0.0,0.0,0.0,0.0,0.0,0.0,(X),(X),(X),0.0,300,105,15,90,0,4,65,0,0,0,0,15,(X),(X),(X),10,54.5,19.1,2.7,16.4,0.0,0.7,11.8,0.0,0.0,0.0,0.0,2.7,(X),(X),(X),1.8,212,115,25,136,136,55,68,136,136,136,136,27,(X),(X),(X),15,7.4,18.6,4.5,17.5,7.4,10.1,11.7,7.4,7.4,7.4,7.4,5.1,(X),(X),(X),2.8,141,136,136,126,136,54,136,136,136,136,136,136,(X),(X),(X),136,19.4,7.4,7.4,17.2,7.4,10.0,7.4,7.4,7.4,7.4,7.4,7.4,(X),(X),(X),7.4,156,115,25,67,136,5,68,136,136,136,136,27,(X),(X),(X),15,19.5,18.6,4.5,13.1,7.4,0.9,11.7,7.4,7.4,7.4,7.4,5.1,(X),(X),(X),2.8
9020000US3203,3203,"Lyon and Nearby Counties County Set, Nevada",4030,Food preparation workers 4030 (SOC 35-2021),235,160,0,35,0,4,20,10,0,0,0,0,(X),(X),(X),0,100.0,68.1,0.0,14.9,0.0,1.7,8.5,4.3,0.0,0.0,0.0,0.0,(X),(X),(X),0.0,160,160,0,0,0,0,0,0,0,0,0,0,(X),(X),(X),0,68.1,68.1,0.0,0.0,0.0,0.0,0.0,0.0,0.0,0.0,0.0,0.0,(X),(X),(X),0.0,75,0,0,35,0,4,20,10,0,0,0,0,(X),(X),(X),0,31.9,0.0,0.0,14.9,0.0,1.7,8.5,4.3,0.0,0.0,0.0,0.0,(X),(X),(X),0.0,157,150,136,44,136,12,41,16,136,136,136,136,(X),(X),(X),136,16.5,30.9,16.5,22.3,16.5,5.9,19.3,7.8,16.5,16.5,16.5,16.5,(X),(X),(X),16.5,150,150,136,136,136,136,136,136,136,136,136,136,(X),(X),(X),136,30.9,30.9,16.5,16.5,16.5,16.5,16.5,16.5,16.5,16.5,16.5,16.5,(X),(X),(X),16.5,56,136,136,44,136,12,41,16,136,136,136,136,(X),(X),(X),136,30.5,16.5,16.5,22.3,16.5,5.9,19.3,7.8,16.5,16.5,16.5,16.5,(X),(X),(X),16.5
9020000US3203,3203,"Lyon and Nearby Counties County Set, Nevada",4040,Bartenders 4040 (SOC 35-3011),315,20,0,290,0,4,0,0,0,0,0,0,(X),(X),(X),0,100.0,6.3,0.0,92.1,0.0,1.3,0.0,0.0,0.0,0.0,0.0,0.0,(X),(X),(X),0.0,285,20,0,265,0,0,0,0,0,0,0,0,(X),(X),(X),0,90.5,6.3,0.0,84.1,0.0,0.0,0.0,0.0,0.0,0.0,0.0,0.0,(X),(X),(X),0.0,30,0,0,25,0,4,0,0,0,0,0,0,(X),(X),(X),0,9.5,0.0,0.0,7.9,0.0,1.3,0.0,0.0,0.0,0.0,0.0,0.0,(X),(X),(X),0.0,187,33,136,185,136,6,136,136,136,136,136,136,(X),(X),(X),136,12.6,11.9,12.6,11.8,12.6,2.2,12.6,12.6,12.6,12.6,12.6,12.6,(X),(X),(X),12.6,184,33,136,182,136,136,136,136,136,136,136,136,(X),(X),(X),136,15.1,11.9,12.6,19.6,12.6,12.6,12.6,12.6,12.6,12.6,12.6,12.6,(X),(X),(X),12.6,43,136,136,43,136,6,136,136,136,136,136,136,(X),(X),(X),136,14.8,12.6,12.6,15.0,12.6,2.2,12.6,12.6,12.6,12.6,12.6,12.6,(X),(X),(X),12.6
9020000US3203,3203,"Lyon and Nearby Counties County Set, Nevada",4050,"Combined food preparation and serving workers, including fast food 4050 (SOC 35-3021)",115,70,0,25,20,0,0,0,0,0,0,0,(X),(X),(X),0,100.0,60.9,0.0,21.7,17.4,0.0,0.0,0.0,0.0,0.0,0.0,0.0,(X),(X),(X),0.0,95,50,0,25,20,0,0,0,0,0,0,0,(X),(X),(X),0,82.6,43.5,0.0,21.7,17.4,0.0,0.0,0.0,0.0,0.0,0.0,0.0,(X),(X),(X),0.0,20,20,0,0,0,0,0,0,0,0,0,0,(X),(X),(X),0,17.4,17.4,0.0,0.0,0.0,0.0,0.0,0.0,0.0,0.0,0.0,0.0,(X),(X),(X),0.0,116,104,136,43,29,136,136,136,136,136,136,136,(X),(X),(X),136,30.0,41.3,30.0,35.5,27.8,30.0,30.0,30.0,30.0,30.0,30.0,30.0,(X),(X),(X),30.0,106,93,136,43,29,136,136,136,136,136,136,136,(X),(X),(X),136,29.0,46.3,30.0,35.5,27.8,30.0,30.0,30.0,30.0,30.0,30.0,30.0,(X),(X),(X),30.0,35,35,136,136,136,136,136,136,136,136,136,136,(X),(X),(X),136,28.5,28.5,30.0,30.0,30.0,30.0,30.0,30.0,30.0,30.0,30.0,30.0,(X),(X),(X),30.0
9020000US3203,3203,"Lyon and Nearby Counties County Set, Nevada",4060,"Counter attendants, cafeteria, food concession, and coffee shop 4060 (SOC 35-3022)",200,0,0,200,0,0,0,0,0,0,0,0,(X),(X),(X),0,100.0,0.0,0.0,100.0,0.0,0.0,0.0,0.0,0.0,0.0,0.0,0.0,(X),(X),(X),0.0,20,0,0,20,0,0,0,0,0,0,0,0,(X),(X),(X),0,10.0,0.0,0.0,10.0,0.0,0.0,0.0,0.0,0.0,0.0,0.0,0.0,(X),(X),(X),0.0,180,0,0,180,0,0,0,0,0,0,0,0,(X),(X),(X),0,90.0,0.0,0.0,90.0,0.0,0.0,0.0,0.0,0.0,0.0,0.0,0.0,(X),(X),(X),0.0,124,136,136,124,136,136,136,136,136,136,136,136,(X),(X),(X),136,19.0,19.0,19.0,19.0,19.0,19.0,19.0,19.0,19.0,19.0,19.0,19.0,(X),(X),(X),19.0,32,136,136,32,136,136,136,136,136,136,136,136,(X),(X),(X),136,16.6,19.0,19.0,16.6,19.0,19.0,19.0,19.0,19.0,19.0,19.0,19.0,(X),(X),(X),19.0,120,136,136,120,136,136,136,136,136,136,136,136,(X),(X),(X),136,17.0,19.0,19.0,17.0,19.0,19.0,19.0,19.0,19.0,19.0,19.0,19.0,(X),(X),(X),19.0
9020000US3203,3203,"Lyon and Nearby Counties County Set, Nevada",4110,Waiters and waitresses 4110 (SOC 35-3031),470,0,30,440,0,0,0,0,0,0,0,0,(X),(X),(X),0,100.0,0.0,6.4,93.6,0.0,0.0,0.0,0.0,0.0,0.0,0.0,0.0,(X),(X),(X),0.0,35,0,0,35,0,0,0,0,0,0,0,0,(X),(X),(X),0,7.4,0.0,0.0,7.4,0.0,0.0,0.0,0.0,0.0,0.0,0.0,0.0,(X),(X),(X),0.0,435,0,30,405,0,0,0,0,0,0,0,0,(X),(X),(X),0,92.6,0.0,6.4,86.2,0.0,0.0,0.0,0.0,0.0,0.0,0.0,0.0,(X),(X),(X),0.0,174,136,51,162,136,136,136,136,136,136,136,136,(X),(X),(X),136,8.6,8.6,10.0,10.0,8.6,8.6,8.6,8.6,8.6,8.6,8.6,8.6,(X),(X),(X),8.6,40,136,136,40,136,136,136,136,136,136,136,136,(X),(X),(X),136,9.1,8.6,8.6,9.1,8.6,8.6,8.6,8.6,8.6,8.6,8.6,8.6,(X),(X),(X),8.6,176,136,51,164,136,136,136,136,136,136,136,136,(X),(X),(X),136,9.0,8.6,10.0,12.9,8.6,8.6,8.6,8.6,8.6,8.6,8.6,8.6,(X),(X),(X),8.6
9020000US3203,3203,"Lyon and Nearby Counties County Set, Nevada",4120,"Food servers, nonrestaurant 4120 (SOC 35-3041)",30,0,0,10,0,0,20,0,0,0,0,0,(X),(X),(X),0,100.0,0.0,0.0,33.3,0.0,0.0,66.7,0.0,0.0,0.0,0.0,0.0,(X),(X),(X),0.0,0,0,0,0,0,0,0,0,0,0,0,0,(X),(X),(X),0,0.0,0.0,0.0,0.0,0.0,0.0,0.0,0.0,0.0,0.0,0.0,0.0,(X),(X),(X),0.0,30,0,0,10,0,0,20,0,0,0,0,0,(X),(X),(X),0,100.0,0.0,0.0,33.3,0.0,0.0,66.7,0.0,0.0,0.0,0.0,0.0,(X),(X),(X),0.0,33,136,136,21,136,136,29,136,136,136,136,136,(X),(X),(X),136,61.9,61.9,61.9,63.6,61.9,61.9,66.7,61.9,61.9,61.9,61.9,61.9,(X),(X),(X),61.9,136,136,136,136,136,136,136,136,136,136,136,136,(X),(X),(X),136,61.9,61.9,61.9,61.9,61.9,61.9,61.9,61.9,61.9,61.9,61.9,61.9,(X),(X),(X),61.9,33,136,136,21,136,136,29,136,136,136,136,136,(X),(X),(X),136,61.9,61.9,61.9,63.6,61.9,61.9,66.7,61.9,61.9,61.9,61.9,61.9,(X),(X),(X),61.9
9020000US3203,3203,"Lyon and Nearby Counties County Set, Nevada",4130,"Miscellaneous food preparation and serving related workers, including dining room and cafeteria attendants and bartender helpers 4130 (SOC 35-90XX)",100,20,0,75,0,4,0,0,0,0,0,0,(X),(X),(X),0,100.0,20.0,0.0,75.0,0.0,4.0,0.0,0.0,0.0,0.0,0.0,0.0,(X),(X),(X),0.0,50,20,0,25,0,4,0,0,0,0,0,0,(X),(X),(X),0,50.0,20.0,0.0,25.0,0.0,4.0,0.0,0.0,0.0,0.0,0.0,0.0,(X),(X),(X),0.0,50,0,0,50,0,0,0,0,0,0,0,0,(X),(X),(X),0,50.0,0.0,0.0,50.0,0.0,0.0,0.0,0.0,0.0,0.0,0.0,0.0,(X),(X),(X),0.0,75,32,136,66,136,7,136,136,136,136,136,136,(X),(X),(X),136,33.1,31.1,33.1,30.7,33.1,8.2,33.1,33.1,33.1,33.1,33.1,33.1,(X),(X),(X),33.1,54,32,136,40,136,7,136,136,136,136,136,136,(X),(X),(X),136,38.6,31.1,33.1,33.4,33.1,8.2,33.1,33.1,33.1,33.1,33.1,33.1,(X),(X),(X),33.1,49,136,136,49,136,136,136,136,136,136,136,136,(X),(X),(X),136,38.3,33.1,33.1,38.3,33.1,33.1,33.1,33.1,33.1,33.1,33.1,33.1,(X),(X),(X),33.1
9020000US3203,3203,"Lyon and Nearby Counties County Set, Nevada",4140,Dishwashers 4140 (SOC 35-9021),170,100,0,55,0,15,0,0,0,0,0,0,(X),(X),(X),0,100.0,58.8,0.0,32.4,0.0,8.8,0.0,0.0,0.0,0.0,0.0,0.0,(X),(X),(X),0.0,120,50,0,55,0,15,0,0,0,0,0,0,(X),(X),(X),0,70.6,29.4,0.0,32.4,0.0,8.8,0.0,0.0,0.0,0.0,0.0,0.0,(X),(X),(X),0.0,50,50,0,0,0,0,0,0,0,0,0,0,(X),(X),(X),0,29.4,29.4,0.0,0.0,0.0,0.0,0.0,0.0,0.0,0.0,0.0,0.0,(X),(X),(X),0.0,112,88,136,64,136,28,136,136,136,136,136,136,(X),(X),(X),136,21.9,33.2,21.9,32.8,21.9,18.5,21.9,21.9,21.9,21.9,21.9,21.9,(X),(X),(X),21.9,99,72,136,64,136,28,136,136,136,136,136,136,(X),(X),(X),136,30.1,36.1,21.9,32.8,21.9,18.5,21.9,21.9,21.9,21.9,21.9,21.9,(X),(X),(X),21.9,55,55,136,136,136,136,136,136,136,136,136,136,(X),(X),(X),136,30.7,30.7,21.9,21.9,21.9,21.9,21.9,21.9,21.9,21.9,21.9,21.9,(X),(X),(X),21.9
9020000US3203,3203,"Lyon and Nearby Counties County Set, Nevada",4150,"Hosts and hostesses, restaurant, lounge, and coffee shop 4150 (SOC 35-9031)",20,0,0,20,0,0,0,0,0,0,0,0,(X),(X),(X),0,100.0,0.0,0.0,100.0,0.0,0.0,0.0,0.0,0.0,0.0,0.0,0.0,(X),(X),(X),0.0,20,0,0,20,0,0,0,0,0,0,0,0,(X),(X),(X),0,100.0,0.0,0.0,100.0,0.0,0.0,0.0,0.0,0.0,0.0,0.0,0.0,(X),(X),(X),0.0,0,0,0,0,0,0,0,0,0,0,0,0,(X),(X),(X),0,0.0,0.0,0.0,0.0,0.0,0.0,0.0,0.0,0.0,0.0,0.0,0.0,(X),(X),(X),0.0,36,136,136,36,136,136,136,136,136,136,136,136,(X),(X),(X),136,75.8,75.8,75.8,75.8,75.8,75.8,75.8,75.8,75.8,75.8,75.8,75.8,(X),(X),(X),75.8,36,136,136,36,136,136,136,136,136,136,136,136,(X),(X),(X),136,75.8,75.8,75.8,75.8,75.8,75.8,75.8,75.8,75.8,75.8,75.8,75.8,(X),(X),(X),75.8,136,136,136,136,136,136,136,136,136,136,136,136,(X),(X),(X),136,75.8,75.8,75.8,75.8,75.8,75.8,75.8,75.8,75.8,75.8,75.8,75.8,(X),(X),(X),75.8
9020000US3203,3203,"Lyon and Nearby Counties County Set, Nevada",4200,First-line supervisors of housekeeping and janitorial workers 4200 (SOC 37-1011),35,0,0,35,0,0,0,0,0,0,0,0,(X),(X),(X),0,100.0,0.0,0.0,100.0,0.0,0.0,0.0,0.0,0.0,0.0,0.0,0.0,(X),(X),(X),0.0,20,0,0,20,0,0,0,0,0,0,0,0,(X),(X),(X),0,57.1,0.0,0.0,57.1,0.0,0.0,0.0,0.0,0.0,0.0,0.0,0.0,(X),(X),(X),0.0,20,0,0,20,0,0,0,0,0,0,0,0,(X),(X),(X),0,57.1,0.0,0.0,57.1,0.0,0.0,0.0,0.0,0.0,0.0,0.0,0.0,(X),(X),(X),0.0,41,136,136,41,136,136,136,136,136,136,136,136,(X),(X),(X),136,57.3,57.3,57.3,57.3,57.3,57.3,57.3,57.3,57.3,57.3,57.3,57.3,(X),(X),(X),57.3,31,136,136,31,136,136,136,136,136,136,136,136,(X),(X),(X),136,57.1,57.3,57.3,57.1,57.3,57.3,57.3,57.3,57.3,57.3,57.3,57.3,(X),(X),(X),57.3,28,136,136,28,136,136,136,136,136,136,136,136,(X),(X),(X),136,57.1,57.3,57.3,57.1,57.3,57.3,57.3,57.3,57.3,57.3,57.3,57.3,(X),(X),(X),57.3
9020000US3203,3203,"Lyon and Nearby Counties County Set, Nevada",4210,"First-line supervisors of landscaping, lawn service, and groundskeeping workers 4210 (SOC 37-1012)",15,0,0,15,0,0,0,0,0,0,0,0,(X),(X),(X),0,100.0,0.0,0.0,100.0,0.0,0.0,0.0,0.0,0.0,0.0,0.0,0.0,(X),(X),(X),0.0,15,0,0,15,0,0,0,0,0,0,0,0,(X),(X),(X),0,100.0,0.0,0.0,100.0,0.0,0.0,0.0,0.0,0.0,0.0,0.0,0.0,(X),(X),(X),0.0,0,0,0,0,0,0,0,0,0,0,0,0,(X),(X),(X),0,0.0,0.0,0.0,0.0,0.0,0.0,0.0,0.0,0.0,0.0,0.0,0.0,(X),(X),(X),0.0,29,136,136,29,136,136,136,136,136,136,136,136,(X),(X),(X),136,87.6,87.6,87.6,87.6,87.6,87.6,87.6,87.6,87.6,87.6,87.6,87.6,(X),(X),(X),87.6,29,136,136,29,136,136,136,136,136,136,136,136,(X),(X),(X),136,87.6,87.6,87.6,87.6,87.6,87.6,87.6,87.6,87.6,87.6,87.6,87.6,(X),(X),(X),87.6,136,136,136,136,136,136,136,136,136,136,136,136,(X),(X),(X),136,87.6,87.6,87.6,87.6,87.6,87.6,87.6,87.6,87.6,87.6,87.6,87.6,(X),(X),(X),87.6
9020000US3203,3203,"Lyon and Nearby Counties County Set, Nevada",4220,Janitors and building cleaners 4220 (SOC 37-201X),880,30,35,660,4,110,20,4,15,0,0,0,(X),(X),(X),0,100.0,3.4,4.0,75.0,0.5,12.5,2.3,0.5,1.7,0.0,0.0,0.0,(X),(X),(X),0.0,470,4,35,400,4,10,20,0,0,0,0,0,(X),(X),(X),0,53.4,0.5,4.0,45.5,0.5,1.1,2.3,0.0,0.0,0.0,0.0,0.0,(X),(X),(X),0.0,410,30,0,260,0,105,0,4,15,0,0,0,(X),(X),(X),0,46.6,3.4,0.0,29.5,0.0,11.9,0.0,0.5,1.7,0.0,0.0,0.0,(X),(X),(X),0.0,227,85,43,178,3,58,35,17,35,136,136,136,(X),(X),(X),136,4.7,9.7,4.9,13.1,0.4,6.6,4.0,2.0,4.0,4.7,4.7,4.7,(X),(X),(X),4.7,158,70,43,136,3,14,35,136,136,136,136,136,(X),(X),(X),136,10.8,8.4,4.9,13.6,0.4,1.6,4.0,4.7,4.7,4.7,4.7,4.7,(X),(X),(X),4.7,135,46,136,123,136,60,136,17,35,136,136,136,(X),(X),(X),136,10.7,5.1,4.7,12.1,4.7,6.8,4.7,2.0,4.0,4.7,4.7,4.7,(X),(X),(X),4.7
9020000US3203,3203,"Lyon and Nearby Counties County Set, Nevada",4230,Maids and housekeeping cleaners 4230 (SOC 37-2012),400,120,0,255,0,10,0,15,0,0,0,0,(X),(X),(X),0,100.0,30.0,0.0,63.8,0.0,2.5,0.0,3.8,0.0,0.0,0.0,0.0,(X),(X),(X),0.0,90,0,0,90,0,0,0,0,0,0,0,0,(X),(X),(X),0,22.5,0.0,0.0,22.5,0.0,0.0,0.0,0.0,0.0,0.0,0.0,0.0,(X),(X),(X),0.0,305,120,0,165,0,10,0,15,0,0,0,0,(X),(X),(X),0,76.3,30.0,0.0,41.3,0.0,2.5,0.0,3.8,0.0,0.0,0.0,0.0,(X),(X),(X),0.0,185,96,136,161,136,19,136,21,136,136,136,136,(X),(X),(X),136,10.1,22.2,10.1,22.1,10.1,5.0,10.1,5.7,10.1,10.1,10.1,10.1,(X),(X),(X),10.1,103,136,136,103,136,136,136,136,136,136,136,136,(X),(X),(X),136,23.5,10.1,10.1,23.5,10.1,10.1,10.1,10.1,10.1,10.1,10.1,10.1,(X),(X),(X),10.1,158,96,136,126,136,19,136,21,136,136,136,136,(X),(X),(X),136,23.6,22.2,10.1,24.2,10.1,5.0,10.1,5.7,10.1,10.1,10.1,10.1,(X),(X),(X),10.1
9020000US3203,3203,"Lyon and Nearby Counties County Set, Nevada",4240,Pest control workers 4240 (SOC 37-2021),20,0,0,20,0,0,0,0,0,0,0,0,(X),(X),(X),0,100.0,0.0,0.0,100.0,0.0,0.0,0.0,0.0,0.0,0.0,0.0,0.0,(X),(X),(X),0.0,20,0,0,20,0,0,0,0,0,0,0,0,(X),(X),(X),0,100.0,0.0,0.0,100.0,0.0,0.0,0.0,0.0,0.0,0.0,0.0,0.0,(X),(X),(X),0.0,0,0,0,0,0,0,0,0,0,0,0,0,(X),(X),(X),0,0.0,0.0,0.0,0.0,0.0,0.0,0.0,0.0,0.0,0.0,0.0,0.0,(X),(X),(X),0.0,34,136,136,34,136,136,136,136,136,136,136,136,(X),(X),(X),136,75.8,75.8,75.8,75.8,75.8,75.8,75.8,75.8,75.8,75.8,75.8,75.8,(X),(X),(X),75.8,34,136,136,34,136,136,136,136,136,136,136,136,(X),(X),(X),136,75.8,75.8,75.8,75.8,75.8,75.8,75.8,75.8,75.8,75.8,75.8,75.8,(X),(X),(X),75.8,136,136,136,136,136,136,136,136,136,136,136,136,(X),(X),(X),136,75.8,75.8,75.8,75.8,75.8,75.8,75.8,75.8,75.8,75.8,75.8,75.8,(X),(X),(X),75.8
9020000US3203,3203,"Lyon and Nearby Counties County Set, Nevada",4250,Grounds maintenance workers 4250 (SOC 37-3010),285,75,30,165,0,20,0,0,0,0,0,0,(X),(X),(X),0,100.0,26.3,10.5,57.9,0.0,7.0,0.0,0.0,0.0,0.0,0.0,0.0,(X),(X),(X),0.0,280,75,30,160,0,20,0,0,0,0,0,0,(X),(X),(X),0,98.2,26.3,10.5,56.1,0.0,7.0,0.0,0.0,0.0,0.0,0.0,0.0,(X),(X),(X),0.0,4,0,0,4,0,0,0,0,0,0,0,0,(X),(X),(X),0,1.4,0.0,0.0,1.4,0.0,0.0,0.0,0.0,0.0,0.0,0.0,0.0,(X),(X),(X),0.0,153,74,45,133,136,27,136,136,136,136,136,136,(X),(X),(X),136,13.8,24.9,15.8,27.2,13.8,9.8,13.8,13.8,13.8,13.8,13.8,13.8,(X),(X),(X),13.8,153,74,45,133,136,27,136,136,136,136,136,136,(X),(X),(X),136,3.8,24.9,15.8,27.7,13.8,9.8,13.8,13.8,13.8,13.8,13.8,13.8,(X),(X),(X),13.8,9,136,136,9,136,136,136,136,136,136,136,136,(X),(X),(X),136,3.4,13.8,13.8,3.4,13.8,13.8,13.8,13.8,13.8,13.8,13.8,13.8,(X),(X),(X),13.8
9020000US3203,3203,"Lyon and Nearby Counties County Set, Nevada",4300,First-line supervisors of gaming workers 4300 (SOC 39-1010),100,25,0,75,0,0,0,0,0,0,0,0,(X),(X),(X),0,100.0,25.0,0.0,75.0,0.0,0.0,0.0,0.0,0.0,0.0,0.0,0.0,(X),(X),(X),0.0,35,0,0,35,0,0,0,0,0,0,0,0,(X),(X),(X),0,35.0,0.0,0.0,35.0,0.0,0.0,0.0,0.0,0.0,0.0,0.0,0.0,(X),(X),(X),0.0,65,25,0,40,0,0,0,0,0,0,0,0,(X),(X),(X),0,65.0,25.0,0.0,40.0,0.0,0.0,0.0,0.0,0.0,0.0,0.0,0.0,(X),(X),(X),0.0,74,31,136,65,136,136,136,136,136,136,136,136,(X),(X),(X),136,33.1,29.8,33.1,30.0,33.1,33.1,33.1,33.1,33.1,33.1,33.1,33.1,(X),(X),(X),33.1,46,136,136,46,136,136,136,136,136,136,136,136,(X),(X),(X),136,33.7,33.1,33.1,33.7,33.1,33.1,33.1,33.1,33.1,33.1,33.1,33.1,(X),(X),(X),33.1,53,31,136,48,136,136,136,136,136,136,136,136,(X),(X),(X),136,35.1,29.8,33.1,41.3,33.1,33.1,33.1,33.1,33.1,33.1,33.1,33.1,(X),(X),(X),33.1
9020000US3203,3203,"Lyon and Nearby Counties County Set, Nevada",4320,First-line supervisors of personal service workers 4320 (SOC 39-1021),55,0,0,55,0,0,0,0,0,0,0,0,(X),(X),(X),0,100.0,0.0,0.0,100.0,0.0,0.0,0.0,0.0,0.0,0.0,0.0,0.0,(X),(X),(X),0.0,40,0,0,40,0,0,0,0,0,0,0,0,(X),(X),(X),0,72.7,0.0,0.0,72.7,0.0,0.0,0.0,0.0,0.0,0.0,0.0,0.0,(X),(X),(X),0.0,15,0,0,15,0,0,0,0,0,0,0,0,(X),(X),(X),0,27.3,0.0,0.0,27.3,0.0,0.0,0.0,0.0,0.0,0.0,0.0,0.0,(X),(X),(X),0.0,51,136,136,51,136,136,136,136,136,136,136,136,(X),(X),(X),136,45.7,45.7,45.7,45.7,45.7,45.7,45.7,45.7,45.7,45.7,45.7,45.7,(X),(X),(X),45.7,44,136,136,44,136,136,136,136,136,136,136,136,(X),(X),(X),136,41.1,45.7,45.7,41.1,45.7,45.7,45.7,45.7,45.7,45.7,45.7,45.7,(X),(X),(X),45.7,24,136,136,24,136,136,136,136,136,136,136,136,(X),(X),(X),136,45.1,45.7,45.7,45.1,45.7,45.7,45.7,45.7,45.7,45.7,45.7,45.7,(X),(X),(X),45.7
9020000US3204,3204,"Northern Nevada, excluding Washoe County Set; Nevada",0000,"Total, all occupations",45760,6300,1910,34515,225,1710,600,50,90,250,45,0,(X),(X),(X),65,100.0,13.8,4.2,75.4,0.5,3.7,1.3,0.1,0.2,0.5,0.1,0.0,(X),(X),(X),0.1,26365,3740,1095,20040,170,805,220,15,55,150,45,0,(X),(X),(X),30,57.6,8.2,2.4,43.8,0.4,1.8,0.5,0.0,0.1,0.3,0.1,0.0,(X),(X),(X),0.1,19400,2560,815,14480,55,905,380,40,35,100,0,0,(X),(X),(X),35,42.4,5.6,1.8,31.6,0.1,2.0,0.8,0.1,0.1,0.2,0.0,0.0,(X),(X),(X),0.1,832,483,422,666,95,212,125,33,83,124,53,136,(X),(X),(X),45,0.1,1.0,0.9,0.8,0.2,0.5,0.3,0.1,0.2,0.3,0.1,0.1,(X),(X),(X),0.1,581,354,260,407,76,127,96,12,62,96,53,136,(X),(X),(X),32,0.8,0.7,0.6,0.8,0.2,0.3,0.2,0.1,0.1,0.2,0.1,0.1,(X),(X),(X),0.1,545,256,241,554,40,153,109,32,52,56,136,136,(X),(X),(X),32,0.8,0.6,0.5,1.0,0.1,0.3,0.2,0.1,0.1,0.1,0.1,0.1,(X),(X),(X),0.1
9020000US3204,3204,"Northern Nevada, excluding Washoe County Set; Nevada",0010,Chief executives and legislators 0010 (SOC 11-10XX),205,55,0,130,0,4,0,0,0,0,15,0,(X),(X),(X),0,100.0,26.8,0.0,63.4,0.0,2.0,0.0,0.0,0.0,0.0,7.3,0.0,(X),(X),(X),0.0,150,30,0,100,0,4,0,0,0,0,15,0,(X),(X),(X),0,73.2,14.6,0.0,48.8,0.0,2.0,0.0,0.0,0.0,0.0,7.3,0.0,(X),(X),(X),0.0,60,25,0,30,0,0,0,0,0,0,0,0,(X),(X),(X),0,29.3,12.2,0.0,14.6,0.0,0.0,0.0,0.0,0.0,0.0,0.0,0.0,(X),(X),(X),0.0,111,57,136,81,136,3,136,136,136,136,26,136,(X),(X),(X),136,18.6,23.6,18.6,23.5,18.6,2.1,18.6,18.6,18.6,18.6,11.4,18.6,(X),(X),(X),18.6,89,32,136,72,136,3,136,136,136,136,26,136,(X),(X),(X),136,23.3,14.9,18.6,24.0,18.6,2.1,18.6,18.6,18.6,18.6,11.4,18.6,(X),(X),(X),18.6,58,48,136,34,136,136,136,136,136,136,136,136,(X),(X),(X),136,22.3,21.1,18.6,15.8,18.6,18.6,18.6,18.6,18.6,18.6,18.6,18.6,(X),(X),(X),18.6
9020000US3204,3204,"Northern Nevada, excluding Washoe County Set; Nevada",0020,General and operations managers 0020 (SOC 11-1021),210,15,0,200,0,0,0,0,0,0,0,0,(X),(X),(X),0,100.0,7.1,0.0,95.2,0.0,0.0,0.0,0.0,0.0,0.0,0.0,0.0,(X),(X),(X),0.0,120,15,0,105,0,0,0,0,0,0,0,0,(X),(X),(X),0,57.1,7.1,0.0,50.0,0.0,0.0,0.0,0.0,0.0,0.0,0.0,0.0,(X),(X),(X),0.0,90,0,0,90,0,0,0,0,0,0,0,0,(X),(X),(X),0,42.9,0.0,0.0,42.9,0.0,0.0,0.0,0.0,0.0,0.0,0.0,0.0,(X),(X),(X),0.0,112,22,136,111,136,136,136,136,136,136,136,136,(X),(X),(X),136,18.2,11.0,18.2,11.4,18.2,18.2,18.2,18.2,18.2,18.2,18.2,18.2,(X),(X),(X),18.2,69,22,136,68,136,136,136,136,136,136,136,136,(X),(X),(X),136,28.3,11.0,18.2,28.4,18.2,18.2,18.2,18.2,18.2,18.2,18.2,18.2,(X),(X),(X),18.2,90,136,136,90,136,136,136,136,136,136,136,136,(X),(X),(X),136,29.1,18.2,18.2,29.1,18.2,18.2,18.2,18.2,18.2,18.2,18.2,18.2,(X),(X),(X),18.2
9020000US3204,3204,"Northern Nevada, excluding Washoe County Set; Nevada",0050,Marketing and sales managers 0050 (SOC 11-2020),75,45,0,25,0,0,0,0,0,0,0,0,(X),(X),(X),10,100.0,60.0,0.0,33.3,0.0,0.0,0.0,0.0,0.0,0.0,0.0,0.0,(X),(X),(X),13.3,10,0,0,10,0,0,0,0,0,0,0,0,(X),(X),(X),0,13.3,0.0,0.0,13.3,0.0,0.0,0.0,0.0,0.0,0.0,0.0,0.0,(X),(X),(X),0.0,65,45,0,10,0,0,0,0,0,0,0,0,(X),(X),(X),10,86.7,60.0,0.0,13.3,0.0,0.0,0.0,0.0,0.0,0.0,0.0,0.0,(X),(X),(X),13.3,56,45,136,29,136,136,136,136,136,136,136,136,(X),(X),(X),16,39.2,40.0,39.2,33.7,39.2,39.2,39.2,39.2,39.2,39.2,39.2,39.2,(X),(X),(X),23.7,21,136,136,21,136,136,136,136,136,136,136,136,(X),(X),(X),136,26.0,39.2,39.2,26.0,39.2,39.2,39.2,39.2,39.2,39.2,39.2,39.2,(X),(X),(X),39.2,53,45,136,21,136,136,136,136,136,136,136,136,(X),(X),(X),16,27.7,40.0,39.2,28.2,39.2,39.2,39.2,39.2,39.2,39.2,39.2,39.2,(X),(X),(X),23.7
9020000US3204,3204,"Northern Nevada, excluding Washoe County Set; Nevada",0100,Administrative services managers 0100 (SOC 11-3011),50,0,0,50,0,0,0,0,0,0,0,0,(X),(X),(X),0,100.0,0.0,0.0,100.0,0.0,0.0,0.0,0.0,0.0,0.0,0.0,0.0,(X),(X),(X),0.0,40,0,0,40,0,0,0,0,0,0,0,0,(X),(X),(X),0,80.0,0.0,0.0,80.0,0.0,0.0,0.0,0.0,0.0,0.0,0.0,0.0,(X),(X),(X),0.0,15,0,0,15,0,0,0,0,0,0,0,0,(X),(X),(X),0,30.0,0.0,0.0,30.0,0.0,0.0,0.0,0.0,0.0,0.0,0.0,0.0,(X),(X),(X),0.0,64,136,136,64,136,136,136,136,136,136,136,136,(X),(X),(X),136,48.0,48.0,48.0,48.0,48.0,48.0,48.0,48.0,48.0,48.0,48.0,48.0,(X),(X),(X),48.0,51,136,136,51,136,136,136,136,136,136,136,136,(X),(X),(X),136,40.1,48.0,48.0,40.1,48.0,48.0,48.0,48.0,48.0,48.0,48.0,48.0,(X),(X),(X),48.0,23,136,136,23,136,136,136,136,136,136,136,136,(X),(X),(X),136,39.1,48.0,48.0,39.1,48.0,48.0,48.0,48.0,48.0,48.0,48.0,48.0,(X),(X),(X),48.0
9020000US3204,3204,"Northern Nevada, excluding Washoe County Set; Nevada",0110,Computer and information systems managers 0110 (SOC 11-3021),20,0,0,20,0,0,0,0,0,0,0,0,(X),(X),(X),0,100.0,0.0,0.0,100.0,0.0,0.0,0.0,0.0,0.0,0.0,0.0,0.0,(X),(X),(X),0.0,15,0,0,15,0,0,0,0,0,0,0,0,(X),(X),(X),0,75.0,0.0,0.0,75.0,0.0,0.0,0.0,0.0,0.0,0.0,0.0,0.0,(X),(X),(X),0.0,4,0,0,4,0,0,0,0,0,0,0,0,(X),(X),(X),0,20.0,0.0,0.0,20.0,0.0,0.0,0.0,0.0,0.0,0.0,0.0,0.0,(X),(X),(X),0.0,29,136,136,29,136,136,136,136,136,136,136,136,(X),(X),(X),136,75.8,75.8,75.8,75.8,75.8,75.8,75.8,75.8,75.8,75.8,75.8,75.8,(X),(X),(X),75.8,23,136,136,23,136,136,136,136,136,136,136,136,(X),(X),(X),136,52.4,75.8,75.8,52.4,75.8,75.8,75.8,75.8,75.8,75.8,75.8,75.8,(X),(X),(X),75.8,10,136,136,10,136,136,136,136,136,136,136,136,(X),(X),(X),136,47.7,75.8,75.8,47.7,75.8,75.8,75.8,75.8,75.8,75.8,75.8,75.8,(X),(X),(X),75.8
9020000US3204,3204,"Northern Nevada, excluding Washoe County Set; Nevada",0120,Financial managers 0120 (SOC 11-3031),150,20,0,130,0,0,0,0,0,0,0,0,(X),(X),(X),0,100.0,13.3,0.0,86.7,0.0,0.0,0.0,0.0,0.0,0.0,0.0,0.0,(X),(X),(X),0.0,40,0,0,40,0,0,0,0,0,0,0,0,(X),(X),(X),0,26.7,0.0,0.0,26.7,0.0,0.0,0.0,0.0,0.0,0.0,0.0,0.0,(X),(X),(X),0.0,110,20,0,90,0,0,0,0,0,0,0,0,(X),(X),(X),0,73.3,13.3,0.0,60.0,0.0,0.0,0.0,0.0,0.0,0.0,0.0,0.0,(X),(X),(X),0.0,90,36,136,85,136,136,136,136,136,136,136,136,(X),(X),(X),136,24.3,23.6,24.3,22.9,24.3,24.3,24.3,24.3,24.3,24.3,24.3,24.3,(X),(X),(X),24.3,36,136,136,36,136,136,136,136,136,136,136,136,(X),(X),(X),136,22.0,24.3,24.3,22.0,24.3,24.3,24.3,24.3,24.3,24.3,24.3,24.3,(X),(X),(X),24.3,77,36,136,70,136,136,136,136,136,136,136,136,(X),(X),(X),136,22.4,23.6,24.3,26.9,24.3,24.3,24.3,24.3,24.3,24.3,24.3,24.3,(X),(X),(X),24.3
9020000US3204,3204,"Northern Nevada, excluding Washoe County Set; Nevada",0135,Compensation and benefits managers 0135 (SOC 11-3111),20,20,0,0,0,0,0,0,0,0,0,0,(X),(X),(X),0,100.0,100.0,0.0,0.0,0.0,0.0,0.0,0.0,0.0,0.0,0.0,0.0,(X),(X),(X),0.0,20,20,0,0,0,0,0,0,0,0,0,0,(X),(X),(X),0,100.0,100.0,0.0,0.0,0.0,0.0,0.0,0.0,0.0,0.0,0.0,0.0,(X),(X),(X),0.0,0,0,0,0,0,0,0,0,0,0,0,0,(X),(X),(X),0,0.0,0.0,0.0,0.0,0.0,0.0,0.0,0.0,0.0,0.0,0.0,0.0,(X),(X),(X),0.0,35,35,136,136,136,136,136,136,136,136,136,136,(X),(X),(X),136,75.8,75.8,75.8,75.8,75.8,75.8,75.8,75.8,75.8,75.8,75.8,75.8,(X),(X),(X),75.8,35,35,136,136,136,136,136,136,136,136,136,136,(X),(X),(X),136,75.8,75.8,75.8,75.8,75.8,75.8,75.8,75.8,75.8,75.8,75.8,75.8,(X),(X),(X),75.8,136,136,136,136,136,136,136,136,136,136,136,136,(X),(X),(X),136,75.8,75.8,75.8,75.8,75.8,75.8,75.8,75.8,75.8,75.8,75.8,75.8,(X),(X),(X),75.8
9020000US3204,3204,"Northern Nevada, excluding Washoe County Set; Nevada",0136,Human resources managers 0136 (SOC 11-3121),30,0,0,30,0,0,0,0,0,0,0,0,(X),(X),(X),0,100.0,0.0,0.0,100.0,0.0,0.0,0.0,0.0,0.0,0.0,0.0,0.0,(X),(X),(X),0.0,0,0,0,0,0,0,0,0,0,0,0,0,(X),(X),(X),0,0.0,0.0,0.0,0.0,0.0,0.0,0.0,0.0,0.0,0.0,0.0,0.0,(X),(X),(X),0.0,30,0,0,30,0,0,0,0,0,0,0,0,(X),(X),(X),0,100.0,0.0,0.0,100.0,0.0,0.0,0.0,0.0,0.0,0.0,0.0,0.0,(X),(X),(X),0.0,29,136,136,29,136,136,136,136,136,136,136,136,(X),(X),(X),136,61.9,61.9,61.9,61.9,61.9,61.9,61.9,61.9,61.9,61.9,61.9,61.9,(X),(X),(X),61.9,136,136,136,136,136,136,136,136,136,136,136,136,(X),(X),(X),136,61.9,61.9,61.9,61.9,61.9,61.9,61.9,61.9,61.9,61.9,61.9,61.9,(X),(X),(X),61.9,29,136,136,29,136,136,136,136,136,136,136,136,(X),(X),(X),136,61.9,61.9,61.9,61.9,61.9,61.9,61.9,61.9,61.9,61.9,61.9,61.9,(X),(X),(X),61.9
9020000US3204,3204,"Northern Nevada, excluding Washoe County Set; Nevada",0140,Industrial production managers 0140 (SOC 11-3051),4,0,0,4,0,0,0,0,0,0,0,0,(X),(X),(X),0,100.0,0.0,0.0,100.0,0.0,0.0,0.0,0.0,0.0,0.0,0.0,0.0,(X),(X),(X),0.0,4,0,0,4,0,0,0,0,0,0,0,0,(X),(X),(X),0,100.0,0.0,0.0,100.0,0.0,0.0,0.0,0.0,0.0,0.0,0.0,0.0,(X),(X),(X),0.0,0,0,0,0,0,0,0,0,0,0,0,0,(X),(X),(X),0,0.0,0.0,0.0,0.0,0.0,0.0,0.0,0.0,0.0,0.0,0.0,0.0,(X),(X),(X),0.0,11,136,136,11,136,136,136,136,136,136,136,136,(X),(X),(X),136,100.0,100.0,100.0,100.0,100.0,100.0,100.0,100.0,100.0,100.0,100.0,100.0,(X),(X),(X),100.0,11,136,136,11,136,136,136,136,136,136,136,136,(X),(X),(X),136,100.0,100.0,100.0,100.0,100.0,100.0,100.0,100.0,100.0,100.0,100.0,100.0,(X),(X),(X),100.0,136,136,136,136,136,136,136,136,136,136,136,136,(X),(X),(X),136,100.0,100.0,100.0,100.0,100.0,100.0,100.0,100.0,100.0,100.0,100.0,100.0,(X),(X),(X),100.0
9020000US3204,3204,"Northern Nevada, excluding Washoe County Set; Nevada",0150,Purchasing managers 0150 (SOC 11-3061),25,0,0,25,0,0,0,0,0,0,0,0,(X),(X),(X),0,100.0,0.0,0.0,100.0,0.0,0.0,0.0,0.0,0.0,0.0,0.0,0.0,(X),(X),(X),0.0,0,0,0,0,0,0,0,0,0,0,0,0,(X),(X),(X),0,0.0,0.0,0.0,0.0,0.0,0.0,0.0,0.0,0.0,0.0,0.0,0.0,(X),(X),(X),0.0,25,0,0,25,0,0,0,0,0,0,0,0,(X),(X),(X),0,100.0,0.0,0.0,100.0,0.0,0.0,0.0,0.0,0.0,0.0,0.0,0.0,(X),(X),(X),0.0,38,136,136,38,136,136,136,136,136,136,136,136,(X),(X),(X),136,67.8,67.8,67.8,67.8,67.8,67.8,67.8,67.8,67.8,67.8,67.8,67.8,(X),(X),(X),67.8,136,136,136,136,136,136,136,136,136,136,136,136,(X),(X),(X),136,67.8,67.8,67.8,67.8,67.8,67.8,67.8,67.8,67.8,67.8,67.8,67.8,(X),(X),(X),67.8,38,136,136,38,136,136,136,136,136,136,136,136,(X),(X),(X),136,67.8,67.8,67.8,67.8,67.8,67.8,67.8,67.8,67.8,67.8,67.8,67.8,(X),(X),(X),67.8
9020000US3204,3204,"Northern Nevada, excluding Washoe County Set; Nevada",0160,"Transportation, storage, and distribution managers 0160 (SOC 11-3071)",15,0,0,15,0,0,0,0,0,0,0,0,(X),(X),(X),0,100.0,0.0,0.0,100.0,0.0,0.0,0.0,0.0,0.0,0.0,0.0,0.0,(X),(X),(X),0.0,15,0,0,15,0,0,0,0,0,0,0,0,(X),(X),(X),0,100.0,0.0,0.0,100.0,0.0,0.0,0.0,0.0,0.0,0.0,0.0,0.0,(X),(X),(X),0.0,0,0,0,0,0,0,0,0,0,0,0,0,(X),(X),(X),0,0.0,0.0,0.0,0.0,0.0,0.0,0.0,0.0,0.0,0.0,0.0,0.0,(X),(X),(X),0.0,22,136,136,22,136,136,136,136,136,136,136,136,(X),(X),(X),136,87.6,87.6,87.6,87.6,87.6,87.6,87.6,87.6,87.6,87.6,87.6,87.6,(X),(X),(X),87.6,22,136,136,22,136,136,136,136,136,136,136,136,(X),(X),(X),136,87.6,87.6,87.6,87.6,87.6,87.6,87.6,87.6,87.6,87.6,87.6,87.6,(X),(X),(X),87.6,136,136,136,136,136,136,136,136,136,136,136,136,(X),(X),(X),136,87.6,87.6,87.6,87.6,87.6,87.6,87.6,87.6,87.6,87.6,87.6,87.6,(X),(X),(X),87.6
9020000US3204,3204,"Northern Nevada, excluding Washoe County Set; Nevada",0205,"Farmers, ranchers, and other agricultural managers 0205 (SOC 11-9013)",810,35,30,730,0,15,0,0,0,0,0,0,(X),(X),(X),0,100.0,4.3,3.7,90.1,0.0,1.9,0.0,0.0,0.0,0.0,0.0,0.0,(X),(X),(X),0.0,655,35,30,585,0,4,0,0,0,0,0,0,(X),(X),(X),0,80.9,4.3,3.7,72.2,0.0,0.5,0.0,0.0,0.0,0.0,0.0,0.0,(X),(X),(X),0.0,155,0,0,145,0,4,0,0,0,0,0,0,(X),(X),(X),0,19.1,0.0,0.0,17.9,0.0,0.5,0.0,0.0,0.0,0.0,0.0,0.0,(X),(X),(X),0.0,205,50,30,200,136,16,136,136,136,136,136,136,(X),(X),(X),136,5.1,6.3,3.6,6.9,5.1,2.0,5.1,5.1,5.1,5.1,5.1,5.1,(X),(X),(X),5.1,161,50,30,163,136,10,136,136,136,136,136,136,(X),(X),(X),136,7.6,6.3,3.6,9.7,5.1,1.2,5.1,5.1,5.1,5.1,5.1,5.1,(X),(X),(X),5.1,82,136,136,77,136,17,136,136,136,136,136,136,(X),(X),(X),136,7.7,5.1,5.1,7.1,5.1,2.0,5.1,5.1,5.1,5.1,5.1,5.1,(X),(X),(X),5.1
9020000US3204,3204,"Northern Nevada, excluding Washoe County Set; Nevada",0220,Construction managers 0220 (SOC 11-9021),210,0,0,210,0,0,0,0,0,0,0,0,(X),(X),(X),0,100.0,0.0,0.0,100.0,0.0,0.0,0.0,0.0,0.0,0.0,0.0,0.0,(X),(X),(X),0.0,165,0,0,165,0,0,0,0,0,0,0,0,(X),(X),(X),0,78.6,0.0,0.0,78.6,0.0,0.0,0.0,0.0,0.0,0.0,0.0,0.0,(X),(X),(X),0.0,45,0,0,45,0,0,0,0,0,0,0,0,(X),(X),(X),0,21.4,0.0,0.0,21.4,0.0,0.0,0.0,0.0,0.0,0.0,0.0,0.0,(X),(X),(X),0.0,102,136,136,102,136,136,136,136,136,136,136,136,(X),(X),(X),136,18.2,18.2,18.2,18.2,18.2,18.2,18.2,18.2,18.2,18.2,18.2,18.2,(X),(X),(X),18.2,81,136,136,81,136,136,136,136,136,136,136,136,(X),(X),(X),136,21.8,18.2,18.2,21.8,18.2,18.2,18.2,18.2,18.2,18.2,18.2,18.2,(X),(X),(X),18.2,54,136,136,54,136,136,136,136,136,136,136,136,(X),(X),(X),136,22.2,18.2,18.2,22.2,18.2,18.2,18.2,18.2,18.2,18.2,18.2,18.2,(X),(X),(X),18.2
9020000US3204,3204,"Northern Nevada, excluding Washoe County Set; Nevada",0230,Education administrators 0230 (SOC 11-9030),160,0,20,135,0,4,0,0,0,0,0,0,(X),(X),(X),0,100.0,0.0,12.5,84.4,0.0,2.5,0.0,0.0,0.0,0.0,0.0,0.0,(X),(X),(X),0.0,75,0,20,50,0,4,0,0,0,0,0,0,(X),(X),(X),0,46.9,0.0,12.5,31.3,0.0,2.5,0.0,0.0,0.0,0.0,0.0,0.0,(X),(X),(X),0.0,85,0,0,85,0,0,0,0,0,0,0,0,(X),(X),(X),0,53.1,0.0,0.0,53.1,0.0,0.0,0.0,0.0,0.0,0.0,0.0,0.0,(X),(X),(X),0.0,77,136,33,66,136,7,136,136,136,136,136,136,(X),(X),(X),136,23.0,23.0,18.8,18.3,23.0,4.9,23.0,23.0,23.0,23.0,23.0,23.0,(X),(X),(X),23.0,51,136,33,35,136,7,136,136,136,136,136,136,(X),(X),(X),136,25.3,23.0,18.8,21.3,23.0,4.9,23.0,23.0,23.0,23.0,23.0,23.0,(X),(X),(X),23.0,59,136,136,59,136,136,136,136,136,136,136,136,(X),(X),(X),136,25.4,23.0,23.0,25.4,23.0,23.0,23.0,23.0,23.0,23.0,23.0,23.0,(X),(X),(X),23.0
9020000US3204,3204,"Northern Nevada, excluding Washoe County Set; Nevada",0300,Architectural and engineering managers 0300 (SOC 11-9041),60,0,0,60,0,0,0,0,0,0,0,0,(X),(X),(X),0,100.0,0.0,0.0,100.0,0.0,0.0,0.0,0.0,0.0,0.0,0.0,0.0,(X),(X),(X),0.0,60,0,0,60,0,0,0,0,0,0,0,0,(X),(X),(X),0,100.0,0.0,0.0,100.0,0.0,0.0,0.0,0.0,0.0,0.0,0.0,0.0,(X),(X),(X),0.0,0,0,0,0,0,0,0,0,0,0,0,0,(X),(X),(X),0,0.0,0.0,0.0,0.0,0.0,0.0,0.0,0.0,0.0,0.0,0.0,0.0,(X),(X),(X),0.0,51,136,136,51,136,136,136,136,136,136,136,136,(X),(X),(X),136,43.8,43.8,43.8,43.8,43.8,43.8,43.8,43.8,43.8,43.8,43.8,43.8,(X),(X),(X),43.8,51,136,136,51,136,136,136,136,136,136,136,136,(X),(X),(X),136,43.8,43.8,43.8,43.8,43.8,43.8,43.8,43.8,43.8,43.8,43.8,43.8,(X),(X),(X),43.8,136,136,136,136,136,136,136,136,136,136,136,136,(X),(X),(X),136,43.8,43.8,43.8,43.8,43.8,43.8,43.8,43.8,43.8,43.8,43.8,43.8,(X),(X),(X),43.8
9020000US3204,3204,"Northern Nevada, excluding Washoe County Set; Nevada",0310,Food service managers 0310 (SOC 11-9051),365,25,0,235,15,4,45,0,35,0,0,0,(X),(X),(X),0,100.0,6.8,0.0,64.4,4.1,1.1,12.3,0.0,9.6,0.0,0.0,0.0,(X),(X),(X),0.0,170,25,0,125,15,0,0,0,0,0,0,0,(X),(X),(X),0,46.6,6.8,0.0,34.2,4.1,0.0,0.0,0.0,0.0,0.0,0.0,0.0,(X),(X),(X),0.0,195,0,0,110,0,4,45,0,35,0,0,0,(X),(X),(X),0,53.4,0.0,0.0,30.1,0.0,1.1,12.3,0.0,9.6,0.0,0.0,0.0,(X),(X),(X),0.0,149,46,136,120,28,10,62,136,52,136,136,136,(X),(X),(X),136,11.0,12.0,11.0,22.8,7.8,2.7,16.7,11.0,13.6,11.0,11.0,11.0,(X),(X),(X),11.0,100,46,136,82,28,136,136,136,136,136,136,136,(X),(X),(X),136,19.4,12.0,11.0,18.3,7.8,11.0,11.0,11.0,11.0,11.0,11.0,11.0,(X),(X),(X),11.0,105,136,136,74,136,10,62,136,52,136,136,136,(X),(X),(X),136,19.0,11.0,11.0,18.1,11.0,2.7,16.7,11.0,13.6,11.0,11.0,11.0,(X),(X),(X),11.0
9020000US3204,3204,"Northern Nevada, excluding Washoe County Set; Nevada",0330,Gaming managers 0330 (SOC 11-9071),160,45,0,120,0,0,0,0,0,0,0,0,(X),(X),(X),0,100.0,28.1,0.0,75.0,0.0,0.0,0.0,0.0,0.0,0.0,0.0,0.0,(X),(X),(X),0.0,90,45,0,45,0,0,0,0,0,0,0,0,(X),(X),(X),0,56.3,28.1,0.0,28.1,0.0,0.0,0.0,0.0,0.0,0.0,0.0,0.0,(X),(X),(X),0.0,70,0,0,70,0,0,0,0,0,0,0,0,(X),(X),(X),0,43.8,0.0,0.0,43.8,0.0,0.0,0.0,0.0,0.0,0.0,0.0,0.0,(X),(X),(X),0.0,109,53,136,91,136,136,136,136,136,136,136,136,(X),(X),(X),136,23.0,27.1,23.0,28.4,23.0,23.0,23.0,23.0,23.0,23.0,23.0,23.0,(X),(X),(X),23.0,77,53,136,47,136,136,136,136,136,136,136,136,(X),(X),(X),136,24.6,27.1,23.0,18.4,23.0,23.0,23.0,23.0,23.0,23.0,23.0,23.0,(X),(X),(X),23.0,58,136,136,58,136,136,136,136,136,136,136,136,(X),(X),(X),136,25.1,23.0,23.0,25.1,23.0,23.0,23.0,23.0,23.0,23.0,23.0,23.0,(X),(X),(X),23.0
9020000US3204,3204,"Northern Nevada, excluding Washoe County Set; Nevada",0340,Lodging managers 0340 (SOC 11-9081),90,0,10,45,0,0,35,0,0,0,0,0,(X),(X),(X),0,100.0,0.0,11.1,50.0,0.0,0.0,38.9,0.0,0.0,0.0,0.0,0.0,(X),(X),(X),0.0,30,0,0,10,0,0,20,0,0,0,0,0,(X),(X),(X),0,33.3,0.0,0.0,11.1,0.0,0.0,22.2,0.0,0.0,0.0,0.0,0.0,(X),(X),(X),0.0,60,0,10,35,0,0,20,0,0,0,0,0,(X),(X),(X),0,66.7,0.0,11.1,38.9,0.0,0.0,22.2,0.0,0.0,0.0,0.0,0.0,(X),(X),(X),0.0,61,136,19,44,136,136,31,136,136,136,136,136,(X),(X),(X),136,35.4,35.4,19.2,35.9,35.4,35.4,28.3,35.4,35.4,35.4,35.4,35.4,(X),(X),(X),35.4,26,136,136,17,136,136,19,136,136,136,136,136,(X),(X),(X),136,18.9,35.4,35.4,17.0,35.4,35.4,18.8,35.4,35.4,35.4,35.4,35.4,(X),(X),(X),35.4,44,136,19,34,136,136,20,136,136,136,136,136,(X),(X),(X),136,18.8,35.4,19.2,30.1,35.4,35.4,18.8,35.4,35.4,35.4,35.4,35.4,(X),(X),(X),35.4
9020000US3204,3204,"Northern Nevada, excluding Washoe County Set; Nevada",0350,Medical and health services managers 0350 (SOC 11-9111),140,0,0,125,0,10,0,0,0,0,0,0,(X),(X),(X),4,100.0,0.0,0.0,89.3,0.0,7.1,0.0,0.0,0.0,0.0,0.0,0.0,(X),(X),(X),2.9,10,0,0,0,0,4,0,0,0,0,0,0,(X),(X),(X),4,7.1,0.0,0.0,0.0,0.0,2.9,0.0,0.0,0.0,0.0,0.0,0.0,(X),(X),(X),2.9,130,0,0,125,0,4,0,0,0,0,0,0,(X),(X),(X),0,92.9,0.0,0.0,89.3,0.0,2.9,0.0,0.0,0.0,0.0,0.0,0.0,(X),(X),(X),0.0,111,136,136,110,136,14,136,136,136,136,136,136,(X),(X),(X),12,25.7,25.7,25.7,16.3,25.7,11.1,25.7,25.7,25.7,25.7,25.7,25.7,(X),(X),(X),10.6,18,136,136,136,136,11,136,136,136,136,136,136,(X),(X),(X),12,16.2,25.7,25.7,25.7,25.7,9.7,25.7,25.7,25.7,25.7,25.7,25.7,(X),(X),(X),10.6,111,136,136,110,136,3,136,136,136,136,136,136,(X),(X),(X),136,16.1,25.7,25.7,16.3,25.7,3.8,25.7,25.7,25.7,25.7,25.7,25.7,(X),(X),(X),25.7
9020000US3204,3204,"Northern Nevada, excluding Washoe County Set; Nevada",0410,"Property, real estate, and community association managers 0410 (SOC 11-9141)",45,10,0,35,0,0,0,0,0,0,0,0,(X),(X),(X),0,100.0,22.2,0.0,77.8,0.0,0.0,0.0,0.0,0.0,0.0,0.0,0.0,(X),(X),(X),0.0,30,10,0,20,0,0,0,0,0,0,0,0,(X),(X),(X),0,66.7,22.2,0.0,44.4,0.0,0.0,0.0,0.0,0.0,0.0,0.0,0.0,(X),(X),(X),0.0,15,0,0,15,0,0,0,0,0,0,0,0,(X),(X),(X),0,33.3,0.0,0.0,33.3,0.0,0.0,0.0,0.0,0.0,0.0,0.0,0.0,(X),(X),(X),0.0,40,21,136,31,136,136,136,136,136,136,136,136,(X),(X),(X),136,50.6,34.9,50.6,41.5,50.6,50.6,50.6,50.6,50.6,50.6,50.6,50.6,(X),(X),(X),50.6,33,21,136,23,136,136,136,136,136,136,136,136,(X),(X),(X),136,46.2,34.9,50.6,49.7,50.6,50.6,50.6,50.6,50.6,50.6,50.6,50.6,(X),(X),(X),50.6,24,136,136,24,136,136,136,136,136,136,136,136,(X),(X),(X),136,48.3,50.6,50.6,48.3,50.6,50.6,50.6,50.6,50.6,50.6,50.6,50.6,(X),(X),(X),50.6
9020000US3204,3204,"Northern Nevada, excluding Washoe County Set; Nevada",0420,Social and community service managers 0420 (SOC 11-9151),120,0,0,100,0,20,0,0,0,0,0,0,(X),(X),(X),0,100.0,0.0,0.0,83.3,0.0,16.7,0.0,0.0,0.0,0.0,0.0,0.0,(X),(X),(X),0.0,25,0,0,20,0,4,0,0,0,0,0,0,(X),(X),(X),0,20.8,0.0,0.0,16.7,0.0,3.3,0.0,0.0,0.0,0.0,0.0,0.0,(X),(X),(X),0.0,90,0,0,80,0,15,0,0,0,0,0,0,(X),(X),(X),0,75.0,0.0,0.0,66.7,0.0,12.5,0.0,0.0,0.0,0.0,0.0,0.0,(X),(X),(X),0.0,78,136,136,75,136,20,136,136,136,136,136,136,(X),(X),(X),136,29.0,29.0,29.0,19.3,29.0,20.0,29.0,29.0,29.0,29.0,29.0,29.0,(X),(X),(X),29.0,25,136,136,24,136,12,136,136,136,136,136,136,(X),(X),(X),136,22.4,29.0,29.0,19.6,29.0,12.7,29.0,29.0,29.0,29.0,29.0,29.0,(X),(X),(X),29.0,68,136,136,66,136,16,136,136,136,136,136,136,(X),(X),(X),136,23.1,29.0,29.0,26.4,29.0,13.5,29.0,29.0,29.0,29.0,29.0,29.0,(X),(X),(X),29.0
9020000US3204,3204,"Northern Nevada, excluding Washoe County Set; Nevada",0430,"Miscellaneous managers, including funeral service managers and postmasters and mail superintendents 0430 (SOC 11-9XXX)",760,40,10,680,0,4,25,0,0,0,0,0,(X),(X),(X),0,100.0,5.3,1.3,89.5,0.0,0.5,3.3,0.0,0.0,0.0,0.0,0.0,(X),(X),(X),0.0,485,20,10,445,0,0,10,0,0,0,0,0,(X),(X),(X),0,63.8,2.6,1.3,58.6,0.0,0.0,1.3,0.0,0.0,0.0,0.0,0.0,(X),(X),(X),0.0,270,20,0,235,0,4,10,0,0,0,0,0,(X),(X),(X),0,35.5,2.6,0.0,30.9,0.0,0.5,1.3,0.0,0.0,0.0,0.0,0.0,(X),(X),(X),0.0,192,51,16,186,136,16,27,136,136,136,136,136,(X),(X),(X),136,5.4,6.6,2.2,8.5,5.4,2.2,3.5,5.4,5.4,5.4,5.4,5.4,(X),(X),(X),5.4,138,29,16,132,136,136,22,136,136,136,136,136,(X),(X),(X),136,12.6,3.7,2.2,12.5,5.4,5.4,3.0,5.4,5.4,5.4,5.4,5.4,(X),(X),(X),5.4,122,38,136,118,136,16,18,136,136,136,136,136,(X),(X),(X),136,12.2,5.1,5.4,12.4,5.4,2.2,2.3,5.4,5.4,5.4,5.4,5.4,(X),(X),(X),5.4
9020000US3204,3204,"Northern Nevada, excluding Washoe County Set; Nevada",0520,"Wholesale and retail buyers, except farm products 0520 (SOC 13-1022)",4,0,0,4,0,0,0,0,0,0,0,0,(X),(X),(X),0,100.0,0.0,0.0,100.0,0.0,0.0,0.0,0.0,0.0,0.0,0.0,0.0,(X),(X),(X),0.0,4,0,0,4,0,0,0,0,0,0,0,0,(X),(X),(X),0,100.0,0.0,0.0,100.0,0.0,0.0,0.0,0.0,0.0,0.0,0.0,0.0,(X),(X),(X),0.0,0,0,0,0,0,0,0,0,0,0,0,0,(X),(X),(X),0,0.0,0.0,0.0,0.0,0.0,0.0,0.0,0.0,0.0,0.0,0.0,0.0,(X),(X),(X),0.0,3,136,136,3,136,136,136,136,136,136,136,136,(X),(X),(X),136,100.0,100.0,100.0,100.0,100.0,100.0,100.0,100.0,100.0,100.0,100.0,100.0,(X),(X),(X),100.0,3,136,136,3,136,136,136,136,136,136,136,136,(X),(X),(X),136,100.0,100.0,100.0,100.0,100.0,100.0,100.0,100.0,100.0,100.0,100.0,100.0,(X),(X),(X),100.0,136,136,136,136,136,136,136,136,136,136,136,136,(X),(X),(X),136,100.0,100.0,100.0,100.0,100.0,100.0,100.0,100.0,100.0,100.0,100.0,100.0,(X),(X),(X),100.0
9020000US3204,3204,"Northern Nevada, excluding Washoe County Set; Nevada",0530,"Purchasing agents, except wholesale, retail, and farm products 0530 (SOC 13-1023)",25,0,0,25,0,0,0,0,0,0,0,0,(X),(X),(X),0,100.0,0.0,0.0,100.0,0.0,0.0,0.0,0.0,0.0,0.0,0.0,0.0,(X),(X),(X),0.0,10,0,0,10,0,0,0,0,0,0,0,0,(X),(X),(X),0,40.0,0.0,0.0,40.0,0.0,0.0,0.0,0.0,0.0,0.0,0.0,0.0,(X),(X),(X),0.0,20,0,0,20,0,0,0,0,0,0,0,0,(X),(X),(X),0,80.0,0.0,0.0,80.0,0.0,0.0,0.0,0.0,0.0,0.0,0.0,0.0,(X),(X),(X),0.0,30,136,136,30,136,136,136,136,136,136,136,136,(X),(X),(X),136,67.8,67.8,67.8,67.8,67.8,67.8,67.8,67.8,67.8,67.8,67.8,67.8,(X),(X),(X),67.8,14,136,136,14,136,136,136,136,136,136,136,136,(X),(X),(X),136,53.0,67.8,67.8,53.0,67.8,67.8,67.8,67.8,67.8,67.8,67.8,67.8,(X),(X),(X),67.8,28,136,136,28,136,136,136,136,136,136,136,136,(X),(X),(X),136,77.5,67.8,67.8,77.5,67.8,67.8,67.8,67.8,67.8,67.8,67.8,67.8,(X),(X),(X),67.8
9020000US3204,3204,"Northern Nevada, excluding Washoe County Set; Nevada",0540,"Claims adjusters, appraisers, examiners, and investigators 0540 (SOC 13-1030)",35,10,0,25,0,0,0,0,0,0,0,0,(X),(X),(X),0,100.0,28.6,0.0,71.4,0.0,0.0,0.0,0.0,0.0,0.0,0.0,0.0,(X),(X),(X),0.0,4,0,0,4,0,0,0,0,0,0,0,0,(X),(X),(X),0,11.4,0.0,0.0,11.4,0.0,0.0,0.0,0.0,0.0,0.0,0.0,0.0,(X),(X),(X),0.0,30,10,0,20,0,0,0,0,0,0,0,0,(X),(X),(X),0,85.7,28.6,0.0,57.1,0.0,0.0,0.0,0.0,0.0,0.0,0.0,0.0,(X),(X),(X),0.0,33,21,136,28,136,136,136,136,136,136,136,136,(X),(X),(X),136,57.3,47.5,57.3,50.6,57.3,57.3,57.3,57.3,57.3,57.3,57.3,57.3,(X),(X),(X),57.3,7,136,136,7,136,136,136,136,136,136,136,136,(X),(X),(X),136,19.1,57.3,57.3,19.1,57.3,57.3,57.3,57.3,57.3,57.3,57.3,57.3,(X),(X),(X),57.3,32,21,136,27,136,136,136,136,136,136,136,136,(X),(X),(X),136,30.7,47.5,57.3,49.3,57.3,57.3,57.3,57.3,57.3,57.3,57.3,57.3,(X),(X),(X),57.3
9020000US3204,3204,"Northern Nevada, excluding Washoe County Set; Nevada",0565,Compliance officers 0565 (SOC 13-1041),35,0,0,35,0,0,0,0,0,0,0,0,(X),(X),(X),0,100.0,0.0,0.0,100.0,0.0,0.0,0.0,0.0,0.0,0.0,0.0,0.0,(X),(X),(X),0.0,0,0,0,0,0,0,0,0,0,0,0,0,(X),(X),(X),0,0.0,0.0,0.0,0.0,0.0,0.0,0.0,0.0,0.0,0.0,0.0,0.0,(X),(X),(X),0.0,35,0,0,35,0,0,0,0,0,0,0,0,(X),(X),(X),0,100.0,0.0,0.0,100.0,0.0,0.0,0.0,0.0,0.0,0.0,0.0,0.0,(X),(X),(X),0.0,54,136,136,54,136,136,136,136,136,136,136,136,(X),(X),(X),136,57.3,57.3,57.3,57.3,57.3,57.3,57.3,57.3,57.3,57.3,57.3,57.3,(X),(X),(X),57.3,136,136,136,136,136,136,136,136,136,136,136,136,(X),(X),(X),136,57.3,57.3,57.3,57.3,57.3,57.3,57.3,57.3,57.3,57.3,57.3,57.3,(X),(X),(X),57.3,54,136,136,54,136,136,136,136,136,136,136,136,(X),(X),(X),136,57.3,57.3,57.3,57.3,57.3,57.3,57.3,57.3,57.3,57.3,57.3,57.3,(X),(X),(X),57.3
9020000US3204,3204,"Northern Nevada, excluding Washoe County Set; Nevada",0630,Human resources workers 0630 (SOC 13-1070),105,10,0,80,0,15,0,0,0,0,0,0,(X),(X),(X),0,100.0,9.5,0.0,76.2,0.0,14.3,0.0,0.0,0.0,0.0,0.0,0.0,(X),(X),(X),0.0,25,10,0,4,0,10,0,0,0,0,0,0,(X),(X),(X),0,23.8,9.5,0.0,3.8,0.0,9.5,0.0,0.0,0.0,0.0,0.0,0.0,(X),(X),(X),0.0,80,0,0,75,0,4,0,0,0,0,0,0,(X),(X),(X),0,76.2,0.0,0.0,71.4,0.0,3.8,0.0,0.0,0.0,0.0,0.0,0.0,(X),(X),(X),0.0,69,16,136,62,136,20,136,136,136,136,136,136,(X),(X),(X),136,32.0,16.0,32.0,24.2,32.0,18.9,32.0,32.0,32.0,32.0,32.0,32.0,(X),(X),(X),32.0,24,16,136,8,136,15,136,136,136,136,136,136,(X),(X),(X),136,23.6,16.0,32.0,8.8,32.0,14.5,32.0,32.0,32.0,32.0,32.0,32.0,(X),(X),(X),32.0,65,136,136,62,136,15,136,136,136,136,136,136,(X),(X),(X),136,23.6,32.0,32.0,24.7,32.0,14.3,32.0,32.0,32.0,32.0,32.0,32.0,(X),(X),(X),32.0
9020000US3204,3204,"Northern Nevada, excluding Washoe County Set; Nevada",0640,"Compensation, benefits, and job analysis specialists 0640 (SOC 13-1141)",10,0,0,10,0,0,0,0,0,0,0,0,(X),(X),(X),0,100.0,0.0,0.0,100.0,0.0,0.0,0.0,0.0,0.0,0.0,0.0,0.0,(X),(X),(X),0.0,0,0,0,0,0,0,0,0,0,0,0,0,(X),(X),(X),0,0.0,0.0,0.0,0.0,0.0,0.0,0.0,0.0,0.0,0.0,0.0,0.0,(X),(X),(X),0.0,10,0,0,10,0,0,0,0,0,0,0,0,(X),(X),(X),0,100.0,0.0,0.0,100.0,0.0,0.0,0.0,0.0,0.0,0.0,0.0,0.0,(X),(X),(X),0.0,20,136,136,20,136,136,136,136,136,136,136,136,(X),(X),(X),136,100.0,100.0,100.0,100.0,100.0,100.0,100.0,100.0,100.0,100.0,100.0,100.0,(X),(X),(X),100.0,136,136,136,136,136,136,136,136,136,136,136,136,(X),(X),(X),136,100.0,100.0,100.0,100.0,100.0,100.0,100.0,100.0,100.0,100.0,100.0,100.0,(X),(X),(X),100.0,20,136,136,20,136,136,136,136,136,136,136,136,(X),(X),(X),136,100.0,100.0,100.0,100.0,100.0,100.0,100.0,100.0,100.0,100.0,100.0,100.0,(X),(X),(X),100.0
9020000US3204,3204,"Northern Nevada, excluding Washoe County Set; Nevada",0650,Training and development specialists 0650 (SOC 13-1151),30,0,0,30,0,4,0,0,0,0,0,0,(X),(X),(X),0,100.0,0.0,0.0,100.0,0.0,13.3,0.0,0.0,0.0,0.0,0.0,0.0,(X),(X),(X),0.0,30,0,0,30,0,4,0,0,0,0,0,0,(X),(X),(X),0,100.0,0.0,0.0,100.0,0.0,13.3,0.0,0.0,0.0,0.0,0.0,0.0,(X),(X),(X),0.0,0,0,0,0,0,0,0,0,0,0,0,0,(X),(X),(X),0,0.0,0.0,0.0,0.0,0.0,0.0,0.0,0.0,0.0,0.0,0.0,0.0,(X),(X),(X),0.0,25,136,136,25,136,3,136,136,136,136,136,136,(X),(X),(X),136,61.9,61.9,61.9,61.9,61.9,13.5,61.9,61.9,61.9,61.9,61.9,61.9,(X),(X),(X),61.9,25,136,136,25,136,3,136,136,136,136,136,136,(X),(X),(X),136,61.9,61.9,61.9,61.9,61.9,13.5,61.9,61.9,61.9,61.9,61.9,61.9,(X),(X),(X),61.9,136,136,136,136,136,136,136,136,136,136,136,136,(X),(X),(X),136,61.9,61.9,61.9,61.9,61.9,61.9,61.9,61.9,61.9,61.9,61.9,61.9,(X),(X),(X),61.9
9020000US3204,3204,"Northern Nevada, excluding Washoe County Set; Nevada",0700,Logisticians 0700 (SOC 13-1081),10,0,0,10,0,0,0,0,0,0,0,0,(X),(X),(X),0,100.0,0.0,0.0,100.0,0.0,0.0,0.0,0.0,0.0,0.0,0.0,0.0,(X),(X),(X),0.0,10,0,0,10,0,0,0,0,0,0,0,0,(X),(X),(X),0,100.0,0.0,0.0,100.0,0.0,0.0,0.0,0.0,0.0,0.0,0.0,0.0,(X),(X),(X),0.0,0,0,0,0,0,0,0,0,0,0,0,0,(X),(X),(X),0,0.0,0.0,0.0,0.0,0.0,0.0,0.0,0.0,0.0,0.0,0.0,0.0,(X),(X),(X),0.0,14,136,136,14,136,136,136,136,136,136,136,136,(X),(X),(X),136,100.0,100.0,100.0,100.0,100.0,100.0,100.0,100.0,100.0,100.0,100.0,100.0,(X),(X),(X),100.0,14,136,136,14,136,136,136,136,136,136,136,136,(X),(X),(X),136,100.0,100.0,100.0,100.0,100.0,100.0,100.0,100.0,100.0,100.0,100.0,100.0,(X),(X),(X),100.0,136,136,136,136,136,136,136,136,136,136,136,136,(X),(X),(X),136,100.0,100.0,100.0,100.0,100.0,100.0,100.0,100.0,100.0,100.0,100.0,100.0,(X),(X),(X),100.0
9020000US3204,3204,"Northern Nevada, excluding Washoe County Set; Nevada",0710,Management analysts 0710 (SOC 13-1111),140,0,0,140,0,0,0,0,0,0,0,0,(X),(X),(X),0,100.0,0.0,0.0,100.0,0.0,0.0,0.0,0.0,0.0,0.0,0.0,0.0,(X),(X),(X),0.0,130,0,0,130,0,0,0,0,0,0,0,0,(X),(X),(X),0,92.9,0.0,0.0,92.9,0.0,0.0,0.0,0.0,0.0,0.0,0.0,0.0,(X),(X),(X),0.0,10,0,0,10,0,0,0,0,0,0,0,0,(X),(X),(X),0,7.1,0.0,0.0,7.1,0.0,0.0,0.0,0.0,0.0,0.0,0.0,0.0,(X),(X),(X),0.0,121,136,136,121,136,136,136,136,136,136,136,136,(X),(X),(X),136,25.7,25.7,25.7,25.7,25.7,25.7,25.7,25.7,25.7,25.7,25.7,25.7,(X),(X),(X),25.7,119,136,136,119,136,136,136,136,136,136,136,136,(X),(X),(X),136,14.3,25.7,25.7,14.3,25.7,25.7,25.7,25.7,25.7,25.7,25.7,25.7,(X),(X),(X),25.7,17,136,136,17,136,136,136,136,136,136,136,136,(X),(X),(X),136,12.1,25.7,25.7,12.1,25.7,25.7,25.7,25.7,25.7,25.7,25.7,25.7,(X),(X),(X),25.7
9020000US3204,3204,"Northern Nevada, excluding Washoe County Set; Nevada",0735,Market research analysts and marketing specialists 0735 (SOC 13-1161),20,0,0,20,0,0,0,0,0,0,0,0,(X),(X),(X),4,100.0,0.0,0.0,100.0,0.0,0.0,0.0,0.0,0.0,0.0,0.0,0.0,(X),(X),(X),20.0,20,0,0,20,0,0,0,0,0,0,0,0,(X),(X),(X),0,100.0,0.0,0.0,100.0,0.0,0.0,0.0,0.0,0.0,0.0,0.0,0.0,(X),(X),(X),0.0,4,0,0,0,0,0,0,0,0,0,0,0,(X),(X),(X),4,20.0,0.0,0.0,0.0,0.0,0.0,0.0,0.0,0.0,0.0,0.0,0.0,(X),(X),(X),20.0,31,136,136,34,136,136,136,136,136,136,136,136,(X),(X),(X),4,75.8,75.8,75.8,75.8,75.8,75.8,75.8,75.8,75.8,75.8,75.8,75.8,(X),(X),(X),70.2,34,136,136,34,136,136,136,136,136,136,136,136,(X),(X),(X),136,75.8,75.8,75.8,75.8,75.8,75.8,75.8,75.8,75.8,75.8,75.8,75.8,(X),(X),(X),75.8,4,136,136,136,136,136,136,136,136,136,136,136,(X),(X),(X),4,70.2,75.8,75.8,75.8,75.8,75.8,75.8,75.8,75.8,75.8,75.8,75.8,(X),(X),(X),70.2
9020000US3204,3204,"Northern Nevada, excluding Washoe County Set; Nevada",0740,"Business operations specialists, all other 0740 (SOC 13-1199)",95,0,0,75,0,20,0,0,0,0,0,0,(X),(X),(X),0,100.0,0.0,0.0,78.9,0.0,21.1,0.0,0.0,0.0,0.0,0.0,0.0,(X),(X),(X),0.0,55,0,0,35,0,20,0,0,0,0,0,0,(X),(X),(X),0,57.9,0.0,0.0,36.8,0.0,21.1,0.0,0.0,0.0,0.0,0.0,0.0,(X),(X),(X),0.0,40,0,0,40,0,0,0,0,0,0,0,0,(X),(X),(X),0,42.1,0.0,0.0,42.1,0.0,0.0,0.0,0.0,0.0,0.0,0.0,0.0,(X),(X),(X),0.0,81,136,136,75,136,26,136,136,136,136,136,136,(X),(X),(X),136,34.2,34.2,34.2,28.9,34.2,31.3,34.2,34.2,34.2,34.2,34.2,34.2,(X),(X),(X),34.2,55,136,136,49,136,26,136,136,136,136,136,136,(X),(X),(X),136,48.4,34.2,34.2,47.6,34.2,31.3,34.2,34.2,34.2,34.2,34.2,34.2,(X),(X),(X),34.2,59,136,136,59,136,136,136,136,136,136,136,136,(X),(X),(X),136,46.5,34.2,34.2,46.5,34.2,34.2,34.2,34.2,34.2,34.2,34.2,34.2,(X),(X),(X),34.2
9020000US3204,3204,"Northern Nevada, excluding Washoe County Set; Nevada",0800,Accountants and auditors 0800 (SOC 13-2011),410,0,4,375,0,4,25,0,0,0,0,0,(X),(X),(X),0,100.0,0.0,1.0,91.5,0.0,1.0,6.1,0.0,0.0,0.0,0.0,0.0,(X),(X),(X),0.0,110,0,0,110,0,0,0,0,0,0,0,0,(X),(X),(X),0,26.8,0.0,0.0,26.8,0.0,0.0,0.0,0.0,0.0,0.0,0.0,0.0,(X),(X),(X),0.0,300,0,4,265,0,4,25,0,0,0,0,0,(X),(X),(X),0,73.2,0.0,1.0,64.6,0.0,1.0,6.1,0.0,0.0,0.0,0.0,0.0,(X),(X),(X),0.0,146,136,9,140,136,9,39,136,136,136,136,136,(X),(X),(X),136,9.8,9.8,2.2,9.4,9.8,2.1,9.6,9.8,9.8,9.8,9.8,9.8,(X),(X),(X),9.8,83,136,136,83,136,136,136,136,136,136,136,136,(X),(X),(X),136,16.3,9.8,9.8,16.3,9.8,9.8,9.8,9.8,9.8,9.8,9.8,9.8,(X),(X),(X),9.8,112,136,9,105,136,9,39,136,136,136,136,136,(X),(X),(X),136,16.5,9.8,2.2,17.4,9.8,2.1,9.6,9.8,9.8,9.8,9.8,9.8,(X),(X),(X),9.8
9020000US3204,3204,"Northern Nevada, excluding Washoe County Set; Nevada",0810,Appraisers and assessors of real estate 0810 (SOC 13-2021),75,30,0,40,0,0,0,0,0,0,0,0,(X),(X),(X),0,100.0,40.0,0.0,53.3,0.0,0.0,0.0,0.0,0.0,0.0,0.0,0.0,(X),(X),(X),0.0,15,0,0,15,0,0,0,0,0,0,0,0,(X),(X),(X),0,20.0,0.0,0.0,20.0,0.0,0.0,0.0,0.0,0.0,0.0,0.0,0.0,(X),(X),(X),0.0,60,30,0,30,0,0,0,0,0,0,0,0,(X),(X),(X),0,80.0,40.0,0.0,40.0,0.0,0.0,0.0,0.0,0.0,0.0,0.0,0.0,(X),(X),(X),0.0,67,50,136,40,136,136,136,136,136,136,136,136,(X),(X),(X),136,39.2,47.6,39.2,50.3,39.2,39.2,39.2,39.2,39.2,39.2,39.2,39.2,(X),(X),(X),39.2,24,136,136,24,136,136,136,136,136,136,136,136,(X),(X),(X),136,34.7,39.2,39.2,34.7,39.2,39.2,39.2,39.2,39.2,39.2,39.2,39.2,(X),(X),(X),39.2,62,50,136,34,136,136,136,136,136,136,136,136,(X),(X),(X),136,35.5,47.6,39.2,42.9,39.2,39.2,39.2,39.2,39.2,39.2,39.2,39.2,(X),(X),(X),39.2
9020000US3204,3204,"Northern Nevada, excluding Washoe County Set; Nevada",0820,Budget analysts 0820 (SOC 13-2031),4,0,0,0,0,4,0,0,0,0,0,0,(X),(X),(X),0,100.0,0.0,0.0,0.0,0.0,100.0,0.0,0.0,0.0,0.0,0.0,0.0,(X),(X),(X),0.0,4,0,0,0,0,4,0,0,0,0,0,0,(X),(X),(X),0,100.0,0.0,0.0,0.0,0.0,100.0,0.0,0.0,0.0,0.0,0.0,0.0,(X),(X),(X),0.0,0,0,0,0,0,0,0,0,0,0,0,0,(X),(X),(X),0,0.0,0.0,0.0,0.0,0.0,0.0,0.0,0.0,0.0,0.0,0.0,0.0,(X),(X),(X),0.0,136,136,136,136,136,136,136,136,136,136,136,136,(X),(X),(X),136,100.0,100.0,100.0,100.0,100.0,100.0,100.0,100.0,100.0,100.0,100.0,100.0,(X),(X),(X),100.0,136,136,136,136,136,136,136,136,136,136,136,136,(X),(X),(X),136,100.0,100.0,100.0,100.0,100.0,100.0,100.0,100.0,100.0,100.0,100.0,100.0,(X),(X),(X),100.0,136,136,136,136,136,136,136,136,136,136,136,136,(X),(X),(X),136,100.0,100.0,100.0,100.0,100.0,100.0,100.0,100.0,100.0,100.0,100.0,100.0,(X),(X),(X),100.0
9020000US3204,3204,"Northern Nevada, excluding Washoe County Set; Nevada",0830,Credit analysts 0830 (SOC 13-2041),15,0,0,15,0,0,0,0,0,0,0,0,(X),(X),(X),0,100.0,0.0,0.0,100.0,0.0,0.0,0.0,0.0,0.0,0.0,0.0,0.0,(X),(X),(X),0.0,0,0,0,0,0,0,0,0,0,0,0,0,(X),(X),(X),0,0.0,0.0,0.0,0.0,0.0,0.0,0.0,0.0,0.0,0.0,0.0,0.0,(X),(X),(X),0.0,15,0,0,15,0,0,0,0,0,0,0,0,(X),(X),(X),0,100.0,0.0,0.0,100.0,0.0,0.0,0.0,0.0,0.0,0.0,0.0,0.0,(X),(X),(X),0.0,23,136,136,23,136,136,136,136,136,136,136,136,(X),(X),(X),136,87.6,87.6,87.6,87.6,87.6,87.6,87.6,87.6,87.6,87.6,87.6,87.6,(X),(X),(X),87.6,136,136,136,136,136,136,136,136,136,136,136,136,(X),(X),(X),136,87.6,87.6,87.6,87.6,87.6,87.6,87.6,87.6,87.6,87.6,87.6,87.6,(X),(X),(X),87.6,23,136,136,23,136,136,136,136,136,136,136,136,(X),(X),(X),136,87.6,87.6,87.6,87.6,87.6,87.6,87.6,87.6,87.6,87.6,87.6,87.6,(X),(X),(X),87.6
9020000US3204,3204,"Northern Nevada, excluding Washoe County Set; Nevada",0850,Personal financial advisors 0850 (SOC 13-2052),20,0,0,20,0,0,0,0,0,0,0,0,(X),(X),(X),0,100.0,0.0,0.0,100.0,0.0,0.0,0.0,0.0,0.0,0.0,0.0,0.0,(X),(X),(X),0.0,10,0,0,10,0,0,0,0,0,0,0,0,(X),(X),(X),0,50.0,0.0,0.0,50.0,0.0,0.0,0.0,0.0,0.0,0.0,0.0,0.0,(X),(X),(X),0.0,4,0,0,4,0,0,0,0,0,0,0,0,(X),(X),(X),0,20.0,0.0,0.0,20.0,0.0,0.0,0.0,0.0,0.0,0.0,0.0,0.0,(X),(X),(X),0.0,24,136,136,24,136,136,136,136,136,136,136,136,(X),(X),(X),136,75.8,75.8,75.8,75.8,75.8,75.8,75.8,75.8,75.8,75.8,75.8,75.8,(X),(X),(X),75.8,22,136,136,22,136,136,136,136,136,136,136,136,(X),(X),(X),136,50.0,75.8,75.8,50.0,75.8,75.8,75.8,75.8,75.8,75.8,75.8,75.8,(X),(X),(X),75.8,12,136,136,12,136,136,136,136,136,136,136,136,(X),(X),(X),136,80.0,75.8,75.8,80.0,75.8,75.8,75.8,75.8,75.8,75.8,75.8,75.8,(X),(X),(X),75.8
9020000US3204,3204,"Northern Nevada, excluding Washoe County Set; Nevada",0910,Credit counselors and loan officers 0910 (SOC 13-2070),70,0,0,70,0,0,0,0,0,0,0,0,(X),(X),(X),0,100.0,0.0,0.0,100.0,0.0,0.0,0.0,0.0,0.0,0.0,0.0,0.0,(X),(X),(X),0.0,15,0,0,15,0,0,0,0,0,0,0,0,(X),(X),(X),0,21.4,0.0,0.0,21.4,0.0,0.0,0.0,0.0,0.0,0.0,0.0,0.0,(X),(X),(X),0.0,50,0,0,50,0,0,0,0,0,0,0,0,(X),(X),(X),0,71.4,0.0,0.0,71.4,0.0,0.0,0.0,0.0,0.0,0.0,0.0,0.0,(X),(X),(X),0.0,43,136,136,43,136,136,136,136,136,136,136,136,(X),(X),(X),136,40.5,40.5,40.5,40.5,40.5,40.5,40.5,40.5,40.5,40.5,40.5,40.5,(X),(X),(X),40.5,30,136,136,30,136,136,136,136,136,136,136,136,(X),(X),(X),136,38.4,40.5,40.5,38.4,40.5,40.5,40.5,40.5,40.5,40.5,40.5,40.5,(X),(X),(X),40.5,36,136,136,36,136,136,136,136,136,136,136,136,(X),(X),(X),136,42.1,40.5,40.5,42.1,40.5,40.5,40.5,40.5,40.5,40.5,40.5,40.5,(X),(X),(X),40.5
9020000US3204,3204,"Northern Nevada, excluding Washoe County Set; Nevada",0940,Tax preparers 0940 (SOC 13-2082),25,0,0,25,0,0,0,0,0,0,0,0,(X),(X),(X),0,100.0,0.0,0.0,100.0,0.0,0.0,0.0,0.0,0.0,0.0,0.0,0.0,(X),(X),(X),0.0,15,0,0,15,0,0,0,0,0,0,0,0,(X),(X),(X),0,60.0,0.0,0.0,60.0,0.0,0.0,0.0,0.0,0.0,0.0,0.0,0.0,(X),(X),(X),0.0,10,0,0,10,0,0,0,0,0,0,0,0,(X),(X),(X),0,40.0,0.0,0.0,40.0,0.0,0.0,0.0,0.0,0.0,0.0,0.0,0.0,(X),(X),(X),0.0,26,136,136,26,136,136,136,136,136,136,136,136,(X),(X),(X),136,67.8,67.8,67.8,67.8,67.8,67.8,67.8,67.8,67.8,67.8,67.8,67.8,(X),(X),(X),67.8,23,136,136,23,136,136,136,136,136,136,136,136,(X),(X),(X),136,60.0,67.8,67.8,60.0,67.8,67.8,67.8,67.8,67.8,67.8,67.8,67.8,(X),(X),(X),67.8,16,136,136,16,136,136,136,136,136,136,136,136,(X),(X),(X),136,60.0,67.8,67.8,60.0,67.8,67.8,67.8,67.8,67.8,67.8,67.8,67.8,(X),(X),(X),67.8
9020000US3204,3204,"Northern Nevada, excluding Washoe County Set; Nevada",1006,Computer systems analysts 1006 (SOC 15-1121),25,0,0,25,0,0,0,0,0,0,0,0,(X),(X),(X),0,100.0,0.0,0.0,100.0,0.0,0.0,0.0,0.0,0.0,0.0,0.0,0.0,(X),(X),(X),0.0,10,0,0,10,0,0,0,0,0,0,0,0,(X),(X),(X),0,40.0,0.0,0.0,40.0,0.0,0.0,0.0,0.0,0.0,0.0,0.0,0.0,(X),(X),(X),0.0,15,0,0,15,0,0,0,0,0,0,0,0,(X),(X),(X),0,60.0,0.0,0.0,60.0,0.0,0.0,0.0,0.0,0.0,0.0,0.0,0.0,(X),(X),(X),0.0,26,136,136,26,136,136,136,136,136,136,136,136,(X),(X),(X),136,67.8,67.8,67.8,67.8,67.8,67.8,67.8,67.8,67.8,67.8,67.8,67.8,(X),(X),(X),67.8,13,136,136,13,136,136,136,136,136,136,136,136,(X),(X),(X),136,50.5,67.8,67.8,50.5,67.8,67.8,67.8,67.8,67.8,67.8,67.8,67.8,(X),(X),(X),67.8,21,136,136,21,136,136,136,136,136,136,136,136,(X),(X),(X),136,60.0,67.8,67.8,60.0,67.8,67.8,67.8,67.8,67.8,67.8,67.8,67.8,(X),(X),(X),67.8
9020000US3204,3204,"Northern Nevada, excluding Washoe County Set; Nevada",1020,"Software developers, applications and systems software 1020 (SOC 15-113X)",10,0,0,4,4,0,0,0,0,0,0,0,(X),(X),(X),0,100.0,0.0,0.0,40.0,40.0,0.0,0.0,0.0,0.0,0.0,0.0,0.0,(X),(X),(X),0.0,4,0,0,4,0,0,0,0,0,0,0,0,(X),(X),(X),0,40.0,0.0,0.0,40.0,0.0,0.0,0.0,0.0,0.0,0.0,0.0,0.0,(X),(X),(X),0.0,4,0,0,0,4,0,0,0,0,0,0,0,(X),(X),(X),0,40.0,0.0,0.0,0.0,40.0,0.0,0.0,0.0,0.0,0.0,0.0,0.0,(X),(X),(X),0.0,15,136,136,10,9,136,136,136,136,136,136,136,(X),(X),(X),136,100.0,100.0,100.0,60.0,60.0,100.0,100.0,100.0,100.0,100.0,100.0,100.0,(X),(X),(X),100.0,10,136,136,10,136,136,136,136,136,136,136,136,(X),(X),(X),136,60.0,100.0,100.0,60.0,100.0,100.0,100.0,100.0,100.0,100.0,100.0,100.0,(X),(X),(X),100.0,9,136,136,136,9,136,136,136,136,136,136,136,(X),(X),(X),136,60.0,100.0,100.0,100.0,60.0,100.0,100.0,100.0,100.0,100.0,100.0,100.0,(X),(X),(X),100.0
9020000US3204,3204,"Northern Nevada, excluding Washoe County Set; Nevada",1030,Web developers 1030 (SOC 15-1134),15,0,0,15,0,0,0,0,0,0,0,0,(X),(X),(X),0,100.0,0.0,0.0,100.0,0.0,0.0,0.0,0.0,0.0,0.0,0.0,0.0,(X),(X),(X),0.0,15,0,0,15,0,0,0,0,0,0,0,0,(X),(X),(X),0,100.0,0.0,0.0,100.0,0.0,0.0,0.0,0.0,0.0,0.0,0.0,0.0,(X),(X),(X),0.0,0,0,0,0,0,0,0,0,0,0,0,0,(X),(X),(X),0,0.0,0.0,0.0,0.0,0.0,0.0,0.0,0.0,0.0,0.0,0.0,0.0,(X),(X),(X),0.0,25,136,136,25,136,136,136,136,136,136,136,136,(X),(X),(X),136,87.6,87.6,87.6,87.6,87.6,87.6,87.6,87.6,87.6,87.6,87.6,87.6,(X),(X),(X),87.6,25,136,136,25,136,136,136,136,136,136,136,136,(X),(X),(X),136,87.6,87.6,87.6,87.6,87.6,87.6,87.6,87.6,87.6,87.6,87.6,87.6,(X),(X),(X),87.6,136,136,136,136,136,136,136,136,136,136,136,136,(X),(X),(X),136,87.6,87.6,87.6,87.6,87.6,87.6,87.6,87.6,87.6,87.6,87.6,87.6,(X),(X),(X),87.6
9020000US3204,3204,"Northern Nevada, excluding Washoe County Set; Nevada",1060,Database administrators 1060 (SOC 15-1141),10,0,0,10,0,0,0,0,0,0,0,0,(X),(X),(X),0,100.0,0.0,0.0,100.0,0.0,0.0,0.0,0.0,0.0,0.0,0.0,0.0,(X),(X),(X),0.0,0,0,0,0,0,0,0,0,0,0,0,0,(X),(X),(X),0,0.0,0.0,0.0,0.0,0.0,0.0,0.0,0.0,0.0,0.0,0.0,0.0,(X),(X),(X),0.0,10,0,0,10,0,0,0,0,0,0,0,0,(X),(X),(X),0,100.0,0.0,0.0,100.0,0.0,0.0,0.0,0.0,0.0,0.0,0.0,0.0,(X),(X),(X),0.0,21,136,136,21,136,136,136,136,136,136,136,136,(X),(X),(X),136,100.0,100.0,100.0,100.0,100.0,100.0,100.0,100.0,100.0,100.0,100.0,100.0,(X),(X),(X),100.0,136,136,136,136,136,136,136,136,136,136,136,136,(X),(X),(X),136,100.0,100.0,100.0,100.0,100.0,100.0,100.0,100.0,100.0,100.0,100.0,100.0,(X),(X),(X),100.0,21,136,136,21,136,136,136,136,136,136,136,136,(X),(X),(X),136,100.0,100.0,100.0,100.0,100.0,100.0,100.0,100.0,100.0,100.0,100.0,100.0,(X),(X),(X),100.0
9020000US3204,3204,"Northern Nevada, excluding Washoe County Set; Nevada",1105,Network and computer systems administrators 1105 (SOC 15-1142),15,0,0,15,0,0,0,0,0,0,0,0,(X),(X),(X),0,100.0,0.0,0.0,100.0,0.0,0.0,0.0,0.0,0.0,0.0,0.0,0.0,(X),(X),(X),0.0,15,0,0,15,0,0,0,0,0,0,0,0,(X),(X),(X),0,100.0,0.0,0.0,100.0,0.0,0.0,0.0,0.0,0.0,0.0,0.0,0.0,(X),(X),(X),0.0,0,0,0,0,0,0,0,0,0,0,0,0,(X),(X),(X),0,0.0,0.0,0.0,0.0,0.0,0.0,0.0,0.0,0.0,0.0,0.0,0.0,(X),(X),(X),0.0,25,136,136,25,136,136,136,136,136,136,136,136,(X),(X),(X),136,87.6,87.6,87.6,87.6,87.6,87.6,87.6,87.6,87.6,87.6,87.6,87.6,(X),(X),(X),87.6,25,136,136,25,136,136,136,136,136,136,136,136,(X),(X),(X),136,87.6,87.6,87.6,87.6,87.6,87.6,87.6,87.6,87.6,87.6,87.6,87.6,(X),(X),(X),87.6,136,136,136,136,136,136,136,136,136,136,136,136,(X),(X),(X),136,87.6,87.6,87.6,87.6,87.6,87.6,87.6,87.6,87.6,87.6,87.6,87.6,(X),(X),(X),87.6
9020000US3204,3204,"Northern Nevada, excluding Washoe County Set; Nevada",1107,"Computer occupations, all other 1107 (SOC 15-1199)",55,0,0,25,0,0,0,0,0,30,0,0,(X),(X),(X),0,100.0,0.0,0.0,45.5,0.0,0.0,0.0,0.0,0.0,54.5,0.0,0.0,(X),(X),(X),0.0,55,0,0,25,0,0,0,0,0,30,0,0,(X),(X),(X),0,100.0,0.0,0.0,45.5,0.0,0.0,0.0,0.0,0.0,54.5,0.0,0.0,(X),(X),(X),0.0,0,0,0,0,0,0,0,0,0,0,0,0,(X),(X),(X),0,0.0,0.0,0.0,0.0,0.0,0.0,0.0,0.0,0.0,0.0,0.0,0.0,(X),(X),(X),0.0,55,136,136,40,136,136,136,136,136,38,136,136,(X),(X),(X),136,45.7,45.7,45.7,54.5,45.7,45.7,45.7,45.7,45.7,54.5,45.7,45.7,(X),(X),(X),45.7,55,136,136,40,136,136,136,136,136,38,136,136,(X),(X),(X),136,45.7,45.7,45.7,54.5,45.7,45.7,45.7,45.7,45.7,54.5,45.7,45.7,(X),(X),(X),45.7,136,136,136,136,136,136,136,136,136,136,136,136,(X),(X),(X),136,45.7,45.7,45.7,45.7,45.7,45.7,45.7,45.7,45.7,45.7,45.7,45.7,(X),(X),(X),45.7
9020000US3204,3204,"Northern Nevada, excluding Washoe County Set; Nevada",1240,"Miscellaneous mathematical science occupations, including mathematicians and statisticians 1240 (SOC 15-20XX)",4,0,0,4,0,0,0,0,0,0,0,0,(X),(X),(X),0,100.0,0.0,0.0,100.0,0.0,0.0,0.0,0.0,0.0,0.0,0.0,0.0,(X),(X),(X),0.0,4,0,0,4,0,0,0,0,0,0,0,0,(X),(X),(X),0,100.0,0.0,0.0,100.0,0.0,0.0,0.0,0.0,0.0,0.0,0.0,0.0,(X),(X),(X),0.0,0,0,0,0,0,0,0,0,0,0,0,0,(X),(X),(X),0,0.0,0.0,0.0,0.0,0.0,0.0,0.0,0.0,0.0,0.0,0.0,0.0,(X),(X),(X),0.0,3,136,136,3,136,136,136,136,136,136,136,136,(X),(X),(X),136,100.0,100.0,100.0,100.0,100.0,100.0,100.0,100.0,100.0,100.0,100.0,100.0,(X),(X),(X),100.0,3,136,136,3,136,136,136,136,136,136,136,136,(X),(X),(X),136,100.0,100.0,100.0,100.0,100.0,100.0,100.0,100.0,100.0,100.0,100.0,100.0,(X),(X),(X),100.0,136,136,136,136,136,136,136,136,136,136,136,136,(X),(X),(X),136,100.0,100.0,100.0,100.0,100.0,100.0,100.0,100.0,100.0,100.0,100.0,100.0,(X),(X),(X),100.0
9020000US3204,3204,"Northern Nevada, excluding Washoe County Set; Nevada",1300,"Architects, except naval 1300 (SOC 17-1010)",15,0,0,15,0,0,0,0,0,0,0,0,(X),(X),(X),0,100.0,0.0,0.0,100.0,0.0,0.0,0.0,0.0,0.0,0.0,0.0,0.0,(X),(X),(X),0.0,0,0,0,0,0,0,0,0,0,0,0,0,(X),(X),(X),0,0.0,0.0,0.0,0.0,0.0,0.0,0.0,0.0,0.0,0.0,0.0,0.0,(X),(X),(X),0.0,15,0,0,15,0,0,0,0,0,0,0,0,(X),(X),(X),0,100.0,0.0,0.0,100.0,0.0,0.0,0.0,0.0,0.0,0.0,0.0,0.0,(X),(X),(X),0.0,23,136,136,23,136,136,136,136,136,136,136,136,(X),(X),(X),136,87.6,87.6,87.6,87.6,87.6,87.6,87.6,87.6,87.6,87.6,87.6,87.6,(X),(X),(X),87.6,136,136,136,136,136,136,136,136,136,136,136,136,(X),(X),(X),136,87.6,87.6,87.6,87.6,87.6,87.6,87.6,87.6,87.6,87.6,87.6,87.6,(X),(X),(X),87.6,23,136,136,23,136,136,136,136,136,136,136,136,(X),(X),(X),136,87.6,87.6,87.6,87.6,87.6,87.6,87.6,87.6,87.6,87.6,87.6,87.6,(X),(X),(X),87.6
9020000US3204,3204,"Northern Nevada, excluding Washoe County Set; Nevada",1310,"Surveyors, cartographers, and photogrammetrists 1310 (SOC 17-1020)",65,30,0,35,0,0,0,0,0,0,0,0,(X),(X),(X),0,100.0,46.2,0.0,53.8,0.0,0.0,0.0,0.0,0.0,0.0,0.0,0.0,(X),(X),(X),0.0,55,30,0,25,0,0,0,0,0,0,0,0,(X),(X),(X),0,84.6,46.2,0.0,38.5,0.0,0.0,0.0,0.0,0.0,0.0,0.0,0.0,(X),(X),(X),0.0,15,0,0,15,0,0,0,0,0,0,0,0,(X),(X),(X),0,23.1,0.0,0.0,23.1,0.0,0.0,0.0,0.0,0.0,0.0,0.0,0.0,(X),(X),(X),0.0,56,47,136,33,136,136,136,136,136,136,136,136,(X),(X),(X),136,42.1,44.9,42.1,48.3,42.1,42.1,42.1,42.1,42.1,42.1,42.1,42.1,(X),(X),(X),42.1,53,47,136,29,136,136,136,136,136,136,136,136,(X),(X),(X),136,35.5,44.9,42.1,43.3,42.1,42.1,42.1,42.1,42.1,42.1,42.1,42.1,(X),(X),(X),42.1,23,136,136,23,136,136,136,136,136,136,136,136,(X),(X),(X),136,34.8,42.1,42.1,34.8,42.1,42.1,42.1,42.1,42.1,42.1,42.1,42.1,(X),(X),(X),42.1
9020000US3204,3204,"Northern Nevada, excluding Washoe County Set; Nevada",1360,Civil engineers 1360 (SOC 17-2051),55,15,0,45,0,0,0,0,0,0,0,0,(X),(X),(X),0,100.0,27.3,0.0,81.8,0.0,0.0,0.0,0.0,0.0,0.0,0.0,0.0,(X),(X),(X),0.0,55,15,0,45,0,0,0,0,0,0,0,0,(X),(X),(X),0,100.0,27.3,0.0,81.8,0.0,0.0,0.0,0.0,0.0,0.0,0.0,0.0,(X),(X),(X),0.0,0,0,0,0,0,0,0,0,0,0,0,0,(X),(X),(X),0,0.0,0.0,0.0,0.0,0.0,0.0,0.0,0.0,0.0,0.0,0.0,0.0,(X),(X),(X),0.0,52,23,136,44,136,136,136,136,136,136,136,136,(X),(X),(X),136,45.7,41.5,45.7,40.4,45.7,45.7,45.7,45.7,45.7,45.7,45.7,45.7,(X),(X),(X),45.7,52,23,136,44,136,136,136,136,136,136,136,136,(X),(X),(X),136,45.7,41.5,45.7,40.4,45.7,45.7,45.7,45.7,45.7,45.7,45.7,45.7,(X),(X),(X),45.7,136,136,136,136,136,136,136,136,136,136,136,136,(X),(X),(X),136,45.7,45.7,45.7,45.7,45.7,45.7,45.7,45.7,45.7,45.7,45.7,45.7,(X),(X),(X),45.7
9020000US3204,3204,"Northern Nevada, excluding Washoe County Set; Nevada",1420,Environmental engineers 1420 (SOC 17-2081),60,0,0,45,15,0,0,0,0,0,0,0,(X),(X),(X),0,100.0,0.0,0.0,75.0,25.0,0.0,0.0,0.0,0.0,0.0,0.0,0.0,(X),(X),(X),0.0,60,0,0,45,15,0,0,0,0,0,0,0,(X),(X),(X),0,100.0,0.0,0.0,75.0,25.0,0.0,0.0,0.0,0.0,0.0,0.0,0.0,(X),(X),(X),0.0,0,0,0,0,0,0,0,0,0,0,0,0,(X),(X),(X),0,0.0,0.0,0.0,0.0,0.0,0.0,0.0,0.0,0.0,0.0,0.0,0.0,(X),(X),(X),0.0,83,136,136,76,27,136,136,136,136,136,136,136,(X),(X),(X),136,43.8,43.8,43.8,49.5,53.0,43.8,43.8,43.8,43.8,43.8,43.8,43.8,(X),(X),(X),43.8,83,136,136,76,27,136,136,136,136,136,136,136,(X),(X),(X),136,43.8,43.8,43.8,49.5,53.0,43.8,43.8,43.8,43.8,43.8,43.8,43.8,(X),(X),(X),43.8,136,136,136,136,136,136,136,136,136,136,136,136,(X),(X),(X),136,43.8,43.8,43.8,43.8,43.8,43.8,43.8,43.8,43.8,43.8,43.8,43.8,(X),(X),(X),43.8
9020000US3204,3204,"Northern Nevada, excluding Washoe County Set; Nevada",1430,"Industrial engineers, including health and safety 1430 (SOC 17-2110)",40,0,0,40,0,0,0,0,0,0,0,0,(X),(X),(X),0,100.0,0.0,0.0,100.0,0.0,0.0,0.0,0.0,0.0,0.0,0.0,0.0,(X),(X),(X),0.0,0,0,0,0,0,0,0,0,0,0,0,0,(X),(X),(X),0,0.0,0.0,0.0,0.0,0.0,0.0,0.0,0.0,0.0,0.0,0.0,0.0,(X),(X),(X),0.0,40,0,0,40,0,0,0,0,0,0,0,0,(X),(X),(X),0,100.0,0.0,0.0,100.0,0.0,0.0,0.0,0.0,0.0,0.0,0.0,0.0,(X),(X),(X),0.0,53,136,136,53,136,136,136,136,136,136,136,136,(X),(X),(X),136,53.6,53.6,53.6,53.6,53.6,53.6,53.6,53.6,53.6,53.6,53.6,53.6,(X),(X),(X),53.6,136,136,136,136,136,136,136,136,136,136,136,136,(X),(X),(X),136,53.6,53.6,53.6,53.6,53.6,53.6,53.6,53.6,53.6,53.6,53.6,53.6,(X),(X),(X),53.6,53,136,136,53,136,136,136,136,136,136,136,136,(X),(X),(X),136,53.6,53.6,53.6,53.6,53.6,53.6,53.6,53.6,53.6,53.6,53.6,53.6,(X),(X),(X),53.6
9020000US3204,3204,"Northern Nevada, excluding Washoe County Set; Nevada",1450,Materials engineers 1450 (SOC 17-2131),35,0,0,15,0,0,20,0,0,0,0,0,(X),(X),(X),0,100.0,0.0,0.0,42.9,0.0,0.0,57.1,0.0,0.0,0.0,0.0,0.0,(X),(X),(X),0.0,35,0,0,15,0,0,20,0,0,0,0,0,(X),(X),(X),0,100.0,0.0,0.0,42.9,0.0,0.0,57.1,0.0,0.0,0.0,0.0,0.0,(X),(X),(X),0.0,0,0,0,0,0,0,0,0,0,0,0,0,(X),(X),(X),0,0.0,0.0,0.0,0.0,0.0,0.0,0.0,0.0,0.0,0.0,0.0,0.0,(X),(X),(X),0.0,39,136,136,23,136,136,33,136,136,136,136,136,(X),(X),(X),136,57.3,57.3,57.3,57.1,57.3,57.3,57.1,57.3,57.3,57.3,57.3,57.3,(X),(X),(X),57.3,39,136,136,23,136,136,33,136,136,136,136,136,(X),(X),(X),136,57.3,57.3,57.3,57.1,57.3,57.3,57.1,57.3,57.3,57.3,57.3,57.3,(X),(X),(X),57.3,136,136,136,136,136,136,136,136,136,136,136,136,(X),(X),(X),136,57.3,57.3,57.3,57.3,57.3,57.3,57.3,57.3,57.3,57.3,57.3,57.3,(X),(X),(X),57.3
9020000US3204,3204,"Northern Nevada, excluding Washoe County Set; Nevada",1520,"Petroleum, mining and geological engineers, including mining safety engineers 1520 (SOC 17-21XX)",170,0,0,165,0,4,0,0,0,0,0,0,(X),(X),(X),0,100.0,0.0,0.0,97.1,0.0,2.4,0.0,0.0,0.0,0.0,0.0,0.0,(X),(X),(X),0.0,165,0,0,165,0,0,0,0,0,0,0,0,(X),(X),(X),0,97.1,0.0,0.0,97.1,0.0,0.0,0.0,0.0,0.0,0.0,0.0,0.0,(X),(X),(X),0.0,4,0,0,0,0,4,0,0,0,0,0,0,(X),(X),(X),0,2.4,0.0,0.0,0.0,0.0,2.4,0.0,0.0,0.0,0.0,0.0,0.0,(X),(X),(X),0.0,81,136,136,79,136,136,136,136,136,136,136,136,(X),(X),(X),136,21.9,21.9,21.9,5.7,21.9,1.2,21.9,21.9,21.9,21.9,21.9,21.9,(X),(X),(X),21.9,79,136,136,79,136,136,136,136,136,136,136,136,(X),(X),(X),136,5.7,21.9,21.9,5.7,21.9,21.9,21.9,21.9,21.9,21.9,21.9,21.9,(X),(X),(X),21.9,136,136,136,136,136,136,136,136,136,136,136,136,(X),(X),(X),136,1.2,21.9,21.9,21.9,21.9,1.2,21.9,21.9,21.9,21.9,21.9,21.9,(X),(X),(X),21.9
9020000US3204,3204,"Northern Nevada, excluding Washoe County Set; Nevada",1530,"Miscellaneous engineers, including nuclear engineers 1530 (SOC 17-21YY)",70,0,0,70,0,0,0,0,0,0,0,0,(X),(X),(X),0,100.0,0.0,0.0,100.0,0.0,0.0,0.0,0.0,0.0,0.0,0.0,0.0,(X),(X),(X),0.0,60,0,0,60,0,0,0,0,0,0,0,0,(X),(X),(X),0,85.7,0.0,0.0,85.7,0.0,0.0,0.0,0.0,0.0,0.0,0.0,0.0,(X),(X),(X),0.0,10,0,0,10,0,0,0,0,0,0,0,0,(X),(X),(X),0,14.3,0.0,0.0,14.3,0.0,0.0,0.0,0.0,0.0,0.0,0.0,0.0,(X),(X),(X),0.0,65,136,136,65,136,136,136,136,136,136,136,136,(X),(X),(X),136,40.5,40.5,40.5,40.5,40.5,40.5,40.5,40.5,40.5,40.5,40.5,40.5,(X),(X),(X),40.5,59,136,136,59,136,136,136,136,136,136,136,136,(X),(X),(X),136,34.4,40.5,40.5,34.4,40.5,40.5,40.5,40.5,40.5,40.5,40.5,40.5,(X),(X),(X),40.5,22,136,136,22,136,136,136,136,136,136,136,136,(X),(X),(X),136,33.2,40.5,40.5,33.2,40.5,40.5,40.5,40.5,40.5,40.5,40.5,40.5,(X),(X),(X),40.5
9020000US3204,3204,"Northern Nevada, excluding Washoe County Set; Nevada",1540,Drafters 1540 (SOC 17-3010),50,0,0,50,0,0,0,0,0,0,0,0,(X),(X),(X),0,100.0,0.0,0.0,100.0,0.0,0.0,0.0,0.0,0.0,0.0,0.0,0.0,(X),(X),(X),0.0,50,0,0,50,0,0,0,0,0,0,0,0,(X),(X),(X),0,100.0,0.0,0.0,100.0,0.0,0.0,0.0,0.0,0.0,0.0,0.0,0.0,(X),(X),(X),0.0,0,0,0,0,0,0,0,0,0,0,0,0,(X),(X),(X),0,0.0,0.0,0.0,0.0,0.0,0.0,0.0,0.0,0.0,0.0,0.0,0.0,(X),(X),(X),0.0,68,136,136,68,136,136,136,136,136,136,136,136,(X),(X),(X),136,48.0,48.0,48.0,48.0,48.0,48.0,48.0,48.0,48.0,48.0,48.0,48.0,(X),(X),(X),48.0,68,136,136,68,136,136,136,136,136,136,136,136,(X),(X),(X),136,48.0,48.0,48.0,48.0,48.0,48.0,48.0,48.0,48.0,48.0,48.0,48.0,(X),(X),(X),48.0,136,136,136,136,136,136,136,136,136,136,136,136,(X),(X),(X),136,48.0,48.0,48.0,48.0,48.0,48.0,48.0,48.0,48.0,48.0,48.0,48.0,(X),(X),(X),48.0
9020000US3204,3204,"Northern Nevada, excluding Washoe County Set; Nevada",1550,"Engineering technicians, except drafters 1550 (SOC 17-3020)",345,25,0,305,0,0,15,0,0,0,0,0,(X),(X),(X),0,100.0,7.2,0.0,88.4,0.0,0.0,4.3,0.0,0.0,0.0,0.0,0.0,(X),(X),(X),0.0,245,0,0,230,0,0,15,0,0,0,0,0,(X),(X),(X),0,71.0,0.0,0.0,66.7,0.0,0.0,4.3,0.0,0.0,0.0,0.0,0.0,(X),(X),(X),0.0,100,25,0,75,0,0,0,0,0,0,0,0,(X),(X),(X),0,29.0,7.2,0.0,21.7,0.0,0.0,0.0,0.0,0.0,0.0,0.0,0.0,(X),(X),(X),0.0,220,38,136,217,136,136,25,136,136,136,136,136,(X),(X),(X),136,11.6,12.3,11.6,15.5,11.6,11.6,8.0,11.6,11.6,11.6,11.6,11.6,(X),(X),(X),11.6,210,136,136,208,136,136,25,136,136,136,136,136,(X),(X),(X),136,26.6,11.6,11.6,28.9,11.6,11.6,8.0,11.6,11.6,11.6,11.6,11.6,(X),(X),(X),11.6,73,38,136,59,136,136,136,136,136,136,136,136,(X),(X),(X),136,26.4,12.3,11.6,20.8,11.6,11.6,11.6,11.6,11.6,11.6,11.6,11.6,(X),(X),(X),11.6
9020000US3204,3204,"Northern Nevada, excluding Washoe County Set; Nevada",1560,Surveying and mapping technicians 1560 (SOC 17-3031),15,0,0,10,0,4,0,0,0,0,0,0,(X),(X),(X),0,100.0,0.0,0.0,66.7,0.0,26.7,0.0,0.0,0.0,0.0,0.0,0.0,(X),(X),(X),0.0,15,0,0,10,0,4,0,0,0,0,0,0,(X),(X),(X),0,100.0,0.0,0.0,66.7,0.0,26.7,0.0,0.0,0.0,0.0,0.0,0.0,(X),(X),(X),0.0,0,0,0,0,0,0,0,0,0,0,0,0,(X),(X),(X),0,0.0,0.0,0.0,0.0,0.0,0.0,0.0,0.0,0.0,0.0,0.0,0.0,(X),(X),(X),0.0,14,136,136,14,136,14,136,136,136,136,136,136,(X),(X),(X),136,87.6,87.6,87.6,66.7,87.6,73.3,87.6,87.6,87.6,87.6,87.6,87.6,(X),(X),(X),87.6,14,136,136,14,136,14,136,136,136,136,136,136,(X),(X),(X),136,87.6,87.6,87.6,66.7,87.6,73.3,87.6,87.6,87.6,87.6,87.6,87.6,(X),(X),(X),87.6,136,136,136,136,136,136,136,136,136,136,136,136,(X),(X),(X),136,87.6,87.6,87.6,87.6,87.6,87.6,87.6,87.6,87.6,87.6,87.6,87.6,(X),(X),(X),87.6
9020000US3204,3204,"Northern Nevada, excluding Washoe County Set; Nevada",1610,Biological scientists 1610 (SOC 19-1020),120,0,0,120,0,0,0,0,0,0,0,0,(X),(X),(X),0,100.0,0.0,0.0,100.0,0.0,0.0,0.0,0.0,0.0,0.0,0.0,0.0,(X),(X),(X),0.0,55,0,0,55,0,0,0,0,0,0,0,0,(X),(X),(X),0,45.8,0.0,0.0,45.8,0.0,0.0,0.0,0.0,0.0,0.0,0.0,0.0,(X),(X),(X),0.0,65,0,0,65,0,0,0,0,0,0,0,0,(X),(X),(X),0,54.2,0.0,0.0,54.2,0.0,0.0,0.0,0.0,0.0,0.0,0.0,0.0,(X),(X),(X),0.0,106,136,136,106,136,136,136,136,136,136,136,136,(X),(X),(X),136,29.0,29.0,29.0,29.0,29.0,29.0,29.0,29.0,29.0,29.0,29.0,29.0,(X),(X),(X),29.0,49,136,136,49,136,136,136,136,136,136,136,136,(X),(X),(X),136,46.7,29.0,29.0,46.7,29.0,29.0,29.0,29.0,29.0,29.0,29.0,29.0,(X),(X),(X),29.0,94,136,136,94,136,136,136,136,136,136,136,136,(X),(X),(X),136,48.7,29.0,29.0,48.7,29.0,29.0,29.0,29.0,29.0,29.0,29.0,29.0,(X),(X),(X),29.0
9020000US3204,3204,"Northern Nevada, excluding Washoe County Set; Nevada",1740,Environmental scientists and geoscientists 1740 (SOC 19-2040),235,0,0,235,0,0,0,0,0,0,0,0,(X),(X),(X),0,100.0,0.0,0.0,100.0,0.0,0.0,0.0,0.0,0.0,0.0,0.0,0.0,(X),(X),(X),0.0,195,0,0,195,0,0,0,0,0,0,0,0,(X),(X),(X),0,83.0,0.0,0.0,83.0,0.0,0.0,0.0,0.0,0.0,0.0,0.0,0.0,(X),(X),(X),0.0,40,0,0,40,0,0,0,0,0,0,0,0,(X),(X),(X),0,17.0,0.0,0.0,17.0,0.0,0.0,0.0,0.0,0.0,0.0,0.0,0.0,(X),(X),(X),0.0,99,136,136,99,136,136,136,136,136,136,136,136,(X),(X),(X),136,16.5,16.5,16.5,16.5,16.5,16.5,16.5,16.5,16.5,16.5,16.5,16.5,(X),(X),(X),16.5,82,136,136,82,136,136,136,136,136,136,136,136,(X),(X),(X),136,13.7,16.5,16.5,13.7,16.5,16.5,16.5,16.5,16.5,16.5,16.5,16.5,(X),(X),(X),16.5,41,136,136,41,136,136,136,136,136,136,136,136,(X),(X),(X),136,13.9,16.5,16.5,13.9,16.5,16.5,16.5,16.5,16.5,16.5,16.5,16.5,(X),(X),(X),16.5
9020000US3204,3204,"Northern Nevada, excluding Washoe County Set; Nevada",1820,Psychologists 1820 (SOC 19-3030),25,0,0,25,0,0,0,0,0,0,0,0,(X),(X),(X),0,100.0,0.0,0.0,100.0,0.0,0.0,0.0,0.0,0.0,0.0,0.0,0.0,(X),(X),(X),0.0,15,0,0,15,0,0,0,0,0,0,0,0,(X),(X),(X),0,60.0,0.0,0.0,60.0,0.0,0.0,0.0,0.0,0.0,0.0,0.0,0.0,(X),(X),(X),0.0,10,0,0,10,0,0,0,0,0,0,0,0,(X),(X),(X),0,40.0,0.0,0.0,40.0,0.0,0.0,0.0,0.0,0.0,0.0,0.0,0.0,(X),(X),(X),0.0,31,136,136,31,136,136,136,136,136,136,136,136,(X),(X),(X),136,67.8,67.8,67.8,67.8,67.8,67.8,67.8,67.8,67.8,67.8,67.8,67.8,(X),(X),(X),67.8,28,136,136,28,136,136,136,136,136,136,136,136,(X),(X),(X),136,60.0,67.8,67.8,60.0,67.8,67.8,67.8,67.8,67.8,67.8,67.8,67.8,(X),(X),(X),67.8,14,136,136,14,136,136,136,136,136,136,136,136,(X),(X),(X),136,60.0,67.8,67.8,60.0,67.8,67.8,67.8,67.8,67.8,67.8,67.8,67.8,(X),(X),(X),67.8
9020000US3204,3204,"Northern Nevada, excluding Washoe County Set; Nevada",1840,Urban and regional planners 1840 (SOC 19-3051),15,0,0,15,0,0,0,0,0,0,0,0,(X),(X),(X),0,100.0,0.0,0.0,100.0,0.0,0.0,0.0,0.0,0.0,0.0,0.0,0.0,(X),(X),(X),0.0,15,0,0,15,0,0,0,0,0,0,0,0,(X),(X),(X),0,100.0,0.0,0.0,100.0,0.0,0.0,0.0,0.0,0.0,0.0,0.0,0.0,(X),(X),(X),0.0,0,0,0,0,0,0,0,0,0,0,0,0,(X),(X),(X),0,0.0,0.0,0.0,0.0,0.0,0.0,0.0,0.0,0.0,0.0,0.0,0.0,(X),(X),(X),0.0,19,136,136,19,136,136,136,136,136,136,136,136,(X),(X),(X),136,87.6,87.6,87.6,87.6,87.6,87.6,87.6,87.6,87.6,87.6,87.6,87.6,(X),(X),(X),87.6,19,136,136,19,136,136,136,136,136,136,136,136,(X),(X),(X),136,87.6,87.6,87.6,87.6,87.6,87.6,87.6,87.6,87.6,87.6,87.6,87.6,(X),(X),(X),87.6,136,136,136,136,136,136,136,136,136,136,136,136,(X),(X),(X),136,87.6,87.6,87.6,87.6,87.6,87.6,87.6,87.6,87.6,87.6,87.6,87.6,(X),(X),(X),87.6
9020000US3204,3204,"Northern Nevada, excluding Washoe County Set; Nevada",1860,"Miscellaneous social scientists, including survey researchers and sociologists 1860 (SOC 19-30XX)",30,0,0,30,0,0,0,0,0,0,0,0,(X),(X),(X),0,100.0,0.0,0.0,100.0,0.0,0.0,0.0,0.0,0.0,0.0,0.0,0.0,(X),(X),(X),0.0,0,0,0,0,0,0,0,0,0,0,0,0,(X),(X),(X),0,0.0,0.0,0.0,0.0,0.0,0.0,0.0,0.0,0.0,0.0,0.0,0.0,(X),(X),(X),0.0,30,0,0,30,0,0,0,0,0,0,0,0,(X),(X),(X),0,100.0,0.0,0.0,100.0,0.0,0.0,0.0,0.0,0.0,0.0,0.0,0.0,(X),(X),(X),0.0,37,136,136,37,136,136,136,136,136,136,136,136,(X),(X),(X),136,61.9,61.9,61.9,61.9,61.9,61.9,61.9,61.9,61.9,61.9,61.9,61.9,(X),(X),(X),61.9,136,136,136,136,136,136,136,136,136,136,136,136,(X),(X),(X),136,61.9,61.9,61.9,61.9,61.9,61.9,61.9,61.9,61.9,61.9,61.9,61.9,(X),(X),(X),61.9,37,136,136,37,136,136,136,136,136,136,136,136,(X),(X),(X),136,61.9,61.9,61.9,61.9,61.9,61.9,61.9,61.9,61.9,61.9,61.9,61.9,(X),(X),(X),61.9
9020000US3204,3204,"Northern Nevada, excluding Washoe County Set; Nevada",1920,Chemical technicians 1920 (SOC 19-4031),150,0,35,85,0,30,0,0,0,0,0,0,(X),(X),(X),0,100.0,0.0,23.3,56.7,0.0,20.0,0.0,0.0,0.0,0.0,0.0,0.0,(X),(X),(X),0.0,40,0,0,40,0,0,0,0,0,0,0,0,(X),(X),(X),0,26.7,0.0,0.0,26.7,0.0,0.0,0.0,0.0,0.0,0.0,0.0,0.0,(X),(X),(X),0.0,105,0,35,45,0,30,0,0,0,0,0,0,(X),(X),(X),0,70.0,0.0,23.3,30.0,0.0,20.0,0.0,0.0,0.0,0.0,0.0,0.0,(X),(X),(X),0.0,81,136,59,61,136,27,136,136,136,136,136,136,(X),(X),(X),136,24.3,24.3,33.6,33.7,24.3,19.8,24.3,24.3,24.3,24.3,24.3,24.3,(X),(X),(X),24.3,45,136,136,45,136,136,136,136,136,136,136,136,(X),(X),(X),136,29.7,24.3,24.3,29.7,24.3,24.3,24.3,24.3,24.3,24.3,24.3,24.3,(X),(X),(X),24.3,75,136,59,46,136,27,136,136,136,136,136,136,(X),(X),(X),136,29.7,24.3,33.6,28.5,24.3,19.8,24.3,24.3,24.3,24.3,24.3,24.3,(X),(X),(X),24.3
9020000US3204,3204,"Northern Nevada, excluding Washoe County Set; Nevada",1930,"Geological and petroleum technicians, and nuclear technicians 1930 (SOC 19-40XX)",380,40,30,285,0,30,0,0,0,0,0,0,(X),(X),(X),0,100.0,10.5,7.9,75.0,0.0,7.9,0.0,0.0,0.0,0.0,0.0,0.0,(X),(X),(X),0.0,225,30,20,165,0,10,0,0,0,0,0,0,(X),(X),(X),0,59.2,7.9,5.3,43.4,0.0,2.6,0.0,0.0,0.0,0.0,0.0,0.0,(X),(X),(X),0.0,160,10,10,115,0,20,0,0,0,0,0,0,(X),(X),(X),0,42.1,2.6,2.6,30.3,0.0,5.3,0.0,0.0,0.0,0.0,0.0,0.0,(X),(X),(X),0.0,144,40,51,126,136,30,136,136,136,136,136,136,(X),(X),(X),136,10.6,10.7,12.6,17.3,10.6,8.4,10.6,10.6,10.6,10.6,10.6,10.6,(X),(X),(X),10.6,120,36,36,103,136,15,136,136,136,136,136,136,(X),(X),(X),136,17.4,9.2,8.9,19.3,10.6,3.9,10.6,10.6,10.6,10.6,10.6,10.6,(X),(X),(X),10.6,77,19,17,69,136,27,136,136,136,136,136,136,(X),(X),(X),136,17.6,5.2,4.1,15.7,10.6,7.9,10.6,10.6,10.6,10.6,10.6,10.6,(X),(X),(X),10.6
9020000US3204,3204,"Northern Nevada, excluding Washoe County Set; Nevada",1965,"Miscellaneous life, physical, and social science technicians, including social science research assistants 1965 (SOC 19-40YY)",90,0,40,50,0,0,0,0,0,0,0,0,(X),(X),(X),0,100.0,0.0,44.4,55.6,0.0,0.0,0.0,0.0,0.0,0.0,0.0,0.0,(X),(X),(X),0.0,35,0,4,30,0,0,0,0,0,0,0,0,(X),(X),(X),0,38.9,0.0,4.4,33.3,0.0,0.0,0.0,0.0,0.0,0.0,0.0,0.0,(X),(X),(X),0.0,55,0,35,20,0,0,0,0,0,0,0,0,(X),(X),(X),0,61.1,0.0,38.9,22.2,0.0,0.0,0.0,0.0,0.0,0.0,0.0,0.0,(X),(X),(X),0.0,75,136,58,45,136,136,136,136,136,136,136,136,(X),(X),(X),136,35.4,35.4,42.4,41.9,35.4,35.4,35.4,35.4,35.4,35.4,35.4,35.4,(X),(X),(X),35.4,40,136,13,38,136,136,136,136,136,136,136,136,(X),(X),(X),136,36.7,35.4,15.6,37.0,35.4,35.4,35.4,35.4,35.4,35.4,35.4,35.4,(X),(X),(X),35.4,57,136,56,26,136,136,136,136,136,136,136,136,(X),(X),(X),136,35.8,35.4,44.9,33.4,35.4,35.4,35.4,35.4,35.4,35.4,35.4,35.4,(X),(X),(X),35.4
9020000US3204,3204,"Northern Nevada, excluding Washoe County Set; Nevada",2000,Counselors 2000 (SOC 21-1010),190,15,0,115,0,60,0,0,0,0,4,0,(X),(X),(X),0,100.0,7.9,0.0,60.5,0.0,31.6,0.0,0.0,0.0,0.0,2.1,0.0,(X),(X),(X),0.0,90,0,0,55,0,35,0,0,0,0,4,0,(X),(X),(X),0,47.4,0.0,0.0,28.9,0.0,18.4,0.0,0.0,0.0,0.0,2.1,0.0,(X),(X),(X),0.0,100,15,0,60,0,25,0,0,0,0,0,0,(X),(X),(X),0,52.6,7.9,0.0,31.6,0.0,13.2,0.0,0.0,0.0,0.0,0.0,0.0,(X),(X),(X),0.0,88,25,136,79,136,54,136,136,136,136,5,136,(X),(X),(X),136,19.9,13.2,19.9,27.3,19.9,26.4,19.9,19.9,19.9,19.9,3.7,19.9,(X),(X),(X),19.9,67,136,136,48,136,44,136,136,136,136,5,136,(X),(X),(X),136,24.9,19.9,19.9,22.0,19.9,20.8,19.9,19.9,19.9,19.9,3.7,19.9,(X),(X),(X),19.9,61,25,136,56,136,32,136,136,136,136,136,136,(X),(X),(X),136,24.2,13.2,19.9,24.0,19.9,17.2,19.9,19.9,19.9,19.9,19.9,19.9,(X),(X),(X),19.9
9020000US3204,3204,"Northern Nevada, excluding Washoe County Set; Nevada",2010,Social workers 2010 (SOC 21-1020),200,0,4,170,0,25,0,0,0,0,0,0,(X),(X),(X),0,100.0,0.0,2.0,85.0,0.0,12.5,0.0,0.0,0.0,0.0,0.0,0.0,(X),(X),(X),0.0,10,0,0,10,0,0,0,0,0,0,0,0,(X),(X),(X),0,5.0,0.0,0.0,5.0,0.0,0.0,0.0,0.0,0.0,0.0,0.0,0.0,(X),(X),(X),0.0,185,0,4,155,0,25,0,0,0,0,0,0,(X),(X),(X),0,92.5,0.0,2.0,77.5,0.0,12.5,0.0,0.0,0.0,0.0,0.0,0.0,(X),(X),(X),0.0,93,136,13,89,136,25,136,136,136,136,136,136,(X),(X),(X),136,19.0,19.0,6.8,14.6,19.0,12.2,19.0,19.0,19.0,19.0,19.0,19.0,(X),(X),(X),19.0,18,136,136,18,136,136,136,136,136,136,136,136,(X),(X),(X),136,8.8,19.0,19.0,8.8,19.0,19.0,19.0,19.0,19.0,19.0,19.0,19.0,(X),(X),(X),19.0,93,136,13,89,136,25,136,136,136,136,136,136,(X),(X),(X),136,10.0,19.0,6.8,16.6,19.0,12.2,19.0,19.0,19.0,19.0,19.0,19.0,(X),(X),(X),19.0
9020000US3204,3204,"Northern Nevada, excluding Washoe County Set; Nevada",2015,Probation officers and correctional treatment specialists 2015 (SOC 21-1092),60,0,0,60,0,0,0,0,0,0,0,0,(X),(X),(X),0,100.0,0.0,0.0,100.0,0.0,0.0,0.0,0.0,0.0,0.0,0.0,0.0,(X),(X),(X),0.0,20,0,0,20,0,0,0,0,0,0,0,0,(X),(X),(X),0,33.3,0.0,0.0,33.3,0.0,0.0,0.0,0.0,0.0,0.0,0.0,0.0,(X),(X),(X),0.0,35,0,0,35,0,0,0,0,0,0,0,0,(X),(X),(X),0,58.3,0.0,0.0,58.3,0.0,0.0,0.0,0.0,0.0,0.0,0.0,0.0,(X),(X),(X),0.0,56,136,136,56,136,136,136,136,136,136,136,136,(X),(X),(X),136,43.8,43.8,43.8,43.8,43.8,43.8,43.8,43.8,43.8,43.8,43.8,43.8,(X),(X),(X),43.8,37,136,136,37,136,136,136,136,136,136,136,136,(X),(X),(X),136,53.4,43.8,43.8,53.4,43.8,43.8,43.8,43.8,43.8,43.8,43.8,43.8,(X),(X),(X),43.8,39,136,136,39,136,136,136,136,136,136,136,136,(X),(X),(X),136,46.7,43.8,43.8,46.7,43.8,43.8,43.8,43.8,43.8,43.8,43.8,43.8,(X),(X),(X),43.8
9020000US3204,3204,"Northern Nevada, excluding Washoe County Set; Nevada",2016,Social and human service assistants 2016 (SOC 21-1093),25,0,0,25,0,0,0,0,0,0,0,0,(X),(X),(X),0,100.0,0.0,0.0,100.0,0.0,0.0,0.0,0.0,0.0,0.0,0.0,0.0,(X),(X),(X),0.0,25,0,0,25,0,0,0,0,0,0,0,0,(X),(X),(X),0,100.0,0.0,0.0,100.0,0.0,0.0,0.0,0.0,0.0,0.0,0.0,0.0,(X),(X),(X),0.0,0,0,0,0,0,0,0,0,0,0,0,0,(X),(X),(X),0,0.0,0.0,0.0,0.0,0.0,0.0,0.0,0.0,0.0,0.0,0.0,0.0,(X),(X),(X),0.0,39,136,136,39,136,136,136,136,136,136,136,136,(X),(X),(X),136,67.8,67.8,67.8,67.8,67.8,67.8,67.8,67.8,67.8,67.8,67.8,67.8,(X),(X),(X),67.8,39,136,136,39,136,136,136,136,136,136,136,136,(X),(X),(X),136,67.8,67.8,67.8,67.8,67.8,67.8,67.8,67.8,67.8,67.8,67.8,67.8,(X),(X),(X),67.8,136,136,136,136,136,136,136,136,136,136,136,136,(X),(X),(X),136,67.8,67.8,67.8,67.8,67.8,67.8,67.8,67.8,67.8,67.8,67.8,67.8,(X),(X),(X),67.8
9020000US3204,3204,"Northern Nevada, excluding Washoe County Set; Nevada",2025,"Miscellaneous community and social service specialists, including health educators and community health workers 2025 (SOC 21-109X)",15,0,0,15,0,0,0,0,0,0,0,0,(X),(X),(X),0,100.0,0.0,0.0,100.0,0.0,0.0,0.0,0.0,0.0,0.0,0.0,0.0,(X),(X),(X),0.0,0,0,0,0,0,0,0,0,0,0,0,0,(X),(X),(X),0,0.0,0.0,0.0,0.0,0.0,0.0,0.0,0.0,0.0,0.0,0.0,0.0,(X),(X),(X),0.0,15,0,0,15,0,0,0,0,0,0,0,0,(X),(X),(X),0,100.0,0.0,0.0,100.0,0.0,0.0,0.0,0.0,0.0,0.0,0.0,0.0,(X),(X),(X),0.0,25,136,136,25,136,136,136,136,136,136,136,136,(X),(X),(X),136,87.6,87.6,87.6,87.6,87.6,87.6,87.6,87.6,87.6,87.6,87.6,87.6,(X),(X),(X),87.6,136,136,136,136,136,136,136,136,136,136,136,136,(X),(X),(X),136,87.6,87.6,87.6,87.6,87.6,87.6,87.6,87.6,87.6,87.6,87.6,87.6,(X),(X),(X),87.6,25,136,136,25,136,136,136,136,136,136,136,136,(X),(X),(X),136,87.6,87.6,87.6,87.6,87.6,87.6,87.6,87.6,87.6,87.6,87.6,87.6,(X),(X),(X),87.6
9020000US3204,3204,"Northern Nevada, excluding Washoe County Set; Nevada",2040,Clergy 2040 (SOC 21-2011),20,0,0,4,0,15,0,0,0,0,0,0,(X),(X),(X),0,100.0,0.0,0.0,20.0,0.0,75.0,0.0,0.0,0.0,0.0,0.0,0.0,(X),(X),(X),0.0,15,0,0,0,0,15,0,0,0,0,0,0,(X),(X),(X),0,75.0,0.0,0.0,0.0,0.0,75.0,0.0,0.0,0.0,0.0,0.0,0.0,(X),(X),(X),0.0,4,0,0,4,0,0,0,0,0,0,0,0,(X),(X),(X),0,20.0,0.0,0.0,20.0,0.0,0.0,0.0,0.0,0.0,0.0,0.0,0.0,(X),(X),(X),0.0,26,136,136,11,136,25,136,136,136,136,136,136,(X),(X),(X),136,75.8,75.8,75.8,80.0,75.8,75.0,75.8,75.8,75.8,75.8,75.8,75.8,(X),(X),(X),75.8,25,136,136,136,136,25,136,136,136,136,136,136,(X),(X),(X),136,75.0,75.8,75.8,75.8,75.8,75.0,75.8,75.8,75.8,75.8,75.8,75.8,(X),(X),(X),75.8,11,136,136,11,136,136,136,136,136,136,136,136,(X),(X),(X),136,80.0,75.8,75.8,80.0,75.8,75.8,75.8,75.8,75.8,75.8,75.8,75.8,(X),(X),(X),75.8
9020000US3204,3204,"Northern Nevada, excluding Washoe County Set; Nevada",2100,"Lawyers, and judges, magistrates, and other judicial workers 2100 (SOC 23-10XX)",145,45,4,85,0,4,0,0,0,0,0,0,(X),(X),(X),0,100.0,31.0,2.8,58.6,0.0,2.8,0.0,0.0,0.0,0.0,0.0,0.0,(X),(X),(X),0.0,130,45,4,75,0,0,0,0,0,0,0,0,(X),(X),(X),0,89.7,31.0,2.8,51.7,0.0,0.0,0.0,0.0,0.0,0.0,0.0,0.0,(X),(X),(X),0.0,15,0,0,10,0,4,0,0,0,0,0,0,(X),(X),(X),0,10.3,0.0,0.0,6.9,0.0,2.8,0.0,0.0,0.0,0.0,0.0,0.0,(X),(X),(X),0.0,80,59,15,58,136,13,136,136,136,136,136,136,(X),(X),(X),136,25.0,32.2,10.0,32.4,25.0,9.6,25.0,25.0,25.0,25.0,25.0,25.0,(X),(X),(X),25.0,82,59,15,57,136,136,136,136,136,136,136,136,(X),(X),(X),136,17.0,32.2,10.0,33.1,25.0,25.0,25.0,25.0,25.0,25.0,25.0,25.0,(X),(X),(X),25.0,23,136,136,17,136,13,136,136,136,136,136,136,(X),(X),(X),136,17.3,25.0,25.0,12.9,25.0,9.6,25.0,25.0,25.0,25.0,25.0,25.0,(X),(X),(X),25.0
9020000US3204,3204,"Northern Nevada, excluding Washoe County Set; Nevada",2145,Paralegals and legal assistants 2145 (SOC 23-2011),65,0,0,65,0,0,0,0,0,0,0,0,(X),(X),(X),0,100.0,0.0,0.0,100.0,0.0,0.0,0.0,0.0,0.0,0.0,0.0,0.0,(X),(X),(X),0.0,30,0,0,30,0,0,0,0,0,0,0,0,(X),(X),(X),0,46.2,0.0,0.0,46.2,0.0,0.0,0.0,0.0,0.0,0.0,0.0,0.0,(X),(X),(X),0.0,30,0,0,30,0,0,0,0,0,0,0,0,(X),(X),(X),0,46.2,0.0,0.0,46.2,0.0,0.0,0.0,0.0,0.0,0.0,0.0,0.0,(X),(X),(X),0.0,40,136,136,40,136,136,136,136,136,136,136,136,(X),(X),(X),136,42.1,42.1,42.1,42.1,42.1,42.1,42.1,42.1,42.1,42.1,42.1,42.1,(X),(X),(X),42.1,30,136,136,30,136,136,136,136,136,136,136,136,(X),(X),(X),136,47.1,42.1,42.1,47.1,42.1,42.1,42.1,42.1,42.1,42.1,42.1,42.1,(X),(X),(X),42.1,34,136,136,34,136,136,136,136,136,136,136,136,(X),(X),(X),136,40.3,42.1,42.1,40.3,42.1,42.1,42.1,42.1,42.1,42.1,42.1,42.1,(X),(X),(X),42.1
9020000US3204,3204,"Northern Nevada, excluding Washoe County Set; Nevada",2160,Miscellaneous legal support workers 2160 (SOC 23-2090),35,0,0,35,0,0,0,0,0,0,0,0,(X),(X),(X),0,100.0,0.0,0.0,100.0,0.0,0.0,0.0,0.0,0.0,0.0,0.0,0.0,(X),(X),(X),0.0,0,0,0,0,0,0,0,0,0,0,0,0,(X),(X),(X),0,0.0,0.0,0.0,0.0,0.0,0.0,0.0,0.0,0.0,0.0,0.0,0.0,(X),(X),(X),0.0,35,0,0,35,0,0,0,0,0,0,0,0,(X),(X),(X),0,100.0,0.0,0.0,100.0,0.0,0.0,0.0,0.0,0.0,0.0,0.0,0.0,(X),(X),(X),0.0,33,136,136,33,136,136,136,136,136,136,136,136,(X),(X),(X),136,57.3,57.3,57.3,57.3,57.3,57.3,57.3,57.3,57.3,57.3,57.3,57.3,(X),(X),(X),57.3,136,136,136,136,136,136,136,136,136,136,136,136,(X),(X),(X),136,57.3,57.3,57.3,57.3,57.3,57.3,57.3,57.3,57.3,57.3,57.3,57.3,(X),(X),(X),57.3,33,136,136,33,136,136,136,136,136,136,136,136,(X),(X),(X),136,57.3,57.3,57.3,57.3,57.3,57.3,57.3,57.3,57.3,57.3,57.3,57.3,(X),(X),(X),57.3
9020000US3204,3204,"Northern Nevada, excluding Washoe County Set; Nevada",2200,Postsecondary teachers 2200 (SOC 25-1000),65,0,0,65,0,0,0,0,0,0,0,0,(X),(X),(X),0,100.0,0.0,0.0,100.0,0.0,0.0,0.0,0.0,0.0,0.0,0.0,0.0,(X),(X),(X),0.0,20,0,0,20,0,0,0,0,0,0,0,0,(X),(X),(X),0,30.8,0.0,0.0,30.8,0.0,0.0,0.0,0.0,0.0,0.0,0.0,0.0,(X),(X),(X),0.0,50,0,0,50,0,0,0,0,0,0,0,0,(X),(X),(X),0,76.9,0.0,0.0,76.9,0.0,0.0,0.0,0.0,0.0,0.0,0.0,0.0,(X),(X),(X),0.0,49,136,136,49,136,136,136,136,136,136,136,136,(X),(X),(X),136,42.1,42.1,42.1,42.1,42.1,42.1,42.1,42.1,42.1,42.1,42.1,42.1,(X),(X),(X),42.1,22,136,136,22,136,136,136,136,136,136,136,136,(X),(X),(X),136,30.1,42.1,42.1,30.1,42.1,42.1,42.1,42.1,42.1,42.1,42.1,42.1,(X),(X),(X),42.1,39,136,136,39,136,136,136,136,136,136,136,136,(X),(X),(X),136,32.4,42.1,42.1,32.4,42.1,42.1,42.1,42.1,42.1,42.1,42.1,42.1,(X),(X),(X),42.1
9020000US3204,3204,"Northern Nevada, excluding Washoe County Set; Nevada",2300,Preschool and kindergarten teachers 2300 (SOC 25-2010),145,90,4,50,0,4,0,0,0,0,0,0,(X),(X),(X),0,100.0,62.1,2.8,34.5,0.0,2.8,0.0,0.0,0.0,0.0,0.0,0.0,(X),(X),(X),0.0,20,20,0,0,0,0,0,0,0,0,0,0,(X),(X),(X),0,13.8,13.8,0.0,0.0,0.0,0.0,0.0,0.0,0.0,0.0,0.0,0.0,(X),(X),(X),0.0,125,70,4,50,0,4,0,0,0,0,0,0,(X),(X),(X),0,86.2,48.3,2.8,34.5,0.0,2.8,0.0,0.0,0.0,0.0,0.0,0.0,(X),(X),(X),0.0,101,90,8,40,136,1,136,136,136,136,136,136,(X),(X),(X),136,25.0,30.4,5.8,29.4,25.0,2.4,25.0,25.0,25.0,25.0,25.0,25.0,(X),(X),(X),25.0,43,43,136,136,136,136,136,136,136,136,136,136,(X),(X),(X),136,26.1,26.1,25.0,25.0,25.0,25.0,25.0,25.0,25.0,25.0,25.0,25.0,(X),(X),(X),25.0,90,78,8,40,136,1,136,136,136,136,136,136,(X),(X),(X),136,25.8,35.9,5.8,29.4,25.0,2.4,25.0,25.0,25.0,25.0,25.0,25.0,(X),(X),(X),25.0
9020000US3204,3204,"Northern Nevada, excluding Washoe County Set; Nevada",2310,Elementary and middle school teachers 2310 (SOC 25-2020),895,35,10,840,0,0,0,0,0,10,0,0,(X),(X),(X),0,100.0,3.9,1.1,93.9,0.0,0.0,0.0,0.0,0.0,1.1,0.0,0.0,(X),(X),(X),0.0,215,4,10,195,0,0,0,0,0,0,0,0,(X),(X),(X),0,24.0,0.4,1.1,21.8,0.0,0.0,0.0,0.0,0.0,0.0,0.0,0.0,(X),(X),(X),0.0,685,30,0,645,0,0,0,0,0,10,0,0,(X),(X),(X),0,76.5,3.4,0.0,72.1,0.0,0.0,0.0,0.0,0.0,1.1,0.0,0.0,(X),(X),(X),0.0,236,37,21,216,136,136,136,136,136,19,136,136,(X),(X),(X),136,4.6,3.8,2.2,4.6,4.6,4.6,4.6,4.6,4.6,2.2,4.6,4.6,(X),(X),(X),4.6,106,12,21,103,136,136,136,136,136,136,136,136,(X),(X),(X),136,9.1,1.4,2.2,8.9,4.6,4.6,4.6,4.6,4.6,4.6,4.6,4.6,(X),(X),(X),4.6,182,35,136,169,136,136,136,136,136,19,136,136,(X),(X),(X),136,9.5,3.5,4.6,10.1,4.6,4.6,4.6,4.6,4.6,2.2,4.6,4.6,(X),(X),(X),4.6
9020000US3204,3204,"Northern Nevada, excluding Washoe County Set; Nevada",2320,Secondary school teachers 2320 (SOC 25-2030),345,0,15,325,0,4,0,0,0,0,0,0,(X),(X),(X),0,100.0,0.0,4.3,94.2,0.0,1.2,0.0,0.0,0.0,0.0,0.0,0.0,(X),(X),(X),0.0,175,0,10,165,0,0,0,0,0,0,0,0,(X),(X),(X),0,50.7,0.0,2.9,47.8,0.0,0.0,0.0,0.0,0.0,0.0,0.0,0.0,(X),(X),(X),0.0,170,0,4,160,0,4,0,0,0,0,0,0,(X),(X),(X),0,49.3,0.0,1.2,46.4,0.0,1.2,0.0,0.0,0.0,0.0,0.0,0.0,(X),(X),(X),0.0,126,136,23,124,136,3,136,136,136,136,136,136,(X),(X),(X),136,11.6,11.6,6.7,6.7,11.6,1.0,11.6,11.6,11.6,11.6,11.6,11.6,(X),(X),(X),11.6,91,136,21,90,136,136,136,136,136,136,136,136,(X),(X),(X),136,17.7,11.6,6.2,18.2,11.6,11.6,11.6,11.6,11.6,11.6,11.6,11.6,(X),(X),(X),11.6,81,136,5,79,136,3,136,136,136,136,136,136,(X),(X),(X),136,17.6,11.6,1.7,17.2,11.6,1.0,11.6,11.6,11.6,11.6,11.6,11.6,(X),(X),(X),11.6
9020000US3204,3204,"Northern Nevada, excluding Washoe County Set; Nevada",2330,Special education teachers 2330 (SOC 25-2050),125,0,0,110,0,10,0,0,0,0,0,0,(X),(X),(X),0,100.0,0.0,0.0,88.0,0.0,8.0,0.0,0.0,0.0,0.0,0.0,0.0,(X),(X),(X),0.0,60,0,0,60,0,0,0,0,0,0,0,0,(X),(X),(X),0,48.0,0.0,0.0,48.0,0.0,0.0,0.0,0.0,0.0,0.0,0.0,0.0,(X),(X),(X),0.0,65,0,0,50,0,10,0,0,0,0,0,0,(X),(X),(X),0,52.0,0.0,0.0,40.0,0.0,8.0,0.0,0.0,0.0,0.0,0.0,0.0,(X),(X),(X),0.0,87,136,136,88,136,19,136,136,136,136,136,136,(X),(X),(X),136,28.1,28.1,28.1,20.0,28.1,16.8,28.1,28.1,28.1,28.1,28.1,28.1,(X),(X),(X),28.1,71,136,136,71,136,136,136,136,136,136,136,136,(X),(X),(X),136,38.6,28.1,28.1,38.6,28.1,28.1,28.1,28.1,28.1,28.1,28.1,28.1,(X),(X),(X),28.1,54,136,136,51,136,19,136,136,136,136,136,136,(X),(X),(X),136,39.4,28.1,28.1,38.7,28.1,16.8,28.1,28.1,28.1,28.1,28.1,28.1,(X),(X),(X),28.1
9020000US3204,3204,"Northern Nevada, excluding Washoe County Set; Nevada",2340,Other teachers and instructors 2340 (SOC 25-3000),125,0,0,110,0,15,0,0,0,0,0,0,(X),(X),(X),0,100.0,0.0,0.0,88.0,0.0,12.0,0.0,0.0,0.0,0.0,0.0,0.0,(X),(X),(X),0.0,35,0,0,35,0,0,0,0,0,0,0,0,(X),(X),(X),0,28.0,0.0,0.0,28.0,0.0,0.0,0.0,0.0,0.0,0.0,0.0,0.0,(X),(X),(X),0.0,90,0,0,75,0,15,0,0,0,0,0,0,(X),(X),(X),0,72.0,0.0,0.0,60.0,0.0,12.0,0.0,0.0,0.0,0.0,0.0,0.0,(X),(X),(X),0.0,73,136,136,70,136,18,136,136,136,136,136,136,(X),(X),(X),136,28.1,28.1,28.1,15.6,28.1,15.3,28.1,28.1,28.1,28.1,28.1,28.1,(X),(X),(X),28.1,41,136,136,41,136,136,136,136,136,136,136,136,(X),(X),(X),136,27.8,28.1,28.1,27.8,28.1,28.1,28.1,28.1,28.1,28.1,28.1,28.1,(X),(X),(X),28.1,58,136,136,54,136,18,136,136,136,136,136,136,(X),(X),(X),136,27.6,28.1,28.1,28.2,28.1,15.3,28.1,28.1,28.1,28.1,28.1,28.1,(X),(X),(X),28.1
9020000US3204,3204,"Northern Nevada, excluding Washoe County Set; Nevada",2400,"Archivists, curators, and museum technicians 2400 (SOC 25-4010)",15,0,0,15,0,0,0,0,0,0,0,0,(X),(X),(X),0,100.0,0.0,0.0,100.0,0.0,0.0,0.0,0.0,0.0,0.0,0.0,0.0,(X),(X),(X),0.0,0,0,0,0,0,0,0,0,0,0,0,0,(X),(X),(X),0,0.0,0.0,0.0,0.0,0.0,0.0,0.0,0.0,0.0,0.0,0.0,0.0,(X),(X),(X),0.0,15,0,0,15,0,0,0,0,0,0,0,0,(X),(X),(X),0,100.0,0.0,0.0,100.0,0.0,0.0,0.0,0.0,0.0,0.0,0.0,0.0,(X),(X),(X),0.0,24,136,136,24,136,136,136,136,136,136,136,136,(X),(X),(X),136,87.6,87.6,87.6,87.6,87.6,87.6,87.6,87.6,87.6,87.6,87.6,87.6,(X),(X),(X),87.6,136,136,136,136,136,136,136,136,136,136,136,136,(X),(X),(X),136,87.6,87.6,87.6,87.6,87.6,87.6,87.6,87.6,87.6,87.6,87.6,87.6,(X),(X),(X),87.6,24,136,136,24,136,136,136,136,136,136,136,136,(X),(X),(X),136,87.6,87.6,87.6,87.6,87.6,87.6,87.6,87.6,87.6,87.6,87.6,87.6,(X),(X),(X),87.6
9020000US3204,3204,"Northern Nevada, excluding Washoe County Set; Nevada",2430,Librarians 2430 (SOC 25-4021),55,0,0,55,0,0,0,0,0,0,0,0,(X),(X),(X),0,100.0,0.0,0.0,100.0,0.0,0.0,0.0,0.0,0.0,0.0,0.0,0.0,(X),(X),(X),0.0,20,0,0,20,0,0,0,0,0,0,0,0,(X),(X),(X),0,36.4,0.0,0.0,36.4,0.0,0.0,0.0,0.0,0.0,0.0,0.0,0.0,(X),(X),(X),0.0,35,0,0,35,0,0,0,0,0,0,0,0,(X),(X),(X),0,63.6,0.0,0.0,63.6,0.0,0.0,0.0,0.0,0.0,0.0,0.0,0.0,(X),(X),(X),0.0,54,136,136,54,136,136,136,136,136,136,136,136,(X),(X),(X),136,45.7,45.7,45.7,45.7,45.7,45.7,45.7,45.7,45.7,45.7,45.7,45.7,(X),(X),(X),45.7,7,136,136,7,136,136,136,136,136,136,136,136,(X),(X),(X),136,50.6,45.7,45.7,50.6,45.7,45.7,45.7,45.7,45.7,45.7,45.7,45.7,(X),(X),(X),45.7,54,136,136,54,136,136,136,136,136,136,136,136,(X),(X),(X),136,54.0,45.7,45.7,54.0,45.7,45.7,45.7,45.7,45.7,45.7,45.7,45.7,(X),(X),(X),45.7
9020000US3204,3204,"Northern Nevada, excluding Washoe County Set; Nevada",2440,Library technicians 2440 (SOC 25-4031),20,0,0,20,0,0,0,0,0,0,0,0,(X),(X),(X),0,100.0,0.0,0.0,100.0,0.0,0.0,0.0,0.0,0.0,0.0,0.0,0.0,(X),(X),(X),0.0,0,0,0,0,0,0,0,0,0,0,0,0,(X),(X),(X),0,0.0,0.0,0.0,0.0,0.0,0.0,0.0,0.0,0.0,0.0,0.0,0.0,(X),(X),(X),0.0,20,0,0,20,0,0,0,0,0,0,0,0,(X),(X),(X),0,100.0,0.0,0.0,100.0,0.0,0.0,0.0,0.0,0.0,0.0,0.0,0.0,(X),(X),(X),0.0,27,136,136,27,136,136,136,136,136,136,136,136,(X),(X),(X),136,75.8,75.8,75.8,75.8,75.8,75.8,75.8,75.8,75.8,75.8,75.8,75.8,(X),(X),(X),75.8,136,136,136,136,136,136,136,136,136,136,136,136,(X),(X),(X),136,75.8,75.8,75.8,75.8,75.8,75.8,75.8,75.8,75.8,75.8,75.8,75.8,(X),(X),(X),75.8,27,136,136,27,136,136,136,136,136,136,136,136,(X),(X),(X),136,75.8,75.8,75.8,75.8,75.8,75.8,75.8,75.8,75.8,75.8,75.8,75.8,(X),(X),(X),75.8
9020000US3204,3204,"Northern Nevada, excluding Washoe County Set; Nevada",2540,Teacher assistants 2540 (SOC 25-9041),205,0,10,160,0,15,20,0,0,0,0,0,(X),(X),(X),0,100.0,0.0,4.9,78.0,0.0,7.3,9.8,0.0,0.0,0.0,0.0,0.0,(X),(X),(X),0.0,4,0,0,0,0,4,0,0,0,0,0,0,(X),(X),(X),0,2.0,0.0,0.0,0.0,0.0,2.0,0.0,0.0,0.0,0.0,0.0,0.0,(X),(X),(X),0.0,200,0,10,160,0,10,20,0,0,0,0,0,(X),(X),(X),0,97.6,0.0,4.9,78.0,0.0,4.9,9.8,0.0,0.0,0.0,0.0,0.0,(X),(X),(X),0.0,98,136,15,83,136,19,30,136,136,136,136,136,(X),(X),(X),136,18.6,18.6,7.1,15.5,18.6,9.6,13.2,18.6,18.6,18.6,18.6,18.6,(X),(X),(X),18.6,6,136,136,136,136,6,136,136,136,136,136,136,(X),(X),(X),136,3.0,18.6,18.6,18.6,18.6,3.0,18.6,18.6,18.6,18.6,18.6,18.6,(X),(X),(X),18.6,98,136,15,83,136,17,30,136,136,136,136,136,(X),(X),(X),136,5.1,18.6,7.1,15.5,18.6,8.9,13.2,18.6,18.6,18.6,18.6,18.6,(X),(X),(X),18.6
9020000US3204,3204,"Northern Nevada, excluding Washoe County Set; Nevada",2550,"Other education, training, and library workers 2550 (SOC 25-90XX)",40,0,0,40,0,0,0,0,0,0,0,0,(X),(X),(X),0,100.0,0.0,0.0,100.0,0.0,0.0,0.0,0.0,0.0,0.0,0.0,0.0,(X),(X),(X),0.0,40,0,0,40,0,0,0,0,0,0,0,0,(X),(X),(X),0,100.0,0.0,0.0,100.0,0.0,0.0,0.0,0.0,0.0,0.0,0.0,0.0,(X),(X),(X),0.0,0,0,0,0,0,0,0,0,0,0,0,0,(X),(X),(X),0,0.0,0.0,0.0,0.0,0.0,0.0,0.0,0.0,0.0,0.0,0.0,0.0,(X),(X),(X),0.0,53,136,136,53,136,136,136,136,136,136,136,136,(X),(X),(X),136,53.6,53.6,53.6,53.6,53.6,53.6,53.6,53.6,53.6,53.6,53.6,53.6,(X),(X),(X),53.6,53,136,136,53,136,136,136,136,136,136,136,136,(X),(X),(X),136,53.6,53.6,53.6,53.6,53.6,53.6,53.6,53.6,53.6,53.6,53.6,53.6,(X),(X),(X),53.6,136,136,136,136,136,136,136,136,136,136,136,136,(X),(X),(X),136,53.6,53.6,53.6,53.6,53.6,53.6,53.6,53.6,53.6,53.6,53.6,53.6,(X),(X),(X),53.6
9020000US3204,3204,"Northern Nevada, excluding Washoe County Set; Nevada",2600,Artists and related workers 2600 (SOC 27-1010),30,0,15,15,0,0,0,0,0,0,0,0,(X),(X),(X),0,100.0,0.0,50.0,50.0,0.0,0.0,0.0,0.0,0.0,0.0,0.0,0.0,(X),(X),(X),0.0,30,0,15,15,0,0,0,0,0,0,0,0,(X),(X),(X),0,100.0,0.0,50.0,50.0,0.0,0.0,0.0,0.0,0.0,0.0,0.0,0.0,(X),(X),(X),0.0,0,0,0,0,0,0,0,0,0,0,0,0,(X),(X),(X),0,0.0,0.0,0.0,0.0,0.0,0.0,0.0,0.0,0.0,0.0,0.0,0.0,(X),(X),(X),0.0,32,136,25,23,136,136,136,136,136,136,136,136,(X),(X),(X),136,61.9,61.9,50.0,50.0,61.9,61.9,61.9,61.9,61.9,61.9,61.9,61.9,(X),(X),(X),61.9,32,136,25,23,136,136,136,136,136,136,136,136,(X),(X),(X),136,61.9,61.9,50.0,50.0,61.9,61.9,61.9,61.9,61.9,61.9,61.9,61.9,(X),(X),(X),61.9,136,136,136,136,136,136,136,136,136,136,136,136,(X),(X),(X),136,61.9,61.9,61.9,61.9,61.9,61.9,61.9,61.9,61.9,61.9,61.9,61.9,(X),(X),(X),61.9
9020000US3204,3204,"Northern Nevada, excluding Washoe County Set; Nevada",2630,Designers 2630 (SOC 27-1020),60,0,0,60,4,0,0,0,0,0,0,0,(X),(X),(X),0,100.0,0.0,0.0,100.0,6.7,0.0,0.0,0.0,0.0,0.0,0.0,0.0,(X),(X),(X),0.0,30,0,0,30,0,0,0,0,0,0,0,0,(X),(X),(X),0,50.0,0.0,0.0,50.0,0.0,0.0,0.0,0.0,0.0,0.0,0.0,0.0,(X),(X),(X),0.0,35,0,0,30,4,0,0,0,0,0,0,0,(X),(X),(X),0,58.3,0.0,0.0,50.0,6.7,0.0,0.0,0.0,0.0,0.0,0.0,0.0,(X),(X),(X),0.0,47,136,136,45,5,136,136,136,136,136,136,136,(X),(X),(X),136,43.8,43.8,43.8,43.8,8.8,43.8,43.8,43.8,43.8,43.8,43.8,43.8,(X),(X),(X),43.8,33,136,136,33,136,136,136,136,136,136,136,136,(X),(X),(X),136,45.7,43.8,43.8,45.7,43.8,43.8,43.8,43.8,43.8,43.8,43.8,43.8,(X),(X),(X),43.8,37,136,136,37,5,136,136,136,136,136,136,136,(X),(X),(X),136,42.9,43.8,43.8,44.4,8.8,43.8,43.8,43.8,43.8,43.8,43.8,43.8,(X),(X),(X),43.8
9020000US3204,3204,"Northern Nevada, excluding Washoe County Set; Nevada",2720,"Athletes, coaches, umpires, and related workers 2720 (SOC 27-2020)",65,45,4,0,0,15,0,0,0,0,0,0,(X),(X),(X),0,100.0,69.2,6.2,0.0,0.0,23.1,0.0,0.0,0.0,0.0,0.0,0.0,(X),(X),(X),0.0,60,35,4,0,0,15,0,0,0,0,0,0,(X),(X),(X),0,92.3,53.8,6.2,0.0,0.0,23.1,0.0,0.0,0.0,0.0,0.0,0.0,(X),(X),(X),0.0,10,10,0,0,0,0,0,0,0,0,0,0,(X),(X),(X),0,15.4,15.4,0.0,0.0,0.0,0.0,0.0,0.0,0.0,0.0,0.0,0.0,(X),(X),(X),0.0,59,55,136,136,136,29,136,136,136,136,136,136,(X),(X),(X),136,42.1,44.0,7.8,42.1,42.1,44.1,42.1,42.1,42.1,42.1,42.1,42.1,(X),(X),(X),42.1,59,52,136,136,136,29,136,136,136,136,136,136,(X),(X),(X),136,38.8,50.1,7.8,42.1,42.1,44.1,42.1,42.1,42.1,42.1,42.1,42.1,(X),(X),(X),42.1,17,17,136,136,136,136,136,136,136,136,136,136,(X),(X),(X),136,27.4,27.4,42.1,42.1,42.1,42.1,42.1,42.1,42.1,42.1,42.1,42.1,(X),(X),(X),42.1
9020000US3204,3204,"Northern Nevada, excluding Washoe County Set; Nevada",2750,"Musicians, singers, and related workers 2750 (SOC 27-2040)",4,0,0,4,0,0,0,0,0,0,0,0,(X),(X),(X),0,100.0,0.0,0.0,100.0,0.0,0.0,0.0,0.0,0.0,0.0,0.0,0.0,(X),(X),(X),0.0,0,0,0,0,0,0,0,0,0,0,0,0,(X),(X),(X),0,0.0,0.0,0.0,0.0,0.0,0.0,0.0,0.0,0.0,0.0,0.0,0.0,(X),(X),(X),0.0,4,0,0,4,0,0,0,0,0,0,0,0,(X),(X),(X),0,100.0,0.0,0.0,100.0,0.0,0.0,0.0,0.0,0.0,0.0,0.0,0.0,(X),(X),(X),0.0,7,136,136,7,136,136,136,136,136,136,136,136,(X),(X),(X),136,100.0,100.0,100.0,100.0,100.0,100.0,100.0,100.0,100.0,100.0,100.0,100.0,(X),(X),(X),100.0,136,136,136,136,136,136,136,136,136,136,136,136,(X),(X),(X),136,100.0,100.0,100.0,100.0,100.0,100.0,100.0,100.0,100.0,100.0,100.0,100.0,(X),(X),(X),100.0,7,136,136,7,136,136,136,136,136,136,136,136,(X),(X),(X),136,100.0,100.0,100.0,100.0,100.0,100.0,100.0,100.0,100.0,100.0,100.0,100.0,(X),(X),(X),100.0
9020000US3204,3204,"Northern Nevada, excluding Washoe County Set; Nevada",2760,"Entertainers and performers, sports and related workers, all other 2760 (SOC 27-2099)",20,0,0,20,0,0,0,0,0,0,0,0,(X),(X),(X),0,100.0,0.0,0.0,100.0,0.0,0.0,0.0,0.0,0.0,0.0,0.0,0.0,(X),(X),(X),0.0,10,0,0,10,0,0,0,0,0,0,0,0,(X),(X),(X),0,50.0,0.0,0.0,50.0,0.0,0.0,0.0,0.0,0.0,0.0,0.0,0.0,(X),(X),(X),0.0,10,0,0,10,0,0,0,0,0,0,0,0,(X),(X),(X),0,50.0,0.0,0.0,50.0,0.0,0.0,0.0,0.0,0.0,0.0,0.0,0.0,(X),(X),(X),0.0,25,136,136,25,136,136,136,136,136,136,136,136,(X),(X),(X),136,75.8,75.8,75.8,75.8,75.8,75.8,75.8,75.8,75.8,75.8,75.8,75.8,(X),(X),(X),75.8,14,136,136,14,136,136,136,136,136,136,136,136,(X),(X),(X),136,50.0,75.8,75.8,50.0,75.8,75.8,75.8,75.8,75.8,75.8,75.8,75.8,(X),(X),(X),75.8,21,136,136,21,136,136,136,136,136,136,136,136,(X),(X),(X),136,50.0,75.8,75.8,50.0,75.8,75.8,75.8,75.8,75.8,75.8,75.8,75.8,(X),(X),(X),75.8
9020000US3204,3204,"Northern Nevada, excluding Washoe County Set; Nevada",2800,Announcers 2800 (SOC 27-3010),10,0,0,10,0,0,0,0,0,0,0,0,(X),(X),(X),0,100.0,0.0,0.0,100.0,0.0,0.0,0.0,0.0,0.0,0.0,0.0,0.0,(X),(X),(X),0.0,10,0,0,10,0,0,0,0,0,0,0,0,(X),(X),(X),0,100.0,0.0,0.0,100.0,0.0,0.0,0.0,0.0,0.0,0.0,0.0,0.0,(X),(X),(X),0.0,0,0,0,0,0,0,0,0,0,0,0,0,(X),(X),(X),0,0.0,0.0,0.0,0.0,0.0,0.0,0.0,0.0,0.0,0.0,0.0,0.0,(X),(X),(X),0.0,20,136,136,20,136,136,136,136,136,136,136,136,(X),(X),(X),136,100.0,100.0,100.0,100.0,100.0,100.0,100.0,100.0,100.0,100.0,100.0,100.0,(X),(X),(X),100.0,20,136,136,20,136,136,136,136,136,136,136,136,(X),(X),(X),136,100.0,100.0,100.0,100.0,100.0,100.0,100.0,100.0,100.0,100.0,100.0,100.0,(X),(X),(X),100.0,136,136,136,136,136,136,136,136,136,136,136,136,(X),(X),(X),136,100.0,100.0,100.0,100.0,100.0,100.0,100.0,100.0,100.0,100.0,100.0,100.0,(X),(X),(X),100.0
9020000US3204,3204,"Northern Nevada, excluding Washoe County Set; Nevada",2810,"News analysts, reporters and correspondents 2810 (SOC 27-3020)",40,0,0,40,0,4,0,0,0,0,0,0,(X),(X),(X),0,100.0,0.0,0.0,100.0,0.0,10.0,0.0,0.0,0.0,0.0,0.0,0.0,(X),(X),(X),0.0,30,0,0,30,0,0,0,0,0,0,0,0,(X),(X),(X),0,75.0,0.0,0.0,75.0,0.0,0.0,0.0,0.0,0.0,0.0,0.0,0.0,(X),(X),(X),0.0,15,0,0,10,0,4,0,0,0,0,0,0,(X),(X),(X),0,37.5,0.0,0.0,25.0,0.0,10.0,0.0,0.0,0.0,0.0,0.0,0.0,(X),(X),(X),0.0,40,136,136,37,136,5,136,136,136,136,136,136,(X),(X),(X),136,53.6,53.6,53.6,53.6,53.6,14.4,53.6,53.6,53.6,53.6,53.6,53.6,(X),(X),(X),53.6,35,136,136,35,136,136,136,136,136,136,136,136,(X),(X),(X),136,48.3,53.6,53.6,48.3,53.6,53.6,53.6,53.6,53.6,53.6,53.6,53.6,(X),(X),(X),53.6,19,136,136,16,136,5,136,136,136,136,136,136,(X),(X),(X),136,46.5,53.6,53.6,38.8,53.6,14.4,53.6,53.6,53.6,53.6,53.6,53.6,(X),(X),(X),53.6
9020000US3204,3204,"Northern Nevada, excluding Washoe County Set; Nevada",2825,Public relations specialists 2825 (SOC 27-3031),30,0,0,30,0,0,0,0,0,0,0,0,(X),(X),(X),0,100.0,0.0,0.0,100.0,0.0,0.0,0.0,0.0,0.0,0.0,0.0,0.0,(X),(X),(X),0.0,10,0,0,10,0,0,0,0,0,0,0,0,(X),(X),(X),0,33.3,0.0,0.0,33.3,0.0,0.0,0.0,0.0,0.0,0.0,0.0,0.0,(X),(X),(X),0.0,15,0,0,15,0,0,0,0,0,0,0,0,(X),(X),(X),0,50.0,0.0,0.0,50.0,0.0,0.0,0.0,0.0,0.0,0.0,0.0,0.0,(X),(X),(X),0.0,26,136,136,26,136,136,136,136,136,136,136,136,(X),(X),(X),136,61.9,61.9,61.9,61.9,61.9,61.9,61.9,61.9,61.9,61.9,61.9,61.9,(X),(X),(X),61.9,19,136,136,19,136,136,136,136,136,136,136,136,(X),(X),(X),136,54.0,61.9,61.9,54.0,61.9,61.9,61.9,61.9,61.9,61.9,61.9,61.9,(X),(X),(X),61.9,21,136,136,21,136,136,136,136,136,136,136,136,(X),(X),(X),136,50.0,61.9,61.9,50.0,61.9,61.9,61.9,61.9,61.9,61.9,61.9,61.9,(X),(X),(X),61.9
9020000US3204,3204,"Northern Nevada, excluding Washoe County Set; Nevada",2830,Editors 2830 (SOC 27-3041),15,0,0,15,0,0,0,0,0,0,0,0,(X),(X),(X),0,100.0,0.0,0.0,100.0,0.0,0.0,0.0,0.0,0.0,0.0,0.0,0.0,(X),(X),(X),0.0,15,0,0,15,0,0,0,0,0,0,0,0,(X),(X),(X),0,100.0,0.0,0.0,100.0,0.0,0.0,0.0,0.0,0.0,0.0,0.0,0.0,(X),(X),(X),0.0,0,0,0,0,0,0,0,0,0,0,0,0,(X),(X),(X),0,0.0,0.0,0.0,0.0,0.0,0.0,0.0,0.0,0.0,0.0,0.0,0.0,(X),(X),(X),0.0,23,136,136,23,136,136,136,136,136,136,136,136,(X),(X),(X),136,87.6,87.6,87.6,87.6,87.6,87.6,87.6,87.6,87.6,87.6,87.6,87.6,(X),(X),(X),87.6,23,136,136,23,136,136,136,136,136,136,136,136,(X),(X),(X),136,87.6,87.6,87.6,87.6,87.6,87.6,87.6,87.6,87.6,87.6,87.6,87.6,(X),(X),(X),87.6,136,136,136,136,136,136,136,136,136,136,136,136,(X),(X),(X),136,87.6,87.6,87.6,87.6,87.6,87.6,87.6,87.6,87.6,87.6,87.6,87.6,(X),(X),(X),87.6
9020000US3204,3204,"Northern Nevada, excluding Washoe County Set; Nevada",2840,Technical writers 2840 (SOC 27-3042),10,0,0,10,0,0,0,0,0,0,0,0,(X),(X),(X),0,100.0,0.0,0.0,100.0,0.0,0.0,0.0,0.0,0.0,0.0,0.0,0.0,(X),(X),(X),0.0,0,0,0,0,0,0,0,0,0,0,0,0,(X),(X),(X),0,0.0,0.0,0.0,0.0,0.0,0.0,0.0,0.0,0.0,0.0,0.0,0.0,(X),(X),(X),0.0,10,0,0,10,0,0,0,0,0,0,0,0,(X),(X),(X),0,100.0,0.0,0.0,100.0,0.0,0.0,0.0,0.0,0.0,0.0,0.0,0.0,(X),(X),(X),0.0,17,136,136,17,136,136,136,136,136,136,136,136,(X),(X),(X),136,100.0,100.0,100.0,100.0,100.0,100.0,100.0,100.0,100.0,100.0,100.0,100.0,(X),(X),(X),100.0,136,136,136,136,136,136,136,136,136,136,136,136,(X),(X),(X),136,100.0,100.0,100.0,100.0,100.0,100.0,100.0,100.0,100.0,100.0,100.0,100.0,(X),(X),(X),100.0,17,136,136,17,136,136,136,136,136,136,136,136,(X),(X),(X),136,100.0,100.0,100.0,100.0,100.0,100.0,100.0,100.0,100.0,100.0,100.0,100.0,(X),(X),(X),100.0
9020000US3204,3204,"Northern Nevada, excluding Washoe County Set; Nevada",2850,Writers and authors 2850 (SOC 27-3043),80,0,0,80,0,0,0,0,0,0,0,0,(X),(X),(X),0,100.0,0.0,0.0,100.0,0.0,0.0,0.0,0.0,0.0,0.0,0.0,0.0,(X),(X),(X),0.0,0,0,0,0,0,0,0,0,0,0,0,0,(X),(X),(X),0,0.0,0.0,0.0,0.0,0.0,0.0,0.0,0.0,0.0,0.0,0.0,0.0,(X),(X),(X),0.0,80,0,0,80,0,0,0,0,0,0,0,0,(X),(X),(X),0,100.0,0.0,0.0,100.0,0.0,0.0,0.0,0.0,0.0,0.0,0.0,0.0,(X),(X),(X),0.0,82,136,136,82,136,136,136,136,136,136,136,136,(X),(X),(X),136,37.9,37.9,37.9,37.9,37.9,37.9,37.9,37.9,37.9,37.9,37.9,37.9,(X),(X),(X),37.9,136,136,136,136,136,136,136,136,136,136,136,136,(X),(X),(X),136,37.9,37.9,37.9,37.9,37.9,37.9,37.9,37.9,37.9,37.9,37.9,37.9,(X),(X),(X),37.9,82,136,136,82,136,136,136,136,136,136,136,136,(X),(X),(X),136,37.9,37.9,37.9,37.9,37.9,37.9,37.9,37.9,37.9,37.9,37.9,37.9,(X),(X),(X),37.9
9020000US3204,3204,"Northern Nevada, excluding Washoe County Set; Nevada",2860,Miscellaneous media and communication workers 2860 (SOC 27-3090),4,0,0,4,0,0,0,0,0,0,0,0,(X),(X),(X),0,100.0,0.0,0.0,100.0,0.0,0.0,0.0,0.0,0.0,0.0,0.0,0.0,(X),(X),(X),0.0,0,0,0,0,0,0,0,0,0,0,0,0,(X),(X),(X),0,0.0,0.0,0.0,0.0,0.0,0.0,0.0,0.0,0.0,0.0,0.0,0.0,(X),(X),(X),0.0,4,0,0,4,0,0,0,0,0,0,0,0,(X),(X),(X),0,100.0,0.0,0.0,100.0,0.0,0.0,0.0,0.0,0.0,0.0,0.0,0.0,(X),(X),(X),0.0,2,136,136,2,136,136,136,136,136,136,136,136,(X),(X),(X),136,100.0,100.0,100.0,100.0,100.0,100.0,100.0,100.0,100.0,100.0,100.0,100.0,(X),(X),(X),100.0,136,136,136,136,136,136,136,136,136,136,136,136,(X),(X),(X),136,100.0,100.0,100.0,100.0,100.0,100.0,100.0,100.0,100.0,100.0,100.0,100.0,(X),(X),(X),100.0,2,136,136,2,136,136,136,136,136,136,136,136,(X),(X),(X),136,100.0,100.0,100.0,100.0,100.0,100.0,100.0,100.0,100.0,100.0,100.0,100.0,(X),(X),(X),100.0
9020000US3204,3204,"Northern Nevada, excluding Washoe County Set; Nevada",2900,"Broadcast and sound engineering technicians and radio operators, and media and communication equipment workers, all other 2900 (SOC 27-40XX)",25,0,0,25,0,0,0,0,0,0,0,0,(X),(X),(X),0,100.0,0.0,0.0,100.0,0.0,0.0,0.0,0.0,0.0,0.0,0.0,0.0,(X),(X),(X),0.0,25,0,0,25,0,0,0,0,0,0,0,0,(X),(X),(X),0,100.0,0.0,0.0,100.0,0.0,0.0,0.0,0.0,0.0,0.0,0.0,0.0,(X),(X),(X),0.0,0,0,0,0,0,0,0,0,0,0,0,0,(X),(X),(X),0,0.0,0.0,0.0,0.0,0.0,0.0,0.0,0.0,0.0,0.0,0.0,0.0,(X),(X),(X),0.0,40,136,136,40,136,136,136,136,136,136,136,136,(X),(X),(X),136,67.8,67.8,67.8,67.8,67.8,67.8,67.8,67.8,67.8,67.8,67.8,67.8,(X),(X),(X),67.8,40,136,136,40,136,136,136,136,136,136,136,136,(X),(X),(X),136,67.8,67.8,67.8,67.8,67.8,67.8,67.8,67.8,67.8,67.8,67.8,67.8,(X),(X),(X),67.8,136,136,136,136,136,136,136,136,136,136,136,136,(X),(X),(X),136,67.8,67.8,67.8,67.8,67.8,67.8,67.8,67.8,67.8,67.8,67.8,67.8,(X),(X),(X),67.8
9020000US3204,3204,"Northern Nevada, excluding Washoe County Set; Nevada",2910,Photographers 2910 (SOC 27-4021),45,0,0,45,0,0,0,0,0,0,0,0,(X),(X),(X),0,100.0,0.0,0.0,100.0,0.0,0.0,0.0,0.0,0.0,0.0,0.0,0.0,(X),(X),(X),0.0,15,0,0,15,0,0,0,0,0,0,0,0,(X),(X),(X),0,33.3,0.0,0.0,33.3,0.0,0.0,0.0,0.0,0.0,0.0,0.0,0.0,(X),(X),(X),0.0,30,0,0,30,0,0,0,0,0,0,0,0,(X),(X),(X),0,66.7,0.0,0.0,66.7,0.0,0.0,0.0,0.0,0.0,0.0,0.0,0.0,(X),(X),(X),0.0,53,136,136,53,136,136,136,136,136,136,136,136,(X),(X),(X),136,50.6,50.6,50.6,50.6,50.6,50.6,50.6,50.6,50.6,50.6,50.6,50.6,(X),(X),(X),50.6,24,136,136,24,136,136,136,136,136,136,136,136,(X),(X),(X),136,60.1,50.6,50.6,60.1,50.6,50.6,50.6,50.6,50.6,50.6,50.6,50.6,(X),(X),(X),50.6,47,136,136,47,136,136,136,136,136,136,136,136,(X),(X),(X),136,54.1,50.6,50.6,54.1,50.6,50.6,50.6,50.6,50.6,50.6,50.6,50.6,(X),(X),(X),50.6
9020000US3204,3204,"Northern Nevada, excluding Washoe County Set; Nevada",3000,Chiropractors 3000 (SOC 29-1011),25,0,0,25,0,0,0,0,0,0,0,0,(X),(X),(X),0,100.0,0.0,0.0,100.0,0.0,0.0,0.0,0.0,0.0,0.0,0.0,0.0,(X),(X),(X),0.0,25,0,0,25,0,0,0,0,0,0,0,0,(X),(X),(X),0,100.0,0.0,0.0,100.0,0.0,0.0,0.0,0.0,0.0,0.0,0.0,0.0,(X),(X),(X),0.0,0,0,0,0,0,0,0,0,0,0,0,0,(X),(X),(X),0,0.0,0.0,0.0,0.0,0.0,0.0,0.0,0.0,0.0,0.0,0.0,0.0,(X),(X),(X),0.0,32,136,136,32,136,136,136,136,136,136,136,136,(X),(X),(X),136,67.8,67.8,67.8,67.8,67.8,67.8,67.8,67.8,67.8,67.8,67.8,67.8,(X),(X),(X),67.8,32,136,136,32,136,136,136,136,136,136,136,136,(X),(X),(X),136,67.8,67.8,67.8,67.8,67.8,67.8,67.8,67.8,67.8,67.8,67.8,67.8,(X),(X),(X),67.8,136,136,136,136,136,136,136,136,136,136,136,136,(X),(X),(X),136,67.8,67.8,67.8,67.8,67.8,67.8,67.8,67.8,67.8,67.8,67.8,67.8,(X),(X),(X),67.8
9020000US3204,3204,"Northern Nevada, excluding Washoe County Set; Nevada",3010,Dentists 3010 (SOC 29-1020),15,0,0,15,0,0,0,0,0,0,0,0,(X),(X),(X),0,100.0,0.0,0.0,100.0,0.0,0.0,0.0,0.0,0.0,0.0,0.0,0.0,(X),(X),(X),0.0,15,0,0,15,0,0,0,0,0,0,0,0,(X),(X),(X),0,100.0,0.0,0.0,100.0,0.0,0.0,0.0,0.0,0.0,0.0,0.0,0.0,(X),(X),(X),0.0,0,0,0,0,0,0,0,0,0,0,0,0,(X),(X),(X),0,0.0,0.0,0.0,0.0,0.0,0.0,0.0,0.0,0.0,0.0,0.0,0.0,(X),(X),(X),0.0,25,136,136,25,136,136,136,136,136,136,136,136,(X),(X),(X),136,87.6,87.6,87.6,87.6,87.6,87.6,87.6,87.6,87.6,87.6,87.6,87.6,(X),(X),(X),87.6,25,136,136,25,136,136,136,136,136,136,136,136,(X),(X),(X),136,87.6,87.6,87.6,87.6,87.6,87.6,87.6,87.6,87.6,87.6,87.6,87.6,(X),(X),(X),87.6,136,136,136,136,136,136,136,136,136,136,136,136,(X),(X),(X),136,87.6,87.6,87.6,87.6,87.6,87.6,87.6,87.6,87.6,87.6,87.6,87.6,(X),(X),(X),87.6
9020000US3204,3204,"Northern Nevada, excluding Washoe County Set; Nevada",3030,Dietitians and nutritionists 3030 (SOC 29-1031),20,0,0,15,0,4,0,0,0,0,0,0,(X),(X),(X),0,100.0,0.0,0.0,75.0,0.0,20.0,0.0,0.0,0.0,0.0,0.0,0.0,(X),(X),(X),0.0,0,0,0,0,0,0,0,0,0,0,0,0,(X),(X),(X),0,0.0,0.0,0.0,0.0,0.0,0.0,0.0,0.0,0.0,0.0,0.0,0.0,(X),(X),(X),0.0,20,0,0,15,0,4,0,0,0,0,0,0,(X),(X),(X),0,100.0,0.0,0.0,75.0,0.0,20.0,0.0,0.0,0.0,0.0,0.0,0.0,(X),(X),(X),0.0,20,136,136,16,136,12,136,136,136,136,136,136,(X),(X),(X),136,75.8,75.8,75.8,55.8,75.8,56.4,75.8,75.8,75.8,75.8,75.8,75.8,(X),(X),(X),75.8,136,136,136,136,136,136,136,136,136,136,136,136,(X),(X),(X),136,75.8,75.8,75.8,75.8,75.8,75.8,75.8,75.8,75.8,75.8,75.8,75.8,(X),(X),(X),75.8,20,136,136,16,136,12,136,136,136,136,136,136,(X),(X),(X),136,75.8,75.8,75.8,55.8,75.8,56.4,75.8,75.8,75.8,75.8,75.8,75.8,(X),(X),(X),75.8
9020000US3204,3204,"Northern Nevada, excluding Washoe County Set; Nevada",3040,Optometrists 3040 (SOC 29-1041),25,0,0,0,0,0,25,0,0,0,0,0,(X),(X),(X),0,100.0,0.0,0.0,0.0,0.0,0.0,100.0,0.0,0.0,0.0,0.0,0.0,(X),(X),(X),0.0,0,0,0,0,0,0,0,0,0,0,0,0,(X),(X),(X),0,0.0,0.0,0.0,0.0,0.0,0.0,0.0,0.0,0.0,0.0,0.0,0.0,(X),(X),(X),0.0,25,0,0,0,0,0,25,0,0,0,0,0,(X),(X),(X),0,100.0,0.0,0.0,0.0,0.0,0.0,100.0,0.0,0.0,0.0,0.0,0.0,(X),(X),(X),0.0,28,136,136,136,136,136,28,136,136,136,136,136,(X),(X),(X),136,67.8,67.8,67.8,67.8,67.8,67.8,67.8,67.8,67.8,67.8,67.8,67.8,(X),(X),(X),67.8,136,136,136,136,136,136,136,136,136,136,136,136,(X),(X),(X),136,67.8,67.8,67.8,67.8,67.8,67.8,67.8,67.8,67.8,67.8,67.8,67.8,(X),(X),(X),67.8,28,136,136,136,136,136,28,136,136,136,136,136,(X),(X),(X),136,67.8,67.8,67.8,67.8,67.8,67.8,67.8,67.8,67.8,67.8,67.8,67.8,(X),(X),(X),67.8
9020000US3204,3204,"Northern Nevada, excluding Washoe County Set; Nevada",3050,Pharmacists 3050 (SOC 29-1051),55,0,0,55,0,0,0,0,0,0,0,0,(X),(X),(X),0,100.0,0.0,0.0,100.0,0.0,0.0,0.0,0.0,0.0,0.0,0.0,0.0,(X),(X),(X),0.0,45,0,0,45,0,0,0,0,0,0,0,0,(X),(X),(X),0,81.8,0.0,0.0,81.8,0.0,0.0,0.0,0.0,0.0,0.0,0.0,0.0,(X),(X),(X),0.0,10,0,0,10,0,0,0,0,0,0,0,0,(X),(X),(X),0,18.2,0.0,0.0,18.2,0.0,0.0,0.0,0.0,0.0,0.0,0.0,0.0,(X),(X),(X),0.0,63,136,136,63,136,136,136,136,136,136,136,136,(X),(X),(X),136,45.7,45.7,45.7,45.7,45.7,45.7,45.7,45.7,45.7,45.7,45.7,45.7,(X),(X),(X),45.7,63,136,136,63,136,136,136,136,136,136,136,136,(X),(X),(X),136,48.1,45.7,45.7,48.1,45.7,45.7,45.7,45.7,45.7,45.7,45.7,45.7,(X),(X),(X),45.7,17,136,136,17,136,136,136,136,136,136,136,136,(X),(X),(X),136,45.8,45.7,45.7,45.8,45.7,45.7,45.7,45.7,45.7,45.7,45.7,45.7,(X),(X),(X),45.7
9020000US3204,3204,"Northern Nevada, excluding Washoe County Set; Nevada",3060,Physicians and surgeons 3060 (SOC 29-1060),65,0,0,25,0,0,40,0,0,0,0,0,(X),(X),(X),0,100.0,0.0,0.0,38.5,0.0,0.0,61.5,0.0,0.0,0.0,0.0,0.0,(X),(X),(X),0.0,50,0,0,10,0,0,40,0,0,0,0,0,(X),(X),(X),0,76.9,0.0,0.0,15.4,0.0,0.0,61.5,0.0,0.0,0.0,0.0,0.0,(X),(X),(X),0.0,15,0,0,15,0,0,0,0,0,0,0,0,(X),(X),(X),0,23.1,0.0,0.0,23.1,0.0,0.0,0.0,0.0,0.0,0.0,0.0,0.0,(X),(X),(X),0.0,68,136,136,24,136,136,66,136,136,136,136,136,(X),(X),(X),136,42.1,42.1,42.1,55.4,42.1,42.1,55.2,42.1,42.1,42.1,42.1,42.1,(X),(X),(X),42.1,68,136,136,19,136,136,66,136,136,136,136,136,(X),(X),(X),136,37.7,42.1,42.1,33.8,42.1,42.1,55.2,42.1,42.1,42.1,42.1,42.1,(X),(X),(X),42.1,19,136,136,19,136,136,136,136,136,136,136,136,(X),(X),(X),136,37.2,42.1,42.1,37.2,42.1,42.1,42.1,42.1,42.1,42.1,42.1,42.1,(X),(X),(X),42.1
9020000US3204,3204,"Northern Nevada, excluding Washoe County Set; Nevada",3110,Physician assistants 3110 (SOC 29-1071),4,0,0,4,0,0,0,0,0,0,0,0,(X),(X),(X),0,100.0,0.0,0.0,100.0,0.0,0.0,0.0,0.0,0.0,0.0,0.0,0.0,(X),(X),(X),0.0,4,0,0,4,0,0,0,0,0,0,0,0,(X),(X),(X),0,100.0,0.0,0.0,100.0,0.0,0.0,0.0,0.0,0.0,0.0,0.0,0.0,(X),(X),(X),0.0,0,0,0,0,0,0,0,0,0,0,0,0,(X),(X),(X),0,0.0,0.0,0.0,0.0,0.0,0.0,0.0,0.0,0.0,0.0,0.0,0.0,(X),(X),(X),0.0,16,136,136,16,136,136,136,136,136,136,136,136,(X),(X),(X),136,100.0,100.0,100.0,100.0,100.0,100.0,100.0,100.0,100.0,100.0,100.0,100.0,(X),(X),(X),100.0,16,136,136,16,136,136,136,136,136,136,136,136,(X),(X),(X),136,100.0,100.0,100.0,100.0,100.0,100.0,100.0,100.0,100.0,100.0,100.0,100.0,(X),(X),(X),100.0,136,136,136,136,136,136,136,136,136,136,136,136,(X),(X),(X),136,100.0,100.0,100.0,100.0,100.0,100.0,100.0,100.0,100.0,100.0,100.0,100.0,(X),(X),(X),100.0
9020000US3204,3204,"Northern Nevada, excluding Washoe County Set; Nevada",3160,Physical therapists 3160 (SOC 29-1123),45,0,0,45,0,0,0,0,0,0,0,0,(X),(X),(X),0,100.0,0.0,0.0,100.0,0.0,0.0,0.0,0.0,0.0,0.0,0.0,0.0,(X),(X),(X),0.0,30,0,0,30,0,0,0,0,0,0,0,0,(X),(X),(X),0,66.7,0.0,0.0,66.7,0.0,0.0,0.0,0.0,0.0,0.0,0.0,0.0,(X),(X),(X),0.0,15,0,0,15,0,0,0,0,0,0,0,0,(X),(X),(X),0,33.3,0.0,0.0,33.3,0.0,0.0,0.0,0.0,0.0,0.0,0.0,0.0,(X),(X),(X),0.0,41,136,136,41,136,136,136,136,136,136,136,136,(X),(X),(X),136,50.6,50.6,50.6,50.6,50.6,50.6,50.6,50.6,50.6,50.6,50.6,50.6,(X),(X),(X),50.6,36,136,136,36,136,136,136,136,136,136,136,136,(X),(X),(X),136,53.4,50.6,50.6,53.4,50.6,50.6,50.6,50.6,50.6,50.6,50.6,50.6,(X),(X),(X),50.6,27,136,136,27,136,136,136,136,136,136,136,136,(X),(X),(X),136,52.8,50.6,50.6,52.8,50.6,50.6,50.6,50.6,50.6,50.6,50.6,50.6,(X),(X),(X),50.6
9020000US3204,3204,"Northern Nevada, excluding Washoe County Set; Nevada",3230,Speech-language pathologists 3230 (SOC 29-1127),25,0,0,25,0,0,0,0,0,0,0,0,(X),(X),(X),0,100.0,0.0,0.0,100.0,0.0,0.0,0.0,0.0,0.0,0.0,0.0,0.0,(X),(X),(X),0.0,15,0,0,15,0,0,0,0,0,0,0,0,(X),(X),(X),0,60.0,0.0,0.0,60.0,0.0,0.0,0.0,0.0,0.0,0.0,0.0,0.0,(X),(X),(X),0.0,10,0,0,10,0,0,0,0,0,0,0,0,(X),(X),(X),0,40.0,0.0,0.0,40.0,0.0,0.0,0.0,0.0,0.0,0.0,0.0,0.0,(X),(X),(X),0.0,34,136,136,34,136,136,136,136,136,136,136,136,(X),(X),(X),136,67.8,67.8,67.8,67.8,67.8,67.8,67.8,67.8,67.8,67.8,67.8,67.8,(X),(X),(X),67.8,26,136,136,26,136,136,136,136,136,136,136,136,(X),(X),(X),136,60.0,67.8,67.8,60.0,67.8,67.8,67.8,67.8,67.8,67.8,67.8,67.8,(X),(X),(X),67.8,22,136,136,22,136,136,136,136,136,136,136,136,(X),(X),(X),136,60.0,67.8,67.8,60.0,67.8,67.8,67.8,67.8,67.8,67.8,67.8,67.8,(X),(X),(X),67.8
9020000US3204,3204,"Northern Nevada, excluding Washoe County Set; Nevada",3245,"Other therapists, including exercise physiologists 3245 (SOC 29-112X)",15,0,0,15,0,0,0,0,0,0,0,0,(X),(X),(X),0,100.0,0.0,0.0,100.0,0.0,0.0,0.0,0.0,0.0,0.0,0.0,0.0,(X),(X),(X),0.0,0,0,0,0,0,0,0,0,0,0,0,0,(X),(X),(X),0,0.0,0.0,0.0,0.0,0.0,0.0,0.0,0.0,0.0,0.0,0.0,0.0,(X),(X),(X),0.0,15,0,0,15,0,0,0,0,0,0,0,0,(X),(X),(X),0,100.0,0.0,0.0,100.0,0.0,0.0,0.0,0.0,0.0,0.0,0.0,0.0,(X),(X),(X),0.0,25,136,136,25,136,136,136,136,136,136,136,136,(X),(X),(X),136,87.6,87.6,87.6,87.6,87.6,87.6,87.6,87.6,87.6,87.6,87.6,87.6,(X),(X),(X),87.6,136,136,136,136,136,136,136,136,136,136,136,136,(X),(X),(X),136,87.6,87.6,87.6,87.6,87.6,87.6,87.6,87.6,87.6,87.6,87.6,87.6,(X),(X),(X),87.6,25,136,136,25,136,136,136,136,136,136,136,136,(X),(X),(X),136,87.6,87.6,87.6,87.6,87.6,87.6,87.6,87.6,87.6,87.6,87.6,87.6,(X),(X),(X),87.6
9020000US3204,3204,"Northern Nevada, excluding Washoe County Set; Nevada",3250,Veterinarians 3250 (SOC 29-1131),60,0,0,60,0,0,0,0,0,0,0,0,(X),(X),(X),0,100.0,0.0,0.0,100.0,0.0,0.0,0.0,0.0,0.0,0.0,0.0,0.0,(X),(X),(X),0.0,0,0,0,0,0,0,0,0,0,0,0,0,(X),(X),(X),0,0.0,0.0,0.0,0.0,0.0,0.0,0.0,0.0,0.0,0.0,0.0,0.0,(X),(X),(X),0.0,60,0,0,60,0,0,0,0,0,0,0,0,(X),(X),(X),0,100.0,0.0,0.0,100.0,0.0,0.0,0.0,0.0,0.0,0.0,0.0,0.0,(X),(X),(X),0.0,77,136,136,77,136,136,136,136,136,136,136,136,(X),(X),(X),136,43.8,43.8,43.8,43.8,43.8,43.8,43.8,43.8,43.8,43.8,43.8,43.8,(X),(X),(X),43.8,136,136,136,136,136,136,136,136,136,136,136,136,(X),(X),(X),136,43.8,43.8,43.8,43.8,43.8,43.8,43.8,43.8,43.8,43.8,43.8,43.8,(X),(X),(X),43.8,77,136,136,77,136,136,136,136,136,136,136,136,(X),(X),(X),136,43.8,43.8,43.8,43.8,43.8,43.8,43.8,43.8,43.8,43.8,43.8,43.8,(X),(X),(X),43.8
9020000US3204,3204,"Northern Nevada, excluding Washoe County Set; Nevada",3255,Registered nurses 3255 (SOC 29-1141),525,15,0,480,0,10,20,0,0,0,0,0,(X),(X),(X),0,100.0,2.9,0.0,91.4,0.0,1.9,3.8,0.0,0.0,0.0,0.0,0.0,(X),(X),(X),0.0,45,0,0,45,0,0,0,0,0,0,0,0,(X),(X),(X),0,8.6,0.0,0.0,8.6,0.0,0.0,0.0,0.0,0.0,0.0,0.0,0.0,(X),(X),(X),0.0,475,15,0,435,0,10,20,0,0,0,0,0,(X),(X),(X),0,90.5,2.9,0.0,82.9,0.0,1.9,3.8,0.0,0.0,0.0,0.0,0.0,(X),(X),(X),0.0,161,30,136,156,136,18,33,136,136,136,136,136,(X),(X),(X),136,7.8,5.4,7.8,8.7,7.8,3.5,6.2,7.8,7.8,7.8,7.8,7.8,(X),(X),(X),7.8,40,136,136,40,136,136,136,136,136,136,136,136,(X),(X),(X),136,7.6,7.8,7.8,7.6,7.8,7.8,7.8,7.8,7.8,7.8,7.8,7.8,(X),(X),(X),7.8,159,30,136,153,136,18,33,136,136,136,136,136,(X),(X),(X),136,7.8,5.4,7.8,11.7,7.8,3.5,6.2,7.8,7.8,7.8,7.8,7.8,(X),(X),(X),7.8
9020000US3204,3204,"Northern Nevada, excluding Washoe County Set; Nevada",3260,"Health diagnosing and treating practitioners, all other 3260 (SOC 29-1199)",10,0,0,10,0,0,0,0,0,0,0,0,(X),(X),(X),0,100.0,0.0,0.0,100.0,0.0,0.0,0.0,0.0,0.0,0.0,0.0,0.0,(X),(X),(X),0.0,10,0,0,10,0,0,0,0,0,0,0,0,(X),(X),(X),0,100.0,0.0,0.0,100.0,0.0,0.0,0.0,0.0,0.0,0.0,0.0,0.0,(X),(X),(X),0.0,0,0,0,0,0,0,0,0,0,0,0,0,(X),(X),(X),0,0.0,0.0,0.0,0.0,0.0,0.0,0.0,0.0,0.0,0.0,0.0,0.0,(X),(X),(X),0.0,21,136,136,21,136,136,136,136,136,136,136,136,(X),(X),(X),136,100.0,100.0,100.0,100.0,100.0,100.0,100.0,100.0,100.0,100.0,100.0,100.0,(X),(X),(X),100.0,21,136,136,21,136,136,136,136,136,136,136,136,(X),(X),(X),136,100.0,100.0,100.0,100.0,100.0,100.0,100.0,100.0,100.0,100.0,100.0,100.0,(X),(X),(X),100.0,136,136,136,136,136,136,136,136,136,136,136,136,(X),(X),(X),136,100.0,100.0,100.0,100.0,100.0,100.0,100.0,100.0,100.0,100.0,100.0,100.0,(X),(X),(X),100.0
9020000US3204,3204,"Northern Nevada, excluding Washoe County Set; Nevada",3300,Clinical laboratory technologists and technicians 3300 (SOC 29-2010),45,0,0,25,0,0,15,0,0,0,0,0,(X),(X),(X),0,100.0,0.0,0.0,55.6,0.0,0.0,33.3,0.0,0.0,0.0,0.0,0.0,(X),(X),(X),0.0,20,0,0,10,0,0,10,0,0,0,0,0,(X),(X),(X),0,44.4,0.0,0.0,22.2,0.0,0.0,22.2,0.0,0.0,0.0,0.0,0.0,(X),(X),(X),0.0,25,0,0,15,0,0,10,0,0,0,0,0,(X),(X),(X),0,55.6,0.0,0.0,33.3,0.0,0.0,22.2,0.0,0.0,0.0,0.0,0.0,(X),(X),(X),0.0,43,136,136,30,136,136,30,136,136,136,136,136,(X),(X),(X),136,50.6,50.6,50.6,53.1,50.6,50.6,55.9,50.6,50.6,50.6,50.6,50.6,(X),(X),(X),50.6,24,136,136,15,136,136,16,136,136,136,136,136,(X),(X),(X),136,44.9,50.6,50.6,40.0,50.6,50.6,29.4,50.6,50.6,50.6,50.6,50.6,(X),(X),(X),50.6,31,136,136,29,136,136,14,136,136,136,136,136,(X),(X),(X),136,43.7,50.6,50.6,57.9,50.6,50.6,27.5,50.6,50.6,50.6,50.6,50.6,(X),(X),(X),50.6
9020000US3204,3204,"Northern Nevada, excluding Washoe County Set; Nevada",3310,Dental hygienists 3310 (SOC 29-2021),20,0,0,20,0,0,0,0,0,0,0,0,(X),(X),(X),0,100.0,0.0,0.0,100.0,0.0,0.0,0.0,0.0,0.0,0.0,0.0,0.0,(X),(X),(X),0.0,0,0,0,0,0,0,0,0,0,0,0,0,(X),(X),(X),0,0.0,0.0,0.0,0.0,0.0,0.0,0.0,0.0,0.0,0.0,0.0,0.0,(X),(X),(X),0.0,20,0,0,20,0,0,0,0,0,0,0,0,(X),(X),(X),0,100.0,0.0,0.0,100.0,0.0,0.0,0.0,0.0,0.0,0.0,0.0,0.0,(X),(X),(X),0.0,33,136,136,33,136,136,136,136,136,136,136,136,(X),(X),(X),136,75.8,75.8,75.8,75.8,75.8,75.8,75.8,75.8,75.8,75.8,75.8,75.8,(X),(X),(X),75.8,136,136,136,136,136,136,136,136,136,136,136,136,(X),(X),(X),136,75.8,75.8,75.8,75.8,75.8,75.8,75.8,75.8,75.8,75.8,75.8,75.8,(X),(X),(X),75.8,33,136,136,33,136,136,136,136,136,136,136,136,(X),(X),(X),136,75.8,75.8,75.8,75.8,75.8,75.8,75.8,75.8,75.8,75.8,75.8,75.8,(X),(X),(X),75.8
9020000US3204,3204,"Northern Nevada, excluding Washoe County Set; Nevada",3320,Diagnostic related technologists and technicians 3320 (SOC 29-2030),65,0,4,55,0,4,0,0,0,0,0,0,(X),(X),(X),0,100.0,0.0,6.2,84.6,0.0,6.2,0.0,0.0,0.0,0.0,0.0,0.0,(X),(X),(X),0.0,40,0,4,35,0,0,0,0,0,0,0,0,(X),(X),(X),0,61.5,0.0,6.2,53.8,0.0,0.0,0.0,0.0,0.0,0.0,0.0,0.0,(X),(X),(X),0.0,25,0,0,20,0,4,0,0,0,0,0,0,(X),(X),(X),0,38.5,0.0,0.0,30.8,0.0,6.2,0.0,0.0,0.0,0.0,0.0,0.0,(X),(X),(X),0.0,65,136,9,62,136,14,136,136,136,136,136,136,(X),(X),(X),136,42.1,42.1,19.6,31.2,42.1,25.1,42.1,42.1,42.1,42.1,42.1,42.1,(X),(X),(X),42.1,54,136,9,53,136,136,136,136,136,136,136,136,(X),(X),(X),136,49.2,42.1,19.6,52.8,42.1,42.1,42.1,42.1,42.1,42.1,42.1,42.1,(X),(X),(X),42.1,34,136,136,33,136,14,136,136,136,136,136,136,(X),(X),(X),136,50.4,42.1,42.1,47.0,42.1,25.1,42.1,42.1,42.1,42.1,42.1,42.1,(X),(X),(X),42.1
9020000US3204,3204,"Northern Nevada, excluding Washoe County Set; Nevada",3400,Emergency medical technicians and paramedics 3400 (SOC 29-2041),30,0,0,25,0,4,0,0,0,0,0,0,(X),(X),(X),0,100.0,0.0,0.0,83.3,0.0,13.3,0.0,0.0,0.0,0.0,0.0,0.0,(X),(X),(X),0.0,30,0,0,25,0,4,0,0,0,0,0,0,(X),(X),(X),0,100.0,0.0,0.0,83.3,0.0,13.3,0.0,0.0,0.0,0.0,0.0,0.0,(X),(X),(X),0.0,0,0,0,0,0,0,0,0,0,0,0,0,(X),(X),(X),0,0.0,0.0,0.0,0.0,0.0,0.0,0.0,0.0,0.0,0.0,0.0,0.0,(X),(X),(X),0.0,32,136,136,31,136,13,136,136,136,136,136,136,(X),(X),(X),136,61.9,61.9,61.9,50.3,61.9,41.0,61.9,61.9,61.9,61.9,61.9,61.9,(X),(X),(X),61.9,32,136,136,31,136,13,136,136,136,136,136,136,(X),(X),(X),136,61.9,61.9,61.9,50.3,61.9,41.0,61.9,61.9,61.9,61.9,61.9,61.9,(X),(X),(X),61.9,136,136,136,136,136,136,136,136,136,136,136,136,(X),(X),(X),136,61.9,61.9,61.9,61.9,61.9,61.9,61.9,61.9,61.9,61.9,61.9,61.9,(X),(X),(X),61.9
9020000US3204,3204,"Northern Nevada, excluding Washoe County Set; Nevada",3420,Health practitioner support technologists and technicians 3420 (SOC 29-2050),125,30,0,85,0,0,0,0,0,10,0,0,(X),(X),(X),0,100.0,24.0,0.0,68.0,0.0,0.0,0.0,0.0,0.0,8.0,0.0,0.0,(X),(X),(X),0.0,0,0,0,0,0,0,0,0,0,0,0,0,(X),(X),(X),0,0.0,0.0,0.0,0.0,0.0,0.0,0.0,0.0,0.0,0.0,0.0,0.0,(X),(X),(X),0.0,125,30,0,85,0,0,0,0,0,10,0,0,(X),(X),(X),0,100.0,24.0,0.0,68.0,0.0,0.0,0.0,0.0,0.0,8.0,0.0,0.0,(X),(X),(X),0.0,84,25,136,76,136,136,136,136,136,16,136,136,(X),(X),(X),136,28.1,22.4,28.1,25.9,28.1,28.1,28.1,28.1,28.1,13.6,28.1,28.1,(X),(X),(X),28.1,136,136,136,136,136,136,136,136,136,136,136,136,(X),(X),(X),136,28.1,28.1,28.1,28.1,28.1,28.1,28.1,28.1,28.1,28.1,28.1,28.1,(X),(X),(X),28.1,84,25,136,76,136,136,136,136,136,16,136,136,(X),(X),(X),136,28.1,22.4,28.1,25.9,28.1,28.1,28.1,28.1,28.1,13.6,28.1,28.1,(X),(X),(X),28.1
9020000US3204,3204,"Northern Nevada, excluding Washoe County Set; Nevada",3500,Licensed practical and licensed vocational nurses 3500 (SOC 29-2061),15,0,0,15,0,0,0,0,0,0,0,0,(X),(X),(X),0,100.0,0.0,0.0,100.0,0.0,0.0,0.0,0.0,0.0,0.0,0.0,0.0,(X),(X),(X),0.0,0,0,0,0,0,0,0,0,0,0,0,0,(X),(X),(X),0,0.0,0.0,0.0,0.0,0.0,0.0,0.0,0.0,0.0,0.0,0.0,0.0,(X),(X),(X),0.0,15,0,0,15,0,0,0,0,0,0,0,0,(X),(X),(X),0,100.0,0.0,0.0,100.0,0.0,0.0,0.0,0.0,0.0,0.0,0.0,0.0,(X),(X),(X),0.0,23,136,136,23,136,136,136,136,136,136,136,136,(X),(X),(X),136,87.6,87.6,87.6,87.6,87.6,87.6,87.6,87.6,87.6,87.6,87.6,87.6,(X),(X),(X),87.6,136,136,136,136,136,136,136,136,136,136,136,136,(X),(X),(X),136,87.6,87.6,87.6,87.6,87.6,87.6,87.6,87.6,87.6,87.6,87.6,87.6,(X),(X),(X),87.6,23,136,136,23,136,136,136,136,136,136,136,136,(X),(X),(X),136,87.6,87.6,87.6,87.6,87.6,87.6,87.6,87.6,87.6,87.6,87.6,87.6,(X),(X),(X),87.6
9020000US3204,3204,"Northern Nevada, excluding Washoe County Set; Nevada",3510,Medical records and health information technicians 3510 (SOC 29-2071),10,0,0,4,0,4,0,0,0,0,0,0,(X),(X),(X),0,100.0,0.0,0.0,40.0,0.0,40.0,0.0,0.0,0.0,0.0,0.0,0.0,(X),(X),(X),0.0,0,0,0,0,0,0,0,0,0,0,0,0,(X),(X),(X),0,0.0,0.0,0.0,0.0,0.0,0.0,0.0,0.0,0.0,0.0,0.0,0.0,(X),(X),(X),0.0,10,0,0,4,0,4,0,0,0,0,0,0,(X),(X),(X),0,100.0,0.0,0.0,40.0,0.0,40.0,0.0,0.0,0.0,0.0,0.0,0.0,(X),(X),(X),0.0,16,136,136,14,136,3,136,136,136,136,136,136,(X),(X),(X),136,100.0,100.0,100.0,60.0,100.0,60.0,100.0,100.0,100.0,100.0,100.0,100.0,(X),(X),(X),100.0,136,136,136,136,136,136,136,136,136,136,136,136,(X),(X),(X),136,100.0,100.0,100.0,100.0,100.0,100.0,100.0,100.0,100.0,100.0,100.0,100.0,(X),(X),(X),100.0,16,136,136,14,136,3,136,136,136,136,136,136,(X),(X),(X),136,100.0,100.0,100.0,60.0,100.0,60.0,100.0,100.0,100.0,100.0,100.0,100.0,(X),(X),(X),100.0
9020000US3204,3204,"Northern Nevada, excluding Washoe County Set; Nevada",3520,"Opticians, dispensing 3520 (SOC 29-2081)",15,0,0,15,0,0,0,0,0,0,0,0,(X),(X),(X),0,100.0,0.0,0.0,100.0,0.0,0.0,0.0,0.0,0.0,0.0,0.0,0.0,(X),(X),(X),0.0,0,0,0,0,0,0,0,0,0,0,0,0,(X),(X),(X),0,0.0,0.0,0.0,0.0,0.0,0.0,0.0,0.0,0.0,0.0,0.0,0.0,(X),(X),(X),0.0,15,0,0,15,0,0,0,0,0,0,0,0,(X),(X),(X),0,100.0,0.0,0.0,100.0,0.0,0.0,0.0,0.0,0.0,0.0,0.0,0.0,(X),(X),(X),0.0,23,136,136,23,136,136,136,136,136,136,136,136,(X),(X),(X),136,87.6,87.6,87.6,87.6,87.6,87.6,87.6,87.6,87.6,87.6,87.6,87.6,(X),(X),(X),87.6,136,136,136,136,136,136,136,136,136,136,136,136,(X),(X),(X),136,87.6,87.6,87.6,87.6,87.6,87.6,87.6,87.6,87.6,87.6,87.6,87.6,(X),(X),(X),87.6,23,136,136,23,136,136,136,136,136,136,136,136,(X),(X),(X),136,87.6,87.6,87.6,87.6,87.6,87.6,87.6,87.6,87.6,87.6,87.6,87.6,(X),(X),(X),87.6
9020000US3204,3204,"Northern Nevada, excluding Washoe County Set; Nevada",3540,Other healthcare practitioners and technical occupations 3540 (SOC 29-9000),35,0,0,35,0,0,0,0,0,0,0,0,(X),(X),(X),0,100.0,0.0,0.0,100.0,0.0,0.0,0.0,0.0,0.0,0.0,0.0,0.0,(X),(X),(X),0.0,25,0,0,25,0,0,0,0,0,0,0,0,(X),(X),(X),0,71.4,0.0,0.0,71.4,0.0,0.0,0.0,0.0,0.0,0.0,0.0,0.0,(X),(X),(X),0.0,10,0,0,10,0,0,0,0,0,0,0,0,(X),(X),(X),0,28.6,0.0,0.0,28.6,0.0,0.0,0.0,0.0,0.0,0.0,0.0,0.0,(X),(X),(X),0.0,37,136,136,37,136,136,136,136,136,136,136,136,(X),(X),(X),136,57.3,57.3,57.3,57.3,57.3,57.3,57.3,57.3,57.3,57.3,57.3,57.3,(X),(X),(X),57.3,30,136,136,30,136,136,136,136,136,136,136,136,(X),(X),(X),136,48.8,57.3,57.3,48.8,57.3,57.3,57.3,57.3,57.3,57.3,57.3,57.3,(X),(X),(X),57.3,20,136,136,20,136,136,136,136,136,136,136,136,(X),(X),(X),136,47.2,57.3,57.3,47.2,57.3,57.3,57.3,57.3,57.3,57.3,57.3,57.3,(X),(X),(X),57.3
9020000US3204,3204,"Northern Nevada, excluding Washoe County Set; Nevada",3600,"Nursing, psychiatric, and home health aides 3600 (SOC 31-1010)",280,10,0,215,15,15,0,0,0,25,0,0,(X),(X),(X),0,100.0,3.6,0.0,76.8,5.4,5.4,0.0,0.0,0.0,8.9,0.0,0.0,(X),(X),(X),0.0,0,0,0,0,0,0,0,0,0,0,0,0,(X),(X),(X),0,0.0,0.0,0.0,0.0,0.0,0.0,0.0,0.0,0.0,0.0,0.0,0.0,(X),(X),(X),0.0,280,10,0,215,15,15,0,0,0,25,0,0,(X),(X),(X),0,100.0,3.6,0.0,76.8,5.4,5.4,0.0,0.0,0.0,8.9,0.0,0.0,(X),(X),(X),0.0,117,23,136,108,27,18,136,136,136,29,136,136,(X),(X),(X),136,14.0,8.1,14.0,16.0,9.2,6.5,14.0,14.0,14.0,10.6,14.0,14.0,(X),(X),(X),14.0,136,136,136,136,136,136,136,136,136,136,136,136,(X),(X),(X),136,14.0,14.0,14.0,14.0,14.0,14.0,14.0,14.0,14.0,14.0,14.0,14.0,(X),(X),(X),14.0,117,23,136,108,27,18,136,136,136,29,136,136,(X),(X),(X),136,14.0,8.1,14.0,16.0,9.2,6.5,14.0,14.0,14.0,10.6,14.0,14.0,(X),(X),(X),14.0
9020000US3204,3204,"Northern Nevada, excluding Washoe County Set; Nevada",3620,Physical therapist assistants and aides 3620 (SOC 31-2020),50,0,0,50,0,0,0,0,0,0,0,0,(X),(X),(X),0,100.0,0.0,0.0,100.0,0.0,0.0,0.0,0.0,0.0,0.0,0.0,0.0,(X),(X),(X),0.0,0,0,0,0,0,0,0,0,0,0,0,0,(X),(X),(X),0,0.0,0.0,0.0,0.0,0.0,0.0,0.0,0.0,0.0,0.0,0.0,0.0,(X),(X),(X),0.0,50,0,0,50,0,0,0,0,0,0,0,0,(X),(X),(X),0,100.0,0.0,0.0,100.0,0.0,0.0,0.0,0.0,0.0,0.0,0.0,0.0,(X),(X),(X),0.0,50,136,136,50,136,136,136,136,136,136,136,136,(X),(X),(X),136,48.0,48.0,48.0,48.0,48.0,48.0,48.0,48.0,48.0,48.0,48.0,48.0,(X),(X),(X),48.0,136,136,136,136,136,136,136,136,136,136,136,136,(X),(X),(X),136,48.0,48.0,48.0,48.0,48.0,48.0,48.0,48.0,48.0,48.0,48.0,48.0,(X),(X),(X),48.0,50,136,136,50,136,136,136,136,136,136,136,136,(X),(X),(X),136,48.0,48.0,48.0,48.0,48.0,48.0,48.0,48.0,48.0,48.0,48.0,48.0,(X),(X),(X),48.0
9020000US3204,3204,"Northern Nevada, excluding Washoe County Set; Nevada",3630,Massage therapists 3630 (SOC 31-9011),65,10,0,55,0,0,0,0,0,0,0,0,(X),(X),(X),0,100.0,15.4,0.0,84.6,0.0,0.0,0.0,0.0,0.0,0.0,0.0,0.0,(X),(X),(X),0.0,30,10,0,20,0,0,0,0,0,0,0,0,(X),(X),(X),0,46.2,15.4,0.0,30.8,0.0,0.0,0.0,0.0,0.0,0.0,0.0,0.0,(X),(X),(X),0.0,40,0,0,40,0,0,0,0,0,0,0,0,(X),(X),(X),0,61.5,0.0,0.0,61.5,0.0,0.0,0.0,0.0,0.0,0.0,0.0,0.0,(X),(X),(X),0.0,59,20,136,54,136,136,136,136,136,136,136,136,(X),(X),(X),136,42.1,27.8,42.1,27.1,42.1,42.1,42.1,42.1,42.1,42.1,42.1,42.1,(X),(X),(X),42.1,37,20,136,34,136,136,136,136,136,136,136,136,(X),(X),(X),136,40.2,27.8,42.1,42.3,42.1,42.1,42.1,42.1,42.1,42.1,42.1,42.1,(X),(X),(X),42.1,40,136,136,40,136,136,136,136,136,136,136,136,(X),(X),(X),136,45.0,42.1,42.1,45.0,42.1,42.1,42.1,42.1,42.1,42.1,42.1,42.1,(X),(X),(X),42.1
9020000US3204,3204,"Northern Nevada, excluding Washoe County Set; Nevada",3640,Dental assistants 3640 (SOC 31-9091),60,0,0,55,0,4,0,0,0,0,0,0,(X),(X),(X),0,100.0,0.0,0.0,91.7,0.0,6.7,0.0,0.0,0.0,0.0,0.0,0.0,(X),(X),(X),0.0,0,0,0,0,0,0,0,0,0,0,0,0,(X),(X),(X),0,0.0,0.0,0.0,0.0,0.0,0.0,0.0,0.0,0.0,0.0,0.0,0.0,(X),(X),(X),0.0,60,0,0,55,0,4,0,0,0,0,0,0,(X),(X),(X),0,100.0,0.0,0.0,91.7,0.0,6.7,0.0,0.0,0.0,0.0,0.0,0.0,(X),(X),(X),0.0,49,136,136,48,136,5,136,136,136,136,136,136,(X),(X),(X),136,43.8,43.8,43.8,18.4,43.8,10.1,43.8,43.8,43.8,43.8,43.8,43.8,(X),(X),(X),43.8,136,136,136,136,136,136,136,136,136,136,136,136,(X),(X),(X),136,43.8,43.8,43.8,43.8,43.8,43.8,43.8,43.8,43.8,43.8,43.8,43.8,(X),(X),(X),43.8,49,136,136,48,136,5,136,136,136,136,136,136,(X),(X),(X),136,43.8,43.8,43.8,18.4,43.8,10.1,43.8,43.8,43.8,43.8,43.8,43.8,(X),(X),(X),43.8
9020000US3204,3204,"Northern Nevada, excluding Washoe County Set; Nevada",3645,Medical assistants 3645 (SOC 31-9092),125,15,0,90,0,20,0,0,0,0,0,0,(X),(X),(X),0,100.0,12.0,0.0,72.0,0.0,16.0,0.0,0.0,0.0,0.0,0.0,0.0,(X),(X),(X),0.0,45,0,0,45,0,0,0,0,0,0,0,0,(X),(X),(X),0,36.0,0.0,0.0,36.0,0.0,0.0,0.0,0.0,0.0,0.0,0.0,0.0,(X),(X),(X),0.0,80,15,0,45,0,20,0,0,0,0,0,0,(X),(X),(X),0,64.0,12.0,0.0,36.0,0.0,16.0,0.0,0.0,0.0,0.0,0.0,0.0,(X),(X),(X),0.0,97,24,136,86,136,38,136,136,136,136,136,136,(X),(X),(X),136,28.1,20.2,28.1,34.2,28.1,27.7,28.1,28.1,28.1,28.1,28.1,28.1,(X),(X),(X),28.1,70,136,136,70,136,136,136,136,136,136,136,136,(X),(X),(X),136,40.5,28.1,28.1,40.5,28.1,28.1,28.1,28.1,28.1,28.1,28.1,28.1,(X),(X),(X),28.1,67,24,136,47,136,38,136,136,136,136,136,136,(X),(X),(X),136,40.5,20.2,28.1,33.8,28.1,27.7,28.1,28.1,28.1,28.1,28.1,28.1,(X),(X),(X),28.1
9020000US3204,3204,"Northern Nevada, excluding Washoe County Set; Nevada",3647,Pharmacy aides 3647 (SOC 31-9095),4,0,0,4,0,0,0,0,0,0,0,0,(X),(X),(X),0,100.0,0.0,0.0,100.0,0.0,0.0,0.0,0.0,0.0,0.0,0.0,0.0,(X),(X),(X),0.0,0,0,0,0,0,0,0,0,0,0,0,0,(X),(X),(X),0,0.0,0.0,0.0,0.0,0.0,0.0,0.0,0.0,0.0,0.0,0.0,0.0,(X),(X),(X),0.0,4,0,0,4,0,0,0,0,0,0,0,0,(X),(X),(X),0,100.0,0.0,0.0,100.0,0.0,0.0,0.0,0.0,0.0,0.0,0.0,0.0,(X),(X),(X),0.0,2,136,136,2,136,136,136,136,136,136,136,136,(X),(X),(X),136,100.0,100.0,100.0,100.0,100.0,100.0,100.0,100.0,100.0,100.0,100.0,100.0,(X),(X),(X),100.0,136,136,136,136,136,136,136,136,136,136,136,136,(X),(X),(X),136,100.0,100.0,100.0,100.0,100.0,100.0,100.0,100.0,100.0,100.0,100.0,100.0,(X),(X),(X),100.0,2,136,136,2,136,136,136,136,136,136,136,136,(X),(X),(X),136,100.0,100.0,100.0,100.0,100.0,100.0,100.0,100.0,100.0,100.0,100.0,100.0,(X),(X),(X),100.0
9020000US3204,3204,"Northern Nevada, excluding Washoe County Set; Nevada",3649,Phlebotomists 3649 (SOC 31-9097),55,0,0,50,0,4,0,0,0,0,0,0,(X),(X),(X),0,100.0,0.0,0.0,90.9,0.0,7.3,0.0,0.0,0.0,0.0,0.0,0.0,(X),(X),(X),0.0,0,0,0,0,0,0,0,0,0,0,0,0,(X),(X),(X),0,0.0,0.0,0.0,0.0,0.0,0.0,0.0,0.0,0.0,0.0,0.0,0.0,(X),(X),(X),0.0,55,0,0,50,0,4,0,0,0,0,0,0,(X),(X),(X),0,100.0,0.0,0.0,90.9,0.0,7.3,0.0,0.0,0.0,0.0,0.0,0.0,(X),(X),(X),0.0,48,136,136,46,136,8,136,136,136,136,136,136,(X),(X),(X),136,45.7,45.7,45.7,21.1,45.7,18.6,45.7,45.7,45.7,45.7,45.7,45.7,(X),(X),(X),45.7,136,136,136,136,136,136,136,136,136,136,136,136,(X),(X),(X),136,45.7,45.7,45.7,45.7,45.7,45.7,45.7,45.7,45.7,45.7,45.7,45.7,(X),(X),(X),45.7,48,136,136,46,136,8,136,136,136,136,136,136,(X),(X),(X),136,45.7,45.7,45.7,21.1,45.7,18.6,45.7,45.7,45.7,45.7,45.7,45.7,(X),(X),(X),45.7
9020000US3204,3204,"Northern Nevada, excluding Washoe County Set; Nevada",3655,"Healthcare support workers, all other, including medical equipment preparers 3655 (SOC 31-909X)",15,0,15,0,0,0,0,0,0,0,0,0,(X),(X),(X),0,100.0,0.0,100.0,0.0,0.0,0.0,0.0,0.0,0.0,0.0,0.0,0.0,(X),(X),(X),0.0,0,0,0,0,0,0,0,0,0,0,0,0,(X),(X),(X),0,0.0,0.0,0.0,0.0,0.0,0.0,0.0,0.0,0.0,0.0,0.0,0.0,(X),(X),(X),0.0,15,0,15,0,0,0,0,0,0,0,0,0,(X),(X),(X),0,100.0,0.0,100.0,0.0,0.0,0.0,0.0,0.0,0.0,0.0,0.0,0.0,(X),(X),(X),0.0,27,136,27,136,136,136,136,136,136,136,136,136,(X),(X),(X),136,87.6,87.6,87.6,87.6,87.6,87.6,87.6,87.6,87.6,87.6,87.6,87.6,(X),(X),(X),87.6,136,136,136,136,136,136,136,136,136,136,136,136,(X),(X),(X),136,87.6,87.6,87.6,87.6,87.6,87.6,87.6,87.6,87.6,87.6,87.6,87.6,(X),(X),(X),87.6,27,136,27,136,136,136,136,136,136,136,136,136,(X),(X),(X),136,87.6,87.6,87.6,87.6,87.6,87.6,87.6,87.6,87.6,87.6,87.6,87.6,(X),(X),(X),87.6
9020000US3204,3204,"Northern Nevada, excluding Washoe County Set; Nevada",3700,First-line supervisors of correctional officers 3700 (SOC 33-1011),140,0,0,140,0,0,0,0,0,0,0,0,(X),(X),(X),0,100.0,0.0,0.0,100.0,0.0,0.0,0.0,0.0,0.0,0.0,0.0,0.0,(X),(X),(X),0.0,140,0,0,140,0,0,0,0,0,0,0,0,(X),(X),(X),0,100.0,0.0,0.0,100.0,0.0,0.0,0.0,0.0,0.0,0.0,0.0,0.0,(X),(X),(X),0.0,0,0,0,0,0,0,0,0,0,0,0,0,(X),(X),(X),0,0.0,0.0,0.0,0.0,0.0,0.0,0.0,0.0,0.0,0.0,0.0,0.0,(X),(X),(X),0.0,96,136,136,96,136,136,136,136,136,136,136,136,(X),(X),(X),136,25.7,25.7,25.7,25.7,25.7,25.7,25.7,25.7,25.7,25.7,25.7,25.7,(X),(X),(X),25.7,96,136,136,96,136,136,136,136,136,136,136,136,(X),(X),(X),136,25.7,25.7,25.7,25.7,25.7,25.7,25.7,25.7,25.7,25.7,25.7,25.7,(X),(X),(X),25.7,136,136,136,136,136,136,136,136,136,136,136,136,(X),(X),(X),136,25.7,25.7,25.7,25.7,25.7,25.7,25.7,25.7,25.7,25.7,25.7,25.7,(X),(X),(X),25.7
9020000US3204,3204,"Northern Nevada, excluding Washoe County Set; Nevada",3710,First-line supervisors of police and detectives 3710 (SOC 33-1012),20,0,0,20,0,0,0,0,0,0,0,0,(X),(X),(X),0,100.0,0.0,0.0,100.0,0.0,0.0,0.0,0.0,0.0,0.0,0.0,0.0,(X),(X),(X),0.0,20,0,0,20,0,0,0,0,0,0,0,0,(X),(X),(X),0,100.0,0.0,0.0,100.0,0.0,0.0,0.0,0.0,0.0,0.0,0.0,0.0,(X),(X),(X),0.0,0,0,0,0,0,0,0,0,0,0,0,0,(X),(X),(X),0,0.0,0.0,0.0,0.0,0.0,0.0,0.0,0.0,0.0,0.0,0.0,0.0,(X),(X),(X),0.0,29,136,136,29,136,136,136,136,136,136,136,136,(X),(X),(X),136,75.8,75.8,75.8,75.8,75.8,75.8,75.8,75.8,75.8,75.8,75.8,75.8,(X),(X),(X),75.8,29,136,136,29,136,136,136,136,136,136,136,136,(X),(X),(X),136,75.8,75.8,75.8,75.8,75.8,75.8,75.8,75.8,75.8,75.8,75.8,75.8,(X),(X),(X),75.8,136,136,136,136,136,136,136,136,136,136,136,136,(X),(X),(X),136,75.8,75.8,75.8,75.8,75.8,75.8,75.8,75.8,75.8,75.8,75.8,75.8,(X),(X),(X),75.8
9020000US3204,3204,"Northern Nevada, excluding Washoe County Set; Nevada",3720,First-line supervisors of fire fighting and prevention workers 3720 (SOC 33-1021),30,0,0,15,0,15,0,0,0,0,0,0,(X),(X),(X),0,100.0,0.0,0.0,50.0,0.0,50.0,0.0,0.0,0.0,0.0,0.0,0.0,(X),(X),(X),0.0,20,0,0,10,0,15,0,0,0,0,0,0,(X),(X),(X),0,66.7,0.0,0.0,33.3,0.0,50.0,0.0,0.0,0.0,0.0,0.0,0.0,(X),(X),(X),0.0,10,0,0,10,0,0,0,0,0,0,0,0,(X),(X),(X),0,33.3,0.0,0.0,33.3,0.0,0.0,0.0,0.0,0.0,0.0,0.0,0.0,(X),(X),(X),0.0,28,136,136,20,136,23,136,136,136,136,136,136,(X),(X),(X),136,61.9,61.9,61.9,50.0,61.9,50.0,61.9,61.9,61.9,61.9,61.9,61.9,(X),(X),(X),61.9,24,136,136,17,136,23,136,136,136,136,136,136,(X),(X),(X),136,50.2,61.9,61.9,53.4,61.9,50.0,61.9,61.9,61.9,61.9,61.9,61.9,(X),(X),(X),61.9,15,136,136,15,136,136,136,136,136,136,136,136,(X),(X),(X),136,44.0,61.9,61.9,44.0,61.9,61.9,61.9,61.9,61.9,61.9,61.9,61.9,(X),(X),(X),61.9
9020000US3204,3204,"Northern Nevada, excluding Washoe County Set; Nevada",3730,"First-line supervisors of protective service workers, all other 3730 (SOC 33-1099)",40,20,0,20,0,0,0,0,0,0,0,0,(X),(X),(X),0,100.0,50.0,0.0,50.0,0.0,0.0,0.0,0.0,0.0,0.0,0.0,0.0,(X),(X),(X),0.0,30,20,0,10,0,0,0,0,0,0,0,0,(X),(X),(X),0,75.0,50.0,0.0,25.0,0.0,0.0,0.0,0.0,0.0,0.0,0.0,0.0,(X),(X),(X),0.0,10,0,0,10,0,0,0,0,0,0,0,0,(X),(X),(X),0,25.0,0.0,0.0,25.0,0.0,0.0,0.0,0.0,0.0,0.0,0.0,0.0,(X),(X),(X),0.0,46,35,136,27,136,136,136,136,136,136,136,136,(X),(X),(X),136,53.6,50.0,53.6,50.0,53.6,53.6,53.6,53.6,53.6,53.6,53.6,53.6,(X),(X),(X),53.6,41,35,136,18,136,136,136,136,136,136,136,136,(X),(X),(X),136,44.3,50.0,53.6,43.1,53.6,53.6,53.6,53.6,53.6,53.6,53.6,53.6,(X),(X),(X),53.6,17,136,136,17,136,136,136,136,136,136,136,136,(X),(X),(X),136,41.7,53.6,53.6,41.7,53.6,53.6,53.6,53.6,53.6,53.6,53.6,53.6,(X),(X),(X),53.6
9020000US3204,3204,"Northern Nevada, excluding Washoe County Set; Nevada",3740,Firefighters 3740 (SOC 33-2011),215,35,0,140,0,20,0,0,0,20,0,0,(X),(X),(X),0,100.0,16.3,0.0,65.1,0.0,9.3,0.0,0.0,0.0,9.3,0.0,0.0,(X),(X),(X),0.0,180,35,0,115,0,10,0,0,0,20,0,0,(X),(X),(X),0,83.7,16.3,0.0,53.5,0.0,4.7,0.0,0.0,0.0,9.3,0.0,0.0,(X),(X),(X),0.0,35,0,0,25,0,10,0,0,0,0,0,0,(X),(X),(X),0,16.3,0.0,0.0,11.6,0.0,4.7,0.0,0.0,0.0,0.0,0.0,0.0,(X),(X),(X),0.0,141,50,136,114,136,20,136,136,136,31,136,136,(X),(X),(X),136,17.8,22.9,17.8,25.8,17.8,10.3,17.8,17.8,17.8,13.6,17.8,17.8,(X),(X),(X),17.8,132,50,136,106,136,18,136,136,136,31,136,136,(X),(X),(X),136,19.2,22.9,17.8,29.2,17.8,9.1,17.8,17.8,17.8,13.6,17.8,17.8,(X),(X),(X),17.8,42,136,136,40,136,14,136,136,136,136,136,136,(X),(X),(X),136,19.5,17.8,17.8,18.2,17.8,7.3,17.8,17.8,17.8,17.8,17.8,17.8,(X),(X),(X),17.8
9020000US3204,3204,"Northern Nevada, excluding Washoe County Set; Nevada",3750,Fire inspectors 3750 (SOC 33-2020),15,0,0,15,0,0,0,0,0,0,0,0,(X),(X),(X),0,100.0,0.0,0.0,100.0,0.0,0.0,0.0,0.0,0.0,0.0,0.0,0.0,(X),(X),(X),0.0,15,0,0,15,0,0,0,0,0,0,0,0,(X),(X),(X),0,100.0,0.0,0.0,100.0,0.0,0.0,0.0,0.0,0.0,0.0,0.0,0.0,(X),(X),(X),0.0,0,0,0,0,0,0,0,0,0,0,0,0,(X),(X),(X),0,0.0,0.0,0.0,0.0,0.0,0.0,0.0,0.0,0.0,0.0,0.0,0.0,(X),(X),(X),0.0,22,136,136,22,136,136,136,136,136,136,136,136,(X),(X),(X),136,87.6,87.6,87.6,87.6,87.6,87.6,87.6,87.6,87.6,87.6,87.6,87.6,(X),(X),(X),87.6,22,136,136,22,136,136,136,136,136,136,136,136,(X),(X),(X),136,87.6,87.6,87.6,87.6,87.6,87.6,87.6,87.6,87.6,87.6,87.6,87.6,(X),(X),(X),87.6,136,136,136,136,136,136,136,136,136,136,136,136,(X),(X),(X),136,87.6,87.6,87.6,87.6,87.6,87.6,87.6,87.6,87.6,87.6,87.6,87.6,(X),(X),(X),87.6
9020000US3204,3204,"Northern Nevada, excluding Washoe County Set; Nevada",3800,"Bailiffs, correctional officers, and jailers 3800 (SOC 33-3010)",530,0,4,470,15,25,0,0,0,20,0,0,(X),(X),(X),0,100.0,0.0,0.8,88.7,2.8,4.7,0.0,0.0,0.0,3.8,0.0,0.0,(X),(X),(X),0.0,495,0,0,435,15,25,0,0,0,20,0,0,(X),(X),(X),0,93.4,0.0,0.0,82.1,2.8,4.7,0.0,0.0,0.0,3.8,0.0,0.0,(X),(X),(X),0.0,40,0,4,35,0,4,0,0,0,0,0,0,(X),(X),(X),0,7.5,0.0,0.8,6.6,0.0,0.8,0.0,0.0,0.0,0.0,0.0,0.0,(X),(X),(X),0.0,172,136,5,155,27,32,136,136,136,35,136,136,(X),(X),(X),136,7.7,7.7,1.0,9.7,5.1,6.0,7.7,7.7,7.7,6.3,7.7,7.7,(X),(X),(X),7.7,162,136,136,146,27,32,136,136,136,35,136,136,(X),(X),(X),136,8.5,7.7,7.7,13.4,5.1,5.9,7.7,7.7,7.7,6.3,7.7,7.7,(X),(X),(X),7.7,44,136,5,43,136,4,136,136,136,136,136,136,(X),(X),(X),136,8.0,7.7,1.0,8.0,7.7,0.8,7.7,7.7,7.7,7.7,7.7,7.7,(X),(X),(X),7.7
9020000US3204,3204,"Northern Nevada, excluding Washoe County Set; Nevada",3820,Detectives and criminal investigators 3820 (SOC 33-3021),80,0,35,45,0,0,0,0,0,0,0,0,(X),(X),(X),0,100.0,0.0,43.8,56.3,0.0,0.0,0.0,0.0,0.0,0.0,0.0,0.0,(X),(X),(X),0.0,45,0,0,45,0,0,0,0,0,0,0,0,(X),(X),(X),0,56.3,0.0,0.0,56.3,0.0,0.0,0.0,0.0,0.0,0.0,0.0,0.0,(X),(X),(X),0.0,35,0,35,0,0,0,0,0,0,0,0,0,(X),(X),(X),0,43.8,0.0,43.8,0.0,0.0,0.0,0.0,0.0,0.0,0.0,0.0,0.0,(X),(X),(X),0.0,69,136,56,41,136,136,136,136,136,136,136,136,(X),(X),(X),136,37.9,37.9,46.7,48.5,37.9,37.9,37.9,37.9,37.9,37.9,37.9,37.9,(X),(X),(X),37.9,41,136,136,41,136,136,136,136,136,136,136,136,(X),(X),(X),136,48.5,37.9,37.9,48.5,37.9,37.9,37.9,37.9,37.9,37.9,37.9,37.9,(X),(X),(X),37.9,56,136,56,136,136,136,136,136,136,136,136,136,(X),(X),(X),136,46.7,37.9,46.7,37.9,37.9,37.9,37.9,37.9,37.9,37.9,37.9,37.9,(X),(X),(X),37.9
9020000US3204,3204,"Northern Nevada, excluding Washoe County Set; Nevada",3850,Police officers 3850 (SOC 33-3050),200,0,4,185,0,15,0,0,0,0,0,0,(X),(X),(X),0,100.0,0.0,2.0,92.5,0.0,7.5,0.0,0.0,0.0,0.0,0.0,0.0,(X),(X),(X),0.0,200,0,4,185,0,15,0,0,0,0,0,0,(X),(X),(X),0,100.0,0.0,2.0,92.5,0.0,7.5,0.0,0.0,0.0,0.0,0.0,0.0,(X),(X),(X),0.0,0,0,0,0,0,0,0,0,0,0,0,0,(X),(X),(X),0,0.0,0.0,0.0,0.0,0.0,0.0,0.0,0.0,0.0,0.0,0.0,0.0,(X),(X),(X),0.0,91,136,4,90,136,19,136,136,136,136,136,136,(X),(X),(X),136,19.0,19.0,2.4,8.8,19.0,9.7,19.0,19.0,19.0,19.0,19.0,19.0,(X),(X),(X),19.0,91,136,4,90,136,19,136,136,136,136,136,136,(X),(X),(X),136,19.0,19.0,2.4,8.8,19.0,9.7,19.0,19.0,19.0,19.0,19.0,19.0,(X),(X),(X),19.0,136,136,136,136,136,136,136,136,136,136,136,136,(X),(X),(X),136,19.0,19.0,19.0,19.0,19.0,19.0,19.0,19.0,19.0,19.0,19.0,19.0,(X),(X),(X),19.0
9020000US3204,3204,"Northern Nevada, excluding Washoe County Set; Nevada",3910,Private detectives and investigators 3910 (SOC 33-9021),15,0,0,15,0,0,0,0,0,0,0,0,(X),(X),(X),0,100.0,0.0,0.0,100.0,0.0,0.0,0.0,0.0,0.0,0.0,0.0,0.0,(X),(X),(X),0.0,15,0,0,15,0,0,0,0,0,0,0,0,(X),(X),(X),0,100.0,0.0,0.0,100.0,0.0,0.0,0.0,0.0,0.0,0.0,0.0,0.0,(X),(X),(X),0.0,0,0,0,0,0,0,0,0,0,0,0,0,(X),(X),(X),0,0.0,0.0,0.0,0.0,0.0,0.0,0.0,0.0,0.0,0.0,0.0,0.0,(X),(X),(X),0.0,24,136,136,24,136,136,136,136,136,136,136,136,(X),(X),(X),136,87.6,87.6,87.6,87.6,87.6,87.6,87.6,87.6,87.6,87.6,87.6,87.6,(X),(X),(X),87.6,24,136,136,24,136,136,136,136,136,136,136,136,(X),(X),(X),136,87.6,87.6,87.6,87.6,87.6,87.6,87.6,87.6,87.6,87.6,87.6,87.6,(X),(X),(X),87.6,136,136,136,136,136,136,136,136,136,136,136,136,(X),(X),(X),136,87.6,87.6,87.6,87.6,87.6,87.6,87.6,87.6,87.6,87.6,87.6,87.6,(X),(X),(X),87.6
9020000US3204,3204,"Northern Nevada, excluding Washoe County Set; Nevada",3930,Security guards and gaming surveillance officers 3930 (SOC 33-9030),460,75,15,350,4,20,0,0,0,0,0,0,(X),(X),(X),0,100.0,16.3,3.3,76.1,0.9,4.3,0.0,0.0,0.0,0.0,0.0,0.0,(X),(X),(X),0.0,355,75,15,240,4,20,0,0,0,0,0,0,(X),(X),(X),0,77.2,16.3,3.3,52.2,0.9,4.3,0.0,0.0,0.0,0.0,0.0,0.0,(X),(X),(X),0.0,105,0,0,105,0,0,0,0,0,0,0,0,(X),(X),(X),0,22.8,0.0,0.0,22.8,0.0,0.0,0.0,0.0,0.0,0.0,0.0,0.0,(X),(X),(X),0.0,176,49,26,162,9,26,136,136,136,136,136,136,(X),(X),(X),136,8.8,10.2,5.8,13.7,2.1,5.8,8.8,8.8,8.8,8.8,8.8,8.8,(X),(X),(X),8.8,136,49,26,121,9,26,136,136,136,136,136,136,(X),(X),(X),136,10.1,10.2,5.8,14.2,2.1,5.8,8.8,8.8,8.8,8.8,8.8,8.8,(X),(X),(X),8.8,65,136,136,65,136,136,136,136,136,136,136,136,(X),(X),(X),136,10.4,8.8,8.8,10.4,8.8,8.8,8.8,8.8,8.8,8.8,8.8,8.8,(X),(X),(X),8.8
9020000US3204,3204,"Northern Nevada, excluding Washoe County Set; Nevada",3940,Crossing guards 3940 (SOC 33-9091),55,0,20,15,0,20,0,0,0,0,0,0,(X),(X),(X),0,100.0,0.0,36.4,27.3,0.0,36.4,0.0,0.0,0.0,0.0,0.0,0.0,(X),(X),(X),0.0,0,0,0,0,0,0,0,0,0,0,0,0,(X),(X),(X),0,0.0,0.0,0.0,0.0,0.0,0.0,0.0,0.0,0.0,0.0,0.0,0.0,(X),(X),(X),0.0,55,0,20,15,0,20,0,0,0,0,0,0,(X),(X),(X),0,100.0,0.0,36.4,27.3,0.0,36.4,0.0,0.0,0.0,0.0,0.0,0.0,(X),(X),(X),0.0,42,136,27,27,136,28,136,136,136,136,136,136,(X),(X),(X),136,45.7,45.7,44.9,43.3,45.7,45.3,45.7,45.7,45.7,45.7,45.7,45.7,(X),(X),(X),45.7,136,136,136,136,136,136,136,136,136,136,136,136,(X),(X),(X),136,45.7,45.7,45.7,45.7,45.7,45.7,45.7,45.7,45.7,45.7,45.7,45.7,(X),(X),(X),45.7,42,136,27,27,136,28,136,136,136,136,136,136,(X),(X),(X),136,45.7,45.7,44.9,43.3,45.7,45.3,45.7,45.7,45.7,45.7,45.7,45.7,(X),(X),(X),45.7
9020000US3204,3204,"Northern Nevada, excluding Washoe County Set; Nevada",3945,Transportation security screeners 3945 (SOC 33-9093),20,0,0,20,0,0,0,0,0,0,0,0,(X),(X),(X),0,100.0,0.0,0.0,100.0,0.0,0.0,0.0,0.0,0.0,0.0,0.0,0.0,(X),(X),(X),0.0,0,0,0,0,0,0,0,0,0,0,0,0,(X),(X),(X),0,0.0,0.0,0.0,0.0,0.0,0.0,0.0,0.0,0.0,0.0,0.0,0.0,(X),(X),(X),0.0,20,0,0,20,0,0,0,0,0,0,0,0,(X),(X),(X),0,100.0,0.0,0.0,100.0,0.0,0.0,0.0,0.0,0.0,0.0,0.0,0.0,(X),(X),(X),0.0,32,136,136,32,136,136,136,136,136,136,136,136,(X),(X),(X),136,75.8,75.8,75.8,75.8,75.8,75.8,75.8,75.8,75.8,75.8,75.8,75.8,(X),(X),(X),75.8,136,136,136,136,136,136,136,136,136,136,136,136,(X),(X),(X),136,75.8,75.8,75.8,75.8,75.8,75.8,75.8,75.8,75.8,75.8,75.8,75.8,(X),(X),(X),75.8,32,136,136,32,136,136,136,136,136,136,136,136,(X),(X),(X),136,75.8,75.8,75.8,75.8,75.8,75.8,75.8,75.8,75.8,75.8,75.8,75.8,(X),(X),(X),75.8
9020000US3204,3204,"Northern Nevada, excluding Washoe County Set; Nevada",3955,"Lifeguards and other recreational, and all other protective service workers 3955 (SOC 33-909X)",175,90,0,85,0,0,0,0,0,0,0,0,(X),(X),(X),0,100.0,51.4,0.0,48.6,0.0,0.0,0.0,0.0,0.0,0.0,0.0,0.0,(X),(X),(X),0.0,35,0,0,35,0,0,0,0,0,0,0,0,(X),(X),(X),0,20.0,0.0,0.0,20.0,0.0,0.0,0.0,0.0,0.0,0.0,0.0,0.0,(X),(X),(X),0.0,140,90,0,50,0,0,0,0,0,0,0,0,(X),(X),(X),0,80.0,51.4,0.0,28.6,0.0,0.0,0.0,0.0,0.0,0.0,0.0,0.0,(X),(X),(X),0.0,117,84,136,79,136,136,136,136,136,136,136,136,(X),(X),(X),136,21.4,34.7,21.4,35.2,21.4,21.4,21.4,21.4,21.4,21.4,21.4,21.4,(X),(X),(X),21.4,42,136,136,42,136,136,136,136,136,136,136,136,(X),(X),(X),136,23.3,21.4,21.4,23.3,21.4,21.4,21.4,21.4,21.4,21.4,21.4,21.4,(X),(X),(X),21.4,106,84,136,61,136,136,136,136,136,136,136,136,(X),(X),(X),136,23.3,34.7,21.4,28.8,21.4,21.4,21.4,21.4,21.4,21.4,21.4,21.4,(X),(X),(X),21.4
9020000US3204,3204,"Northern Nevada, excluding Washoe County Set; Nevada",4000,Chefs and head cooks 4000 (SOC 35-1011),4,0,0,0,0,4,0,0,0,0,0,0,(X),(X),(X),0,100.0,0.0,0.0,0.0,0.0,100.0,0.0,0.0,0.0,0.0,0.0,0.0,(X),(X),(X),0.0,0,0,0,0,0,0,0,0,0,0,0,0,(X),(X),(X),0,0.0,0.0,0.0,0.0,0.0,0.0,0.0,0.0,0.0,0.0,0.0,0.0,(X),(X),(X),0.0,4,0,0,0,0,4,0,0,0,0,0,0,(X),(X),(X),0,100.0,0.0,0.0,0.0,0.0,100.0,0.0,0.0,0.0,0.0,0.0,0.0,(X),(X),(X),0.0,12,136,136,136,136,12,136,136,136,136,136,136,(X),(X),(X),136,100.0,100.0,100.0,100.0,100.0,100.0,100.0,100.0,100.0,100.0,100.0,100.0,(X),(X),(X),100.0,136,136,136,136,136,136,136,136,136,136,136,136,(X),(X),(X),136,100.0,100.0,100.0,100.0,100.0,100.0,100.0,100.0,100.0,100.0,100.0,100.0,(X),(X),(X),100.0,12,136,136,136,136,12,136,136,136,136,136,136,(X),(X),(X),136,100.0,100.0,100.0,100.0,100.0,100.0,100.0,100.0,100.0,100.0,100.0,100.0,(X),(X),(X),100.0
9020000US3204,3204,"Northern Nevada, excluding Washoe County Set; Nevada",4010,First-line supervisors of food preparation and serving workers 4010 (SOC 35-1012),105,0,0,95,0,10,0,0,0,0,0,0,(X),(X),(X),0,100.0,0.0,0.0,90.5,0.0,9.5,0.0,0.0,0.0,0.0,0.0,0.0,(X),(X),(X),0.0,30,0,0,30,0,0,0,0,0,0,0,0,(X),(X),(X),0,28.6,0.0,0.0,28.6,0.0,0.0,0.0,0.0,0.0,0.0,0.0,0.0,(X),(X),(X),0.0,75,0,0,70,0,10,0,0,0,0,0,0,(X),(X),(X),0,71.4,0.0,0.0,66.7,0.0,9.5,0.0,0.0,0.0,0.0,0.0,0.0,(X),(X),(X),0.0,67,136,136,65,136,14,136,136,136,136,136,136,(X),(X),(X),136,32.0,32.0,32.0,15.0,32.0,13.2,32.0,32.0,32.0,32.0,32.0,32.0,(X),(X),(X),32.0,34,136,136,34,136,136,136,136,136,136,136,136,(X),(X),(X),136,29.0,32.0,32.0,29.0,32.0,32.0,32.0,32.0,32.0,32.0,32.0,32.0,(X),(X),(X),32.0,56,136,136,55,136,14,136,136,136,136,136,136,(X),(X),(X),136,30.0,32.0,32.0,32.5,32.0,13.2,32.0,32.0,32.0,32.0,32.0,32.0,(X),(X),(X),32.0
9020000US3204,3204,"Northern Nevada, excluding Washoe County Set; Nevada",4020,Cooks 4020 (SOC 35-2010),900,540,55,260,0,50,0,0,0,0,0,0,(X),(X),(X),0,100.0,60.0,6.1,28.9,0.0,5.6,0.0,0.0,0.0,0.0,0.0,0.0,(X),(X),(X),0.0,390,310,10,70,0,0,0,0,0,0,0,0,(X),(X),(X),0,43.3,34.4,1.1,7.8,0.0,0.0,0.0,0.0,0.0,0.0,0.0,0.0,(X),(X),(X),0.0,510,230,40,190,0,50,0,0,0,0,0,0,(X),(X),(X),0,56.7,25.6,4.4,21.1,0.0,5.6,0.0,0.0,0.0,0.0,0.0,0.0,(X),(X),(X),0.0,260,204,44,152,136,52,136,136,136,136,136,136,(X),(X),(X),136,4.6,14.1,5.6,13.2,4.6,5.9,4.6,4.6,4.6,4.6,4.6,4.6,(X),(X),(X),4.6,199,173,19,85,136,136,136,136,136,136,136,136,(X),(X),(X),136,14.0,14.2,2.2,8.5,4.6,4.6,4.6,4.6,4.6,4.6,4.6,4.6,(X),(X),(X),4.6,149,114,40,101,136,52,136,136,136,136,136,136,(X),(X),(X),136,14.0,12.3,5.2,9.5,4.6,5.9,4.6,4.6,4.6,4.6,4.6,4.6,(X),(X),(X),4.6
9020000US3204,3204,"Northern Nevada, excluding Washoe County Set; Nevada",4030,Food preparation workers 4030 (SOC 35-2021),240,100,0,70,0,4,60,0,0,10,0,0,(X),(X),(X),0,100.0,41.7,0.0,29.2,0.0,1.7,25.0,0.0,0.0,4.2,0.0,0.0,(X),(X),(X),0.0,55,10,0,30,0,0,0,0,0,10,0,0,(X),(X),(X),0,22.9,4.2,0.0,12.5,0.0,0.0,0.0,0.0,0.0,4.2,0.0,0.0,(X),(X),(X),0.0,190,85,0,40,0,4,60,0,0,0,0,0,(X),(X),(X),0,79.2,35.4,0.0,16.7,0.0,1.7,25.0,0.0,0.0,0.0,0.0,0.0,(X),(X),(X),0.0,106,79,136,49,136,3,74,136,136,18,136,136,(X),(X),(X),136,16.2,27.1,16.2,17.7,16.2,1.3,28.2,16.2,16.2,7.7,16.2,16.2,(X),(X),(X),16.2,42,22,136,37,136,136,136,136,136,18,136,136,(X),(X),(X),136,17.2,10.2,16.2,14.2,16.2,16.2,16.2,16.2,16.2,7.7,16.2,16.2,(X),(X),(X),16.2,99,81,136,35,136,3,74,136,136,136,136,136,(X),(X),(X),136,18.5,28.0,16.2,14.1,16.2,1.3,28.2,16.2,16.2,16.2,16.2,16.2,(X),(X),(X),16.2
9020000US3204,3204,"Northern Nevada, excluding Washoe County Set; Nevada",4040,Bartenders 4040 (SOC 35-3011),275,55,10,210,0,0,0,0,0,0,0,0,(X),(X),(X),0,100.0,20.0,3.6,76.4,0.0,0.0,0.0,0.0,0.0,0.0,0.0,0.0,(X),(X),(X),0.0,95,20,10,60,0,0,0,0,0,0,0,0,(X),(X),(X),0,34.5,7.3,3.6,21.8,0.0,0.0,0.0,0.0,0.0,0.0,0.0,0.0,(X),(X),(X),0.0,180,30,0,150,0,0,0,0,0,0,0,0,(X),(X),(X),0,65.5,10.9,0.0,54.5,0.0,0.0,0.0,0.0,0.0,0.0,0.0,0.0,(X),(X),(X),0.0,125,57,19,115,136,136,136,136,136,136,136,136,(X),(X),(X),136,14.3,19.4,6.8,20.3,14.3,14.3,14.3,14.3,14.3,14.3,14.3,14.3,(X),(X),(X),14.3,76,38,19,62,136,136,136,136,136,136,136,136,(X),(X),(X),136,22.8,13.1,6.8,19.9,14.3,14.3,14.3,14.3,14.3,14.3,14.3,14.3,(X),(X),(X),14.3,100,41,136,99,136,136,136,136,136,136,136,136,(X),(X),(X),136,22.7,14.9,14.3,25.0,14.3,14.3,14.3,14.3,14.3,14.3,14.3,14.3,(X),(X),(X),14.3
9020000US3204,3204,"Northern Nevada, excluding Washoe County Set; Nevada",4050,"Combined food preparation and serving workers, including fast food 4050 (SOC 35-3021)",140,10,0,120,0,15,0,0,0,0,0,0,(X),(X),(X),0,100.0,7.1,0.0,85.7,0.0,10.7,0.0,0.0,0.0,0.0,0.0,0.0,(X),(X),(X),0.0,20,0,0,15,0,4,0,0,0,0,0,0,(X),(X),(X),0,14.3,0.0,0.0,10.7,0.0,2.9,0.0,0.0,0.0,0.0,0.0,0.0,(X),(X),(X),0.0,125,10,0,105,0,10,0,0,0,0,0,0,(X),(X),(X),0,89.3,7.1,0.0,75.0,0.0,7.1,0.0,0.0,0.0,0.0,0.0,0.0,(X),(X),(X),0.0,103,15,136,104,136,16,136,136,136,136,136,136,(X),(X),(X),136,25.7,12.0,25.7,23.9,25.7,16.9,25.7,25.7,25.7,25.7,25.7,25.7,(X),(X),(X),25.7,24,136,136,22,136,9,136,136,136,136,136,136,(X),(X),(X),136,19.3,25.7,25.7,16.3,25.7,8.0,25.7,25.7,25.7,25.7,25.7,25.7,(X),(X),(X),25.7,100,15,136,103,136,14,136,136,136,136,136,136,(X),(X),(X),136,21.3,12.0,25.7,30.1,25.7,12.8,25.7,25.7,25.7,25.7,25.7,25.7,(X),(X),(X),25.7
9020000US3204,3204,"Northern Nevada, excluding Washoe County Set; Nevada",4060,"Counter attendants, cafeteria, food concession, and coffee shop 4060 (SOC 35-3022)",70,20,4,45,0,0,0,0,0,0,0,0,(X),(X),(X),0,100.0,28.6,5.7,64.3,0.0,0.0,0.0,0.0,0.0,0.0,0.0,0.0,(X),(X),(X),0.0,30,20,0,10,0,0,0,0,0,0,0,0,(X),(X),(X),0,42.9,28.6,0.0,14.3,0.0,0.0,0.0,0.0,0.0,0.0,0.0,0.0,(X),(X),(X),0.0,40,0,4,35,0,0,0,0,0,0,0,0,(X),(X),(X),0,57.1,0.0,5.7,50.0,0.0,0.0,0.0,0.0,0.0,0.0,0.0,0.0,(X),(X),(X),0.0,56,33,2,42,136,136,136,136,136,136,136,136,(X),(X),(X),136,40.5,42.3,7.1,38.6,40.5,40.5,40.5,40.5,40.5,40.5,40.5,40.5,(X),(X),(X),40.5,38,33,136,18,136,136,136,136,136,136,136,136,(X),(X),(X),136,41.7,42.3,40.5,26.2,40.5,40.5,40.5,40.5,40.5,40.5,40.5,40.5,(X),(X),(X),40.5,40,136,2,39,136,136,136,136,136,136,136,136,(X),(X),(X),136,46.1,40.5,7.1,44.2,40.5,40.5,40.5,40.5,40.5,40.5,40.5,40.5,(X),(X),(X),40.5
9020000US3204,3204,"Northern Nevada, excluding Washoe County Set; Nevada",4110,Waiters and waitresses 4110 (SOC 35-3031),835,380,80,365,0,10,0,0,0,0,0,0,(X),(X),(X),0,100.0,45.5,9.6,43.7,0.0,1.2,0.0,0.0,0.0,0.0,0.0,0.0,(X),(X),(X),0.0,110,110,0,0,0,0,0,0,0,0,0,0,(X),(X),(X),0,13.2,13.2,0.0,0.0,0.0,0.0,0.0,0.0,0.0,0.0,0.0,0.0,(X),(X),(X),0.0,730,270,80,365,0,10,0,0,0,0,0,0,(X),(X),(X),0,87.4,32.3,9.6,43.7,0.0,1.2,0.0,0.0,0.0,0.0,0.0,0.0,(X),(X),(X),0.0,228,147,89,137,136,15,136,136,136,136,136,136,(X),(X),(X),136,5.0,13.3,10.0,13.1,5.0,1.8,5.0,5.0,5.0,5.0,5.0,5.0,(X),(X),(X),5.0,80,80,136,136,136,136,136,136,136,136,136,136,(X),(X),(X),136,8.8,8.8,5.0,5.0,5.0,5.0,5.0,5.0,5.0,5.0,5.0,5.0,(X),(X),(X),5.0,210,130,89,137,136,15,136,136,136,136,136,136,(X),(X),(X),136,8.9,13.5,10.0,13.1,5.0,1.8,5.0,5.0,5.0,5.0,5.0,5.0,(X),(X),(X),5.0
9020000US3204,3204,"Northern Nevada, excluding Washoe County Set; Nevada",4120,"Food servers, nonrestaurant 4120 (SOC 35-3041)",75,0,10,50,0,0,0,0,0,0,0,0,(X),(X),(X),10,100.0,0.0,13.3,66.7,0.0,0.0,0.0,0.0,0.0,0.0,0.0,0.0,(X),(X),(X),13.3,0,0,0,0,0,0,0,0,0,0,0,0,(X),(X),(X),0,0.0,0.0,0.0,0.0,0.0,0.0,0.0,0.0,0.0,0.0,0.0,0.0,(X),(X),(X),0.0,75,0,10,50,0,0,0,0,0,0,0,0,(X),(X),(X),10,100.0,0.0,13.3,66.7,0.0,0.0,0.0,0.0,0.0,0.0,0.0,0.0,(X),(X),(X),13.3,57,136,22,61,136,136,136,136,136,136,136,136,(X),(X),(X),18,39.2,39.2,39.7,46.7,39.2,39.2,39.2,39.2,39.2,39.2,39.2,39.2,(X),(X),(X),25.1,136,136,136,136,136,136,136,136,136,136,136,136,(X),(X),(X),136,39.2,39.2,39.2,39.2,39.2,39.2,39.2,39.2,39.2,39.2,39.2,39.2,(X),(X),(X),39.2,57,136,22,61,136,136,136,136,136,136,136,136,(X),(X),(X),18,39.2,39.2,39.7,46.7,39.2,39.2,39.2,39.2,39.2,39.2,39.2,39.2,(X),(X),(X),25.1
9020000US3204,3204,"Northern Nevada, excluding Washoe County Set; Nevada",4130,"Miscellaneous food preparation and serving related workers, including dining room and cafeteria attendants and bartender helpers 4130 (SOC 35-90XX)",250,175,0,55,0,0,20,0,0,0,0,0,(X),(X),(X),0,100.0,70.0,0.0,22.0,0.0,0.0,8.0,0.0,0.0,0.0,0.0,0.0,(X),(X),(X),0.0,140,105,0,35,0,0,0,0,0,0,0,0,(X),(X),(X),0,56.0,42.0,0.0,14.0,0.0,0.0,0.0,0.0,0.0,0.0,0.0,0.0,(X),(X),(X),0.0,110,70,0,20,0,0,20,0,0,0,0,0,(X),(X),(X),0,44.0,28.0,0.0,8.0,0.0,0.0,8.0,0.0,0.0,0.0,0.0,0.0,(X),(X),(X),0.0,104,84,136,45,136,136,32,136,136,136,136,136,(X),(X),(X),136,15.6,17.7,15.6,16.4,15.6,15.6,12.5,15.6,15.6,15.6,15.6,15.6,(X),(X),(X),15.6,88,76,136,39,136,136,136,136,136,136,136,136,(X),(X),(X),136,24.3,24.3,15.6,14.7,15.6,15.6,15.6,15.6,15.6,15.6,15.6,15.6,(X),(X),(X),15.6,70,57,136,24,136,136,32,136,136,136,136,136,(X),(X),(X),136,24.6,21.8,15.6,10.2,15.6,15.6,12.5,15.6,15.6,15.6,15.6,15.6,(X),(X),(X),15.6
9020000US3204,3204,"Northern Nevada, excluding Washoe County Set; Nevada",4140,Dishwashers 4140 (SOC 35-9021),160,135,0,25,0,0,0,0,0,0,0,0,(X),(X),(X),0,100.0,84.4,0.0,15.6,0.0,0.0,0.0,0.0,0.0,0.0,0.0,0.0,(X),(X),(X),0.0,110,100,0,15,0,0,0,0,0,0,0,0,(X),(X),(X),0,68.8,62.5,0.0,9.4,0.0,0.0,0.0,0.0,0.0,0.0,0.0,0.0,(X),(X),(X),0.0,50,40,0,10,0,0,0,0,0,0,0,0,(X),(X),(X),0,31.3,25.0,0.0,6.3,0.0,0.0,0.0,0.0,0.0,0.0,0.0,0.0,(X),(X),(X),0.0,89,82,136,28,136,136,136,136,136,136,136,136,(X),(X),(X),136,23.0,17.9,23.0,17.4,23.0,23.0,23.0,23.0,23.0,23.0,23.0,23.0,(X),(X),(X),23.0,79,77,136,22,136,136,136,136,136,136,136,136,(X),(X),(X),136,33.2,35.2,23.0,13.8,23.0,23.0,23.0,23.0,23.0,23.0,23.0,23.0,(X),(X),(X),23.0,60,56,136,21,136,136,136,136,136,136,136,136,(X),(X),(X),136,32.5,31.0,23.0,13.7,23.0,23.0,23.0,23.0,23.0,23.0,23.0,23.0,(X),(X),(X),23.0
9020000US3204,3204,"Northern Nevada, excluding Washoe County Set; Nevada",4150,"Hosts and hostesses, restaurant, lounge, and coffee shop 4150 (SOC 35-9031)",75,10,15,45,0,4,0,0,0,0,0,0,(X),(X),(X),0,100.0,13.3,20.0,60.0,0.0,5.3,0.0,0.0,0.0,0.0,0.0,0.0,(X),(X),(X),0.0,0,0,0,0,0,0,0,0,0,0,0,0,(X),(X),(X),0,0.0,0.0,0.0,0.0,0.0,0.0,0.0,0.0,0.0,0.0,0.0,0.0,(X),(X),(X),0.0,75,10,15,45,0,4,0,0,0,0,0,0,(X),(X),(X),0,100.0,13.3,20.0,60.0,0.0,5.3,0.0,0.0,0.0,0.0,0.0,0.0,(X),(X),(X),0.0,61,15,30,48,136,2,136,136,136,136,136,136,(X),(X),(X),136,39.2,20.5,37.6,36.6,39.2,6.5,39.2,39.2,39.2,39.2,39.2,39.2,(X),(X),(X),39.2,136,136,136,136,136,136,136,136,136,136,136,136,(X),(X),(X),136,39.2,39.2,39.2,39.2,39.2,39.2,39.2,39.2,39.2,39.2,39.2,39.2,(X),(X),(X),39.2,61,15,30,48,136,2,136,136,136,136,136,136,(X),(X),(X),136,39.2,20.5,37.6,36.6,39.2,6.5,39.2,39.2,39.2,39.2,39.2,39.2,(X),(X),(X),39.2
9020000US3204,3204,"Northern Nevada, excluding Washoe County Set; Nevada",4200,First-line supervisors of housekeeping and janitorial workers 4200 (SOC 37-1011),90,0,0,75,0,10,0,0,0,4,0,0,(X),(X),(X),0,100.0,0.0,0.0,83.3,0.0,11.1,0.0,0.0,0.0,4.4,0.0,0.0,(X),(X),(X),0.0,50,0,0,50,0,0,0,0,0,4,0,0,(X),(X),(X),0,55.6,0.0,0.0,55.6,0.0,0.0,0.0,0.0,0.0,4.4,0.0,0.0,(X),(X),(X),0.0,35,0,0,30,0,10,0,0,0,0,0,0,(X),(X),(X),0,38.9,0.0,0.0,33.3,0.0,11.1,0.0,0.0,0.0,0.0,0.0,0.0,(X),(X),(X),0.0,84,136,136,84,136,14,136,136,136,3,136,136,(X),(X),(X),136,35.4,35.4,35.4,22.2,35.4,16.7,35.4,35.4,35.4,7.4,35.4,35.4,(X),(X),(X),35.4,73,136,136,72,136,136,136,136,136,3,136,136,(X),(X),(X),136,53.6,35.4,35.4,53.3,35.4,35.4,35.4,35.4,35.4,7.4,35.4,35.4,(X),(X),(X),35.4,47,136,136,45,136,14,136,136,136,136,136,136,(X),(X),(X),136,54.0,35.4,35.4,48.0,35.4,16.7,35.4,35.4,35.4,35.4,35.4,35.4,(X),(X),(X),35.4
9020000US3204,3204,"Northern Nevada, excluding Washoe County Set; Nevada",4220,Janitors and building cleaners 4220 (SOC 37-201X),1140,305,110,605,15,60,0,0,45,0,0,0,(X),(X),(X),0,100.0,26.8,9.6,53.1,1.3,5.3,0.0,0.0,3.9,0.0,0.0,0.0,(X),(X),(X),0.0,690,205,75,330,15,20,0,0,45,0,0,0,(X),(X),(X),0,60.5,18.0,6.6,28.9,1.3,1.8,0.0,0.0,3.9,0.0,0.0,0.0,(X),(X),(X),0.0,450,100,35,275,0,40,0,0,0,0,0,0,(X),(X),(X),0,39.5,8.8,3.1,24.1,0.0,3.5,0.0,0.0,0.0,0.0,0.0,0.0,(X),(X),(X),0.0,223,124,76,195,29,39,136,136,61,136,136,136,(X),(X),(X),136,3.7,9.9,6.8,11.7,2.4,3.5,3.7,3.7,5.3,3.7,3.7,3.7,(X),(X),(X),3.7,170,93,68,124,29,24,136,136,61,136,136,136,(X),(X),(X),136,9.8,7.6,6.0,8.9,2.4,2.1,3.7,3.7,5.3,3.7,3.7,3.7,(X),(X),(X),3.7,146,81,37,134,136,31,136,136,136,136,136,136,(X),(X),(X),136,9.7,7.0,3.3,10.0,3.7,2.8,3.7,3.7,3.7,3.7,3.7,3.7,(X),(X),(X),3.7
9020000US3204,3204,"Northern Nevada, excluding Washoe County Set; Nevada",4230,Maids and housekeeping cleaners 4230 (SOC 37-2012),655,390,60,160,15,30,0,0,0,0,0,0,(X),(X),(X),0,100.0,59.5,9.2,24.4,2.3,4.6,0.0,0.0,0.0,0.0,0.0,0.0,(X),(X),(X),0.0,55,45,0,0,0,10,0,0,0,0,0,0,(X),(X),(X),0,8.4,6.9,0.0,0.0,0.0,1.5,0.0,0.0,0.0,0.0,0.0,0.0,(X),(X),(X),0.0,600,345,60,160,15,25,0,0,0,0,0,0,(X),(X),(X),0,91.6,52.7,9.2,24.4,2.3,3.8,0.0,0.0,0.0,0.0,0.0,0.0,(X),(X),(X),0.0,172,130,61,82,28,23,136,136,136,136,136,136,(X),(X),(X),136,6.3,12.3,8.4,11.6,4.2,3.7,6.3,6.3,6.3,6.3,6.3,6.3,(X),(X),(X),6.3,50,47,136,136,136,14,136,136,136,136,136,136,(X),(X),(X),136,7.5,7.1,6.3,6.3,6.3,2.2,6.3,6.3,6.3,6.3,6.3,6.3,(X),(X),(X),6.3,167,123,61,82,28,21,136,136,136,136,136,136,(X),(X),(X),136,7.6,12.8,8.4,11.6,4.2,3.2,6.3,6.3,6.3,6.3,6.3,6.3,(X),(X),(X),6.3
9020000US3204,3204,"Northern Nevada, excluding Washoe County Set; Nevada",4250,Grounds maintenance workers 4250 (SOC 37-3010),200,10,4,170,0,10,0,0,0,0,0,0,(X),(X),(X),0,100.0,5.0,2.0,85.0,0.0,5.0,0.0,0.0,0.0,0.0,0.0,0.0,(X),(X),(X),0.0,140,10,4,110,0,10,0,0,0,0,0,0,(X),(X),(X),0,70.0,5.0,2.0,55.0,0.0,5.0,0.0,0.0,0.0,0.0,0.0,0.0,(X),(X),(X),0.0,60,0,0,60,0,0,0,0,0,0,0,0,(X),(X),(X),0,30.0,0.0,0.0,30.0,0.0,0.0,0.0,0.0,0.0,0.0,0.0,0.0,(X),(X),(X),0.0,79,15,20,79,136,16,136,136,136,136,136,136,(X),(X),(X),136,19.0,7.2,9.9,13.5,19.0,8.8,19.0,19.0,19.0,19.0,19.0,19.0,(X),(X),(X),19.0,68,15,20,64,136,16,136,136,136,136,136,136,(X),(X),(X),136,26.6,7.2,9.9,25.3,19.0,8.8,19.0,19.0,19.0,19.0,19.0,19.0,(X),(X),(X),19.0,61,136,136,61,136,136,136,136,136,136,136,136,(X),(X),(X),136,26.4,19.0,19.0,26.4,19.0,19.0,19.0,19.0,19.0,19.0,19.0,19.0,(X),(X),(X),19.0
9020000US3204,3204,"Northern Nevada, excluding Washoe County Set; Nevada",4300,First-line supervisors of gaming workers 4300 (SOC 39-1010),180,15,0,145,0,15,0,0,0,0,0,0,(X),(X),(X),0,100.0,8.3,0.0,80.6,0.0,8.3,0.0,0.0,0.0,0.0,0.0,0.0,(X),(X),(X),0.0,120,15,0,105,0,0,0,0,0,0,0,0,(X),(X),(X),0,66.7,8.3,0.0,58.3,0.0,0.0,0.0,0.0,0.0,0.0,0.0,0.0,(X),(X),(X),0.0,60,0,0,45,0,15,0,0,0,0,0,0,(X),(X),(X),0,33.3,0.0,0.0,25.0,0.0,8.3,0.0,0.0,0.0,0.0,0.0,0.0,(X),(X),(X),0.0,97,25,136,93,136,23,136,136,136,136,136,136,(X),(X),(X),136,20.8,14.0,20.8,20.7,20.8,14.6,20.8,20.8,20.8,20.8,20.8,20.8,(X),(X),(X),20.8,76,25,136,70,136,136,136,136,136,136,136,136,(X),(X),(X),136,24.3,14.0,20.8,23.8,20.8,20.8,20.8,20.8,20.8,20.8,20.8,20.8,(X),(X),(X),20.8,52,136,136,47,136,23,136,136,136,136,136,136,(X),(X),(X),136,24.2,20.8,20.8,19.9,20.8,14.6,20.8,20.8,20.8,20.8,20.8,20.8,(X),(X),(X),20.8
9020000US3204,3204,"Northern Nevada, excluding Washoe County Set; Nevada",4320,First-line supervisors of personal service workers 4320 (SOC 39-1021),90,30,0,65,0,0,0,0,0,0,0,0,(X),(X),(X),0,100.0,33.3,0.0,72.2,0.0,0.0,0.0,0.0,0.0,0.0,0.0,0.0,(X),(X),(X),0.0,50,30,0,20,0,0,0,0,0,0,0,0,(X),(X),(X),0,55.6,33.3,0.0,22.2,0.0,0.0,0.0,0.0,0.0,0.0,0.0,0.0,(X),(X),(X),0.0,45,0,0,45,0,0,0,0,0,0,0,0,(X),(X),(X),0,50.0,0.0,0.0,50.0,0.0,0.0,0.0,0.0,0.0,0.0,0.0,0.0,(X),(X),(X),0.0,63,42,136,48,136,136,136,136,136,136,136,136,(X),(X),(X),136,35.4,40.6,35.4,38.9,35.4,35.4,35.4,35.4,35.4,35.4,35.4,35.4,(X),(X),(X),35.4,51,42,136,27,136,136,136,136,136,136,136,136,(X),(X),(X),136,38.7,40.6,35.4,27.2,35.4,35.4,35.4,35.4,35.4,35.4,35.4,35.4,(X),(X),(X),35.4,40,136,136,40,136,136,136,136,136,136,136,136,(X),(X),(X),136,36.2,35.4,35.4,36.2,35.4,35.4,35.4,35.4,35.4,35.4,35.4,35.4,(X),(X),(X),35.4
9020000US3205,3205,"Washoe County Set, Nevada",0000,"Total, all occupations",224805,25275,17340,157560,4550,3005,12250,1075,290,1055,1025,130,(X),(X),(X),1255,100.0,11.2,7.7,70.1,2.0,1.3,5.4,0.5,0.1,0.5,0.5,0.1,(X),(X),(X),0.6,120955,14405,10570,83890,2565,1400,5805,435,75,600,480,65,(X),(X),(X),655,53.8,6.4,4.7,37.3,1.1,0.6,2.6,0.2,0.0,0.3,0.2,0.0,(X),(X),(X),0.3,103850,10865,6765,73665,1985,1605,6445,635,215,450,545,65,(X),(X),(X),605,46.2,4.8,3.0,32.8,0.9,0.7,2.9,0.3,0.1,0.2,0.2,0.0,(X),(X),(X),0.3,1889,1131,1139,1443,270,218,526,204,109,208,232,102,(X),(X),(X),300,0.1,0.5,0.5,0.4,0.1,0.1,0.2,0.1,0.1,0.1,0.1,0.1,(X),(X),(X),0.1,1146,834,760,905,198,141,313,129,57,146,161,55,(X),(X),(X),211,0.3,0.4,0.3,0.3,0.1,0.1,0.1,0.1,0.1,0.1,0.1,0.1,(X),(X),(X),0.1,1157,620,632,969,207,165,370,112,99,151,181,58,(X),(X),(X),210,0.3,0.3,0.3,0.4,0.1,0.1,0.2,0.1,0.1,0.1,0.1,0.1,(X),(X),(X),0.1
9020000US3205,3205,"Washoe County Set, Nevada",0010,Chief executives and legislators 0010 (SOC 11-10XX),1465,40,0,1385,15,0,30,0,0,0,0,0,(X),(X),(X),0,100.0,2.7,0.0,94.5,1.0,0.0,2.0,0.0,0.0,0.0,0.0,0.0,(X),(X),(X),0.0,1170,30,0,1100,15,0,30,0,0,0,0,0,(X),(X),(X),0,79.9,2.0,0.0,75.1,1.0,0.0,2.0,0.0,0.0,0.0,0.0,0.0,(X),(X),(X),0.0,295,10,0,285,0,0,0,0,0,0,0,0,(X),(X),(X),0,20.1,0.7,0.0,19.5,0.0,0.0,0.0,0.0,0.0,0.0,0.0,0.0,(X),(X),(X),0.0,302,41,136,295,26,136,40,136,136,136,136,136,(X),(X),(X),136,2.9,2.9,2.9,4.7,1.8,2.9,2.7,2.9,2.9,2.9,2.9,2.9,(X),(X),(X),2.9,286,37,136,273,26,136,40,136,136,136,136,136,(X),(X),(X),136,8.1,2.5,2.9,8.6,1.8,2.9,2.7,2.9,2.9,2.9,2.9,2.9,(X),(X),(X),2.9,125,19,136,125,136,136,136,136,136,136,136,136,(X),(X),(X),136,8.1,1.3,2.9,8.0,2.9,2.9,2.9,2.9,2.9,2.9,2.9,2.9,(X),(X),(X),2.9
9020000US3205,3205,"Washoe County Set, Nevada",0020,General and operations managers 0020 (SOC 11-1021),1825,35,40,1625,75,0,35,0,0,0,4,0,(X),(X),(X),4,100.0,1.9,2.2,89.0,4.1,0.0,1.9,0.0,0.0,0.0,0.2,0.0,(X),(X),(X),0.2,1270,30,25,1105,75,0,25,0,0,0,4,0,(X),(X),(X),4,69.6,1.6,1.4,60.5,4.1,0.0,1.4,0.0,0.0,0.0,0.2,0.0,(X),(X),(X),0.2,550,4,15,520,0,0,15,0,0,0,0,0,(X),(X),(X),0,30.1,0.2,0.8,28.5,0.0,0.0,0.8,0.0,0.0,0.0,0.0,0.0,(X),(X),(X),0.0,337,30,38,314,103,136,44,136,136,136,11,136,(X),(X),(X),15,2.3,1.8,1.9,6.5,5.6,2.3,2.4,2.3,2.3,2.3,0.6,2.3,(X),(X),(X),0.8,277,34,34,257,103,136,35,136,136,136,11,136,(X),(X),(X),15,8.8,1.9,1.8,9.7,5.6,2.3,2.0,2.3,2.3,2.3,0.6,2.3,(X),(X),(X),0.8,191,13,22,179,136,136,23,136,136,136,136,136,(X),(X),(X),136,8.9,0.7,1.2,8.3,2.3,2.3,1.3,2.3,2.3,2.3,2.3,2.3,(X),(X),(X),2.3
9020000US3205,3205,"Washoe County Set, Nevada",0040,Advertising and promotions managers 0040 (SOC 11-2011),55,0,40,15,0,0,0,0,0,0,0,0,(X),(X),(X),0,100.0,0.0,72.7,27.3,0.0,0.0,0.0,0.0,0.0,0.0,0.0,0.0,(X),(X),(X),0.0,0,0,0,0,0,0,0,0,0,0,0,0,(X),(X),(X),0,0.0,0.0,0.0,0.0,0.0,0.0,0.0,0.0,0.0,0.0,0.0,0.0,(X),(X),(X),0.0,55,0,40,15,0,0,0,0,0,0,0,0,(X),(X),(X),0,100.0,0.0,72.7,27.3,0.0,0.0,0.0,0.0,0.0,0.0,0.0,0.0,(X),(X),(X),0.0,61,136,56,31,136,136,136,136,136,136,136,136,(X),(X),(X),136,45.7,45.7,59.2,58.1,45.7,45.7,45.7,45.7,45.7,45.7,45.7,45.7,(X),(X),(X),45.7,136,136,136,136,136,136,136,136,136,136,136,136,(X),(X),(X),136,45.7,45.7,45.7,45.7,45.7,45.7,45.7,45.7,45.7,45.7,45.7,45.7,(X),(X),(X),45.7,61,136,56,31,136,136,136,136,136,136,136,136,(X),(X),(X),136,45.7,45.7,59.2,58.1,45.7,45.7,45.7,45.7,45.7,45.7,45.7,45.7,(X),(X),(X),45.7
9020000US3205,3205,"Washoe County Set, Nevada",0050,Marketing and sales managers 0050 (SOC 11-2020),1390,120,30,1135,0,0,95,0,0,0,10,0,(X),(X),(X),0,100.0,8.6,2.2,81.7,0.0,0.0,6.8,0.0,0.0,0.0,0.7,0.0,(X),(X),(X),0.0,750,10,20,655,0,0,55,0,0,0,10,0,(X),(X),(X),0,54.0,0.7,1.4,47.1,0.0,0.0,4.0,0.0,0.0,0.0,0.7,0.0,(X),(X),(X),0.0,640,110,15,480,0,0,40,0,0,0,0,0,(X),(X),(X),0,46.0,7.9,1.1,34.5,0.0,0.0,2.9,0.0,0.0,0.0,0.0,0.0,(X),(X),(X),0.0,256,95,39,232,136,136,82,136,136,136,18,136,(X),(X),(X),136,3.0,6.9,2.7,8.8,3.0,3.0,5.6,3.0,3.0,3.0,1.3,3.0,(X),(X),(X),3.0,237,16,32,215,136,136,74,136,136,136,18,136,(X),(X),(X),136,12.6,1.1,2.3,12.4,3.0,3.0,5.1,3.0,3.0,3.0,1.3,3.0,(X),(X),(X),3.0,197,94,25,171,136,136,41,136,136,136,136,136,(X),(X),(X),136,12.6,6.8,1.8,11.2,3.0,3.0,2.9,3.0,3.0,3.0,3.0,3.0,(X),(X),(X),3.0
9020000US3205,3205,"Washoe County Set, Nevada",0060,Public relations and fundraising managers 0060 (SOC 11-2031),20,0,10,10,0,0,0,0,0,0,0,0,(X),(X),(X),0,100.0,0.0,50.0,50.0,0.0,0.0,0.0,0.0,0.0,0.0,0.0,0.0,(X),(X),(X),0.0,10,0,10,0,0,0,0,0,0,0,0,0,(X),(X),(X),0,50.0,0.0,50.0,0.0,0.0,0.0,0.0,0.0,0.0,0.0,0.0,0.0,(X),(X),(X),0.0,10,0,0,10,0,0,0,0,0,0,0,0,(X),(X),(X),0,50.0,0.0,0.0,50.0,0.0,0.0,0.0,0.0,0.0,0.0,0.0,0.0,(X),(X),(X),0.0,31,136,14,21,136,136,136,136,136,136,136,136,(X),(X),(X),136,75.8,75.8,50.0,50.0,75.8,75.8,75.8,75.8,75.8,75.8,75.8,75.8,(X),(X),(X),75.8,14,136,14,136,136,136,136,136,136,136,136,136,(X),(X),(X),136,50.0,75.8,50.0,75.8,75.8,75.8,75.8,75.8,75.8,75.8,75.8,75.8,(X),(X),(X),75.8,21,136,136,21,136,136,136,136,136,136,136,136,(X),(X),(X),136,50.0,75.8,75.8,50.0,75.8,75.8,75.8,75.8,75.8,75.8,75.8,75.8,(X),(X),(X),75.8
9020000US3205,3205,"Washoe County Set, Nevada",0100,Administrative services managers 0100 (SOC 11-3011),135,0,0,120,15,0,0,0,0,0,0,0,(X),(X),(X),0,100.0,0.0,0.0,88.9,11.1,0.0,0.0,0.0,0.0,0.0,0.0,0.0,(X),(X),(X),0.0,85,0,0,70,15,0,0,0,0,0,0,0,(X),(X),(X),0,63.0,0.0,0.0,51.9,11.1,0.0,0.0,0.0,0.0,0.0,0.0,0.0,(X),(X),(X),0.0,50,0,0,50,0,0,0,0,0,0,0,0,(X),(X),(X),0,37.0,0.0,0.0,37.0,0.0,0.0,0.0,0.0,0.0,0.0,0.0,0.0,(X),(X),(X),0.0,69,136,136,66,24,136,136,136,136,136,136,136,(X),(X),(X),136,26.5,26.5,26.5,16.2,17.0,26.5,26.5,26.5,26.5,26.5,26.5,26.5,(X),(X),(X),26.5,55,136,136,50,24,136,136,136,136,136,136,136,(X),(X),(X),136,24.9,26.5,26.5,25.4,17.0,26.5,26.5,26.5,26.5,26.5,26.5,26.5,(X),(X),(X),26.5,40,136,136,40,136,136,136,136,136,136,136,136,(X),(X),(X),136,25.0,26.5,26.5,25.0,26.5,26.5,26.5,26.5,26.5,26.5,26.5,26.5,(X),(X),(X),26.5
9020000US3205,3205,"Washoe County Set, Nevada",0110,Computer and information systems managers 0110 (SOC 11-3021),405,15,0,370,0,0,20,0,0,0,0,0,(X),(X),(X),0,100.0,3.7,0.0,91.4,0.0,0.0,4.9,0.0,0.0,0.0,0.0,0.0,(X),(X),(X),0.0,370,15,0,335,0,0,20,0,0,0,0,0,(X),(X),(X),0,91.4,3.7,0.0,82.7,0.0,0.0,4.9,0.0,0.0,0.0,0.0,0.0,(X),(X),(X),0.0,35,0,0,35,0,0,0,0,0,0,0,0,(X),(X),(X),0,8.6,0.0,0.0,8.6,0.0,0.0,0.0,0.0,0.0,0.0,0.0,0.0,(X),(X),(X),0.0,157,25,136,150,136,136,27,136,136,136,136,136,(X),(X),(X),136,10.0,6.3,10.0,9.0,10.0,10.0,6.6,10.0,10.0,10.0,10.0,10.0,(X),(X),(X),10.0,149,25,136,143,136,136,27,136,136,136,136,136,(X),(X),(X),136,7.6,6.3,10.0,11.8,10.0,10.0,6.6,10.0,10.0,10.0,10.0,10.0,(X),(X),(X),10.0,31,136,136,31,136,136,136,136,136,136,136,136,(X),(X),(X),136,7.7,10.0,10.0,7.7,10.0,10.0,10.0,10.0,10.0,10.0,10.0,10.0,(X),(X),(X),10.0
9020000US3205,3205,"Washoe County Set, Nevada",0120,Financial managers 0120 (SOC 11-3031),1295,65,145,945,10,25,50,30,10,20,0,0,(X),(X),(X),0,100.0,5.0,11.2,73.0,0.8,1.9,3.9,2.3,0.8,1.5,0.0,0.0,(X),(X),(X),0.0,470,15,20,355,0,15,40,0,4,20,0,0,(X),(X),(X),0,36.3,1.2,1.5,27.4,0.0,1.2,3.1,0.0,0.3,1.5,0.0,0.0,(X),(X),(X),0.0,825,45,120,590,10,10,10,30,4,0,0,0,(X),(X),(X),0,63.7,3.5,9.3,45.6,0.8,0.8,0.8,2.3,0.3,0.0,0.0,0.0,(X),(X),(X),0.0,263,40,113,220,19,30,43,38,18,34,136,136,(X),(X),(X),136,3.2,3.1,8.3,7.9,1.5,2.3,3.5,2.8,1.3,2.6,3.2,3.2,(X),(X),(X),3.2,152,27,29,127,136,23,40,136,8,34,136,136,(X),(X),(X),136,9.8,2.1,2.2,8.3,3.2,1.8,3.1,3.2,0.6,2.6,3.2,3.2,(X),(X),(X),3.2,217,33,106,173,19,23,23,38,15,136,136,136,(X),(X),(X),136,9.7,2.5,7.7,9.1,1.5,1.7,1.8,2.8,1.2,3.2,3.2,3.2,(X),(X),(X),3.2
9020000US3205,3205,"Washoe County Set, Nevada",0136,Human resources managers 0136 (SOC 11-3121),325,10,0,315,0,0,0,0,0,0,0,0,(X),(X),(X),0,100.0,3.1,0.0,96.9,0.0,0.0,0.0,0.0,0.0,0.0,0.0,0.0,(X),(X),(X),0.0,80,4,0,75,0,0,0,0,0,0,0,0,(X),(X),(X),0,24.6,1.2,0.0,23.1,0.0,0.0,0.0,0.0,0.0,0.0,0.0,0.0,(X),(X),(X),0.0,250,10,0,240,0,0,0,0,0,0,0,0,(X),(X),(X),0,76.9,3.1,0.0,73.8,0.0,0.0,0.0,0.0,0.0,0.0,0.0,0.0,(X),(X),(X),0.0,151,22,136,151,136,136,136,136,136,136,136,136,(X),(X),(X),136,12.2,7.7,12.2,7.5,12.2,12.2,12.2,12.2,12.2,12.2,12.2,12.2,(X),(X),(X),12.2,42,11,136,39,136,136,136,136,136,136,136,136,(X),(X),(X),136,15.9,3.7,12.2,15.2,12.2,12.2,12.2,12.2,12.2,12.2,12.2,12.2,(X),(X),(X),12.2,152,16,136,152,136,136,136,136,136,136,136,136,(X),(X),(X),136,16.4,5.2,12.2,17.3,12.2,12.2,12.2,12.2,12.2,12.2,12.2,12.2,(X),(X),(X),12.2
9020000US3205,3205,"Washoe County Set, Nevada",0137,Training and development managers 0137 (SOC 11-3131),15,0,0,10,4,0,0,0,0,0,0,0,(X),(X),(X),0,100.0,0.0,0.0,66.7,26.7,0.0,0.0,0.0,0.0,0.0,0.0,0.0,(X),(X),(X),0.0,0,0,0,0,0,0,0,0,0,0,0,0,(X),(X),(X),0,0.0,0.0,0.0,0.0,0.0,0.0,0.0,0.0,0.0,0.0,0.0,0.0,(X),(X),(X),0.0,15,0,0,10,4,0,0,0,0,0,0,0,(X),(X),(X),0,100.0,0.0,0.0,66.7,26.7,0.0,0.0,0.0,0.0,0.0,0.0,0.0,(X),(X),(X),0.0,19,136,136,14,15,136,136,136,136,136,136,136,(X),(X),(X),136,87.6,87.6,87.6,66.7,73.3,87.6,87.6,87.6,87.6,87.6,87.6,87.6,(X),(X),(X),87.6,136,136,136,136,136,136,136,136,136,136,136,136,(X),(X),(X),136,87.6,87.6,87.6,87.6,87.6,87.6,87.6,87.6,87.6,87.6,87.6,87.6,(X),(X),(X),87.6,19,136,136,14,15,136,136,136,136,136,136,136,(X),(X),(X),136,87.6,87.6,87.6,66.7,73.3,87.6,87.6,87.6,87.6,87.6,87.6,87.6,(X),(X),(X),87.6
9020000US3205,3205,"Washoe County Set, Nevada",0140,Industrial production managers 0140 (SOC 11-3051),460,45,0,350,10,0,40,0,15,0,0,0,(X),(X),(X),0,100.0,9.8,0.0,76.1,2.2,0.0,8.7,0.0,3.3,0.0,0.0,0.0,(X),(X),(X),0.0,395,45,0,330,10,0,0,0,15,0,0,0,(X),(X),(X),0,85.9,9.8,0.0,71.7,2.2,0.0,0.0,0.0,3.3,0.0,0.0,0.0,(X),(X),(X),0.0,65,0,0,25,0,0,40,0,0,0,0,0,(X),(X),(X),0,14.1,0.0,0.0,5.4,0.0,0.0,8.7,0.0,0.0,0.0,0.0,0.0,(X),(X),(X),0.0,173,51,136,148,14,136,50,136,27,136,136,136,(X),(X),(X),136,8.8,10.7,8.8,15.4,3.3,8.8,10.2,8.8,5.7,8.8,8.8,8.8,(X),(X),(X),8.8,162,51,136,149,14,136,136,136,27,136,136,136,(X),(X),(X),136,13.1,10.7,8.8,17.4,3.3,8.8,8.8,8.8,5.7,8.8,8.8,8.8,(X),(X),(X),8.8,65,136,136,37,136,136,50,136,136,136,136,136,(X),(X),(X),136,13.3,8.8,8.8,8.2,8.8,8.8,10.2,8.8,8.8,8.8,8.8,8.8,(X),(X),(X),8.8
9020000US3205,3205,"Washoe County Set, Nevada",0150,Purchasing managers 0150 (SOC 11-3061),320,0,0,285,0,15,15,0,0,0,0,0,(X),(X),(X),0,100.0,0.0,0.0,89.1,0.0,4.7,4.7,0.0,0.0,0.0,0.0,0.0,(X),(X),(X),0.0,230,0,0,210,0,15,0,0,0,0,0,0,(X),(X),(X),0,71.9,0.0,0.0,65.6,0.0,4.7,0.0,0.0,0.0,0.0,0.0,0.0,(X),(X),(X),0.0,90,0,0,75,0,0,15,0,0,0,0,0,(X),(X),(X),0,28.1,0.0,0.0,23.4,0.0,0.0,4.7,0.0,0.0,0.0,0.0,0.0,(X),(X),(X),0.0,142,136,136,125,136,35,28,136,136,136,136,136,(X),(X),(X),136,12.4,12.4,12.4,12.2,12.4,10.1,8.6,12.4,12.4,12.4,12.4,12.4,(X),(X),(X),12.4,115,136,136,112,136,35,136,136,136,136,136,136,(X),(X),(X),136,19.5,12.4,12.4,23.4,12.4,10.1,12.4,12.4,12.4,12.4,12.4,12.4,(X),(X),(X),12.4,74,136,136,66,136,136,28,136,136,136,136,136,(X),(X),(X),136,19.3,12.4,12.4,18.1,12.4,12.4,8.6,12.4,12.4,12.4,12.4,12.4,(X),(X),(X),12.4
9020000US3205,3205,"Washoe County Set, Nevada",0160,"Transportation, storage, and distribution managers 0160 (SOC 11-3071)",550,15,25,495,0,0,15,0,0,0,0,0,(X),(X),(X),0,100.0,2.7,4.5,90.0,0.0,0.0,2.7,0.0,0.0,0.0,0.0,0.0,(X),(X),(X),0.0,435,4,0,415,0,0,15,0,0,0,0,0,(X),(X),(X),0,79.1,0.7,0.0,75.5,0.0,0.0,2.7,0.0,0.0,0.0,0.0,0.0,(X),(X),(X),0.0,115,10,25,80,0,0,0,0,0,0,0,0,(X),(X),(X),0,20.9,1.8,4.5,14.5,0.0,0.0,0.0,0.0,0.0,0.0,0.0,0.0,(X),(X),(X),0.0,161,23,45,156,136,136,26,136,136,136,136,136,(X),(X),(X),136,7.4,4.3,8.0,9.2,7.4,7.4,4.6,7.4,7.4,7.4,7.4,7.4,(X),(X),(X),7.4,151,14,136,148,136,136,26,136,136,136,136,136,(X),(X),(X),136,12.4,2.6,7.4,13.0,7.4,7.4,4.6,7.4,7.4,7.4,7.4,7.4,(X),(X),(X),7.4,73,18,45,64,136,136,136,136,136,136,136,136,(X),(X),(X),136,12.4,3.3,8.0,11.3,7.4,7.4,7.4,7.4,7.4,7.4,7.4,7.4,(X),(X),(X),7.4
9020000US3205,3205,"Washoe County Set, Nevada",0205,"Farmers, ranchers, and other agricultural managers 0205 (SOC 11-9013)",180,0,20,130,0,4,25,0,0,0,0,0,(X),(X),(X),0,100.0,0.0,11.1,72.2,0.0,2.2,13.9,0.0,0.0,0.0,0.0,0.0,(X),(X),(X),0.0,95,0,20,50,0,4,25,0,0,0,0,0,(X),(X),(X),0,52.8,0.0,11.1,27.8,0.0,2.2,13.9,0.0,0.0,0.0,0.0,0.0,(X),(X),(X),0.0,80,0,0,80,0,0,0,0,0,0,0,0,(X),(X),(X),0,44.4,0.0,0.0,44.4,0.0,0.0,0.0,0.0,0.0,0.0,0.0,0.0,(X),(X),(X),0.0,77,136,28,68,136,6,36,136,136,136,136,136,(X),(X),(X),136,20.8,20.8,14.1,21.7,20.8,3.6,20.8,20.8,20.8,20.8,20.8,20.8,(X),(X),(X),20.8,67,136,28,41,136,6,36,136,136,136,136,136,(X),(X),(X),136,30.8,20.8,14.1,20.7,20.8,3.6,20.8,20.8,20.8,20.8,20.8,20.8,(X),(X),(X),20.8,64,136,136,64,136,136,136,136,136,136,136,136,(X),(X),(X),136,29.7,20.8,20.8,29.7,20.8,20.8,20.8,20.8,20.8,20.8,20.8,20.8,(X),(X),(X),20.8
9020000US3205,3205,"Washoe County Set, Nevada",0220,Construction managers 0220 (SOC 11-9021),1430,55,80,1210,45,45,0,0,0,0,0,0,(X),(X),(X),0,100.0,3.8,5.6,84.6,3.1,3.1,0.0,0.0,0.0,0.0,0.0,0.0,(X),(X),(X),0.0,1345,55,80,1125,45,45,0,0,0,0,0,0,(X),(X),(X),0,94.1,3.8,5.6,78.7,3.1,3.1,0.0,0.0,0.0,0.0,0.0,0.0,(X),(X),(X),0.0,85,0,0,85,0,0,0,0,0,0,0,0,(X),(X),(X),0,5.9,0.0,0.0,5.9,0.0,0.0,0.0,0.0,0.0,0.0,0.0,0.0,(X),(X),(X),0.0,245,55,66,215,62,50,136,136,136,136,136,136,(X),(X),(X),136,2.9,3.8,4.5,7.4,4.2,3.4,2.9,2.9,2.9,2.9,2.9,2.9,(X),(X),(X),2.9,222,55,66,193,62,50,136,136,136,136,136,136,(X),(X),(X),136,5.2,3.8,4.5,8.5,4.2,3.4,2.9,2.9,2.9,2.9,2.9,2.9,(X),(X),(X),2.9,79,136,136,79,136,136,136,136,136,136,136,136,(X),(X),(X),136,5.2,2.9,2.9,5.2,2.9,2.9,2.9,2.9,2.9,2.9,2.9,2.9,(X),(X),(X),2.9
9020000US3205,3205,"Washoe County Set, Nevada",0230,Education administrators 0230 (SOC 11-9030),1080,20,15,945,0,0,105,0,0,0,0,0,(X),(X),(X),0,100.0,1.9,1.4,87.5,0.0,0.0,9.7,0.0,0.0,0.0,0.0,0.0,(X),(X),(X),0.0,370,4,0,345,0,0,20,0,0,0,0,0,(X),(X),(X),0,34.3,0.4,0.0,31.9,0.0,0.0,1.9,0.0,0.0,0.0,0.0,0.0,(X),(X),(X),0.0,710,15,15,595,0,0,85,0,0,0,0,0,(X),(X),(X),0,65.7,1.4,1.4,55.1,0.0,0.0,7.9,0.0,0.0,0.0,0.0,0.0,(X),(X),(X),0.0,223,27,28,211,136,136,89,136,136,136,136,136,(X),(X),(X),136,3.9,2.6,2.6,8.2,3.9,3.9,7.9,3.9,3.9,3.9,3.9,3.9,(X),(X),(X),3.9,130,10,136,127,136,136,24,136,136,136,136,136,(X),(X),(X),136,9.8,0.9,3.9,9.4,3.9,3.9,2.2,3.9,3.9,3.9,3.9,3.9,(X),(X),(X),3.9,182,24,28,159,136,136,84,136,136,136,136,136,(X),(X),(X),136,9.7,2.3,2.6,9.7,3.9,3.9,7.4,3.9,3.9,3.9,3.9,3.9,(X),(X),(X),3.9
9020000US3205,3205,"Washoe County Set, Nevada",0300,Architectural and engineering managers 0300 (SOC 11-9041),130,10,0,85,0,0,0,0,0,15,15,0,(X),(X),(X),0,100.0,7.7,0.0,65.4,0.0,0.0,0.0,0.0,0.0,11.5,11.5,0.0,(X),(X),(X),0.0,120,0,0,85,0,0,0,0,0,15,15,0,(X),(X),(X),0,92.3,0.0,0.0,65.4,0.0,0.0,0.0,0.0,0.0,11.5,11.5,0.0,(X),(X),(X),0.0,10,10,0,0,0,0,0,0,0,0,0,0,(X),(X),(X),0,7.7,7.7,0.0,0.0,0.0,0.0,0.0,0.0,0.0,0.0,0.0,0.0,(X),(X),(X),0.0,71,19,136,53,136,136,136,136,136,30,26,136,(X),(X),(X),136,27.3,14.2,27.3,26.6,27.3,27.3,27.3,27.3,27.3,22.0,19.5,27.3,(X),(X),(X),27.3,66,136,136,53,136,136,136,136,136,30,26,136,(X),(X),(X),136,15.8,27.3,27.3,26.6,27.3,27.3,27.3,27.3,27.3,22.0,19.5,27.3,(X),(X),(X),27.3,19,19,136,136,136,136,136,136,136,136,136,136,(X),(X),(X),136,14.2,14.2,27.3,27.3,27.3,27.3,27.3,27.3,27.3,27.3,27.3,27.3,(X),(X),(X),27.3
9020000US3205,3205,"Washoe County Set, Nevada",0310,Food service managers 0310 (SOC 11-9051),1690,295,145,1125,10,45,75,0,0,0,0,0,(X),(X),(X),0,100.0,17.5,8.6,66.6,0.6,2.7,4.4,0.0,0.0,0.0,0.0,0.0,(X),(X),(X),0.0,720,95,60,495,0,20,55,0,0,0,0,0,(X),(X),(X),0,42.6,5.6,3.6,29.3,0.0,1.2,3.3,0.0,0.0,0.0,0.0,0.0,(X),(X),(X),0.0,965,195,85,630,10,20,20,0,0,0,0,0,(X),(X),(X),0,57.1,11.5,5.0,37.3,0.6,1.2,1.2,0.0,0.0,0.0,0.0,0.0,(X),(X),(X),0.0,344,121,104,304,19,40,67,136,136,136,136,136,(X),(X),(X),136,2.5,7.2,6.1,9.5,1.1,2.4,3.8,2.5,2.5,2.5,2.5,2.5,(X),(X),(X),2.5,198,70,74,183,136,31,46,136,136,136,136,136,(X),(X),(X),136,9.4,4.4,4.4,9.5,2.5,1.8,2.6,2.5,2.5,2.5,2.5,2.5,(X),(X),(X),2.5,265,117,84,243,19,29,30,136,136,136,136,136,(X),(X),(X),136,9.4,6.8,5.1,10.9,1.1,1.8,1.7,2.5,2.5,2.5,2.5,2.5,(X),(X),(X),2.5
9020000US3205,3205,"Washoe County Set, Nevada",0330,Gaming managers 0330 (SOC 11-9071),265,0,0,235,0,30,0,0,0,0,0,0,(X),(X),(X),0,100.0,0.0,0.0,88.7,0.0,11.3,0.0,0.0,0.0,0.0,0.0,0.0,(X),(X),(X),0.0,165,0,0,140,0,30,0,0,0,0,0,0,(X),(X),(X),0,62.3,0.0,0.0,52.8,0.0,11.3,0.0,0.0,0.0,0.0,0.0,0.0,(X),(X),(X),0.0,100,0,0,100,0,0,0,0,0,0,0,0,(X),(X),(X),0,37.7,0.0,0.0,37.7,0.0,0.0,0.0,0.0,0.0,0.0,0.0,0.0,(X),(X),(X),0.0,125,136,136,114,136,55,136,136,136,136,136,136,(X),(X),(X),136,14.8,14.8,14.8,18.4,14.8,18.6,14.8,14.8,14.8,14.8,14.8,14.8,(X),(X),(X),14.8,103,136,136,84,136,55,136,136,136,136,136,136,(X),(X),(X),136,22.0,14.8,14.8,21.8,14.8,18.6,14.8,14.8,14.8,14.8,14.8,14.8,(X),(X),(X),14.8,71,136,136,71,136,136,136,136,136,136,136,136,(X),(X),(X),136,21.3,14.8,14.8,21.3,14.8,14.8,14.8,14.8,14.8,14.8,14.8,14.8,(X),(X),(X),14.8
9020000US3205,3205,"Washoe County Set, Nevada",0340,Lodging managers 0340 (SOC 11-9081),485,55,100,235,0,30,65,0,0,0,0,0,(X),(X),(X),0,100.0,11.3,20.6,48.5,0.0,6.2,13.4,0.0,0.0,0.0,0.0,0.0,(X),(X),(X),0.0,215,15,40,60,0,30,65,0,0,0,0,0,(X),(X),(X),0,44.3,3.1,8.2,12.4,0.0,6.2,13.4,0.0,0.0,0.0,0.0,0.0,(X),(X),(X),0.0,275,40,60,175,0,0,0,0,0,0,0,0,(X),(X),(X),0,56.7,8.2,12.4,36.1,0.0,0.0,0.0,0.0,0.0,0.0,0.0,0.0,(X),(X),(X),0.0,158,64,100,119,136,48,79,136,136,136,136,136,(X),(X),(X),136,8.4,13.5,18.5,18.3,8.4,9.6,16.6,8.4,8.4,8.4,8.4,8.4,(X),(X),(X),8.4,114,25,60,50,136,48,79,136,136,136,136,136,(X),(X),(X),136,18.2,5.2,11.8,9.8,8.4,9.6,16.6,8.4,8.4,8.4,8.4,8.4,(X),(X),(X),8.4,125,61,77,100,136,136,136,136,136,136,136,136,(X),(X),(X),136,18.7,12.9,15.6,16.1,8.4,8.4,8.4,8.4,8.4,8.4,8.4,8.4,(X),(X),(X),8.4
9020000US3205,3205,"Washoe County Set, Nevada",0350,Medical and health services managers 0350 (SOC 11-9111),775,65,0,635,0,0,80,0,0,0,0,0,(X),(X),(X),0,100.0,8.4,0.0,81.9,0.0,0.0,10.3,0.0,0.0,0.0,0.0,0.0,(X),(X),(X),0.0,205,0,0,190,0,0,15,0,0,0,0,0,(X),(X),(X),0,26.5,0.0,0.0,24.5,0.0,0.0,1.9,0.0,0.0,0.0,0.0,0.0,(X),(X),(X),0.0,575,65,0,445,0,0,65,0,0,0,0,0,(X),(X),(X),0,74.2,8.4,0.0,57.4,0.0,0.0,8.4,0.0,0.0,0.0,0.0,0.0,(X),(X),(X),0.0,198,65,136,166,136,136,57,136,136,136,136,136,(X),(X),(X),136,5.3,7.7,5.3,9.1,5.3,5.3,6.8,5.3,5.3,5.3,5.3,5.3,(X),(X),(X),5.3,101,136,136,92,136,136,31,136,136,136,136,136,(X),(X),(X),136,10.5,5.3,5.3,9.6,5.3,5.3,3.9,5.3,5.3,5.3,5.3,5.3,(X),(X),(X),5.3,160,65,136,134,136,136,51,136,136,136,136,136,(X),(X),(X),136,10.9,7.7,5.3,12.0,5.3,5.3,6.3,5.3,5.3,5.3,5.3,5.3,(X),(X),(X),5.3
9020000US3205,3205,"Washoe County Set, Nevada",0360,Natural sciences managers 0360 (SOC 11-9121),25,0,0,25,0,0,0,0,0,0,0,0,(X),(X),(X),0,100.0,0.0,0.0,100.0,0.0,0.0,0.0,0.0,0.0,0.0,0.0,0.0,(X),(X),(X),0.0,25,0,0,25,0,0,0,0,0,0,0,0,(X),(X),(X),0,100.0,0.0,0.0,100.0,0.0,0.0,0.0,0.0,0.0,0.0,0.0,0.0,(X),(X),(X),0.0,0,0,0,0,0,0,0,0,0,0,0,0,(X),(X),(X),0,0.0,0.0,0.0,0.0,0.0,0.0,0.0,0.0,0.0,0.0,0.0,0.0,(X),(X),(X),0.0,30,136,136,30,136,136,136,136,136,136,136,136,(X),(X),(X),136,67.8,67.8,67.8,67.8,67.8,67.8,67.8,67.8,67.8,67.8,67.8,67.8,(X),(X),(X),67.8,30,136,136,30,136,136,136,136,136,136,136,136,(X),(X),(X),136,67.8,67.8,67.8,67.8,67.8,67.8,67.8,67.8,67.8,67.8,67.8,67.8,(X),(X),(X),67.8,136,136,136,136,136,136,136,136,136,136,136,136,(X),(X),(X),136,67.8,67.8,67.8,67.8,67.8,67.8,67.8,67.8,67.8,67.8,67.8,67.8,(X),(X),(X),67.8
9020000US3205,3205,"Washoe County Set, Nevada",0410,"Property, real estate, and community association managers 0410 (SOC 11-9141)",1410,230,15,1125,0,15,0,0,0,0,25,0,(X),(X),(X),0,100.0,16.3,1.1,79.8,0.0,1.1,0.0,0.0,0.0,0.0,1.8,0.0,(X),(X),(X),0.0,720,95,0,615,0,15,0,0,0,0,0,0,(X),(X),(X),0,51.1,6.7,0.0,43.6,0.0,1.1,0.0,0.0,0.0,0.0,0.0,0.0,(X),(X),(X),0.0,690,140,15,515,0,0,0,0,0,0,25,0,(X),(X),(X),0,48.9,9.9,1.1,36.5,0.0,0.0,0.0,0.0,0.0,0.0,1.8,0.0,(X),(X),(X),0.0,303,118,23,282,136,21,136,136,136,136,46,136,(X),(X),(X),136,3.0,8.0,1.6,8.7,3.0,1.5,3.0,3.0,3.0,3.0,3.2,3.0,(X),(X),(X),3.0,199,73,136,183,136,21,136,136,136,136,136,136,(X),(X),(X),136,10.8,5.2,3.0,10.2,3.0,1.5,3.0,3.0,3.0,3.0,3.0,3.0,(X),(X),(X),3.0,226,99,23,194,136,136,136,136,136,136,46,136,(X),(X),(X),136,10.8,6.8,1.6,10.1,3.0,3.0,3.0,3.0,3.0,3.0,3.2,3.0,(X),(X),(X),3.0
9020000US3205,3205,"Washoe County Set, Nevada",0420,Social and community service managers 0420 (SOC 11-9151),595,40,10,515,15,4,0,0,0,0,15,0,(X),(X),(X),0,100.0,6.7,1.7,86.6,2.5,0.7,0.0,0.0,0.0,0.0,2.5,0.0,(X),(X),(X),0.0,180,40,0,135,10,0,0,0,0,0,0,0,(X),(X),(X),0,30.3,6.7,0.0,22.7,1.7,0.0,0.0,0.0,0.0,0.0,0.0,0.0,(X),(X),(X),0.0,415,0,10,380,4,4,0,0,0,0,15,0,(X),(X),(X),0,69.7,0.0,1.7,63.9,0.7,0.7,0.0,0.0,0.0,0.0,2.5,0.0,(X),(X),(X),0.0,209,57,14,183,22,4,136,136,136,136,30,136,(X),(X),(X),136,6.9,9.2,2.2,10.3,3.7,0.8,6.9,6.9,6.9,6.9,4.9,6.9,(X),(X),(X),6.9,94,57,136,63,18,136,136,136,136,136,136,136,(X),(X),(X),136,13.3,9.2,6.9,9.7,3.0,6.9,6.9,6.9,6.9,6.9,6.9,6.9,(X),(X),(X),6.9,175,136,14,166,8,4,136,136,136,136,30,136,(X),(X),(X),136,13.5,6.9,2.2,14.3,1.4,0.8,6.9,6.9,6.9,6.9,4.9,6.9,(X),(X),(X),6.9
9020000US3205,3205,"Washoe County Set, Nevada",0430,"Miscellaneous managers, including funeral service managers and postmasters and mail superintendents 0430 (SOC 11-9XXX)",4675,245,215,3875,55,20,170,10,0,10,55,0,(X),(X),(X),15,100.0,5.2,4.6,82.9,1.2,0.4,3.6,0.2,0.0,0.2,1.2,0.0,(X),(X),(X),0.3,2960,190,100,2470,10,4,145,10,0,10,0,0,(X),(X),(X),15,63.3,4.1,2.1,52.8,0.2,0.1,3.1,0.2,0.0,0.2,0.0,0.0,(X),(X),(X),0.3,1715,55,110,1405,45,20,25,0,0,0,55,0,(X),(X),(X),0,36.7,1.2,2.4,30.1,1.0,0.4,0.5,0.0,0.0,0.0,1.2,0.0,(X),(X),(X),0.0,446,129,126,391,52,30,108,17,136,23,58,136,(X),(X),(X),23,0.9,2.7,2.6,3.8,1.1,0.6,2.3,0.4,0.9,0.5,1.2,0.9,(X),(X),(X),0.5,332,123,68,310,23,136,106,17,136,23,136,136,(X),(X),(X),23,4.9,2.6,1.4,5.3,0.5,0.1,2.2,0.4,0.9,0.5,0.9,0.9,(X),(X),(X),0.5,303,47,106,264,47,27,26,136,136,136,58,136,(X),(X),(X),136,4.9,1.0,2.3,4.6,1.0,0.6,0.5,0.9,0.9,0.9,1.2,0.9,(X),(X),(X),0.9
9020000US3205,3205,"Washoe County Set, Nevada",0500,"Agents and business managers of artists, performers, and athletes 0500 (SOC 13-1011)",40,10,0,20,0,0,10,0,0,0,0,0,(X),(X),(X),0,100.0,25.0,0.0,50.0,0.0,0.0,25.0,0.0,0.0,0.0,0.0,0.0,(X),(X),(X),0.0,20,0,0,10,0,0,10,0,0,0,0,0,(X),(X),(X),0,50.0,0.0,0.0,25.0,0.0,0.0,25.0,0.0,0.0,0.0,0.0,0.0,(X),(X),(X),0.0,25,10,0,15,0,0,0,0,0,0,0,0,(X),(X),(X),0,62.5,25.0,0.0,37.5,0.0,0.0,0.0,0.0,0.0,0.0,0.0,0.0,(X),(X),(X),0.0,37,15,136,29,136,136,24,136,136,136,136,136,(X),(X),(X),136,53.6,38.2,53.6,50.0,53.6,53.6,47.9,53.6,53.6,53.6,53.6,53.6,(X),(X),(X),53.6,29,136,136,16,136,136,24,136,136,136,136,136,(X),(X),(X),136,50.0,53.6,53.6,39.3,53.6,53.6,47.9,53.6,53.6,53.6,53.6,53.6,(X),(X),(X),53.6,27,15,136,23,136,136,136,136,136,136,136,136,(X),(X),(X),136,60.0,38.2,53.6,51.7,53.6,53.6,53.6,53.6,53.6,53.6,53.6,53.6,(X),(X),(X),53.6
9020000US3205,3205,"Washoe County Set, Nevada",0520,"Wholesale and retail buyers, except farm products 0520 (SOC 13-1022)",300,45,0,225,0,0,10,0,0,15,0,0,(X),(X),(X),0,100.0,15.0,0.0,75.0,0.0,0.0,3.3,0.0,0.0,5.0,0.0,0.0,(X),(X),(X),0.0,175,45,0,115,0,0,10,0,0,0,0,0,(X),(X),(X),0,58.3,15.0,0.0,38.3,0.0,0.0,3.3,0.0,0.0,0.0,0.0,0.0,(X),(X),(X),0.0,125,0,0,110,0,0,0,0,0,15,0,0,(X),(X),(X),0,41.7,0.0,0.0,36.7,0.0,0.0,0.0,0.0,0.0,5.0,0.0,0.0,(X),(X),(X),0.0,113,54,136,95,136,136,17,136,136,30,136,136,(X),(X),(X),136,13.2,17.0,13.2,18.2,13.2,13.2,5.4,13.2,13.2,9.8,13.2,13.2,(X),(X),(X),13.2,100,54,136,75,136,136,17,136,136,136,136,136,(X),(X),(X),136,22.2,17.0,13.2,19.5,13.2,13.2,5.4,13.2,13.2,13.2,13.2,13.2,(X),(X),(X),13.2,74,136,136,68,136,136,136,136,136,30,136,136,(X),(X),(X),136,22.3,13.2,13.2,21.4,13.2,13.2,13.2,13.2,13.2,9.8,13.2,13.2,(X),(X),(X),13.2
9020000US3205,3205,"Washoe County Set, Nevada",0530,"Purchasing agents, except wholesale, retail, and farm products 0530 (SOC 13-1023)",400,30,10,340,0,0,20,0,0,0,0,0,(X),(X),(X),0,100.0,7.5,2.5,85.0,0.0,0.0,5.0,0.0,0.0,0.0,0.0,0.0,(X),(X),(X),0.0,145,30,0,110,0,0,10,0,0,0,0,0,(X),(X),(X),0,36.3,7.5,0.0,27.5,0.0,0.0,2.5,0.0,0.0,0.0,0.0,0.0,(X),(X),(X),0.0,250,0,10,230,0,0,10,0,0,0,0,0,(X),(X),(X),0,62.5,0.0,2.5,57.5,0.0,0.0,2.5,0.0,0.0,0.0,0.0,0.0,(X),(X),(X),0.0,135,45,14,122,136,136,22,136,136,136,136,136,(X),(X),(X),136,10.1,10.8,3.6,12.2,10.1,10.1,5.9,10.1,10.1,10.1,10.1,10.1,(X),(X),(X),10.1,75,45,136,65,136,136,13,136,136,136,136,136,(X),(X),(X),136,15.2,10.8,10.1,14.5,10.1,10.1,3.5,10.1,10.1,10.1,10.1,10.1,(X),(X),(X),10.1,110,136,14,105,136,136,16,136,136,136,136,136,(X),(X),(X),136,16.2,10.1,3.6,15.9,10.1,10.1,4.1,10.1,10.1,10.1,10.1,10.1,(X),(X),(X),10.1
9020000US3205,3205,"Washoe County Set, Nevada",0540,"Claims adjusters, appraisers, examiners, and investigators 0540 (SOC 13-1030)",155,0,0,115,20,0,20,0,0,0,0,0,(X),(X),(X),0,100.0,0.0,0.0,74.2,12.9,0.0,12.9,0.0,0.0,0.0,0.0,0.0,(X),(X),(X),0.0,130,0,0,90,20,0,20,0,0,0,0,0,(X),(X),(X),0,83.9,0.0,0.0,58.1,12.9,0.0,12.9,0.0,0.0,0.0,0.0,0.0,(X),(X),(X),0.0,25,0,0,25,0,0,0,0,0,0,0,0,(X),(X),(X),0,16.1,0.0,0.0,16.1,0.0,0.0,0.0,0.0,0.0,0.0,0.0,0.0,(X),(X),(X),0.0,69,136,136,62,28,136,34,136,136,136,136,136,(X),(X),(X),136,23.7,23.7,23.7,26.3,18.5,23.7,20.4,23.7,23.7,23.7,23.7,23.7,(X),(X),(X),23.7,64,136,136,58,28,136,34,136,136,136,136,136,(X),(X),(X),136,17.3,23.7,23.7,28.1,18.5,23.7,20.4,23.7,23.7,23.7,23.7,23.7,(X),(X),(X),23.7,27,136,136,27,136,136,136,136,136,136,136,136,(X),(X),(X),136,16.7,23.7,23.7,16.7,23.7,23.7,23.7,23.7,23.7,23.7,23.7,23.7,(X),(X),(X),23.7
9020000US3205,3205,"Washoe County Set, Nevada",0565,Compliance officers 0565 (SOC 13-1041),305,20,0,225,4,15,25,0,0,0,20,0,(X),(X),(X),0,100.0,6.6,0.0,73.8,1.3,4.9,8.2,0.0,0.0,0.0,6.6,0.0,(X),(X),(X),0.0,215,20,0,160,0,15,0,0,0,0,20,0,(X),(X),(X),0,70.5,6.6,0.0,52.5,0.0,4.9,0.0,0.0,0.0,0.0,6.6,0.0,(X),(X),(X),0.0,90,0,0,65,4,0,25,0,0,0,0,0,(X),(X),(X),0,29.5,0.0,0.0,21.3,1.3,0.0,8.2,0.0,0.0,0.0,0.0,0.0,(X),(X),(X),0.0,114,31,136,93,3,22,38,136,136,136,35,136,(X),(X),(X),136,13.0,9.3,13.0,17.7,1.4,7.3,12.0,13.0,13.0,13.0,11.0,13.0,(X),(X),(X),13.0,97,31,136,87,136,22,136,136,136,136,35,136,(X),(X),(X),136,18.1,9.3,13.0,21.8,13.0,7.3,13.0,13.0,13.0,13.0,11.0,13.0,(X),(X),(X),13.0,62,136,136,46,3,136,38,136,136,136,136,136,(X),(X),(X),136,18.1,13.0,13.0,14.6,1.4,13.0,12.0,13.0,13.0,13.0,13.0,13.0,(X),(X),(X),13.0
9020000US3205,3205,"Washoe County Set, Nevada",0600,Cost estimators 0600 (SOC 13-1051),305,0,15,290,0,0,0,0,0,0,0,0,(X),(X),(X),0,100.0,0.0,4.9,95.1,0.0,0.0,0.0,0.0,0.0,0.0,0.0,0.0,(X),(X),(X),0.0,245,0,15,230,0,0,0,0,0,0,0,0,(X),(X),(X),0,80.3,0.0,4.9,75.4,0.0,0.0,0.0,0.0,0.0,0.0,0.0,0.0,(X),(X),(X),0.0,65,0,0,65,0,0,0,0,0,0,0,0,(X),(X),(X),0,21.3,0.0,0.0,21.3,0.0,0.0,0.0,0.0,0.0,0.0,0.0,0.0,(X),(X),(X),0.0,107,136,26,107,136,136,136,136,136,136,136,136,(X),(X),(X),136,13.0,13.0,8.5,8.1,13.0,13.0,13.0,13.0,13.0,13.0,13.0,13.0,(X),(X),(X),13.0,94,136,26,95,136,136,136,136,136,136,136,136,(X),(X),(X),136,16.5,13.0,8.5,18.7,13.0,13.0,13.0,13.0,13.0,13.0,13.0,13.0,(X),(X),(X),13.0,55,136,136,55,136,136,136,136,136,136,136,136,(X),(X),(X),136,15.8,13.0,13.0,15.8,13.0,13.0,13.0,13.0,13.0,13.0,13.0,13.0,(X),(X),(X),13.0
9020000US3205,3205,"Washoe County Set, Nevada",0630,Human resources workers 0630 (SOC 13-1070),1065,115,65,845,30,0,0,0,0,0,0,0,(X),(X),(X),15,100.0,10.8,6.1,79.3,2.8,0.0,0.0,0.0,0.0,0.0,0.0,0.0,(X),(X),(X),1.4,265,0,35,215,15,0,0,0,0,0,0,0,(X),(X),(X),0,24.9,0.0,3.3,20.2,1.4,0.0,0.0,0.0,0.0,0.0,0.0,0.0,(X),(X),(X),0.0,800,115,25,635,10,0,0,0,0,0,0,0,(X),(X),(X),15,75.1,10.8,2.3,59.6,0.9,0.0,0.0,0.0,0.0,0.0,0.0,0.0,(X),(X),(X),1.4,274,108,61,250,38,136,136,136,136,136,136,136,(X),(X),(X),24,3.9,9.6,5.7,11.6,3.6,3.9,3.9,3.9,3.9,3.9,3.9,3.9,(X),(X),(X),2.2,139,136,61,118,33,136,136,136,136,136,136,136,(X),(X),(X),136,11.8,3.9,5.6,9.8,3.2,3.9,3.9,3.9,3.9,3.9,3.9,3.9,(X),(X),(X),3.9,248,108,30,224,23,136,136,136,136,136,136,136,(X),(X),(X),24,11.8,9.6,2.9,14.4,2.1,3.9,3.9,3.9,3.9,3.9,3.9,3.9,(X),(X),(X),2.2
9020000US3205,3205,"Washoe County Set, Nevada",0640,"Compensation, benefits, and job analysis specialists 0640 (SOC 13-1141)",115,0,0,105,0,0,10,0,0,0,0,0,(X),(X),(X),0,100.0,0.0,0.0,91.3,0.0,0.0,8.7,0.0,0.0,0.0,0.0,0.0,(X),(X),(X),0.0,25,0,0,25,0,0,0,0,0,0,0,0,(X),(X),(X),0,21.7,0.0,0.0,21.7,0.0,0.0,0.0,0.0,0.0,0.0,0.0,0.0,(X),(X),(X),0.0,90,0,0,80,0,0,10,0,0,0,0,0,(X),(X),(X),0,78.3,0.0,0.0,69.6,0.0,0.0,8.7,0.0,0.0,0.0,0.0,0.0,(X),(X),(X),0.0,76,136,136,73,136,136,15,136,136,136,136,136,(X),(X),(X),136,30.0,30.0,30.0,15.6,30.0,30.0,12.7,30.0,30.0,30.0,30.0,30.0,(X),(X),(X),30.0,30,136,136,30,136,136,136,136,136,136,136,136,(X),(X),(X),136,26.6,30.0,30.0,26.6,30.0,30.0,30.0,30.0,30.0,30.0,30.0,30.0,(X),(X),(X),30.0,73,136,136,70,136,136,15,136,136,136,136,136,(X),(X),(X),136,27.2,30.0,30.0,29.9,30.0,30.0,12.7,30.0,30.0,30.0,30.0,30.0,(X),(X),(X),30.0
9020000US3205,3205,"Washoe County Set, Nevada",0650,Training and development specialists 0650 (SOC 13-1151),190,0,0,160,0,0,20,0,10,0,0,0,(X),(X),(X),0,100.0,0.0,0.0,84.2,0.0,0.0,10.5,0.0,5.3,0.0,0.0,0.0,(X),(X),(X),0.0,110,0,0,85,0,0,20,0,10,0,0,0,(X),(X),(X),0,57.9,0.0,0.0,44.7,0.0,0.0,10.5,0.0,5.3,0.0,0.0,0.0,(X),(X),(X),0.0,75,0,0,75,0,0,0,0,0,0,0,0,(X),(X),(X),0,39.5,0.0,0.0,39.5,0.0,0.0,0.0,0.0,0.0,0.0,0.0,0.0,(X),(X),(X),0.0,93,136,136,86,136,136,32,136,17,136,136,136,(X),(X),(X),136,19.9,19.9,19.9,18.0,19.9,19.9,16.6,19.9,8.6,19.9,19.9,19.9,(X),(X),(X),19.9,64,136,136,55,136,136,32,136,17,136,136,136,(X),(X),(X),136,30.2,19.9,19.9,28.6,19.9,19.9,16.6,19.9,8.6,19.9,19.9,19.9,(X),(X),(X),19.9,76,136,136,76,136,136,136,136,136,136,136,136,(X),(X),(X),136,28.7,19.9,19.9,28.7,19.9,19.9,19.9,19.9,19.9,19.9,19.9,19.9,(X),(X),(X),19.9
9020000US3205,3205,"Washoe County Set, Nevada",0700,Logisticians 0700 (SOC 13-1081),10,0,0,10,0,0,0,0,0,0,0,0,(X),(X),(X),0,100.0,0.0,0.0,100.0,0.0,0.0,0.0,0.0,0.0,0.0,0.0,0.0,(X),(X),(X),0.0,10,0,0,10,0,0,0,0,0,0,0,0,(X),(X),(X),0,100.0,0.0,0.0,100.0,0.0,0.0,0.0,0.0,0.0,0.0,0.0,0.0,(X),(X),(X),0.0,0,0,0,0,0,0,0,0,0,0,0,0,(X),(X),(X),0,0.0,0.0,0.0,0.0,0.0,0.0,0.0,0.0,0.0,0.0,0.0,0.0,(X),(X),(X),0.0,23,136,136,23,136,136,136,136,136,136,136,136,(X),(X),(X),136,100.0,100.0,100.0,100.0,100.0,100.0,100.0,100.0,100.0,100.0,100.0,100.0,(X),(X),(X),100.0,23,136,136,23,136,136,136,136,136,136,136,136,(X),(X),(X),136,100.0,100.0,100.0,100.0,100.0,100.0,100.0,100.0,100.0,100.0,100.0,100.0,(X),(X),(X),100.0,136,136,136,136,136,136,136,136,136,136,136,136,(X),(X),(X),136,100.0,100.0,100.0,100.0,100.0,100.0,100.0,100.0,100.0,100.0,100.0,100.0,(X),(X),(X),100.0
9020000US3205,3205,"Washoe County Set, Nevada",0710,Management analysts 0710 (SOC 13-1111),865,55,10,770,0,0,35,0,0,0,0,0,(X),(X),(X),0,100.0,6.4,1.2,89.0,0.0,0.0,4.0,0.0,0.0,0.0,0.0,0.0,(X),(X),(X),0.0,520,4,0,475,0,0,35,0,0,0,0,0,(X),(X),(X),0,60.1,0.5,0.0,54.9,0.0,0.0,4.0,0.0,0.0,0.0,0.0,0.0,(X),(X),(X),0.0,345,45,10,290,0,0,0,0,0,0,0,0,(X),(X),(X),0,39.9,5.2,1.2,33.5,0.0,0.0,0.0,0.0,0.0,0.0,0.0,0.0,(X),(X),(X),0.0,207,66,13,183,136,136,53,136,136,136,136,136,(X),(X),(X),136,4.8,7.4,1.5,9.4,4.8,4.8,5.9,4.8,4.8,4.8,4.8,4.8,(X),(X),(X),4.8,168,18,136,157,136,136,53,136,136,136,136,136,(X),(X),(X),136,11.3,2.1,4.8,11.6,4.8,4.8,5.9,4.8,4.8,4.8,4.8,4.8,(X),(X),(X),4.8,119,66,13,93,136,136,136,136,136,136,136,136,(X),(X),(X),136,11.2,7.3,1.5,10.0,4.8,4.8,4.8,4.8,4.8,4.8,4.8,4.8,(X),(X),(X),4.8
9020000US3205,3205,"Washoe County Set, Nevada",0725,"Meeting, convention, and event planners 0725 (SOC 13-1121)",35,15,0,15,0,0,0,0,0,0,0,0,(X),(X),(X),0,100.0,42.9,0.0,42.9,0.0,0.0,0.0,0.0,0.0,0.0,0.0,0.0,(X),(X),(X),0.0,15,15,0,0,0,0,0,0,0,0,0,0,(X),(X),(X),0,42.9,42.9,0.0,0.0,0.0,0.0,0.0,0.0,0.0,0.0,0.0,0.0,(X),(X),(X),0.0,15,0,0,15,0,0,0,0,0,0,0,0,(X),(X),(X),0,42.9,0.0,0.0,42.9,0.0,0.0,0.0,0.0,0.0,0.0,0.0,0.0,(X),(X),(X),0.0,37,27,136,29,136,136,136,136,136,136,136,136,(X),(X),(X),136,57.3,57.1,57.3,57.1,57.3,57.3,57.3,57.3,57.3,57.3,57.3,57.3,(X),(X),(X),57.3,27,27,136,136,136,136,136,136,136,136,136,136,(X),(X),(X),136,57.1,57.1,57.3,57.3,57.3,57.3,57.3,57.3,57.3,57.3,57.3,57.3,(X),(X),(X),57.3,29,136,136,29,136,136,136,136,136,136,136,136,(X),(X),(X),136,57.1,57.3,57.3,57.1,57.3,57.3,57.3,57.3,57.3,57.3,57.3,57.3,(X),(X),(X),57.3
9020000US3205,3205,"Washoe County Set, Nevada",0726,Fundraisers 0726 (SOC 13-1131),40,0,0,40,0,0,0,0,0,0,0,0,(X),(X),(X),0,100.0,0.0,0.0,100.0,0.0,0.0,0.0,0.0,0.0,0.0,0.0,0.0,(X),(X),(X),0.0,0,0,0,0,0,0,0,0,0,0,0,0,(X),(X),(X),0,0.0,0.0,0.0,0.0,0.0,0.0,0.0,0.0,0.0,0.0,0.0,0.0,(X),(X),(X),0.0,40,0,0,40,0,0,0,0,0,0,0,0,(X),(X),(X),0,100.0,0.0,0.0,100.0,0.0,0.0,0.0,0.0,0.0,0.0,0.0,0.0,(X),(X),(X),0.0,37,136,136,37,136,136,136,136,136,136,136,136,(X),(X),(X),136,53.6,53.6,53.6,53.6,53.6,53.6,53.6,53.6,53.6,53.6,53.6,53.6,(X),(X),(X),53.6,136,136,136,136,136,136,136,136,136,136,136,136,(X),(X),(X),136,53.6,53.6,53.6,53.6,53.6,53.6,53.6,53.6,53.6,53.6,53.6,53.6,(X),(X),(X),53.6,37,136,136,37,136,136,136,136,136,136,136,136,(X),(X),(X),136,53.6,53.6,53.6,53.6,53.6,53.6,53.6,53.6,53.6,53.6,53.6,53.6,(X),(X),(X),53.6
9020000US3205,3205,"Washoe County Set, Nevada",0735,Market research analysts and marketing specialists 0735 (SOC 13-1161),195,0,0,175,0,0,20,0,0,0,0,0,(X),(X),(X),0,100.0,0.0,0.0,89.7,0.0,0.0,10.3,0.0,0.0,0.0,0.0,0.0,(X),(X),(X),0.0,70,0,0,60,0,0,10,0,0,0,0,0,(X),(X),(X),0,35.9,0.0,0.0,30.8,0.0,0.0,5.1,0.0,0.0,0.0,0.0,0.0,(X),(X),(X),0.0,125,0,0,115,0,0,10,0,0,0,0,0,(X),(X),(X),0,64.1,0.0,0.0,59.0,0.0,0.0,5.1,0.0,0.0,0.0,0.0,0.0,(X),(X),(X),0.0,87,136,136,86,136,136,25,136,136,136,136,136,(X),(X),(X),136,19.4,19.4,19.4,13.3,19.4,19.4,13.3,19.4,19.4,19.4,19.4,19.4,(X),(X),(X),19.4,48,136,136,48,136,136,21,136,136,136,136,136,(X),(X),(X),136,20.5,19.4,19.4,21.1,19.4,19.4,11.1,19.4,19.4,19.4,19.4,19.4,(X),(X),(X),19.4,68,136,136,68,136,136,16,136,136,136,136,136,(X),(X),(X),136,20.9,19.4,19.4,21.3,19.4,19.4,8.4,19.4,19.4,19.4,19.4,19.4,(X),(X),(X),19.4
9020000US3205,3205,"Washoe County Set, Nevada",0740,"Business operations specialists, all other 0740 (SOC 13-1199)",295,0,4,205,30,0,40,0,0,15,0,0,(X),(X),(X),0,100.0,0.0,1.4,69.5,10.2,0.0,13.6,0.0,0.0,5.1,0.0,0.0,(X),(X),(X),0.0,125,0,4,105,15,0,0,0,0,0,0,0,(X),(X),(X),0,42.4,0.0,1.4,35.6,5.1,0.0,0.0,0.0,0.0,0.0,0.0,0.0,(X),(X),(X),0.0,170,0,0,100,15,0,40,0,0,15,0,0,(X),(X),(X),0,57.6,0.0,0.0,33.9,5.1,0.0,13.6,0.0,0.0,5.1,0.0,0.0,(X),(X),(X),0.0,119,136,14,93,33,136,58,136,136,26,136,136,(X),(X),(X),136,13.4,13.4,5.0,18.0,10.7,13.4,18.0,13.4,13.4,8.3,13.4,13.4,(X),(X),(X),13.4,70,136,14,67,24,136,136,136,136,136,136,136,(X),(X),(X),136,18.5,13.4,5.0,18.2,8.0,13.4,13.4,13.4,13.4,13.4,13.4,13.4,(X),(X),(X),13.4,92,136,136,58,24,136,58,136,136,26,136,136,(X),(X),(X),136,18.8,13.4,13.4,16.0,7.9,13.4,18.0,13.4,13.4,8.3,13.4,13.4,(X),(X),(X),13.4
9020000US3205,3205,"Washoe County Set, Nevada",0800,Accountants and auditors 0800 (SOC 13-2011),2855,100,40,2270,130,10,245,10,0,20,20,0,(X),(X),(X),15,100.0,3.5,1.4,79.5,4.6,0.4,8.6,0.4,0.0,0.7,0.7,0.0,(X),(X),(X),0.5,1035,30,25,840,70,0,55,0,0,0,0,0,(X),(X),(X),15,36.3,1.1,0.9,29.4,2.5,0.0,1.9,0.0,0.0,0.0,0.0,0.0,(X),(X),(X),0.5,1820,65,15,1430,65,10,190,10,0,20,20,0,(X),(X),(X),0,63.7,2.3,0.5,50.1,2.3,0.4,6.7,0.4,0.0,0.7,0.7,0.0,(X),(X),(X),0.0,388,66,36,321,109,18,128,16,136,32,30,136,(X),(X),(X),27,1.5,2.3,1.3,5.4,3.7,0.6,4.2,0.5,1.5,1.1,1.1,1.5,(X),(X),(X),0.9,196,42,30,170,61,136,49,136,136,136,136,136,(X),(X),(X),27,5.5,1.5,1.1,5.3,2.1,1.5,1.7,1.5,1.5,1.5,1.5,1.5,(X),(X),(X),0.9,309,49,20,253,59,18,125,16,136,32,30,136,(X),(X),(X),136,5.5,1.7,0.7,5.7,2.1,0.6,4.1,0.5,1.5,1.1,1.1,1.5,(X),(X),(X),1.5
9020000US3205,3205,"Washoe County Set, Nevada",0810,Appraisers and assessors of real estate 0810 (SOC 13-2021),285,0,0,270,0,0,20,0,0,0,0,0,(X),(X),(X),0,100.0,0.0,0.0,94.7,0.0,0.0,7.0,0.0,0.0,0.0,0.0,0.0,(X),(X),(X),0.0,180,0,0,180,0,0,0,0,0,0,0,0,(X),(X),(X),0,63.2,0.0,0.0,63.2,0.0,0.0,0.0,0.0,0.0,0.0,0.0,0.0,(X),(X),(X),0.0,105,0,0,85,0,0,20,0,0,0,0,0,(X),(X),(X),0,36.8,0.0,0.0,29.8,0.0,0.0,7.0,0.0,0.0,0.0,0.0,0.0,(X),(X),(X),0.0,137,136,136,136,136,136,34,136,136,136,136,136,(X),(X),(X),136,13.8,13.8,13.8,12.5,13.8,13.8,12.0,13.8,13.8,13.8,13.8,13.8,(X),(X),(X),13.8,125,136,136,125,136,136,136,136,136,136,136,136,(X),(X),(X),136,23.6,13.8,13.8,23.6,13.8,13.8,13.8,13.8,13.8,13.8,13.8,13.8,(X),(X),(X),13.8,67,136,136,58,136,136,34,136,136,136,136,136,(X),(X),(X),136,23.6,13.8,13.8,20.8,13.8,13.8,12.0,13.8,13.8,13.8,13.8,13.8,(X),(X),(X),13.8
9020000US3205,3205,"Washoe County Set, Nevada",0820,Budget analysts 0820 (SOC 13-2031),105,0,0,70,35,0,0,0,0,0,0,0,(X),(X),(X),0,100.0,0.0,0.0,66.7,33.3,0.0,0.0,0.0,0.0,0.0,0.0,0.0,(X),(X),(X),0.0,55,0,0,20,35,0,0,0,0,0,0,0,(X),(X),(X),0,52.4,0.0,0.0,19.0,33.3,0.0,0.0,0.0,0.0,0.0,0.0,0.0,(X),(X),(X),0.0,50,0,0,50,0,0,0,0,0,0,0,0,(X),(X),(X),0,47.6,0.0,0.0,47.6,0.0,0.0,0.0,0.0,0.0,0.0,0.0,0.0,(X),(X),(X),0.0,73,136,136,48,55,136,136,136,136,136,136,136,(X),(X),(X),136,32.0,32.0,32.0,40.6,42.4,32.0,32.0,32.0,32.0,32.0,32.0,32.0,(X),(X),(X),32.0,59,136,136,24,55,136,136,136,136,136,136,136,(X),(X),(X),136,34.0,32.0,32.0,22.9,42.4,32.0,32.0,32.0,32.0,32.0,32.0,32.0,(X),(X),(X),32.0,38,136,136,38,136,136,136,136,136,136,136,136,(X),(X),(X),136,32.0,32.0,32.0,32.0,32.0,32.0,32.0,32.0,32.0,32.0,32.0,32.0,(X),(X),(X),32.0
9020000US3205,3205,"Washoe County Set, Nevada",0830,Credit analysts 0830 (SOC 13-2041),15,0,0,0,0,0,15,0,0,0,0,0,(X),(X),(X),0,100.0,0.0,0.0,0.0,0.0,0.0,100.0,0.0,0.0,0.0,0.0,0.0,(X),(X),(X),0.0,15,0,0,0,0,0,15,0,0,0,0,0,(X),(X),(X),0,100.0,0.0,0.0,0.0,0.0,0.0,100.0,0.0,0.0,0.0,0.0,0.0,(X),(X),(X),0.0,0,0,0,0,0,0,0,0,0,0,0,0,(X),(X),(X),0,0.0,0.0,0.0,0.0,0.0,0.0,0.0,0.0,0.0,0.0,0.0,0.0,(X),(X),(X),0.0,26,136,136,136,136,136,26,136,136,136,136,136,(X),(X),(X),136,87.6,87.6,87.6,87.6,87.6,87.6,87.6,87.6,87.6,87.6,87.6,87.6,(X),(X),(X),87.6,26,136,136,136,136,136,26,136,136,136,136,136,(X),(X),(X),136,87.6,87.6,87.6,87.6,87.6,87.6,87.6,87.6,87.6,87.6,87.6,87.6,(X),(X),(X),87.6,136,136,136,136,136,136,136,136,136,136,136,136,(X),(X),(X),136,87.6,87.6,87.6,87.6,87.6,87.6,87.6,87.6,87.6,87.6,87.6,87.6,(X),(X),(X),87.6
9020000US3205,3205,"Washoe County Set, Nevada",0840,Financial analysts 0840 (SOC 13-2051),75,0,0,65,0,0,10,0,0,0,0,0,(X),(X),(X),0,100.0,0.0,0.0,86.7,0.0,0.0,13.3,0.0,0.0,0.0,0.0,0.0,(X),(X),(X),0.0,55,0,0,55,0,0,0,0,0,0,0,0,(X),(X),(X),0,73.3,0.0,0.0,73.3,0.0,0.0,0.0,0.0,0.0,0.0,0.0,0.0,(X),(X),(X),0.0,15,0,0,4,0,0,10,0,0,0,0,0,(X),(X),(X),0,20.0,0.0,0.0,5.3,0.0,0.0,13.3,0.0,0.0,0.0,0.0,0.0,(X),(X),(X),0.0,53,136,136,51,136,136,14,136,136,136,136,136,(X),(X),(X),136,39.2,39.2,39.2,22.4,39.2,39.2,18.4,39.2,39.2,39.2,39.2,39.2,(X),(X),(X),39.2,52,136,136,52,136,136,136,136,136,136,136,136,(X),(X),(X),136,33.4,39.2,39.2,33.4,39.2,39.2,39.2,39.2,39.2,39.2,39.2,39.2,(X),(X),(X),39.2,19,136,136,13,136,136,14,136,136,136,136,136,(X),(X),(X),136,27.9,39.2,39.2,19.4,39.2,39.2,18.4,39.2,39.2,39.2,39.2,39.2,(X),(X),(X),39.2
9020000US3205,3205,"Washoe County Set, Nevada",0850,Personal financial advisors 0850 (SOC 13-2052),495,0,0,480,0,0,15,0,0,0,0,0,(X),(X),(X),0,100.0,0.0,0.0,97.0,0.0,0.0,3.0,0.0,0.0,0.0,0.0,0.0,(X),(X),(X),0.0,330,0,0,315,0,0,15,0,0,0,0,0,(X),(X),(X),0,66.7,0.0,0.0,63.6,0.0,0.0,3.0,0.0,0.0,0.0,0.0,0.0,(X),(X),(X),0.0,165,0,0,165,0,0,0,0,0,0,0,0,(X),(X),(X),0,33.3,0.0,0.0,33.3,0.0,0.0,0.0,0.0,0.0,0.0,0.0,0.0,(X),(X),(X),0.0,131,136,136,127,136,136,26,136,136,136,136,136,(X),(X),(X),136,8.2,8.2,8.2,5.0,8.2,8.2,5.2,8.2,8.2,8.2,8.2,8.2,(X),(X),(X),8.2,117,136,136,113,136,136,26,136,136,136,136,136,(X),(X),(X),136,13.1,8.2,8.2,13.1,8.2,8.2,5.2,8.2,8.2,8.2,8.2,8.2,(X),(X),(X),8.2,72,136,136,72,136,136,136,136,136,136,136,136,(X),(X),(X),136,13.0,8.2,8.2,13.0,8.2,8.2,8.2,8.2,8.2,8.2,8.2,8.2,(X),(X),(X),8.2
9020000US3205,3205,"Washoe County Set, Nevada",0860,Insurance underwriters 0860 (SOC 13-2053),35,0,0,20,0,0,0,0,0,0,15,0,(X),(X),(X),0,100.0,0.0,0.0,57.1,0.0,0.0,0.0,0.0,0.0,0.0,42.9,0.0,(X),(X),(X),0.0,0,0,0,0,0,0,0,0,0,0,0,0,(X),(X),(X),0,0.0,0.0,0.0,0.0,0.0,0.0,0.0,0.0,0.0,0.0,0.0,0.0,(X),(X),(X),0.0,35,0,0,20,0,0,0,0,0,0,15,0,(X),(X),(X),0,100.0,0.0,0.0,57.1,0.0,0.0,0.0,0.0,0.0,0.0,42.9,0.0,(X),(X),(X),0.0,33,136,136,26,136,136,136,136,136,136,24,136,(X),(X),(X),136,57.3,57.3,57.3,57.1,57.3,57.3,57.3,57.3,57.3,57.3,57.1,57.3,(X),(X),(X),57.3,136,136,136,136,136,136,136,136,136,136,136,136,(X),(X),(X),136,57.3,57.3,57.3,57.3,57.3,57.3,57.3,57.3,57.3,57.3,57.3,57.3,(X),(X),(X),57.3,33,136,136,26,136,136,136,136,136,136,24,136,(X),(X),(X),136,57.3,57.3,57.3,57.1,57.3,57.3,57.3,57.3,57.3,57.3,57.1,57.3,(X),(X),(X),57.3
9020000US3205,3205,"Washoe County Set, Nevada",0910,Credit counselors and loan officers 0910 (SOC 13-2070),875,75,10,580,70,0,140,0,0,0,0,0,(X),(X),(X),0,100.0,8.6,1.1,66.3,8.0,0.0,16.0,0.0,0.0,0.0,0.0,0.0,(X),(X),(X),0.0,465,0,0,280,70,0,115,0,0,0,0,0,(X),(X),(X),0,53.1,0.0,0.0,32.0,8.0,0.0,13.1,0.0,0.0,0.0,0.0,0.0,(X),(X),(X),0.0,405,75,10,300,0,0,25,0,0,0,0,0,(X),(X),(X),0,46.3,8.6,1.1,34.3,0.0,0.0,2.9,0.0,0.0,0.0,0.0,0.0,(X),(X),(X),0.0,246,65,18,189,76,136,82,136,136,136,136,136,(X),(X),(X),136,4.7,7.1,2.3,11.9,8.4,4.7,8.5,4.7,4.7,4.7,4.7,4.7,(X),(X),(X),4.7,171,136,136,126,76,136,73,136,136,136,136,136,(X),(X),(X),136,12.8,4.7,4.7,11.9,8.4,4.7,7.8,4.7,4.7,4.7,4.7,4.7,(X),(X),(X),4.7,158,65,18,142,136,136,41,136,136,136,136,136,(X),(X),(X),136,12.7,7.1,2.3,13.2,4.7,4.7,4.6,4.7,4.7,4.7,4.7,4.7,(X),(X),(X),4.7
9020000US3205,3205,"Washoe County Set, Nevada",0930,"Tax examiners and collectors, and revenue agents 0930 (SOC 13-2081)",115,0,20,90,0,4,0,0,0,0,0,0,(X),(X),(X),0,100.0,0.0,17.4,78.3,0.0,3.5,0.0,0.0,0.0,0.0,0.0,0.0,(X),(X),(X),0.0,45,0,0,45,0,0,0,0,0,0,0,0,(X),(X),(X),0,39.1,0.0,0.0,39.1,0.0,0.0,0.0,0.0,0.0,0.0,0.0,0.0,(X),(X),(X),0.0,75,0,20,50,0,4,0,0,0,0,0,0,(X),(X),(X),0,65.2,0.0,17.4,43.5,0.0,3.5,0.0,0.0,0.0,0.0,0.0,0.0,(X),(X),(X),0.0,74,136,28,66,136,2,136,136,136,136,136,136,(X),(X),(X),136,30.0,30.0,22.5,22.6,30.0,2.8,30.0,30.0,30.0,30.0,30.0,30.0,(X),(X),(X),30.0,40,136,136,40,136,136,136,136,136,136,136,136,(X),(X),(X),136,27.9,30.0,30.0,27.9,30.0,30.0,30.0,30.0,30.0,30.0,30.0,30.0,(X),(X),(X),30.0,53,136,28,44,136,2,136,136,136,136,136,136,(X),(X),(X),136,26.2,30.0,22.5,26.5,30.0,2.8,30.0,30.0,30.0,30.0,30.0,30.0,(X),(X),(X),30.0
9020000US3205,3205,"Washoe County Set, Nevada",0940,Tax preparers 0940 (SOC 13-2082),60,0,0,60,0,0,0,0,0,0,0,0,(X),(X),(X),0,100.0,0.0,0.0,100.0,0.0,0.0,0.0,0.0,0.0,0.0,0.0,0.0,(X),(X),(X),0.0,25,0,0,25,0,0,0,0,0,0,0,0,(X),(X),(X),0,41.7,0.0,0.0,41.7,0.0,0.0,0.0,0.0,0.0,0.0,0.0,0.0,(X),(X),(X),0.0,35,0,0,35,0,0,0,0,0,0,0,0,(X),(X),(X),0,58.3,0.0,0.0,58.3,0.0,0.0,0.0,0.0,0.0,0.0,0.0,0.0,(X),(X),(X),0.0,40,136,136,40,136,136,136,136,136,136,136,136,(X),(X),(X),136,43.8,43.8,43.8,43.8,43.8,43.8,43.8,43.8,43.8,43.8,43.8,43.8,(X),(X),(X),43.8,28,136,136,28,136,136,136,136,136,136,136,136,(X),(X),(X),136,42.9,43.8,43.8,42.9,43.8,43.8,43.8,43.8,43.8,43.8,43.8,43.8,(X),(X),(X),43.8,33,136,136,33,136,136,136,136,136,136,136,136,(X),(X),(X),136,41.4,43.8,43.8,41.4,43.8,43.8,43.8,43.8,43.8,43.8,43.8,43.8,(X),(X),(X),43.8
9020000US3205,3205,"Washoe County Set, Nevada",1005,Computer and information research scientists 1005 (SOC 15-1111),40,0,0,40,0,0,0,0,0,0,0,0,(X),(X),(X),0,100.0,0.0,0.0,100.0,0.0,0.0,0.0,0.0,0.0,0.0,0.0,0.0,(X),(X),(X),0.0,40,0,0,40,0,0,0,0,0,0,0,0,(X),(X),(X),0,100.0,0.0,0.0,100.0,0.0,0.0,0.0,0.0,0.0,0.0,0.0,0.0,(X),(X),(X),0.0,0,0,0,0,0,0,0,0,0,0,0,0,(X),(X),(X),0,0.0,0.0,0.0,0.0,0.0,0.0,0.0,0.0,0.0,0.0,0.0,0.0,(X),(X),(X),0.0,62,136,136,62,136,136,136,136,136,136,136,136,(X),(X),(X),136,53.6,53.6,53.6,53.6,53.6,53.6,53.6,53.6,53.6,53.6,53.6,53.6,(X),(X),(X),53.6,62,136,136,62,136,136,136,136,136,136,136,136,(X),(X),(X),136,53.6,53.6,53.6,53.6,53.6,53.6,53.6,53.6,53.6,53.6,53.6,53.6,(X),(X),(X),53.6,136,136,136,136,136,136,136,136,136,136,136,136,(X),(X),(X),136,53.6,53.6,53.6,53.6,53.6,53.6,53.6,53.6,53.6,53.6,53.6,53.6,(X),(X),(X),53.6
9020000US3205,3205,"Washoe County Set, Nevada",1006,Computer systems analysts 1006 (SOC 15-1121),515,10,0,485,0,4,15,0,0,0,0,0,(X),(X),(X),0,100.0,1.9,0.0,94.2,0.0,0.8,2.9,0.0,0.0,0.0,0.0,0.0,(X),(X),(X),0.0,295,0,0,295,0,0,0,0,0,0,0,0,(X),(X),(X),0,57.3,0.0,0.0,57.3,0.0,0.0,0.0,0.0,0.0,0.0,0.0,0.0,(X),(X),(X),0.0,225,10,0,195,0,4,15,0,0,0,0,0,(X),(X),(X),0,43.7,1.9,0.0,37.9,0.0,0.8,2.9,0.0,0.0,0.0,0.0,0.0,(X),(X),(X),0.0,153,17,136,149,136,13,24,136,136,136,136,136,(X),(X),(X),136,7.9,3.2,7.9,5.2,7.9,2.4,4.5,7.9,7.9,7.9,7.9,7.9,(X),(X),(X),7.9,123,136,136,123,136,136,136,136,136,136,136,136,(X),(X),(X),136,14.8,7.9,7.9,14.8,7.9,7.9,7.9,7.9,7.9,7.9,7.9,7.9,(X),(X),(X),7.9,93,17,136,90,136,13,24,136,136,136,136,136,(X),(X),(X),136,14.7,3.2,7.9,14.4,7.9,2.4,4.5,7.9,7.9,7.9,7.9,7.9,(X),(X),(X),7.9
9020000US3205,3205,"Washoe County Set, Nevada",1007,Information security analysts 1007 (SOC 15-1122),30,0,0,30,0,0,0,0,0,0,0,0,(X),(X),(X),0,100.0,0.0,0.0,100.0,0.0,0.0,0.0,0.0,0.0,0.0,0.0,0.0,(X),(X),(X),0.0,15,0,0,15,0,0,0,0,0,0,0,0,(X),(X),(X),0,50.0,0.0,0.0,50.0,0.0,0.0,0.0,0.0,0.0,0.0,0.0,0.0,(X),(X),(X),0.0,15,0,0,15,0,0,0,0,0,0,0,0,(X),(X),(X),0,50.0,0.0,0.0,50.0,0.0,0.0,0.0,0.0,0.0,0.0,0.0,0.0,(X),(X),(X),0.0,36,136,136,36,136,136,136,136,136,136,136,136,(X),(X),(X),136,61.9,61.9,61.9,61.9,61.9,61.9,61.9,61.9,61.9,61.9,61.9,61.9,(X),(X),(X),61.9,27,136,136,27,136,136,136,136,136,136,136,136,(X),(X),(X),136,50.0,61.9,61.9,50.0,61.9,61.9,61.9,61.9,61.9,61.9,61.9,61.9,(X),(X),(X),61.9,25,136,136,25,136,136,136,136,136,136,136,136,(X),(X),(X),136,50.0,61.9,61.9,50.0,61.9,61.9,61.9,61.9,61.9,61.9,61.9,61.9,(X),(X),(X),61.9
9020000US3205,3205,"Washoe County Set, Nevada",1010,Computer programmers 1010 (SOC 15-1131),610,75,10,400,10,10,75,0,0,4,0,0,(X),(X),(X),15,100.0,12.3,1.6,65.6,1.6,1.6,12.3,0.0,0.0,0.7,0.0,0.0,(X),(X),(X),2.5,390,60,0,265,10,0,30,0,0,4,0,0,(X),(X),(X),15,63.9,9.8,0.0,43.4,1.6,0.0,4.9,0.0,0.0,0.7,0.0,0.0,(X),(X),(X),2.5,220,15,10,140,0,10,45,0,0,0,0,0,(X),(X),(X),0,36.1,2.5,1.6,23.0,0.0,1.6,7.4,0.0,0.0,0.0,0.0,0.0,(X),(X),(X),0.0,164,62,24,137,18,21,62,136,136,12,136,136,(X),(X),(X),29,6.7,9.8,4.0,13.5,2.9,3.4,9.3,6.7,6.7,1.9,6.7,6.7,(X),(X),(X),4.7,139,56,136,112,18,136,33,136,136,12,136,136,(X),(X),(X),29,11.9,8.7,6.7,12.4,2.9,6.7,5.3,6.7,6.7,1.9,6.7,6.7,(X),(X),(X),4.7,85,23,24,66,136,21,51,136,136,136,136,136,(X),(X),(X),136,11.9,3.8,4.0,10.2,6.7,3.4,7.8,6.7,6.7,6.7,6.7,6.7,(X),(X),(X),6.7
9020000US3205,3205,"Washoe County Set, Nevada",1020,"Software developers, applications and systems software 1020 (SOC 15-113X)",765,0,0,670,0,0,95,0,0,0,0,0,(X),(X),(X),0,100.0,0.0,0.0,87.6,0.0,0.0,12.4,0.0,0.0,0.0,0.0,0.0,(X),(X),(X),0.0,620,0,0,550,0,0,70,0,0,0,0,0,(X),(X),(X),0,81.0,0.0,0.0,71.9,0.0,0.0,9.2,0.0,0.0,0.0,0.0,0.0,(X),(X),(X),0.0,145,0,0,115,0,0,30,0,0,0,0,0,(X),(X),(X),0,19.0,0.0,0.0,15.0,0.0,0.0,3.9,0.0,0.0,0.0,0.0,0.0,(X),(X),(X),0.0,192,136,136,187,136,136,70,136,136,136,136,136,(X),(X),(X),136,5.4,5.4,5.4,8.9,5.4,5.4,9.1,5.4,5.4,5.4,5.4,5.4,(X),(X),(X),5.4,184,136,136,177,136,136,58,136,136,136,136,136,(X),(X),(X),136,10.1,5.4,5.4,12.5,5.4,5.4,7.3,5.4,5.4,5.4,5.4,5.4,(X),(X),(X),5.4,79,136,136,66,136,136,43,136,136,136,136,136,(X),(X),(X),136,10.1,5.4,5.4,8.0,5.4,5.4,5.7,5.4,5.4,5.4,5.4,5.4,(X),(X),(X),5.4
9020000US3205,3205,"Washoe County Set, Nevada",1030,Web developers 1030 (SOC 15-1134),165,0,15,130,0,0,10,10,0,0,0,0,(X),(X),(X),0,100.0,0.0,9.1,78.8,0.0,0.0,6.1,6.1,0.0,0.0,0.0,0.0,(X),(X),(X),0.0,80,0,0,70,0,0,0,10,0,0,0,0,(X),(X),(X),0,48.5,0.0,0.0,42.4,0.0,0.0,0.0,6.1,0.0,0.0,0.0,0.0,(X),(X),(X),0.0,85,0,15,60,0,0,10,0,0,0,0,0,(X),(X),(X),0,51.5,0.0,9.1,36.4,0.0,0.0,6.1,0.0,0.0,0.0,0.0,0.0,(X),(X),(X),0.0,73,136,25,69,136,136,16,21,136,136,136,136,(X),(X),(X),136,22.5,22.5,15.4,22.0,22.5,22.5,9.6,13.5,22.5,22.5,22.5,22.5,(X),(X),(X),22.5,56,136,136,55,136,136,136,21,136,136,136,136,(X),(X),(X),136,23.9,22.5,22.5,25.8,22.5,22.5,22.5,13.5,22.5,22.5,22.5,22.5,(X),(X),(X),22.5,50,136,25,42,136,136,16,136,136,136,136,136,(X),(X),(X),136,24.8,22.5,15.4,21.4,22.5,22.5,9.6,22.5,22.5,22.5,22.5,22.5,(X),(X),(X),22.5
9020000US3205,3205,"Washoe County Set, Nevada",1050,Computer support specialists 1050 (SOC 15-1150),545,0,0,425,0,10,75,0,0,25,15,0,(X),(X),(X),0,100.0,0.0,0.0,78.0,0.0,1.8,13.8,0.0,0.0,4.6,2.8,0.0,(X),(X),(X),0.0,405,0,0,290,0,4,75,0,0,25,15,0,(X),(X),(X),0,74.3,0.0,0.0,53.2,0.0,0.7,13.8,0.0,0.0,4.6,2.8,0.0,(X),(X),(X),0.0,145,0,0,135,0,4,0,0,0,0,0,0,(X),(X),(X),0,26.6,0.0,0.0,24.8,0.0,0.7,0.0,0.0,0.0,0.0,0.0,0.0,(X),(X),(X),0.0,143,136,136,124,136,19,69,136,136,29,25,136,(X),(X),(X),136,7.5,7.5,7.5,13.2,7.5,3.3,11.5,7.5,7.5,5.1,4.5,7.5,(X),(X),(X),7.5,135,136,136,105,136,9,69,136,136,29,25,136,(X),(X),(X),136,12.0,7.5,7.5,13.1,7.5,1.5,11.5,7.5,7.5,5.1,4.5,7.5,(X),(X),(X),7.5,69,136,136,67,136,19,136,136,136,136,136,136,(X),(X),(X),136,12.2,7.5,7.5,11.6,7.5,3.5,7.5,7.5,7.5,7.5,7.5,7.5,(X),(X),(X),7.5
9020000US3205,3205,"Washoe County Set, Nevada",1060,Database administrators 1060 (SOC 15-1141),20,0,0,10,15,0,0,0,0,0,0,0,(X),(X),(X),0,100.0,0.0,0.0,50.0,75.0,0.0,0.0,0.0,0.0,0.0,0.0,0.0,(X),(X),(X),0.0,0,0,0,0,0,0,0,0,0,0,0,0,(X),(X),(X),0,0.0,0.0,0.0,0.0,0.0,0.0,0.0,0.0,0.0,0.0,0.0,0.0,(X),(X),(X),0.0,20,0,0,10,15,0,0,0,0,0,0,0,(X),(X),(X),0,100.0,0.0,0.0,50.0,75.0,0.0,0.0,0.0,0.0,0.0,0.0,0.0,(X),(X),(X),0.0,24,136,136,15,24,136,136,136,136,136,136,136,(X),(X),(X),136,75.8,75.8,75.8,50.0,75.0,75.8,75.8,75.8,75.8,75.8,75.8,75.8,(X),(X),(X),75.8,136,136,136,136,136,136,136,136,136,136,136,136,(X),(X),(X),136,75.8,75.8,75.8,75.8,75.8,75.8,75.8,75.8,75.8,75.8,75.8,75.8,(X),(X),(X),75.8,24,136,136,15,24,136,136,136,136,136,136,136,(X),(X),(X),136,75.8,75.8,75.8,50.0,75.0,75.8,75.8,75.8,75.8,75.8,75.8,75.8,(X),(X),(X),75.8
9020000US3205,3205,"Washoe County Set, Nevada",1105,Network and computer systems administrators 1105 (SOC 15-1142),430,30,0,370,0,0,25,0,0,0,0,0,(X),(X),(X),0,100.0,7.0,0.0,86.0,0.0,0.0,5.8,0.0,0.0,0.0,0.0,0.0,(X),(X),(X),0.0,235,0,0,210,0,0,25,0,0,0,0,0,(X),(X),(X),0,54.7,0.0,0.0,48.8,0.0,0.0,5.8,0.0,0.0,0.0,0.0,0.0,(X),(X),(X),0.0,195,30,0,165,0,0,0,0,0,0,0,0,(X),(X),(X),0,45.3,7.0,0.0,38.4,0.0,0.0,0.0,0.0,0.0,0.0,0.0,0.0,(X),(X),(X),0.0,157,43,136,143,136,136,29,136,136,136,136,136,(X),(X),(X),136,9.4,9.3,9.4,11.5,9.4,9.4,6.7,9.4,9.4,9.4,9.4,9.4,(X),(X),(X),9.4,109,136,136,106,136,136,29,136,136,136,136,136,(X),(X),(X),136,17.7,9.4,9.4,17.7,9.4,9.4,6.7,9.4,9.4,9.4,9.4,9.4,(X),(X),(X),9.4,106,43,136,93,136,136,136,136,136,136,136,136,(X),(X),(X),136,17.5,9.3,9.4,17.2,9.4,9.4,9.4,9.4,9.4,9.4,9.4,9.4,(X),(X),(X),9.4
9020000US3205,3205,"Washoe County Set, Nevada",1106,Computer network architects 1106 (SOC 15-1143),60,0,0,60,0,0,0,0,0,0,0,0,(X),(X),(X),0,100.0,0.0,0.0,100.0,0.0,0.0,0.0,0.0,0.0,0.0,0.0,0.0,(X),(X),(X),0.0,60,0,0,60,0,0,0,0,0,0,0,0,(X),(X),(X),0,100.0,0.0,0.0,100.0,0.0,0.0,0.0,0.0,0.0,0.0,0.0,0.0,(X),(X),(X),0.0,0,0,0,0,0,0,0,0,0,0,0,0,(X),(X),(X),0,0.0,0.0,0.0,0.0,0.0,0.0,0.0,0.0,0.0,0.0,0.0,0.0,(X),(X),(X),0.0,64,136,136,64,136,136,136,136,136,136,136,136,(X),(X),(X),136,43.8,43.8,43.8,43.8,43.8,43.8,43.8,43.8,43.8,43.8,43.8,43.8,(X),(X),(X),43.8,64,136,136,64,136,136,136,136,136,136,136,136,(X),(X),(X),136,43.8,43.8,43.8,43.8,43.8,43.8,43.8,43.8,43.8,43.8,43.8,43.8,(X),(X),(X),43.8,136,136,136,136,136,136,136,136,136,136,136,136,(X),(X),(X),136,43.8,43.8,43.8,43.8,43.8,43.8,43.8,43.8,43.8,43.8,43.8,43.8,(X),(X),(X),43.8
9020000US3205,3205,"Washoe County Set, Nevada",1107,"Computer occupations, all other 1107 (SOC 15-1199)",385,20,0,225,0,0,135,0,0,0,0,0,(X),(X),(X),0,100.0,5.2,0.0,58.4,0.0,0.0,35.1,0.0,0.0,0.0,0.0,0.0,(X),(X),(X),0.0,250,20,0,105,0,0,125,0,0,0,0,0,(X),(X),(X),0,64.9,5.2,0.0,27.3,0.0,0.0,32.5,0.0,0.0,0.0,0.0,0.0,(X),(X),(X),0.0,135,0,0,125,0,0,15,0,0,0,0,0,(X),(X),(X),0,35.1,0.0,0.0,32.5,0.0,0.0,3.9,0.0,0.0,0.0,0.0,0.0,(X),(X),(X),0.0,142,37,136,88,136,136,117,136,136,136,136,136,(X),(X),(X),136,10.4,9.7,10.4,23.0,10.4,10.4,23.4,10.4,10.4,10.4,10.4,10.4,(X),(X),(X),10.4,121,37,136,62,136,136,115,136,136,136,136,136,(X),(X),(X),136,18.8,9.7,10.4,17.7,10.4,10.4,23.8,10.4,10.4,10.4,10.4,10.4,(X),(X),(X),10.4,81,136,136,76,136,136,24,136,136,136,136,136,(X),(X),(X),136,19.4,10.4,10.4,18.3,10.4,10.4,6.1,10.4,10.4,10.4,10.4,10.4,(X),(X),(X),10.4
9020000US3205,3205,"Washoe County Set, Nevada",1200,Actuaries 1200 (SOC 15-2011),10,0,0,10,0,0,0,0,0,0,0,0,(X),(X),(X),0,100.0,0.0,0.0,100.0,0.0,0.0,0.0,0.0,0.0,0.0,0.0,0.0,(X),(X),(X),0.0,0,0,0,0,0,0,0,0,0,0,0,0,(X),(X),(X),0,0.0,0.0,0.0,0.0,0.0,0.0,0.0,0.0,0.0,0.0,0.0,0.0,(X),(X),(X),0.0,10,0,0,10,0,0,0,0,0,0,0,0,(X),(X),(X),0,100.0,0.0,0.0,100.0,0.0,0.0,0.0,0.0,0.0,0.0,0.0,0.0,(X),(X),(X),0.0,20,136,136,20,136,136,136,136,136,136,136,136,(X),(X),(X),136,100.0,100.0,100.0,100.0,100.0,100.0,100.0,100.0,100.0,100.0,100.0,100.0,(X),(X),(X),100.0,136,136,136,136,136,136,136,136,136,136,136,136,(X),(X),(X),136,100.0,100.0,100.0,100.0,100.0,100.0,100.0,100.0,100.0,100.0,100.0,100.0,(X),(X),(X),100.0,20,136,136,20,136,136,136,136,136,136,136,136,(X),(X),(X),136,100.0,100.0,100.0,100.0,100.0,100.0,100.0,100.0,100.0,100.0,100.0,100.0,(X),(X),(X),100.0
9020000US3205,3205,"Washoe County Set, Nevada",1220,Operations research analysts 1220 (SOC 15-2031),110,0,0,95,0,0,0,0,0,0,0,0,(X),(X),(X),10,100.0,0.0,0.0,86.4,0.0,0.0,0.0,0.0,0.0,0.0,0.0,0.0,(X),(X),(X),9.1,55,0,0,45,0,0,0,0,0,0,0,0,(X),(X),(X),10,50.0,0.0,0.0,40.9,0.0,0.0,0.0,0.0,0.0,0.0,0.0,0.0,(X),(X),(X),9.1,50,0,0,50,0,0,0,0,0,0,0,0,(X),(X),(X),0,45.5,0.0,0.0,45.5,0.0,0.0,0.0,0.0,0.0,0.0,0.0,0.0,(X),(X),(X),0.0,62,136,136,57,136,136,136,136,136,136,136,136,(X),(X),(X),23,31.0,31.0,31.0,19.3,31.0,31.0,31.0,31.0,31.0,31.0,31.0,31.0,(X),(X),(X),19.3,46,136,136,38,136,136,136,136,136,136,136,136,(X),(X),(X),23,30.6,31.0,31.0,27.7,31.0,31.0,31.0,31.0,31.0,31.0,31.0,31.0,(X),(X),(X),19.3,44,136,136,44,136,136,136,136,136,136,136,136,(X),(X),(X),136,28.9,31.0,31.0,28.9,31.0,31.0,31.0,31.0,31.0,31.0,31.0,31.0,(X),(X),(X),31.0
9020000US3205,3205,"Washoe County Set, Nevada",1240,"Miscellaneous mathematical science occupations, including mathematicians and statisticians 1240 (SOC 15-20XX)",20,0,0,20,0,0,0,0,0,0,0,0,(X),(X),(X),0,100.0,0.0,0.0,100.0,0.0,0.0,0.0,0.0,0.0,0.0,0.0,0.0,(X),(X),(X),0.0,10,0,0,10,0,0,0,0,0,0,0,0,(X),(X),(X),0,50.0,0.0,0.0,50.0,0.0,0.0,0.0,0.0,0.0,0.0,0.0,0.0,(X),(X),(X),0.0,15,0,0,15,0,0,0,0,0,0,0,0,(X),(X),(X),0,75.0,0.0,0.0,75.0,0.0,0.0,0.0,0.0,0.0,0.0,0.0,0.0,(X),(X),(X),0.0,27,136,136,27,136,136,136,136,136,136,136,136,(X),(X),(X),136,75.8,75.8,75.8,75.8,75.8,75.8,75.8,75.8,75.8,75.8,75.8,75.8,(X),(X),(X),75.8,16,136,136,16,136,136,136,136,136,136,136,136,(X),(X),(X),136,50.0,75.8,75.8,50.0,75.8,75.8,75.8,75.8,75.8,75.8,75.8,75.8,(X),(X),(X),75.8,23,136,136,23,136,136,136,136,136,136,136,136,(X),(X),(X),136,75.0,75.8,75.8,75.0,75.8,75.8,75.8,75.8,75.8,75.8,75.8,75.8,(X),(X),(X),75.8
9020000US3205,3205,"Washoe County Set, Nevada",1300,"Architects, except naval 1300 (SOC 17-1010)",250,0,0,250,0,0,0,0,0,0,0,0,(X),(X),(X),0,100.0,0.0,0.0,100.0,0.0,0.0,0.0,0.0,0.0,0.0,0.0,0.0,(X),(X),(X),0.0,145,0,0,145,0,0,0,0,0,0,0,0,(X),(X),(X),0,58.0,0.0,0.0,58.0,0.0,0.0,0.0,0.0,0.0,0.0,0.0,0.0,(X),(X),(X),0.0,105,0,0,105,0,0,0,0,0,0,0,0,(X),(X),(X),0,42.0,0.0,0.0,42.0,0.0,0.0,0.0,0.0,0.0,0.0,0.0,0.0,(X),(X),(X),0.0,132,136,136,132,136,136,136,136,136,136,136,136,(X),(X),(X),136,15.6,15.6,15.6,15.6,15.6,15.6,15.6,15.6,15.6,15.6,15.6,15.6,(X),(X),(X),15.6,107,136,136,107,136,136,136,136,136,136,136,136,(X),(X),(X),136,26.2,15.6,15.6,26.2,15.6,15.6,15.6,15.6,15.6,15.6,15.6,15.6,(X),(X),(X),15.6,75,136,136,75,136,136,136,136,136,136,136,136,(X),(X),(X),136,26.3,15.6,15.6,26.3,15.6,15.6,15.6,15.6,15.6,15.6,15.6,15.6,(X),(X),(X),15.6
9020000US3205,3205,"Washoe County Set, Nevada",1310,"Surveyors, cartographers, and photogrammetrists 1310 (SOC 17-1020)",70,0,0,70,0,0,0,0,0,0,0,0,(X),(X),(X),0,100.0,0.0,0.0,100.0,0.0,0.0,0.0,0.0,0.0,0.0,0.0,0.0,(X),(X),(X),0.0,70,0,0,70,0,0,0,0,0,0,0,0,(X),(X),(X),0,100.0,0.0,0.0,100.0,0.0,0.0,0.0,0.0,0.0,0.0,0.0,0.0,(X),(X),(X),0.0,0,0,0,0,0,0,0,0,0,0,0,0,(X),(X),(X),0,0.0,0.0,0.0,0.0,0.0,0.0,0.0,0.0,0.0,0.0,0.0,0.0,(X),(X),(X),0.0,51,136,136,51,136,136,136,136,136,136,136,136,(X),(X),(X),136,40.5,40.5,40.5,40.5,40.5,40.5,40.5,40.5,40.5,40.5,40.5,40.5,(X),(X),(X),40.5,51,136,136,51,136,136,136,136,136,136,136,136,(X),(X),(X),136,40.5,40.5,40.5,40.5,40.5,40.5,40.5,40.5,40.5,40.5,40.5,40.5,(X),(X),(X),40.5,136,136,136,136,136,136,136,136,136,136,136,136,(X),(X),(X),136,40.5,40.5,40.5,40.5,40.5,40.5,40.5,40.5,40.5,40.5,40.5,40.5,(X),(X),(X),40.5
9020000US3205,3205,"Washoe County Set, Nevada",1320,Aerospace engineers 1320 (SOC 17-2011),85,10,10,60,0,0,0,0,0,0,0,0,(X),(X),(X),0,100.0,11.8,11.8,70.6,0.0,0.0,0.0,0.0,0.0,0.0,0.0,0.0,(X),(X),(X),0.0,85,10,10,60,0,0,0,0,0,0,0,0,(X),(X),(X),0,100.0,11.8,11.8,70.6,0.0,0.0,0.0,0.0,0.0,0.0,0.0,0.0,(X),(X),(X),0.0,0,0,0,0,0,0,0,0,0,0,0,0,(X),(X),(X),0,0.0,0.0,0.0,0.0,0.0,0.0,0.0,0.0,0.0,0.0,0.0,0.0,(X),(X),(X),0.0,80,21,21,70,136,136,136,136,136,136,136,136,(X),(X),(X),136,36.7,23.2,32.9,33.9,36.7,36.7,36.7,36.7,36.7,36.7,36.7,36.7,(X),(X),(X),36.7,80,21,21,70,136,136,136,136,136,136,136,136,(X),(X),(X),136,36.7,23.2,32.9,33.9,36.7,36.7,36.7,36.7,36.7,36.7,36.7,36.7,(X),(X),(X),36.7,136,136,136,136,136,136,136,136,136,136,136,136,(X),(X),(X),136,36.7,36.7,36.7,36.7,36.7,36.7,36.7,36.7,36.7,36.7,36.7,36.7,(X),(X),(X),36.7
9020000US3205,3205,"Washoe County Set, Nevada",1350,Chemical engineers 1350 (SOC 17-2041),20,0,0,20,0,0,0,0,0,0,0,0,(X),(X),(X),0,100.0,0.0,0.0,100.0,0.0,0.0,0.0,0.0,0.0,0.0,0.0,0.0,(X),(X),(X),0.0,20,0,0,20,0,0,0,0,0,0,0,0,(X),(X),(X),0,100.0,0.0,0.0,100.0,0.0,0.0,0.0,0.0,0.0,0.0,0.0,0.0,(X),(X),(X),0.0,0,0,0,0,0,0,0,0,0,0,0,0,(X),(X),(X),0,0.0,0.0,0.0,0.0,0.0,0.0,0.0,0.0,0.0,0.0,0.0,0.0,(X),(X),(X),0.0,29,136,136,29,136,136,136,136,136,136,136,136,(X),(X),(X),136,75.8,75.8,75.8,75.8,75.8,75.8,75.8,75.8,75.8,75.8,75.8,75.8,(X),(X),(X),75.8,29,136,136,29,136,136,136,136,136,136,136,136,(X),(X),(X),136,75.8,75.8,75.8,75.8,75.8,75.8,75.8,75.8,75.8,75.8,75.8,75.8,(X),(X),(X),75.8,136,136,136,136,136,136,136,136,136,136,136,136,(X),(X),(X),136,75.8,75.8,75.8,75.8,75.8,75.8,75.8,75.8,75.8,75.8,75.8,75.8,(X),(X),(X),75.8
9020000US3205,3205,"Washoe County Set, Nevada",1360,Civil engineers 1360 (SOC 17-2051),795,0,4,730,0,10,40,0,0,0,10,0,(X),(X),(X),0,100.0,0.0,0.5,91.8,0.0,1.3,5.0,0.0,0.0,0.0,1.3,0.0,(X),(X),(X),0.0,685,0,4,655,0,10,0,0,0,0,10,0,(X),(X),(X),0,86.2,0.0,0.5,82.4,0.0,1.3,0.0,0.0,0.0,0.0,1.3,0.0,(X),(X),(X),0.0,110,0,0,70,0,0,40,0,0,0,0,0,(X),(X),(X),0,13.8,0.0,0.0,8.8,0.0,0.0,5.0,0.0,0.0,0.0,0.0,0.0,(X),(X),(X),0.0,208,136,17,202,136,21,43,136,136,136,20,136,(X),(X),(X),136,5.2,5.2,2.1,6.2,5.2,2.7,5.2,5.2,5.2,5.2,2.5,5.2,(X),(X),(X),5.2,202,136,17,200,136,21,136,136,136,136,20,136,(X),(X),(X),136,8.0,5.2,2.1,8.6,5.2,2.7,5.2,5.2,5.2,5.2,2.5,5.2,(X),(X),(X),5.2,65,136,136,45,136,136,43,136,136,136,136,136,(X),(X),(X),136,8.0,5.2,5.2,5.7,5.2,5.2,5.2,5.2,5.2,5.2,5.2,5.2,(X),(X),(X),5.2
9020000US3205,3205,"Washoe County Set, Nevada",1400,Computer hardware engineers 1400 (SOC 17-2061),105,0,0,95,0,10,0,0,0,0,0,0,(X),(X),(X),0,100.0,0.0,0.0,90.5,0.0,9.5,0.0,0.0,0.0,0.0,0.0,0.0,(X),(X),(X),0.0,105,0,0,95,0,10,0,0,0,0,0,0,(X),(X),(X),0,100.0,0.0,0.0,90.5,0.0,9.5,0.0,0.0,0.0,0.0,0.0,0.0,(X),(X),(X),0.0,0,0,0,0,0,0,0,0,0,0,0,0,(X),(X),(X),0,0.0,0.0,0.0,0.0,0.0,0.0,0.0,0.0,0.0,0.0,0.0,0.0,(X),(X),(X),0.0,76,136,136,74,136,15,136,136,136,136,136,136,(X),(X),(X),136,32.0,32.0,32.0,17.5,32.0,16.7,32.0,32.0,32.0,32.0,32.0,32.0,(X),(X),(X),32.0,76,136,136,74,136,15,136,136,136,136,136,136,(X),(X),(X),136,32.0,32.0,32.0,17.5,32.0,16.7,32.0,32.0,32.0,32.0,32.0,32.0,(X),(X),(X),32.0,136,136,136,136,136,136,136,136,136,136,136,136,(X),(X),(X),136,32.0,32.0,32.0,32.0,32.0,32.0,32.0,32.0,32.0,32.0,32.0,32.0,(X),(X),(X),32.0
9020000US3205,3205,"Washoe County Set, Nevada",1410,Electrical and electronics engineers 1410 (SOC 17-2070),320,30,0,260,0,0,30,0,0,0,0,0,(X),(X),(X),0,100.0,9.4,0.0,81.3,0.0,0.0,9.4,0.0,0.0,0.0,0.0,0.0,(X),(X),(X),0.0,315,30,0,260,0,0,25,0,0,0,0,0,(X),(X),(X),0,98.4,9.4,0.0,81.3,0.0,0.0,7.8,0.0,0.0,0.0,0.0,0.0,(X),(X),(X),0.0,4,0,0,0,0,0,4,0,0,0,0,0,(X),(X),(X),0,1.3,0.0,0.0,0.0,0.0,0.0,1.3,0.0,0.0,0.0,0.0,0.0,(X),(X),(X),0.0,123,44,136,101,136,136,38,136,136,136,136,136,(X),(X),(X),136,12.4,13.0,12.4,14.7,12.4,12.4,11.4,12.4,12.4,12.4,12.4,12.4,(X),(X),(X),12.4,125,44,136,101,136,136,37,136,136,136,136,136,(X),(X),(X),136,5.0,13.0,12.4,14.7,12.4,12.4,10.9,12.4,12.4,12.4,12.4,12.4,(X),(X),(X),12.4,13,136,136,136,136,136,13,136,136,136,136,136,(X),(X),(X),136,4.1,12.4,12.4,12.4,12.4,12.4,4.1,12.4,12.4,12.4,12.4,12.4,(X),(X),(X),12.4
9020000US3205,3205,"Washoe County Set, Nevada",1420,Environmental engineers 1420 (SOC 17-2081),45,0,0,45,0,0,0,0,0,0,0,0,(X),(X),(X),0,100.0,0.0,0.0,100.0,0.0,0.0,0.0,0.0,0.0,0.0,0.0,0.0,(X),(X),(X),0.0,0,0,0,0,0,0,0,0,0,0,0,0,(X),(X),(X),0,0.0,0.0,0.0,0.0,0.0,0.0,0.0,0.0,0.0,0.0,0.0,0.0,(X),(X),(X),0.0,45,0,0,45,0,0,0,0,0,0,0,0,(X),(X),(X),0,100.0,0.0,0.0,100.0,0.0,0.0,0.0,0.0,0.0,0.0,0.0,0.0,(X),(X),(X),0.0,59,136,136,59,136,136,136,136,136,136,136,136,(X),(X),(X),136,50.6,50.6,50.6,50.6,50.6,50.6,50.6,50.6,50.6,50.6,50.6,50.6,(X),(X),(X),50.6,136,136,136,136,136,136,136,136,136,136,136,136,(X),(X),(X),136,50.6,50.6,50.6,50.6,50.6,50.6,50.6,50.6,50.6,50.6,50.6,50.6,(X),(X),(X),50.6,59,136,136,59,136,136,136,136,136,136,136,136,(X),(X),(X),136,50.6,50.6,50.6,50.6,50.6,50.6,50.6,50.6,50.6,50.6,50.6,50.6,(X),(X),(X),50.6
9020000US3205,3205,"Washoe County Set, Nevada",1430,"Industrial engineers, including health and safety 1430 (SOC 17-2110)",205,4,10,150,15,0,15,0,0,0,10,0,(X),(X),(X),0,100.0,2.0,4.9,73.2,7.3,0.0,7.3,0.0,0.0,0.0,4.9,0.0,(X),(X),(X),0.0,125,4,10,85,15,0,0,0,0,0,10,0,(X),(X),(X),0,61.0,2.0,4.9,41.5,7.3,0.0,0.0,0.0,0.0,0.0,4.9,0.0,(X),(X),(X),0.0,80,0,0,65,0,0,15,0,0,0,0,0,(X),(X),(X),0,39.0,0.0,0.0,31.7,0.0,0.0,7.3,0.0,0.0,0.0,0.0,0.0,(X),(X),(X),0.0,92,7,14,88,34,136,23,136,136,136,14,136,(X),(X),(X),136,18.6,3.6,6.5,22.0,18.1,18.6,11.1,18.6,18.6,18.6,7.0,18.6,(X),(X),(X),18.6,67,7,14,55,34,136,136,136,136,136,14,136,(X),(X),(X),136,28.0,3.6,6.5,23.2,18.1,18.6,18.6,18.6,18.6,18.6,7.0,18.6,(X),(X),(X),18.6,72,136,136,70,136,136,23,136,136,136,136,136,(X),(X),(X),136,27.9,18.6,18.6,28.0,18.6,18.6,11.1,18.6,18.6,18.6,18.6,18.6,(X),(X),(X),18.6
9020000US3205,3205,"Washoe County Set, Nevada",1450,Materials engineers 1450 (SOC 17-2131),20,0,0,20,0,0,0,0,0,0,0,0,(X),(X),(X),0,100.0,0.0,0.0,100.0,0.0,0.0,0.0,0.0,0.0,0.0,0.0,0.0,(X),(X),(X),0.0,20,0,0,20,0,0,0,0,0,0,0,0,(X),(X),(X),0,100.0,0.0,0.0,100.0,0.0,0.0,0.0,0.0,0.0,0.0,0.0,0.0,(X),(X),(X),0.0,0,0,0,0,0,0,0,0,0,0,0,0,(X),(X),(X),0,0.0,0.0,0.0,0.0,0.0,0.0,0.0,0.0,0.0,0.0,0.0,0.0,(X),(X),(X),0.0,34,136,136,34,136,136,136,136,136,136,136,136,(X),(X),(X),136,75.8,75.8,75.8,75.8,75.8,75.8,75.8,75.8,75.8,75.8,75.8,75.8,(X),(X),(X),75.8,34,136,136,34,136,136,136,136,136,136,136,136,(X),(X),(X),136,75.8,75.8,75.8,75.8,75.8,75.8,75.8,75.8,75.8,75.8,75.8,75.8,(X),(X),(X),75.8,136,136,136,136,136,136,136,136,136,136,136,136,(X),(X),(X),136,75.8,75.8,75.8,75.8,75.8,75.8,75.8,75.8,75.8,75.8,75.8,75.8,(X),(X),(X),75.8
9020000US3205,3205,"Washoe County Set, Nevada",1460,Mechanical engineers 1460 (SOC 17-2141),180,10,0,175,0,0,0,0,0,0,0,0,(X),(X),(X),0,100.0,5.6,0.0,97.2,0.0,0.0,0.0,0.0,0.0,0.0,0.0,0.0,(X),(X),(X),0.0,170,10,0,160,0,0,0,0,0,0,0,0,(X),(X),(X),0,94.4,5.6,0.0,88.9,0.0,0.0,0.0,0.0,0.0,0.0,0.0,0.0,(X),(X),(X),0.0,10,0,0,10,0,0,0,0,0,0,0,0,(X),(X),(X),0,5.6,0.0,0.0,5.6,0.0,0.0,0.0,0.0,0.0,0.0,0.0,0.0,(X),(X),(X),0.0,85,16,136,82,136,136,136,136,136,136,136,136,(X),(X),(X),136,20.8,8.7,20.8,10.3,20.8,20.8,20.8,20.8,20.8,20.8,20.8,20.8,(X),(X),(X),20.8,82,16,136,80,136,136,136,136,136,136,136,136,(X),(X),(X),136,12.0,8.7,20.8,14.4,20.8,20.8,20.8,20.8,20.8,20.8,20.8,20.8,(X),(X),(X),20.8,23,136,136,23,136,136,136,136,136,136,136,136,(X),(X),(X),136,12.3,20.8,20.8,12.3,20.8,20.8,20.8,20.8,20.8,20.8,20.8,20.8,(X),(X),(X),20.8
9020000US3205,3205,"Washoe County Set, Nevada",1520,"Petroleum, mining and geological engineers, including mining safety engineers 1520 (SOC 17-21XX)",30,0,0,30,0,0,0,0,0,0,0,0,(X),(X),(X),0,100.0,0.0,0.0,100.0,0.0,0.0,0.0,0.0,0.0,0.0,0.0,0.0,(X),(X),(X),0.0,30,0,0,30,0,0,0,0,0,0,0,0,(X),(X),(X),0,100.0,0.0,0.0,100.0,0.0,0.0,0.0,0.0,0.0,0.0,0.0,0.0,(X),(X),(X),0.0,0,0,0,0,0,0,0,0,0,0,0,0,(X),(X),(X),0,0.0,0.0,0.0,0.0,0.0,0.0,0.0,0.0,0.0,0.0,0.0,0.0,(X),(X),(X),0.0,33,136,136,33,136,136,136,136,136,136,136,136,(X),(X),(X),136,61.9,61.9,61.9,61.9,61.9,61.9,61.9,61.9,61.9,61.9,61.9,61.9,(X),(X),(X),61.9,33,136,136,33,136,136,136,136,136,136,136,136,(X),(X),(X),136,61.9,61.9,61.9,61.9,61.9,61.9,61.9,61.9,61.9,61.9,61.9,61.9,(X),(X),(X),61.9,136,136,136,136,136,136,136,136,136,136,136,136,(X),(X),(X),136,61.9,61.9,61.9,61.9,61.9,61.9,61.9,61.9,61.9,61.9,61.9,61.9,(X),(X),(X),61.9
9020000US3205,3205,"Washoe County Set, Nevada",1530,"Miscellaneous engineers, including nuclear engineers 1530 (SOC 17-21YY)",625,75,10,460,15,0,50,0,0,10,0,0,(X),(X),(X),0,100.0,12.0,1.6,73.6,2.4,0.0,8.0,0.0,0.0,1.6,0.0,0.0,(X),(X),(X),0.0,575,75,10,415,15,0,50,0,0,10,0,0,(X),(X),(X),0,92.0,12.0,1.6,66.4,2.4,0.0,8.0,0.0,0.0,1.6,0.0,0.0,(X),(X),(X),0.0,45,0,0,45,0,0,0,0,0,0,0,0,(X),(X),(X),0,7.2,0.0,0.0,7.2,0.0,0.0,0.0,0.0,0.0,0.0,0.0,0.0,(X),(X),(X),0.0,178,76,17,168,28,136,49,136,136,19,136,136,(X),(X),(X),136,6.6,11.5,2.9,14.3,4.5,6.6,7.9,6.6,6.6,3.1,6.6,6.6,(X),(X),(X),6.6,162,76,17,151,28,136,49,136,136,19,136,136,(X),(X),(X),136,6.6,11.5,2.9,14.4,4.5,6.6,7.9,6.6,6.6,3.1,6.6,6.6,(X),(X),(X),6.6,44,136,136,44,136,136,136,136,136,136,136,136,(X),(X),(X),136,6.3,6.6,6.6,6.3,6.6,6.6,6.6,6.6,6.6,6.6,6.6,6.6,(X),(X),(X),6.6
9020000US3205,3205,"Washoe County Set, Nevada",1540,Drafters 1540 (SOC 17-3010),305,50,0,235,0,20,0,0,0,0,0,0,(X),(X),(X),0,100.0,16.4,0.0,77.0,0.0,6.6,0.0,0.0,0.0,0.0,0.0,0.0,(X),(X),(X),0.0,235,30,0,185,0,20,0,0,0,0,0,0,(X),(X),(X),0,77.0,9.8,0.0,60.7,0.0,6.6,0.0,0.0,0.0,0.0,0.0,0.0,(X),(X),(X),0.0,70,20,0,50,0,0,0,0,0,0,0,0,(X),(X),(X),0,23.0,6.6,0.0,16.4,0.0,0.0,0.0,0.0,0.0,0.0,0.0,0.0,(X),(X),(X),0.0,115,47,136,110,136,28,136,136,136,136,136,136,(X),(X),(X),136,13.0,14.5,13.0,17.1,13.0,9.7,13.0,13.0,13.0,13.0,13.0,13.0,(X),(X),(X),13.0,104,40,136,95,136,28,136,136,136,136,136,136,(X),(X),(X),136,17.4,12.2,13.0,20.1,13.0,9.7,13.0,13.0,13.0,13.0,13.0,13.0,(X),(X),(X),13.0,60,26,136,53,136,136,136,136,136,136,136,136,(X),(X),(X),136,17.9,9.0,13.0,15.4,13.0,13.0,13.0,13.0,13.0,13.0,13.0,13.0,(X),(X),(X),13.0
9020000US3205,3205,"Washoe County Set, Nevada",1550,"Engineering technicians, except drafters 1550 (SOC 17-3020)",580,0,0,425,35,0,120,0,0,0,0,0,(X),(X),(X),0,100.0,0.0,0.0,73.3,6.0,0.0,20.7,0.0,0.0,0.0,0.0,0.0,(X),(X),(X),0.0,455,0,0,325,20,0,105,0,0,0,0,0,(X),(X),(X),0,78.4,0.0,0.0,56.0,3.4,0.0,18.1,0.0,0.0,0.0,0.0,0.0,(X),(X),(X),0.0,125,0,0,100,15,0,15,0,0,0,0,0,(X),(X),(X),0,21.6,0.0,0.0,17.2,2.6,0.0,2.6,0.0,0.0,0.0,0.0,0.0,(X),(X),(X),0.0,178,136,136,144,40,136,83,136,136,136,136,136,(X),(X),(X),136,7.1,7.1,7.1,13.2,6.9,7.1,12.0,7.1,7.1,7.1,7.1,7.1,(X),(X),(X),7.1,156,136,136,128,35,136,80,136,136,136,136,136,(X),(X),(X),136,12.1,7.1,7.1,16.0,6.0,7.1,11.9,7.1,7.1,7.1,7.1,7.1,(X),(X),(X),7.1,81,136,136,79,25,136,23,136,136,136,136,136,(X),(X),(X),136,12.3,7.1,7.1,12.0,4.5,7.1,3.9,7.1,7.1,7.1,7.1,7.1,(X),(X),(X),7.1
9020000US3205,3205,"Washoe County Set, Nevada",1560,Surveying and mapping technicians 1560 (SOC 17-3031),230,0,0,180,0,0,0,0,0,50,0,0,(X),(X),(X),0,100.0,0.0,0.0,78.3,0.0,0.0,0.0,0.0,0.0,21.7,0.0,0.0,(X),(X),(X),0.0,230,0,0,180,0,0,0,0,0,50,0,0,(X),(X),(X),0,100.0,0.0,0.0,78.3,0.0,0.0,0.0,0.0,0.0,21.7,0.0,0.0,(X),(X),(X),0.0,0,0,0,0,0,0,0,0,0,0,0,0,(X),(X),(X),0,0.0,0.0,0.0,0.0,0.0,0.0,0.0,0.0,0.0,0.0,0.0,0.0,(X),(X),(X),0.0,161,136,136,146,136,136,136,136,136,61,136,136,(X),(X),(X),136,16.8,16.8,16.8,26.3,16.8,16.8,16.8,16.8,16.8,26.1,16.8,16.8,(X),(X),(X),16.8,161,136,136,146,136,136,136,136,136,61,136,136,(X),(X),(X),136,16.8,16.8,16.8,26.3,16.8,16.8,16.8,16.8,16.8,26.1,16.8,16.8,(X),(X),(X),16.8,136,136,136,136,136,136,136,136,136,136,136,136,(X),(X),(X),136,16.8,16.8,16.8,16.8,16.8,16.8,16.8,16.8,16.8,16.8,16.8,16.8,(X),(X),(X),16.8
9020000US3205,3205,"Washoe County Set, Nevada",1600,Agricultural and food scientists 1600 (SOC 19-1010),45,45,0,0,0,0,0,0,0,0,0,0,(X),(X),(X),0,100.0,100.0,0.0,0.0,0.0,0.0,0.0,0.0,0.0,0.0,0.0,0.0,(X),(X),(X),0.0,45,45,0,0,0,0,0,0,0,0,0,0,(X),(X),(X),0,100.0,100.0,0.0,0.0,0.0,0.0,0.0,0.0,0.0,0.0,0.0,0.0,(X),(X),(X),0.0,0,0,0,0,0,0,0,0,0,0,0,0,(X),(X),(X),0,0.0,0.0,0.0,0.0,0.0,0.0,0.0,0.0,0.0,0.0,0.0,0.0,(X),(X),(X),0.0,67,67,136,136,136,136,136,136,136,136,136,136,(X),(X),(X),136,50.6,50.6,50.6,50.6,50.6,50.6,50.6,50.6,50.6,50.6,50.6,50.6,(X),(X),(X),50.6,67,67,136,136,136,136,136,136,136,136,136,136,(X),(X),(X),136,50.6,50.6,50.6,50.6,50.6,50.6,50.6,50.6,50.6,50.6,50.6,50.6,(X),(X),(X),50.6,136,136,136,136,136,136,136,136,136,136,136,136,(X),(X),(X),136,50.6,50.6,50.6,50.6,50.6,50.6,50.6,50.6,50.6,50.6,50.6,50.6,(X),(X),(X),50.6
9020000US3205,3205,"Washoe County Set, Nevada",1610,Biological scientists 1610 (SOC 19-1020),180,50,0,105,0,0,20,0,0,0,0,0,(X),(X),(X),0,100.0,27.8,0.0,58.3,0.0,0.0,11.1,0.0,0.0,0.0,0.0,0.0,(X),(X),(X),0.0,135,50,0,80,0,0,0,0,0,0,0,0,(X),(X),(X),0,75.0,27.8,0.0,44.4,0.0,0.0,0.0,0.0,0.0,0.0,0.0,0.0,(X),(X),(X),0.0,45,0,0,20,0,0,20,0,0,0,0,0,(X),(X),(X),0,25.0,0.0,0.0,11.1,0.0,0.0,11.1,0.0,0.0,0.0,0.0,0.0,(X),(X),(X),0.0,102,68,136,68,136,136,37,136,136,136,136,136,(X),(X),(X),136,20.8,31.7,20.8,31.6,20.8,20.8,21.1,20.8,20.8,20.8,20.8,20.8,(X),(X),(X),20.8,89,68,136,62,136,136,136,136,136,136,136,136,(X),(X),(X),136,22.1,31.7,20.8,31.8,20.8,20.8,20.8,20.8,20.8,20.8,20.8,20.8,(X),(X),(X),20.8,43,136,136,24,136,136,37,136,136,136,136,136,(X),(X),(X),136,21.7,20.8,20.8,14.0,20.8,20.8,21.1,20.8,20.8,20.8,20.8,20.8,(X),(X),(X),20.8
9020000US3205,3205,"Washoe County Set, Nevada",1640,Conservation scientists and foresters 1640 (SOC 19-1030),50,0,0,50,0,0,0,0,0,0,0,0,(X),(X),(X),0,100.0,0.0,0.0,100.0,0.0,0.0,0.0,0.0,0.0,0.0,0.0,0.0,(X),(X),(X),0.0,20,0,0,20,0,0,0,0,0,0,0,0,(X),(X),(X),0,40.0,0.0,0.0,40.0,0.0,0.0,0.0,0.0,0.0,0.0,0.0,0.0,(X),(X),(X),0.0,30,0,0,30,0,0,0,0,0,0,0,0,(X),(X),(X),0,60.0,0.0,0.0,60.0,0.0,0.0,0.0,0.0,0.0,0.0,0.0,0.0,(X),(X),(X),0.0,55,136,136,55,136,136,136,136,136,136,136,136,(X),(X),(X),136,48.0,48.0,48.0,48.0,48.0,48.0,48.0,48.0,48.0,48.0,48.0,48.0,(X),(X),(X),48.0,27,136,136,27,136,136,136,136,136,136,136,136,(X),(X),(X),136,56.5,48.0,48.0,56.5,48.0,48.0,48.0,48.0,48.0,48.0,48.0,48.0,(X),(X),(X),48.0,49,136,136,49,136,136,136,136,136,136,136,136,(X),(X),(X),136,58.3,48.0,48.0,58.3,48.0,48.0,48.0,48.0,48.0,48.0,48.0,48.0,(X),(X),(X),48.0
9020000US3205,3205,"Washoe County Set, Nevada",1650,"Medical scientists, and life scientists, all other 1650 (SOC 19-10XX)",80,0,0,80,0,0,0,0,0,0,0,0,(X),(X),(X),0,100.0,0.0,0.0,100.0,0.0,0.0,0.0,0.0,0.0,0.0,0.0,0.0,(X),(X),(X),0.0,50,0,0,50,0,0,0,0,0,0,0,0,(X),(X),(X),0,62.5,0.0,0.0,62.5,0.0,0.0,0.0,0.0,0.0,0.0,0.0,0.0,(X),(X),(X),0.0,35,0,0,35,0,0,0,0,0,0,0,0,(X),(X),(X),0,43.8,0.0,0.0,43.8,0.0,0.0,0.0,0.0,0.0,0.0,0.0,0.0,(X),(X),(X),0.0,54,136,136,54,136,136,136,136,136,136,136,136,(X),(X),(X),136,37.9,37.9,37.9,37.9,37.9,37.9,37.9,37.9,37.9,37.9,37.9,37.9,(X),(X),(X),37.9,41,136,136,41,136,136,136,136,136,136,136,136,(X),(X),(X),136,32.2,37.9,37.9,32.2,37.9,37.9,37.9,37.9,37.9,37.9,37.9,37.9,(X),(X),(X),37.9,30,136,136,30,136,136,136,136,136,136,136,136,(X),(X),(X),136,28.1,37.9,37.9,28.1,37.9,37.9,37.9,37.9,37.9,37.9,37.9,37.9,(X),(X),(X),37.9
9020000US3205,3205,"Washoe County Set, Nevada",1710,Atmospheric and space scientists 1710 (SOC 19-2021),25,0,0,25,0,0,0,0,0,0,0,0,(X),(X),(X),0,100.0,0.0,0.0,100.0,0.0,0.0,0.0,0.0,0.0,0.0,0.0,0.0,(X),(X),(X),0.0,25,0,0,25,0,0,0,0,0,0,0,0,(X),(X),(X),0,100.0,0.0,0.0,100.0,0.0,0.0,0.0,0.0,0.0,0.0,0.0,0.0,(X),(X),(X),0.0,0,0,0,0,0,0,0,0,0,0,0,0,(X),(X),(X),0,0.0,0.0,0.0,0.0,0.0,0.0,0.0,0.0,0.0,0.0,0.0,0.0,(X),(X),(X),0.0,25,136,136,25,136,136,136,136,136,136,136,136,(X),(X),(X),136,67.8,67.8,67.8,67.8,67.8,67.8,67.8,67.8,67.8,67.8,67.8,67.8,(X),(X),(X),67.8,25,136,136,25,136,136,136,136,136,136,136,136,(X),(X),(X),136,67.8,67.8,67.8,67.8,67.8,67.8,67.8,67.8,67.8,67.8,67.8,67.8,(X),(X),(X),67.8,136,136,136,136,136,136,136,136,136,136,136,136,(X),(X),(X),136,67.8,67.8,67.8,67.8,67.8,67.8,67.8,67.8,67.8,67.8,67.8,67.8,(X),(X),(X),67.8
9020000US3205,3205,"Washoe County Set, Nevada",1720,Chemists and materials scientists 1720 (SOC 19-2030),60,0,0,45,0,0,15,0,0,0,0,0,(X),(X),(X),0,100.0,0.0,0.0,75.0,0.0,0.0,25.0,0.0,0.0,0.0,0.0,0.0,(X),(X),(X),0.0,60,0,0,45,0,0,15,0,0,0,0,0,(X),(X),(X),0,100.0,0.0,0.0,75.0,0.0,0.0,25.0,0.0,0.0,0.0,0.0,0.0,(X),(X),(X),0.0,0,0,0,0,0,0,0,0,0,0,0,0,(X),(X),(X),0,0.0,0.0,0.0,0.0,0.0,0.0,0.0,0.0,0.0,0.0,0.0,0.0,(X),(X),(X),0.0,43,136,136,40,136,136,26,136,136,136,136,136,(X),(X),(X),136,43.8,43.8,43.8,39.5,43.8,43.8,42.0,43.8,43.8,43.8,43.8,43.8,(X),(X),(X),43.8,43,136,136,40,136,136,26,136,136,136,136,136,(X),(X),(X),136,43.8,43.8,43.8,39.5,43.8,43.8,42.0,43.8,43.8,43.8,43.8,43.8,(X),(X),(X),43.8,136,136,136,136,136,136,136,136,136,136,136,136,(X),(X),(X),136,43.8,43.8,43.8,43.8,43.8,43.8,43.8,43.8,43.8,43.8,43.8,43.8,(X),(X),(X),43.8
9020000US3205,3205,"Washoe County Set, Nevada",1740,Environmental scientists and geoscientists 1740 (SOC 19-2040),360,15,15,325,0,4,0,0,0,0,0,0,(X),(X),(X),0,100.0,4.2,4.2,90.3,0.0,1.1,0.0,0.0,0.0,0.0,0.0,0.0,(X),(X),(X),0.0,310,15,15,280,0,0,0,0,0,0,0,0,(X),(X),(X),0,86.1,4.2,4.2,77.8,0.0,0.0,0.0,0.0,0.0,0.0,0.0,0.0,(X),(X),(X),0.0,50,0,0,45,0,4,0,0,0,0,0,0,(X),(X),(X),0,13.9,0.0,0.0,12.5,0.0,1.1,0.0,0.0,0.0,0.0,0.0,0.0,(X),(X),(X),0.0,110,22,23,100,136,13,136,136,136,136,136,136,(X),(X),(X),136,11.1,5.9,6.1,7.7,11.1,3.7,11.1,11.1,11.1,11.1,11.1,11.1,(X),(X),(X),11.1,107,22,23,97,136,136,136,136,136,136,136,136,(X),(X),(X),136,12.4,5.9,6.1,13.7,11.1,11.1,11.1,11.1,11.1,11.1,11.1,11.1,(X),(X),(X),11.1,45,136,136,43,136,13,136,136,136,136,136,136,(X),(X),(X),136,12.1,11.1,11.1,11.5,11.1,3.7,11.1,11.1,11.1,11.1,11.1,11.1,(X),(X),(X),11.1
9020000US3205,3205,"Washoe County Set, Nevada",1760,"Physical scientists, all other 1760 (SOC 19-2099)",210,10,0,175,0,0,25,0,0,0,0,0,(X),(X),(X),0,100.0,4.8,0.0,83.3,0.0,0.0,11.9,0.0,0.0,0.0,0.0,0.0,(X),(X),(X),0.0,80,0,0,80,0,0,0,0,0,0,0,0,(X),(X),(X),0,38.1,0.0,0.0,38.1,0.0,0.0,0.0,0.0,0.0,0.0,0.0,0.0,(X),(X),(X),0.0,125,10,0,90,0,0,25,0,0,0,0,0,(X),(X),(X),0,59.5,4.8,0.0,42.9,0.0,0.0,11.9,0.0,0.0,0.0,0.0,0.0,(X),(X),(X),0.0,92,14,136,79,136,136,43,136,136,136,136,136,(X),(X),(X),136,18.2,6.4,18.2,17.7,18.2,18.2,18.7,18.2,18.2,18.2,18.2,18.2,(X),(X),(X),18.2,49,136,136,49,136,136,136,136,136,136,136,136,(X),(X),(X),136,20.3,18.2,18.2,20.3,18.2,18.2,18.2,18.2,18.2,18.2,18.2,18.2,(X),(X),(X),18.2,75,14,136,55,136,136,43,136,136,136,136,136,(X),(X),(X),136,20.6,6.4,18.2,18.5,18.2,18.2,18.7,18.2,18.2,18.2,18.2,18.2,(X),(X),(X),18.2
9020000US3205,3205,"Washoe County Set, Nevada",1800,Economists 1800 (SOC 19-3011),25,0,0,25,0,0,0,0,0,0,0,0,(X),(X),(X),0,100.0,0.0,0.0,100.0,0.0,0.0,0.0,0.0,0.0,0.0,0.0,0.0,(X),(X),(X),0.0,15,0,0,15,0,0,0,0,0,0,0,0,(X),(X),(X),0,60.0,0.0,0.0,60.0,0.0,0.0,0.0,0.0,0.0,0.0,0.0,0.0,(X),(X),(X),0.0,10,0,0,10,0,0,0,0,0,0,0,0,(X),(X),(X),0,40.0,0.0,0.0,40.0,0.0,0.0,0.0,0.0,0.0,0.0,0.0,0.0,(X),(X),(X),0.0,27,136,136,27,136,136,136,136,136,136,136,136,(X),(X),(X),136,67.8,67.8,67.8,67.8,67.8,67.8,67.8,67.8,67.8,67.8,67.8,67.8,(X),(X),(X),67.8,26,136,136,26,136,136,136,136,136,136,136,136,(X),(X),(X),136,60.0,67.8,67.8,60.0,67.8,67.8,67.8,67.8,67.8,67.8,67.8,67.8,(X),(X),(X),67.8,13,136,136,13,136,136,136,136,136,136,136,136,(X),(X),(X),136,59.7,67.8,67.8,59.7,67.8,67.8,67.8,67.8,67.8,67.8,67.8,67.8,(X),(X),(X),67.8
9020000US3205,3205,"Washoe County Set, Nevada",1820,Psychologists 1820 (SOC 19-3030),145,0,0,145,0,0,0,0,0,0,0,0,(X),(X),(X),0,100.0,0.0,0.0,100.0,0.0,0.0,0.0,0.0,0.0,0.0,0.0,0.0,(X),(X),(X),0.0,75,0,0,75,0,0,0,0,0,0,0,0,(X),(X),(X),0,51.7,0.0,0.0,51.7,0.0,0.0,0.0,0.0,0.0,0.0,0.0,0.0,(X),(X),(X),0.0,70,0,0,70,0,0,0,0,0,0,0,0,(X),(X),(X),0,48.3,0.0,0.0,48.3,0.0,0.0,0.0,0.0,0.0,0.0,0.0,0.0,(X),(X),(X),0.0,67,136,136,67,136,136,136,136,136,136,136,136,(X),(X),(X),136,25.0,25.0,25.0,25.0,25.0,25.0,25.0,25.0,25.0,25.0,25.0,25.0,(X),(X),(X),25.0,52,136,136,52,136,136,136,136,136,136,136,136,(X),(X),(X),136,27.6,25.0,25.0,27.6,25.0,25.0,25.0,25.0,25.0,25.0,25.0,25.0,(X),(X),(X),25.0,51,136,136,51,136,136,136,136,136,136,136,136,(X),(X),(X),136,26.6,25.0,25.0,26.6,25.0,25.0,25.0,25.0,25.0,25.0,25.0,25.0,(X),(X),(X),25.0
9020000US3205,3205,"Washoe County Set, Nevada",1840,Urban and regional planners 1840 (SOC 19-3051),50,0,0,50,0,0,0,0,0,0,0,0,(X),(X),(X),0,100.0,0.0,0.0,100.0,0.0,0.0,0.0,0.0,0.0,0.0,0.0,0.0,(X),(X),(X),0.0,10,0,0,10,0,0,0,0,0,0,0,0,(X),(X),(X),0,20.0,0.0,0.0,20.0,0.0,0.0,0.0,0.0,0.0,0.0,0.0,0.0,(X),(X),(X),0.0,40,0,0,40,0,0,0,0,0,0,0,0,(X),(X),(X),0,80.0,0.0,0.0,80.0,0.0,0.0,0.0,0.0,0.0,0.0,0.0,0.0,(X),(X),(X),0.0,48,136,136,48,136,136,136,136,136,136,136,136,(X),(X),(X),136,48.0,48.0,48.0,48.0,48.0,48.0,48.0,48.0,48.0,48.0,48.0,48.0,(X),(X),(X),48.0,18,136,136,18,136,136,136,136,136,136,136,136,(X),(X),(X),136,35.0,48.0,48.0,35.0,48.0,48.0,48.0,48.0,48.0,48.0,48.0,48.0,(X),(X),(X),48.0,44,136,136,44,136,136,136,136,136,136,136,136,(X),(X),(X),136,40.3,48.0,48.0,40.3,48.0,48.0,48.0,48.0,48.0,48.0,48.0,48.0,(X),(X),(X),48.0
9020000US3205,3205,"Washoe County Set, Nevada",1860,"Miscellaneous social scientists, including survey researchers and sociologists 1860 (SOC 19-30XX)",140,0,0,140,0,0,0,0,0,0,0,0,(X),(X),(X),0,100.0,0.0,0.0,100.0,0.0,0.0,0.0,0.0,0.0,0.0,0.0,0.0,(X),(X),(X),0.0,75,0,0,75,0,0,0,0,0,0,0,0,(X),(X),(X),0,53.6,0.0,0.0,53.6,0.0,0.0,0.0,0.0,0.0,0.0,0.0,0.0,(X),(X),(X),0.0,65,0,0,65,0,0,0,0,0,0,0,0,(X),(X),(X),0,46.4,0.0,0.0,46.4,0.0,0.0,0.0,0.0,0.0,0.0,0.0,0.0,(X),(X),(X),0.0,114,136,136,114,136,136,136,136,136,136,136,136,(X),(X),(X),136,25.7,25.7,25.7,25.7,25.7,25.7,25.7,25.7,25.7,25.7,25.7,25.7,(X),(X),(X),25.7,77,136,136,77,136,136,136,136,136,136,136,136,(X),(X),(X),136,43.5,25.7,25.7,43.5,25.7,25.7,25.7,25.7,25.7,25.7,25.7,25.7,(X),(X),(X),25.7,84,136,136,84,136,136,136,136,136,136,136,136,(X),(X),(X),136,42.9,25.7,25.7,42.9,25.7,25.7,25.7,25.7,25.7,25.7,25.7,25.7,(X),(X),(X),25.7
9020000US3205,3205,"Washoe County Set, Nevada",1900,Agricultural and food science technicians 1900 (SOC 19-4011),10,0,0,4,0,4,0,0,0,0,0,0,(X),(X),(X),0,100.0,0.0,0.0,40.0,0.0,40.0,0.0,0.0,0.0,0.0,0.0,0.0,(X),(X),(X),0.0,4,0,0,0,0,4,0,0,0,0,0,0,(X),(X),(X),0,40.0,0.0,0.0,0.0,0.0,40.0,0.0,0.0,0.0,0.0,0.0,0.0,(X),(X),(X),0.0,4,0,0,4,0,0,0,0,0,0,0,0,(X),(X),(X),0,40.0,0.0,0.0,40.0,0.0,0.0,0.0,0.0,0.0,0.0,0.0,0.0,(X),(X),(X),0.0,16,136,136,16,136,4,136,136,136,136,136,136,(X),(X),(X),136,100.0,100.0,100.0,60.0,100.0,60.0,100.0,100.0,100.0,100.0,100.0,100.0,(X),(X),(X),100.0,4,136,136,136,136,4,136,136,136,136,136,136,(X),(X),(X),136,60.0,100.0,100.0,100.0,100.0,60.0,100.0,100.0,100.0,100.0,100.0,100.0,(X),(X),(X),100.0,16,136,136,16,136,136,136,136,136,136,136,136,(X),(X),(X),136,60.0,100.0,100.0,60.0,100.0,100.0,100.0,100.0,100.0,100.0,100.0,100.0,(X),(X),(X),100.0
9020000US3205,3205,"Washoe County Set, Nevada",1910,Biological technicians 1910 (SOC 19-4021),70,0,0,40,0,30,0,0,0,0,0,0,(X),(X),(X),0,100.0,0.0,0.0,57.1,0.0,42.9,0.0,0.0,0.0,0.0,0.0,0.0,(X),(X),(X),0.0,45,0,0,15,0,30,0,0,0,0,0,0,(X),(X),(X),0,64.3,0.0,0.0,21.4,0.0,42.9,0.0,0.0,0.0,0.0,0.0,0.0,(X),(X),(X),0.0,25,0,0,25,0,0,0,0,0,0,0,0,(X),(X),(X),0,35.7,0.0,0.0,35.7,0.0,0.0,0.0,0.0,0.0,0.0,0.0,0.0,(X),(X),(X),0.0,50,136,136,34,136,36,136,136,136,136,136,136,(X),(X),(X),136,40.5,40.5,40.5,38.1,40.5,38.1,40.5,40.5,40.5,40.5,40.5,40.5,(X),(X),(X),40.5,41,136,136,20,136,36,136,136,136,136,136,136,(X),(X),(X),136,34.6,40.5,40.5,29.4,40.5,38.1,40.5,40.5,40.5,40.5,40.5,40.5,(X),(X),(X),40.5,28,136,136,28,136,136,136,136,136,136,136,136,(X),(X),(X),136,34.1,40.5,40.5,34.1,40.5,40.5,40.5,40.5,40.5,40.5,40.5,40.5,(X),(X),(X),40.5
9020000US3205,3205,"Washoe County Set, Nevada",1920,Chemical technicians 1920 (SOC 19-4031),75,0,0,75,0,0,0,0,0,0,0,0,(X),(X),(X),0,100.0,0.0,0.0,100.0,0.0,0.0,0.0,0.0,0.0,0.0,0.0,0.0,(X),(X),(X),0.0,45,0,0,45,0,0,0,0,0,0,0,0,(X),(X),(X),0,60.0,0.0,0.0,60.0,0.0,0.0,0.0,0.0,0.0,0.0,0.0,0.0,(X),(X),(X),0.0,30,0,0,30,0,0,0,0,0,0,0,0,(X),(X),(X),0,40.0,0.0,0.0,40.0,0.0,0.0,0.0,0.0,0.0,0.0,0.0,0.0,(X),(X),(X),0.0,69,136,136,69,136,136,136,136,136,136,136,136,(X),(X),(X),136,39.2,39.2,39.2,39.2,39.2,39.2,39.2,39.2,39.2,39.2,39.2,39.2,(X),(X),(X),39.2,62,136,136,62,136,136,136,136,136,136,136,136,(X),(X),(X),136,46.3,39.2,39.2,46.3,39.2,39.2,39.2,39.2,39.2,39.2,39.2,39.2,(X),(X),(X),39.2,34,136,136,34,136,136,136,136,136,136,136,136,(X),(X),(X),136,46.7,39.2,39.2,46.7,39.2,39.2,39.2,39.2,39.2,39.2,39.2,39.2,(X),(X),(X),39.2
9020000US3205,3205,"Washoe County Set, Nevada",1930,"Geological and petroleum technicians, and nuclear technicians 1930 (SOC 19-40XX)",80,0,0,80,0,0,0,0,0,0,0,0,(X),(X),(X),0,100.0,0.0,0.0,100.0,0.0,0.0,0.0,0.0,0.0,0.0,0.0,0.0,(X),(X),(X),0.0,60,0,0,60,0,0,0,0,0,0,0,0,(X),(X),(X),0,75.0,0.0,0.0,75.0,0.0,0.0,0.0,0.0,0.0,0.0,0.0,0.0,(X),(X),(X),0.0,20,0,0,20,0,0,0,0,0,0,0,0,(X),(X),(X),0,25.0,0.0,0.0,25.0,0.0,0.0,0.0,0.0,0.0,0.0,0.0,0.0,(X),(X),(X),0.0,78,136,136,78,136,136,136,136,136,136,136,136,(X),(X),(X),136,37.9,37.9,37.9,37.9,37.9,37.9,37.9,37.9,37.9,37.9,37.9,37.9,(X),(X),(X),37.9,72,136,136,72,136,136,136,136,136,136,136,136,(X),(X),(X),136,41.4,37.9,37.9,41.4,37.9,37.9,37.9,37.9,37.9,37.9,37.9,37.9,(X),(X),(X),37.9,32,136,136,32,136,136,136,136,136,136,136,136,(X),(X),(X),136,44.6,37.9,37.9,44.6,37.9,37.9,37.9,37.9,37.9,37.9,37.9,37.9,(X),(X),(X),37.9
9020000US3205,3205,"Washoe County Set, Nevada",1965,"Miscellaneous life, physical, and social science technicians, including social science research assistants 1965 (SOC 19-40YY)",420,20,0,320,10,15,60,0,0,0,0,0,(X),(X),(X),0,100.0,4.8,0.0,76.2,2.4,3.6,14.3,0.0,0.0,0.0,0.0,0.0,(X),(X),(X),0.0,160,0,0,115,0,15,35,0,0,0,0,0,(X),(X),(X),0,38.1,0.0,0.0,27.4,0.0,3.6,8.3,0.0,0.0,0.0,0.0,0.0,(X),(X),(X),0.0,260,20,0,205,10,0,25,0,0,0,0,0,(X),(X),(X),0,61.9,4.8,0.0,48.8,2.4,0.0,6.0,0.0,0.0,0.0,0.0,0.0,(X),(X),(X),0.0,169,33,136,153,15,14,49,136,136,136,136,136,(X),(X),(X),136,9.6,7.7,9.6,13.8,3.5,3.6,11.6,9.6,9.6,9.6,9.6,9.6,(X),(X),(X),9.6,75,136,136,68,136,14,40,136,136,136,136,136,(X),(X),(X),136,17.4,9.6,9.6,14.7,9.6,3.6,9.8,9.6,9.6,9.6,9.6,9.6,(X),(X),(X),9.6,150,33,136,131,15,136,45,136,136,136,136,136,(X),(X),(X),136,17.5,7.7,9.6,17.8,3.5,9.6,10.5,9.6,9.6,9.6,9.6,9.6,(X),(X),(X),9.6
9020000US3205,3205,"Washoe County Set, Nevada",2000,Counselors 2000 (SOC 21-1010),765,55,60,565,0,10,15,0,0,0,60,0,(X),(X),(X),0,100.0,7.2,7.8,73.9,0.0,1.3,2.0,0.0,0.0,0.0,7.8,0.0,(X),(X),(X),0.0,200,35,10,130,0,10,15,0,0,0,0,0,(X),(X),(X),0,26.1,4.6,1.3,17.0,0.0,1.3,2.0,0.0,0.0,0.0,0.0,0.0,(X),(X),(X),0.0,565,25,50,435,0,0,0,0,0,0,60,0,(X),(X),(X),0,73.9,3.3,6.5,56.9,0.0,0.0,0.0,0.0,0.0,0.0,7.8,0.0,(X),(X),(X),0.0,179,44,44,149,136,15,29,136,136,136,47,136,(X),(X),(X),136,5.4,5.7,5.7,8.6,5.4,1.9,3.7,5.4,5.4,5.4,5.6,5.4,(X),(X),(X),5.4,90,40,15,77,136,15,29,136,136,136,136,136,(X),(X),(X),136,10.5,5.2,2.0,9.8,5.4,1.9,3.7,5.4,5.4,5.4,5.4,5.4,(X),(X),(X),5.4,157,26,39,138,136,136,136,136,136,136,47,136,(X),(X),(X),136,10.6,3.6,5.1,11.2,5.4,5.4,5.4,5.4,5.4,5.4,5.6,5.4,(X),(X),(X),5.4
9020000US3205,3205,"Washoe County Set, Nevada",2010,Social workers 2010 (SOC 21-1020),990,10,0,965,20,0,0,0,0,0,0,0,(X),(X),(X),0,100.0,1.0,0.0,97.5,2.0,0.0,0.0,0.0,0.0,0.0,0.0,0.0,(X),(X),(X),0.0,250,0,0,250,0,0,0,0,0,0,0,0,(X),(X),(X),0,25.3,0.0,0.0,25.3,0.0,0.0,0.0,0.0,0.0,0.0,0.0,0.0,(X),(X),(X),0.0,740,10,0,710,20,0,0,0,0,0,0,0,(X),(X),(X),0,74.7,1.0,0.0,71.7,2.0,0.0,0.0,0.0,0.0,0.0,0.0,0.0,(X),(X),(X),0.0,255,18,136,247,18,136,136,136,136,136,136,136,(X),(X),(X),136,4.2,1.8,4.2,3.5,1.8,4.2,4.2,4.2,4.2,4.2,4.2,4.2,(X),(X),(X),4.2,96,136,136,96,136,136,136,136,136,136,136,136,(X),(X),(X),136,7.4,4.2,4.2,7.4,4.2,4.2,4.2,4.2,4.2,4.2,4.2,4.2,(X),(X),(X),4.2,205,18,136,198,18,136,136,136,136,136,136,136,(X),(X),(X),136,7.5,1.8,4.2,7.7,1.8,4.2,4.2,4.2,4.2,4.2,4.2,4.2,(X),(X),(X),4.2
9020000US3205,3205,"Washoe County Set, Nevada",2015,Probation officers and correctional treatment specialists 2015 (SOC 21-1092),50,0,0,50,0,0,0,0,0,0,0,0,(X),(X),(X),0,100.0,0.0,0.0,100.0,0.0,0.0,0.0,0.0,0.0,0.0,0.0,0.0,(X),(X),(X),0.0,40,0,0,40,0,0,0,0,0,0,0,0,(X),(X),(X),0,80.0,0.0,0.0,80.0,0.0,0.0,0.0,0.0,0.0,0.0,0.0,0.0,(X),(X),(X),0.0,15,0,0,15,0,0,0,0,0,0,0,0,(X),(X),(X),0,30.0,0.0,0.0,30.0,0.0,0.0,0.0,0.0,0.0,0.0,0.0,0.0,(X),(X),(X),0.0,51,136,136,51,136,136,136,136,136,136,136,136,(X),(X),(X),136,48.0,48.0,48.0,48.0,48.0,48.0,48.0,48.0,48.0,48.0,48.0,48.0,(X),(X),(X),48.0,45,136,136,45,136,136,136,136,136,136,136,136,(X),(X),(X),136,44.5,48.0,48.0,44.5,48.0,48.0,48.0,48.0,48.0,48.0,48.0,48.0,(X),(X),(X),48.0,22,136,136,22,136,136,136,136,136,136,136,136,(X),(X),(X),136,41.7,48.0,48.0,41.7,48.0,48.0,48.0,48.0,48.0,48.0,48.0,48.0,(X),(X),(X),48.0
9020000US3205,3205,"Washoe County Set, Nevada",2016,Social and human service assistants 2016 (SOC 21-1093),150,35,0,110,0,4,0,0,0,0,0,0,(X),(X),(X),0,100.0,23.3,0.0,73.3,0.0,2.7,0.0,0.0,0.0,0.0,0.0,0.0,(X),(X),(X),0.0,10,0,0,10,0,0,0,0,0,0,0,0,(X),(X),(X),0,6.7,0.0,0.0,6.7,0.0,0.0,0.0,0.0,0.0,0.0,0.0,0.0,(X),(X),(X),0.0,140,35,0,100,0,4,0,0,0,0,0,0,(X),(X),(X),0,93.3,23.3,0.0,66.7,0.0,2.7,0.0,0.0,0.0,0.0,0.0,0.0,(X),(X),(X),0.0,86,53,136,61,136,10,136,136,136,136,136,136,(X),(X),(X),136,24.3,29.5,24.3,28.8,24.3,6.8,24.3,24.3,24.3,24.3,24.3,24.3,(X),(X),(X),24.3,14,136,136,14,136,136,136,136,136,136,136,136,(X),(X),(X),136,10.3,24.3,24.3,10.3,24.3,24.3,24.3,24.3,24.3,24.3,24.3,24.3,(X),(X),(X),24.3,86,53,136,61,136,10,136,136,136,136,136,136,(X),(X),(X),136,10.8,29.5,24.3,29.0,24.3,6.8,24.3,24.3,24.3,24.3,24.3,24.3,(X),(X),(X),24.3
9020000US3205,3205,"Washoe County Set, Nevada",2025,"Miscellaneous community and social service specialists, including health educators and community health workers 2025 (SOC 21-109X)",150,0,0,145,0,4,0,0,0,0,0,0,(X),(X),(X),0,100.0,0.0,0.0,96.7,0.0,2.7,0.0,0.0,0.0,0.0,0.0,0.0,(X),(X),(X),0.0,55,0,0,55,0,0,0,0,0,0,0,0,(X),(X),(X),0,36.7,0.0,0.0,36.7,0.0,0.0,0.0,0.0,0.0,0.0,0.0,0.0,(X),(X),(X),0.0,95,0,0,90,0,4,0,0,0,0,0,0,(X),(X),(X),0,63.3,0.0,0.0,60.0,0.0,2.7,0.0,0.0,0.0,0.0,0.0,0.0,(X),(X),(X),0.0,70,136,136,70,136,9,136,136,136,136,136,136,(X),(X),(X),136,24.3,24.3,24.3,7.7,24.3,6.5,24.3,24.3,24.3,24.3,24.3,24.3,(X),(X),(X),24.3,53,136,136,53,136,136,136,136,136,136,136,136,(X),(X),(X),136,31.8,24.3,24.3,31.8,24.3,24.3,24.3,24.3,24.3,24.3,24.3,24.3,(X),(X),(X),24.3,61,136,136,58,136,9,136,136,136,136,136,136,(X),(X),(X),136,32.0,24.3,24.3,31.0,24.3,6.5,24.3,24.3,24.3,24.3,24.3,24.3,(X),(X),(X),24.3
9020000US3205,3205,"Washoe County Set, Nevada",2040,Clergy 2040 (SOC 21-2011),355,10,15,305,30,0,0,0,0,0,0,0,(X),(X),(X),0,100.0,2.8,4.2,85.9,8.5,0.0,0.0,0.0,0.0,0.0,0.0,0.0,(X),(X),(X),0.0,305,10,15,250,30,0,0,0,0,0,0,0,(X),(X),(X),0,85.9,2.8,4.2,70.4,8.5,0.0,0.0,0.0,0.0,0.0,0.0,0.0,(X),(X),(X),0.0,50,0,0,50,0,0,0,0,0,0,0,0,(X),(X),(X),0,14.1,0.0,0.0,14.1,0.0,0.0,0.0,0.0,0.0,0.0,0.0,0.0,(X),(X),(X),0.0,133,15,23,123,39,136,136,136,136,136,136,136,(X),(X),(X),136,11.3,4.0,6.2,13.3,11.1,11.3,11.3,11.3,11.3,11.3,11.3,11.3,(X),(X),(X),11.3,125,15,23,115,39,136,136,136,136,136,136,136,(X),(X),(X),136,11.5,4.0,6.2,15.7,11.1,11.3,11.3,11.3,11.3,11.3,11.3,11.3,(X),(X),(X),11.3,43,136,136,43,136,136,136,136,136,136,136,136,(X),(X),(X),136,11.3,11.3,11.3,11.3,11.3,11.3,11.3,11.3,11.3,11.3,11.3,11.3,(X),(X),(X),11.3
9020000US3205,3205,"Washoe County Set, Nevada",2050,"Directors, religious activities and education 2050 (SOC 21-2021)",20,0,0,20,0,0,0,0,0,0,0,0,(X),(X),(X),0,100.0,0.0,0.0,100.0,0.0,0.0,0.0,0.0,0.0,0.0,0.0,0.0,(X),(X),(X),0.0,0,0,0,0,0,0,0,0,0,0,0,0,(X),(X),(X),0,0.0,0.0,0.0,0.0,0.0,0.0,0.0,0.0,0.0,0.0,0.0,0.0,(X),(X),(X),0.0,20,0,0,20,0,0,0,0,0,0,0,0,(X),(X),(X),0,100.0,0.0,0.0,100.0,0.0,0.0,0.0,0.0,0.0,0.0,0.0,0.0,(X),(X),(X),0.0,34,136,136,34,136,136,136,136,136,136,136,136,(X),(X),(X),136,75.8,75.8,75.8,75.8,75.8,75.8,75.8,75.8,75.8,75.8,75.8,75.8,(X),(X),(X),75.8,136,136,136,136,136,136,136,136,136,136,136,136,(X),(X),(X),136,75.8,75.8,75.8,75.8,75.8,75.8,75.8,75.8,75.8,75.8,75.8,75.8,(X),(X),(X),75.8,34,136,136,34,136,136,136,136,136,136,136,136,(X),(X),(X),136,75.8,75.8,75.8,75.8,75.8,75.8,75.8,75.8,75.8,75.8,75.8,75.8,(X),(X),(X),75.8
9020000US3205,3205,"Washoe County Set, Nevada",2100,"Lawyers, and judges, magistrates, and other judicial workers 2100 (SOC 23-10XX)",1500,40,30,1315,45,15,60,0,0,0,0,0,(X),(X),(X),0,100.0,2.7,2.0,87.7,3.0,1.0,4.0,0.0,0.0,0.0,0.0,0.0,(X),(X),(X),0.0,1020,10,30,950,0,0,30,0,0,0,0,0,(X),(X),(X),0,68.0,0.7,2.0,63.3,0.0,0.0,2.0,0.0,0.0,0.0,0.0,0.0,(X),(X),(X),0.0,480,30,0,360,45,15,30,0,0,0,0,0,(X),(X),(X),0,32.0,2.0,0.0,24.0,3.0,1.0,2.0,0.0,0.0,0.0,0.0,0.0,(X),(X),(X),0.0,267,39,48,239,60,25,51,136,136,136,136,136,(X),(X),(X),136,2.8,2.5,3.1,6.5,3.9,1.7,3.2,2.8,2.8,2.8,2.8,2.8,(X),(X),(X),2.8,215,22,48,208,136,136,37,136,136,136,136,136,(X),(X),(X),136,8.4,1.4,3.1,8.4,2.8,2.8,2.5,2.8,2.8,2.8,2.8,2.8,(X),(X),(X),2.8,154,33,136,131,60,25,36,136,136,136,136,136,(X),(X),(X),136,8.3,2.1,2.8,7.9,3.9,1.7,2.3,2.8,2.8,2.8,2.8,2.8,(X),(X),(X),2.8
9020000US3205,3205,"Washoe County Set, Nevada",2105,Judicial law clerks 2105 (SOC 23-1012),15,0,0,15,0,0,0,0,0,0,0,0,(X),(X),(X),0,100.0,0.0,0.0,100.0,0.0,0.0,0.0,0.0,0.0,0.0,0.0,0.0,(X),(X),(X),0.0,15,0,0,15,0,0,0,0,0,0,0,0,(X),(X),(X),0,100.0,0.0,0.0,100.0,0.0,0.0,0.0,0.0,0.0,0.0,0.0,0.0,(X),(X),(X),0.0,0,0,0,0,0,0,0,0,0,0,0,0,(X),(X),(X),0,0.0,0.0,0.0,0.0,0.0,0.0,0.0,0.0,0.0,0.0,0.0,0.0,(X),(X),(X),0.0,32,136,136,32,136,136,136,136,136,136,136,136,(X),(X),(X),136,87.6,87.6,87.6,87.6,87.6,87.6,87.6,87.6,87.6,87.6,87.6,87.6,(X),(X),(X),87.6,32,136,136,32,136,136,136,136,136,136,136,136,(X),(X),(X),136,87.6,87.6,87.6,87.6,87.6,87.6,87.6,87.6,87.6,87.6,87.6,87.6,(X),(X),(X),87.6,136,136,136,136,136,136,136,136,136,136,136,136,(X),(X),(X),136,87.6,87.6,87.6,87.6,87.6,87.6,87.6,87.6,87.6,87.6,87.6,87.6,(X),(X),(X),87.6
9020000US3205,3205,"Washoe County Set, Nevada",2145,Paralegals and legal assistants 2145 (SOC 23-2011),420,20,0,390,0,0,0,0,0,0,4,0,(X),(X),(X),0,100.0,4.8,0.0,92.9,0.0,0.0,0.0,0.0,0.0,0.0,1.0,0.0,(X),(X),(X),0.0,20,0,0,20,0,0,0,0,0,0,0,0,(X),(X),(X),0,4.8,0.0,0.0,4.8,0.0,0.0,0.0,0.0,0.0,0.0,0.0,0.0,(X),(X),(X),0.0,400,20,0,370,0,0,0,0,0,0,4,0,(X),(X),(X),0,95.2,4.8,0.0,88.1,0.0,0.0,0.0,0.0,0.0,0.0,1.0,0.0,(X),(X),(X),0.0,145,34,136,145,136,136,136,136,136,136,16,136,(X),(X),(X),136,9.6,8.0,9.6,8.6,9.6,9.6,9.6,9.6,9.6,9.6,4.0,9.6,(X),(X),(X),9.6,24,136,136,24,136,136,136,136,136,136,136,136,(X),(X),(X),136,5.6,9.6,9.6,5.6,9.6,9.6,9.6,9.6,9.6,9.6,9.6,9.6,(X),(X),(X),9.6,141,34,136,140,136,136,136,136,136,136,16,136,(X),(X),(X),136,5.3,8.0,9.6,10.2,9.6,9.6,9.6,9.6,9.6,9.6,4.0,9.6,(X),(X),(X),9.6
9020000US3205,3205,"Washoe County Set, Nevada",2160,Miscellaneous legal support workers 2160 (SOC 23-2090),340,0,0,325,0,0,0,0,0,0,15,0,(X),(X),(X),0,100.0,0.0,0.0,95.6,0.0,0.0,0.0,0.0,0.0,0.0,4.4,0.0,(X),(X),(X),0.0,70,0,0,70,0,0,0,0,0,0,0,0,(X),(X),(X),0,20.6,0.0,0.0,20.6,0.0,0.0,0.0,0.0,0.0,0.0,0.0,0.0,(X),(X),(X),0.0,270,0,0,255,0,0,0,0,0,0,15,0,(X),(X),(X),0,79.4,0.0,0.0,75.0,0.0,0.0,0.0,0.0,0.0,0.0,4.4,0.0,(X),(X),(X),0.0,119,136,136,122,136,136,136,136,136,136,32,136,(X),(X),(X),136,11.7,11.7,11.7,9.2,11.7,11.7,11.7,11.7,11.7,11.7,9.5,11.7,(X),(X),(X),11.7,65,136,136,65,136,136,136,136,136,136,136,136,(X),(X),(X),136,17.5,11.7,11.7,17.5,11.7,11.7,11.7,11.7,11.7,11.7,11.7,11.7,(X),(X),(X),11.7,109,136,136,110,136,136,136,136,136,136,32,136,(X),(X),(X),136,17.8,11.7,11.7,17.7,11.7,11.7,11.7,11.7,11.7,11.7,9.5,11.7,(X),(X),(X),11.7
9020000US3205,3205,"Washoe County Set, Nevada",2200,Postsecondary teachers 2200 (SOC 25-1000),2320,75,50,1810,40,4,305,0,0,0,15,0,(X),(X),(X),25,100.0,3.2,2.2,78.0,1.7,0.2,13.1,0.0,0.0,0.0,0.6,0.0,(X),(X),(X),1.1,1305,50,35,1035,20,4,135,0,0,0,0,0,(X),(X),(X),25,56.3,2.2,1.5,44.6,0.9,0.2,5.8,0.0,0.0,0.0,0.0,0.0,(X),(X),(X),1.1,1015,25,10,775,20,0,175,0,0,0,15,0,(X),(X),(X),0,43.8,1.1,0.4,33.4,0.9,0.0,7.5,0.0,0.0,0.0,0.6,0.0,(X),(X),(X),0.0,362,59,61,278,36,2,208,136,136,136,22,136,(X),(X),(X),38,1.8,2.5,2.6,8.6,1.5,0.1,8.2,1.8,1.8,1.8,1.0,1.8,(X),(X),(X),1.6,291,53,44,219,29,2,154,136,136,136,136,136,(X),(X),(X),38,8.0,2.3,1.8,7.9,1.2,0.1,6.4,1.8,1.8,1.8,1.8,1.8,(X),(X),(X),1.6,228,29,30,200,27,136,128,136,136,136,22,136,(X),(X),(X),136,8.0,1.2,1.3,8.1,1.2,1.8,5.3,1.8,1.8,1.8,1.0,1.8,(X),(X),(X),1.8
9020000US3205,3205,"Washoe County Set, Nevada",2300,Preschool and kindergarten teachers 2300 (SOC 25-2010),870,65,85,660,50,10,0,0,0,0,0,0,(X),(X),(X),0,100.0,7.5,9.8,75.9,5.7,1.1,0.0,0.0,0.0,0.0,0.0,0.0,(X),(X),(X),0.0,0,0,0,0,0,0,0,0,0,0,0,0,(X),(X),(X),0,0.0,0.0,0.0,0.0,0.0,0.0,0.0,0.0,0.0,0.0,0.0,0.0,(X),(X),(X),0.0,870,65,85,660,50,10,0,0,0,0,0,0,(X),(X),(X),0,100.0,7.5,9.8,75.9,5.7,1.1,0.0,0.0,0.0,0.0,0.0,0.0,(X),(X),(X),0.0,220,69,86,184,51,13,136,136,136,136,136,136,(X),(X),(X),136,4.8,7.8,9.3,12.0,5.7,1.5,4.8,4.8,4.8,4.8,4.8,4.8,(X),(X),(X),4.8,136,136,136,136,136,136,136,136,136,136,136,136,(X),(X),(X),136,4.8,4.8,4.8,4.8,4.8,4.8,4.8,4.8,4.8,4.8,4.8,4.8,(X),(X),(X),4.8,220,69,86,184,51,13,136,136,136,136,136,136,(X),(X),(X),136,4.8,7.8,9.3,12.0,5.7,1.5,4.8,4.8,4.8,4.8,4.8,4.8,(X),(X),(X),4.8
9020000US3205,3205,"Washoe County Set, Nevada",2310,Elementary and middle school teachers 2310 (SOC 25-2020),4280,185,30,3805,25,4,125,75,0,0,25,0,(X),(X),(X),0,100.0,4.3,0.7,88.9,0.6,0.1,2.9,1.8,0.0,0.0,0.6,0.0,(X),(X),(X),0.0,920,35,20,830,25,0,4,0,0,0,0,0,(X),(X),(X),0,21.5,0.8,0.5,19.4,0.6,0.0,0.1,0.0,0.0,0.0,0.0,0.0,(X),(X),(X),0.0,3360,150,10,2970,0,4,120,75,0,0,25,0,(X),(X),(X),0,78.5,3.5,0.2,69.4,0.0,0.1,2.8,1.8,0.0,0.0,0.6,0.0,(X),(X),(X),0.0,461,114,34,429,32,10,105,98,136,136,34,136,(X),(X),(X),136,1.0,2.6,0.8,4.4,0.7,0.2,2.4,2.3,1.0,1.0,0.8,1.0,(X),(X),(X),1.0,207,44,33,194,32,136,24,136,136,136,136,136,(X),(X),(X),136,4.1,1.0,0.8,4.0,0.7,1.0,0.5,1.0,1.0,1.0,1.0,1.0,(X),(X),(X),1.0,392,104,18,359,136,10,104,98,136,136,34,136,(X),(X),(X),136,4.1,2.4,0.4,4.9,1.0,0.2,2.4,2.3,1.0,1.0,0.8,1.0,(X),(X),(X),1.0
9020000US3205,3205,"Washoe County Set, Nevada",2320,Secondary school teachers 2320 (SOC 25-2030),775,25,20,655,10,10,50,0,0,0,0,0,(X),(X),(X),0,100.0,3.2,2.6,84.5,1.3,1.3,6.5,0.0,0.0,0.0,0.0,0.0,(X),(X),(X),0.0,315,10,0,260,10,10,20,0,0,0,0,0,(X),(X),(X),0,40.6,1.3,0.0,33.5,1.3,1.3,2.6,0.0,0.0,0.0,0.0,0.0,(X),(X),(X),0.0,460,15,20,395,0,0,30,0,0,0,0,0,(X),(X),(X),0,59.4,1.9,2.6,51.0,0.0,0.0,3.9,0.0,0.0,0.0,0.0,0.0,(X),(X),(X),0.0,175,33,32,161,16,20,47,136,136,136,136,136,(X),(X),(X),136,5.3,4.2,4.2,7.2,2.2,2.5,5.9,5.3,5.3,5.3,5.3,5.3,(X),(X),(X),5.3,110,24,136,96,16,20,34,136,136,136,136,136,(X),(X),(X),136,11.6,3.0,5.3,10.5,2.2,2.5,4.4,5.3,5.3,5.3,5.3,5.3,(X),(X),(X),5.3,140,25,32,126,136,136,36,136,136,136,136,136,(X),(X),(X),136,11.6,3.2,4.2,10.4,5.3,5.3,4.6,5.3,5.3,5.3,5.3,5.3,(X),(X),(X),5.3
9020000US3205,3205,"Washoe County Set, Nevada",2330,Special education teachers 2330 (SOC 25-2050),155,15,0,120,0,20,0,0,0,0,0,0,(X),(X),(X),0,100.0,9.7,0.0,77.4,0.0,12.9,0.0,0.0,0.0,0.0,0.0,0.0,(X),(X),(X),0.0,10,0,0,10,0,0,0,0,0,0,0,0,(X),(X),(X),0,6.5,0.0,0.0,6.5,0.0,0.0,0.0,0.0,0.0,0.0,0.0,0.0,(X),(X),(X),0.0,145,15,0,110,0,20,0,0,0,0,0,0,(X),(X),(X),0,93.5,9.7,0.0,71.0,0.0,12.9,0.0,0.0,0.0,0.0,0.0,0.0,(X),(X),(X),0.0,75,32,136,64,136,31,136,136,136,136,136,136,(X),(X),(X),136,23.7,20.4,23.7,24.2,23.7,18.8,23.7,23.7,23.7,23.7,23.7,23.7,(X),(X),(X),23.7,14,136,136,14,136,136,136,136,136,136,136,136,(X),(X),(X),136,9.4,23.7,23.7,9.4,23.7,23.7,23.7,23.7,23.7,23.7,23.7,23.7,(X),(X),(X),23.7,74,32,136,63,136,31,136,136,136,136,136,136,(X),(X),(X),136,10.8,20.4,23.7,25.0,23.7,18.8,23.7,23.7,23.7,23.7,23.7,23.7,(X),(X),(X),23.7
9020000US3205,3205,"Washoe County Set, Nevada",2340,Other teachers and instructors 2340 (SOC 25-3000),1065,30,55,860,20,30,30,0,0,4,0,35,(X),(X),(X),0,100.0,2.8,5.2,80.8,1.9,2.8,2.8,0.0,0.0,0.4,0.0,3.3,(X),(X),(X),0.0,515,15,55,380,10,0,10,0,0,4,0,35,(X),(X),(X),0,48.4,1.4,5.2,35.7,0.9,0.0,0.9,0.0,0.0,0.4,0.0,3.3,(X),(X),(X),0.0,550,15,0,480,10,30,20,0,0,0,0,0,(X),(X),(X),0,51.6,1.4,0.0,45.1,0.9,2.8,1.9,0.0,0.0,0.0,0.0,0.0,(X),(X),(X),0.0,237,31,53,201,22,27,36,136,136,18,136,54,(X),(X),(X),136,3.9,2.8,4.8,7.9,2.1,2.6,3.4,3.9,3.9,1.7,3.9,4.9,(X),(X),(X),3.9,172,23,53,139,18,136,19,136,136,18,136,54,(X),(X),(X),136,11.3,2.1,4.8,10.5,1.7,3.9,1.8,3.9,3.9,1.7,3.9,4.9,(X),(X),(X),3.9,164,24,136,154,14,27,32,136,136,136,136,136,(X),(X),(X),136,11.3,2.2,3.9,11.3,1.3,2.6,3.0,3.9,3.9,3.9,3.9,3.9,(X),(X),(X),3.9
9020000US3205,3205,"Washoe County Set, Nevada",2400,"Archivists, curators, and museum technicians 2400 (SOC 25-4010)",90,0,0,90,0,0,0,0,0,0,0,0,(X),(X),(X),0,100.0,0.0,0.0,100.0,0.0,0.0,0.0,0.0,0.0,0.0,0.0,0.0,(X),(X),(X),0.0,55,0,0,55,0,0,0,0,0,0,0,0,(X),(X),(X),0,61.1,0.0,0.0,61.1,0.0,0.0,0.0,0.0,0.0,0.0,0.0,0.0,(X),(X),(X),0.0,35,0,0,35,0,0,0,0,0,0,0,0,(X),(X),(X),0,38.9,0.0,0.0,38.9,0.0,0.0,0.0,0.0,0.0,0.0,0.0,0.0,(X),(X),(X),0.0,79,136,136,79,136,136,136,136,136,136,136,136,(X),(X),(X),136,35.4,35.4,35.4,35.4,35.4,35.4,35.4,35.4,35.4,35.4,35.4,35.4,(X),(X),(X),35.4,64,136,136,64,136,136,136,136,136,136,136,136,(X),(X),(X),136,43.9,35.4,35.4,43.9,35.4,35.4,35.4,35.4,35.4,35.4,35.4,35.4,(X),(X),(X),35.4,42,136,136,42,136,136,136,136,136,136,136,136,(X),(X),(X),136,42.5,35.4,35.4,42.5,35.4,35.4,35.4,35.4,35.4,35.4,35.4,35.4,(X),(X),(X),35.4
9020000US3205,3205,"Washoe County Set, Nevada",2430,Librarians 2430 (SOC 25-4021),300,10,0,235,10,25,20,0,0,0,0,0,(X),(X),(X),0,100.0,3.3,0.0,78.3,3.3,8.3,6.7,0.0,0.0,0.0,0.0,0.0,(X),(X),(X),0.0,60,0,0,60,0,0,0,0,0,0,0,0,(X),(X),(X),0,20.0,0.0,0.0,20.0,0.0,0.0,0.0,0.0,0.0,0.0,0.0,0.0,(X),(X),(X),0.0,240,10,0,180,10,25,20,0,0,0,0,0,(X),(X),(X),0,80.0,3.3,0.0,60.0,3.3,8.3,6.7,0.0,0.0,0.0,0.0,0.0,(X),(X),(X),0.0,109,21,136,108,16,30,34,136,136,136,136,136,(X),(X),(X),136,13.2,6.9,13.2,14.8,5.3,9.6,11.5,13.2,13.2,13.2,13.2,13.2,(X),(X),(X),13.2,58,136,136,58,136,136,136,136,136,136,136,136,(X),(X),(X),136,16.6,13.2,13.2,16.6,13.2,13.2,13.2,13.2,13.2,13.2,13.2,13.2,(X),(X),(X),13.2,91,21,136,83,16,30,34,136,136,136,136,136,(X),(X),(X),136,16.8,6.9,13.2,16.5,5.3,9.6,11.5,13.2,13.2,13.2,13.2,13.2,(X),(X),(X),13.2
9020000US3205,3205,"Washoe County Set, Nevada",2440,Library technicians 2440 (SOC 25-4031),15,0,0,15,0,0,0,0,0,0,0,0,(X),(X),(X),0,100.0,0.0,0.0,100.0,0.0,0.0,0.0,0.0,0.0,0.0,0.0,0.0,(X),(X),(X),0.0,10,0,0,10,0,0,0,0,0,0,0,0,(X),(X),(X),0,66.7,0.0,0.0,66.7,0.0,0.0,0.0,0.0,0.0,0.0,0.0,0.0,(X),(X),(X),0.0,10,0,0,10,0,0,0,0,0,0,0,0,(X),(X),(X),0,66.7,0.0,0.0,66.7,0.0,0.0,0.0,0.0,0.0,0.0,0.0,0.0,(X),(X),(X),0.0,18,136,136,18,136,136,136,136,136,136,136,136,(X),(X),(X),136,87.6,87.6,87.6,87.6,87.6,87.6,87.6,87.6,87.6,87.6,87.6,87.6,(X),(X),(X),87.6,14,136,136,14,136,136,136,136,136,136,136,136,(X),(X),(X),136,66.7,87.6,87.6,66.7,87.6,87.6,87.6,87.6,87.6,87.6,87.6,87.6,(X),(X),(X),87.6,16,136,136,16,136,136,136,136,136,136,136,136,(X),(X),(X),136,66.7,87.6,87.6,66.7,87.6,87.6,87.6,87.6,87.6,87.6,87.6,87.6,(X),(X),(X),87.6
9020000US3205,3205,"Washoe County Set, Nevada",2540,Teacher assistants 2540 (SOC 25-9041),730,65,40,575,0,25,25,0,0,0,0,0,(X),(X),(X),0,100.0,8.9,5.5,78.8,0.0,3.4,3.4,0.0,0.0,0.0,0.0,0.0,(X),(X),(X),0.0,110,0,0,110,0,0,0,0,0,0,0,0,(X),(X),(X),0,15.1,0.0,0.0,15.1,0.0,0.0,0.0,0.0,0.0,0.0,0.0,0.0,(X),(X),(X),0.0,620,65,40,460,0,25,25,0,0,0,0,0,(X),(X),(X),0,84.9,8.9,5.5,63.0,0.0,3.4,3.4,0.0,0.0,0.0,0.0,0.0,(X),(X),(X),0.0,212,62,49,183,136,37,39,136,136,136,136,136,(X),(X),(X),136,5.7,8.2,6.1,11.8,5.7,4.9,5.3,5.7,5.7,5.7,5.7,5.7,(X),(X),(X),5.7,76,136,136,76,136,136,136,136,136,136,136,136,(X),(X),(X),136,9.9,5.7,5.7,9.9,5.7,5.7,5.7,5.7,5.7,5.7,5.7,5.7,(X),(X),(X),5.7,201,62,49,169,136,37,39,136,136,136,136,136,(X),(X),(X),136,9.9,8.2,6.1,13.4,5.7,4.9,5.3,5.7,5.7,5.7,5.7,5.7,(X),(X),(X),5.7
9020000US3205,3205,"Washoe County Set, Nevada",2550,"Other education, training, and library workers 2550 (SOC 25-90XX)",115,25,0,95,0,0,0,0,0,0,0,0,(X),(X),(X),0,100.0,21.7,0.0,82.6,0.0,0.0,0.0,0.0,0.0,0.0,0.0,0.0,(X),(X),(X),0.0,15,0,0,15,0,0,0,0,0,0,0,0,(X),(X),(X),0,13.0,0.0,0.0,13.0,0.0,0.0,0.0,0.0,0.0,0.0,0.0,0.0,(X),(X),(X),0.0,100,25,0,80,0,0,0,0,0,0,0,0,(X),(X),(X),0,87.0,21.7,0.0,69.6,0.0,0.0,0.0,0.0,0.0,0.0,0.0,0.0,(X),(X),(X),0.0,78,37,136,70,136,136,136,136,136,136,136,136,(X),(X),(X),136,30.0,32.2,30.0,32.6,30.0,30.0,30.0,30.0,30.0,30.0,30.0,30.0,(X),(X),(X),30.0,25,136,136,25,136,136,136,136,136,136,136,136,(X),(X),(X),136,21.7,30.0,30.0,21.7,30.0,30.0,30.0,30.0,30.0,30.0,30.0,30.0,(X),(X),(X),30.0,75,37,136,66,136,136,136,136,136,136,136,136,(X),(X),(X),136,20.6,32.2,30.0,35.2,30.0,30.0,30.0,30.0,30.0,30.0,30.0,30.0,(X),(X),(X),30.0
9020000US3205,3205,"Washoe County Set, Nevada",2600,Artists and related workers 2600 (SOC 27-1010),415,40,35,340,0,0,0,0,0,0,0,0,(X),(X),(X),0,100.0,9.6,8.4,81.9,0.0,0.0,0.0,0.0,0.0,0.0,0.0,0.0,(X),(X),(X),0.0,250,30,35,185,0,0,0,0,0,0,0,0,(X),(X),(X),0,60.2,7.2,8.4,44.6,0.0,0.0,0.0,0.0,0.0,0.0,0.0,0.0,(X),(X),(X),0.0,165,10,0,155,0,0,0,0,0,0,0,0,(X),(X),(X),0,39.8,2.4,0.0,37.3,0.0,0.0,0.0,0.0,0.0,0.0,0.0,0.0,(X),(X),(X),0.0,159,55,52,149,136,136,136,136,136,136,136,136,(X),(X),(X),136,9.7,12.1,12.8,17.3,9.7,9.7,9.7,9.7,9.7,9.7,9.7,9.7,(X),(X),(X),9.7,129,49,52,120,136,136,136,136,136,136,136,136,(X),(X),(X),136,17.2,11.0,12.8,20.6,9.7,9.7,9.7,9.7,9.7,9.7,9.7,9.7,(X),(X),(X),9.7,84,22,136,79,136,136,136,136,136,136,136,136,(X),(X),(X),136,17.1,5.2,9.7,16.5,9.7,9.7,9.7,9.7,9.7,9.7,9.7,9.7,(X),(X),(X),9.7
9020000US3205,3205,"Washoe County Set, Nevada",2630,Designers 2630 (SOC 27-1020),985,95,50,765,0,0,60,0,0,0,10,0,(X),(X),(X),0,100.0,9.6,5.1,77.7,0.0,0.0,6.1,0.0,0.0,0.0,1.0,0.0,(X),(X),(X),0.0,630,65,45,460,0,0,60,0,0,0,0,0,(X),(X),(X),0,64.0,6.6,4.6,46.7,0.0,0.0,6.1,0.0,0.0,0.0,0.0,0.0,(X),(X),(X),0.0,355,30,10,305,0,0,0,0,0,0,10,0,(X),(X),(X),0,36.0,3.0,1.0,31.0,0.0,0.0,0.0,0.0,0.0,0.0,1.0,0.0,(X),(X),(X),0.0,209,75,64,180,136,136,62,136,136,136,21,136,(X),(X),(X),136,4.2,7.3,6.2,10.6,4.2,4.2,6.2,4.2,4.2,4.2,2.0,4.2,(X),(X),(X),4.2,179,65,61,153,136,136,62,136,136,136,136,136,(X),(X),(X),136,11.3,6.5,6.0,12.2,4.2,4.2,6.2,4.2,4.2,4.2,4.2,4.2,(X),(X),(X),4.2,128,37,14,112,136,136,136,136,136,136,21,136,(X),(X),(X),136,11.2,3.6,1.4,10.5,4.2,4.2,4.2,4.2,4.2,4.2,2.0,4.2,(X),(X),(X),4.2
9020000US3205,3205,"Washoe County Set, Nevada",2710,Producers and directors 2710 (SOC 27-2012),80,0,0,80,0,4,0,0,0,0,0,0,(X),(X),(X),0,100.0,0.0,0.0,100.0,0.0,5.0,0.0,0.0,0.0,0.0,0.0,0.0,(X),(X),(X),0.0,80,0,0,80,0,4,0,0,0,0,0,0,(X),(X),(X),0,100.0,0.0,0.0,100.0,0.0,5.0,0.0,0.0,0.0,0.0,0.0,0.0,(X),(X),(X),0.0,0,0,0,0,0,0,0,0,0,0,0,0,(X),(X),(X),0,0.0,0.0,0.0,0.0,0.0,0.0,0.0,0.0,0.0,0.0,0.0,0.0,(X),(X),(X),0.0,69,136,136,69,136,4,136,136,136,136,136,136,(X),(X),(X),136,37.9,37.9,37.9,37.9,37.9,6.3,37.9,37.9,37.9,37.9,37.9,37.9,(X),(X),(X),37.9,69,136,136,69,136,4,136,136,136,136,136,136,(X),(X),(X),136,37.9,37.9,37.9,37.9,37.9,6.3,37.9,37.9,37.9,37.9,37.9,37.9,(X),(X),(X),37.9,136,136,136,136,136,136,136,136,136,136,136,136,(X),(X),(X),136,37.9,37.9,37.9,37.9,37.9,37.9,37.9,37.9,37.9,37.9,37.9,37.9,(X),(X),(X),37.9
9020000US3205,3205,"Washoe County Set, Nevada",2720,"Athletes, coaches, umpires, and related workers 2720 (SOC 27-2020)",445,35,15,315,30,50,0,0,0,0,0,0,(X),(X),(X),0,100.0,7.9,3.4,70.8,6.7,11.2,0.0,0.0,0.0,0.0,0.0,0.0,(X),(X),(X),0.0,270,4,15,200,30,25,0,0,0,0,0,0,(X),(X),(X),0,60.7,0.9,3.4,44.9,6.7,5.6,0.0,0.0,0.0,0.0,0.0,0.0,(X),(X),(X),0.0,175,35,0,115,0,25,0,0,0,0,0,0,(X),(X),(X),0,39.3,7.9,0.0,25.8,0.0,5.6,0.0,0.0,0.0,0.0,0.0,0.0,(X),(X),(X),0.0,216,50,23,171,44,60,136,136,136,136,136,136,(X),(X),(X),136,9.1,9.7,5.1,15.8,10.3,12.7,9.1,9.1,9.1,9.1,9.1,9.1,(X),(X),(X),9.1,139,15,23,120,44,40,136,136,136,136,136,136,(X),(X),(X),136,17.3,3.5,5.1,16.0,10.3,9.3,9.1,9.1,9.1,9.1,9.1,9.1,(X),(X),(X),9.1,123,45,136,82,136,41,136,136,136,136,136,136,(X),(X),(X),136,17.1,8.7,9.1,12.7,9.1,9.1,9.1,9.1,9.1,9.1,9.1,9.1,(X),(X),(X),9.1
9020000US3205,3205,"Washoe County Set, Nevada",2740,Dancers and choreographers 2740 (SOC 27-2030),115,0,30,50,0,0,35,0,0,0,0,0,(X),(X),(X),0,100.0,0.0,26.1,43.5,0.0,0.0,30.4,0.0,0.0,0.0,0.0,0.0,(X),(X),(X),0.0,0,0,0,0,0,0,0,0,0,0,0,0,(X),(X),(X),0,0.0,0.0,0.0,0.0,0.0,0.0,0.0,0.0,0.0,0.0,0.0,0.0,(X),(X),(X),0.0,115,0,30,50,0,0,35,0,0,0,0,0,(X),(X),(X),0,100.0,0.0,26.1,43.5,0.0,0.0,30.4,0.0,0.0,0.0,0.0,0.0,(X),(X),(X),0.0,109,136,48,57,136,136,57,136,136,136,136,136,(X),(X),(X),136,30.0,30.0,33.2,35.3,30.0,30.0,44.3,30.0,30.0,30.0,30.0,30.0,(X),(X),(X),30.0,136,136,136,136,136,136,136,136,136,136,136,136,(X),(X),(X),136,30.0,30.0,30.0,30.0,30.0,30.0,30.0,30.0,30.0,30.0,30.0,30.0,(X),(X),(X),30.0,109,136,48,57,136,136,57,136,136,136,136,136,(X),(X),(X),136,30.0,30.0,33.2,35.3,30.0,30.0,44.3,30.0,30.0,30.0,30.0,30.0,(X),(X),(X),30.0
9020000US3205,3205,"Washoe County Set, Nevada",2750,"Musicians, singers, and related workers 2750 (SOC 27-2040)",160,0,0,160,0,0,0,0,0,0,0,0,(X),(X),(X),0,100.0,0.0,0.0,100.0,0.0,0.0,0.0,0.0,0.0,0.0,0.0,0.0,(X),(X),(X),0.0,90,0,0,90,0,0,0,0,0,0,0,0,(X),(X),(X),0,56.3,0.0,0.0,56.3,0.0,0.0,0.0,0.0,0.0,0.0,0.0,0.0,(X),(X),(X),0.0,70,0,0,70,0,0,0,0,0,0,0,0,(X),(X),(X),0,43.8,0.0,0.0,43.8,0.0,0.0,0.0,0.0,0.0,0.0,0.0,0.0,(X),(X),(X),0.0,91,136,136,91,136,136,136,136,136,136,136,136,(X),(X),(X),136,23.0,23.0,23.0,23.0,23.0,23.0,23.0,23.0,23.0,23.0,23.0,23.0,(X),(X),(X),23.0,67,136,136,67,136,136,136,136,136,136,136,136,(X),(X),(X),136,32.9,23.0,23.0,32.9,23.0,23.0,23.0,23.0,23.0,23.0,23.0,23.0,(X),(X),(X),23.0,65,136,136,65,136,136,136,136,136,136,136,136,(X),(X),(X),136,31.7,23.0,23.0,31.7,23.0,23.0,23.0,23.0,23.0,23.0,23.0,23.0,(X),(X),(X),23.0
9020000US3205,3205,"Washoe County Set, Nevada",2760,"Entertainers and performers, sports and related workers, all other 2760 (SOC 27-2099)",50,0,0,50,0,0,0,0,0,0,0,0,(X),(X),(X),0,100.0,0.0,0.0,100.0,0.0,0.0,0.0,0.0,0.0,0.0,0.0,0.0,(X),(X),(X),0.0,15,0,0,15,0,0,0,0,0,0,0,0,(X),(X),(X),0,30.0,0.0,0.0,30.0,0.0,0.0,0.0,0.0,0.0,0.0,0.0,0.0,(X),(X),(X),0.0,35,0,0,35,0,0,0,0,0,0,0,0,(X),(X),(X),0,70.0,0.0,0.0,70.0,0.0,0.0,0.0,0.0,0.0,0.0,0.0,0.0,(X),(X),(X),0.0,48,136,136,48,136,136,136,136,136,136,136,136,(X),(X),(X),136,48.0,48.0,48.0,48.0,48.0,48.0,48.0,48.0,48.0,48.0,48.0,48.0,(X),(X),(X),48.0,19,136,136,19,136,136,136,136,136,136,136,136,(X),(X),(X),136,41.2,48.0,48.0,41.2,48.0,48.0,48.0,48.0,48.0,48.0,48.0,48.0,(X),(X),(X),48.0,44,136,136,44,136,136,136,136,136,136,136,136,(X),(X),(X),136,43.3,48.0,48.0,43.3,48.0,48.0,48.0,48.0,48.0,48.0,48.0,48.0,(X),(X),(X),48.0
9020000US3205,3205,"Washoe County Set, Nevada",2800,Announcers 2800 (SOC 27-3010),170,60,0,105,0,0,0,0,0,0,0,0,(X),(X),(X),0,100.0,35.3,0.0,61.8,0.0,0.0,0.0,0.0,0.0,0.0,0.0,0.0,(X),(X),(X),0.0,170,60,0,105,0,0,0,0,0,0,0,0,(X),(X),(X),0,100.0,35.3,0.0,61.8,0.0,0.0,0.0,0.0,0.0,0.0,0.0,0.0,(X),(X),(X),0.0,0,0,0,0,0,0,0,0,0,0,0,0,(X),(X),(X),0,0.0,0.0,0.0,0.0,0.0,0.0,0.0,0.0,0.0,0.0,0.0,0.0,(X),(X),(X),0.0,105,86,136,64,136,136,136,136,136,136,136,136,(X),(X),(X),136,21.9,38.6,21.9,39.0,21.9,21.9,21.9,21.9,21.9,21.9,21.9,21.9,(X),(X),(X),21.9,105,86,136,64,136,136,136,136,136,136,136,136,(X),(X),(X),136,21.9,38.6,21.9,39.0,21.9,21.9,21.9,21.9,21.9,21.9,21.9,21.9,(X),(X),(X),21.9,136,136,136,136,136,136,136,136,136,136,136,136,(X),(X),(X),136,21.9,21.9,21.9,21.9,21.9,21.9,21.9,21.9,21.9,21.9,21.9,21.9,(X),(X),(X),21.9
9020000US3205,3205,"Washoe County Set, Nevada",2810,"News analysts, reporters and correspondents 2810 (SOC 27-3020)",85,0,15,70,0,0,0,0,0,0,0,0,(X),(X),(X),0,100.0,0.0,17.6,82.4,0.0,0.0,0.0,0.0,0.0,0.0,0.0,0.0,(X),(X),(X),0.0,60,0,15,45,0,0,0,0,0,0,0,0,(X),(X),(X),0,70.6,0.0,17.6,52.9,0.0,0.0,0.0,0.0,0.0,0.0,0.0,0.0,(X),(X),(X),0.0,25,0,0,25,0,0,0,0,0,0,0,0,(X),(X),(X),0,29.4,0.0,0.0,29.4,0.0,0.0,0.0,0.0,0.0,0.0,0.0,0.0,(X),(X),(X),0.0,61,136,24,56,136,136,136,136,136,136,136,136,(X),(X),(X),136,36.7,36.7,28.1,27.1,36.7,36.7,36.7,36.7,36.7,36.7,36.7,36.7,(X),(X),(X),36.7,45,136,24,37,136,136,136,136,136,136,136,136,(X),(X),(X),136,26.3,36.7,28.1,27.4,36.7,36.7,36.7,36.7,36.7,36.7,36.7,36.7,(X),(X),(X),36.7,28,136,136,28,136,136,136,136,136,136,136,136,(X),(X),(X),136,24.7,36.7,36.7,24.7,36.7,36.7,36.7,36.7,36.7,36.7,36.7,36.7,(X),(X),(X),36.7
9020000US3205,3205,"Washoe County Set, Nevada",2825,Public relations specialists 2825 (SOC 27-3031),190,0,0,190,0,0,0,0,0,0,0,0,(X),(X),(X),0,100.0,0.0,0.0,100.0,0.0,0.0,0.0,0.0,0.0,0.0,0.0,0.0,(X),(X),(X),0.0,90,0,0,90,0,0,0,0,0,0,0,0,(X),(X),(X),0,47.4,0.0,0.0,47.4,0.0,0.0,0.0,0.0,0.0,0.0,0.0,0.0,(X),(X),(X),0.0,100,0,0,100,0,0,0,0,0,0,0,0,(X),(X),(X),0,52.6,0.0,0.0,52.6,0.0,0.0,0.0,0.0,0.0,0.0,0.0,0.0,(X),(X),(X),0.0,85,136,136,85,136,136,136,136,136,136,136,136,(X),(X),(X),136,19.9,19.9,19.9,19.9,19.9,19.9,19.9,19.9,19.9,19.9,19.9,19.9,(X),(X),(X),19.9,69,136,136,69,136,136,136,136,136,136,136,136,(X),(X),(X),136,23.3,19.9,19.9,23.3,19.9,19.9,19.9,19.9,19.9,19.9,19.9,19.9,(X),(X),(X),19.9,50,136,136,50,136,136,136,136,136,136,136,136,(X),(X),(X),136,23.7,19.9,19.9,23.7,19.9,19.9,19.9,19.9,19.9,19.9,19.9,19.9,(X),(X),(X),19.9
9020000US3205,3205,"Washoe County Set, Nevada",2830,Editors 2830 (SOC 27-3041),105,0,0,70,0,0,35,0,0,0,0,0,(X),(X),(X),0,100.0,0.0,0.0,66.7,0.0,0.0,33.3,0.0,0.0,0.0,0.0,0.0,(X),(X),(X),0.0,25,0,0,25,0,0,0,0,0,0,0,0,(X),(X),(X),0,23.8,0.0,0.0,23.8,0.0,0.0,0.0,0.0,0.0,0.0,0.0,0.0,(X),(X),(X),0.0,80,0,0,45,0,0,35,0,0,0,0,0,(X),(X),(X),0,76.2,0.0,0.0,42.9,0.0,0.0,33.3,0.0,0.0,0.0,0.0,0.0,(X),(X),(X),0.0,71,136,136,47,136,136,54,136,136,136,136,136,(X),(X),(X),136,32.0,32.0,32.0,39.1,32.0,32.0,40.4,32.0,32.0,32.0,32.0,32.0,(X),(X),(X),32.0,30,136,136,30,136,136,136,136,136,136,136,136,(X),(X),(X),136,27.9,32.0,32.0,27.9,32.0,32.0,32.0,32.0,32.0,32.0,32.0,32.0,(X),(X),(X),32.0,66,136,136,36,136,136,54,136,136,136,136,136,(X),(X),(X),136,28.4,32.0,32.0,32.3,32.0,32.0,40.4,32.0,32.0,32.0,32.0,32.0,(X),(X),(X),32.0
9020000US3205,3205,"Washoe County Set, Nevada",2840,Technical writers 2840 (SOC 27-3042),70,0,0,70,0,0,0,0,0,0,0,0,(X),(X),(X),0,100.0,0.0,0.0,100.0,0.0,0.0,0.0,0.0,0.0,0.0,0.0,0.0,(X),(X),(X),0.0,15,0,0,15,0,0,0,0,0,0,0,0,(X),(X),(X),0,21.4,0.0,0.0,21.4,0.0,0.0,0.0,0.0,0.0,0.0,0.0,0.0,(X),(X),(X),0.0,55,0,0,55,0,0,0,0,0,0,0,0,(X),(X),(X),0,78.6,0.0,0.0,78.6,0.0,0.0,0.0,0.0,0.0,0.0,0.0,0.0,(X),(X),(X),0.0,52,136,136,52,136,136,136,136,136,136,136,136,(X),(X),(X),136,40.5,40.5,40.5,40.5,40.5,40.5,40.5,40.5,40.5,40.5,40.5,40.5,(X),(X),(X),40.5,25,136,136,25,136,136,136,136,136,136,136,136,(X),(X),(X),136,33.3,40.5,40.5,33.3,40.5,40.5,40.5,40.5,40.5,40.5,40.5,40.5,(X),(X),(X),40.5,47,136,136,47,136,136,136,136,136,136,136,136,(X),(X),(X),136,33.2,40.5,40.5,33.2,40.5,40.5,40.5,40.5,40.5,40.5,40.5,40.5,(X),(X),(X),40.5
9020000US3205,3205,"Washoe County Set, Nevada",2850,Writers and authors 2850 (SOC 27-3043),290,0,0,245,0,0,35,0,0,0,0,0,(X),(X),(X),10,100.0,0.0,0.0,84.5,0.0,0.0,12.1,0.0,0.0,0.0,0.0,0.0,(X),(X),(X),3.4,105,0,0,90,0,0,0,0,0,0,0,0,(X),(X),(X),10,36.2,0.0,0.0,31.0,0.0,0.0,0.0,0.0,0.0,0.0,0.0,0.0,(X),(X),(X),3.4,190,0,0,155,0,0,35,0,0,0,0,0,(X),(X),(X),0,65.5,0.0,0.0,53.4,0.0,0.0,12.1,0.0,0.0,0.0,0.0,0.0,(X),(X),(X),0.0,108,136,136,99,136,136,42,136,136,136,136,136,(X),(X),(X),21,13.6,13.6,13.6,13.4,13.6,13.6,13.6,13.6,13.6,13.6,13.6,13.6,(X),(X),(X),7.2,60,136,136,57,136,136,136,136,136,136,136,136,(X),(X),(X),21,17.4,13.6,13.6,15.8,13.6,13.6,13.6,13.6,13.6,13.6,13.6,13.6,(X),(X),(X),7.2,90,136,136,81,136,136,42,136,136,136,136,136,(X),(X),(X),136,17.7,13.6,13.6,19.0,13.6,13.6,13.6,13.6,13.6,13.6,13.6,13.6,(X),(X),(X),13.6
9020000US3205,3205,"Washoe County Set, Nevada",2860,Miscellaneous media and communication workers 2860 (SOC 27-3090),80,20,15,15,0,0,25,0,0,0,0,0,(X),(X),(X),0,100.0,25.0,18.8,18.8,0.0,0.0,31.3,0.0,0.0,0.0,0.0,0.0,(X),(X),(X),0.0,0,0,0,0,0,0,0,0,0,0,0,0,(X),(X),(X),0,0.0,0.0,0.0,0.0,0.0,0.0,0.0,0.0,0.0,0.0,0.0,0.0,(X),(X),(X),0.0,80,20,15,15,0,0,25,0,0,0,0,0,(X),(X),(X),0,100.0,25.0,18.8,18.8,0.0,0.0,31.3,0.0,0.0,0.0,0.0,0.0,(X),(X),(X),0.0,58,37,23,24,136,136,38,136,136,136,136,136,(X),(X),(X),136,37.9,41.5,30.3,33.3,37.9,37.9,39.9,37.9,37.9,37.9,37.9,37.9,(X),(X),(X),37.9,136,136,136,136,136,136,136,136,136,136,136,136,(X),(X),(X),136,37.9,37.9,37.9,37.9,37.9,37.9,37.9,37.9,37.9,37.9,37.9,37.9,(X),(X),(X),37.9,58,37,23,24,136,136,38,136,136,136,136,136,(X),(X),(X),136,37.9,41.5,30.3,33.3,37.9,37.9,39.9,37.9,37.9,37.9,37.9,37.9,(X),(X),(X),37.9
9020000US3205,3205,"Washoe County Set, Nevada",2900,"Broadcast and sound engineering technicians and radio operators, and media and communication equipment workers, all other 2900 (SOC 27-40XX)",125,25,10,75,0,15,0,0,0,0,0,0,(X),(X),(X),0,100.0,20.0,8.0,60.0,0.0,12.0,0.0,0.0,0.0,0.0,0.0,0.0,(X),(X),(X),0.0,100,15,10,65,0,15,0,0,0,0,0,0,(X),(X),(X),0,80.0,12.0,8.0,52.0,0.0,12.0,0.0,0.0,0.0,0.0,0.0,0.0,(X),(X),(X),0.0,25,15,0,10,0,0,0,0,0,0,0,0,(X),(X),(X),0,20.0,12.0,0.0,8.0,0.0,0.0,0.0,0.0,0.0,0.0,0.0,0.0,(X),(X),(X),0.0,75,37,15,54,136,26,136,136,136,136,136,136,(X),(X),(X),136,28.1,24.7,12.0,26.3,28.1,20.0,28.1,28.1,28.1,28.1,28.1,28.1,(X),(X),(X),28.1,66,25,15,52,136,26,136,136,136,136,136,136,(X),(X),(X),136,22.2,18.6,12.0,28.0,28.1,20.0,28.1,28.1,28.1,28.1,28.1,28.1,(X),(X),(X),28.1,32,26,136,18,136,136,136,136,136,136,136,136,(X),(X),(X),136,22.7,19.4,28.1,14.5,28.1,28.1,28.1,28.1,28.1,28.1,28.1,28.1,(X),(X),(X),28.1
9020000US3205,3205,"Washoe County Set, Nevada",2910,Photographers 2910 (SOC 27-4021),185,10,0,175,0,0,0,0,0,0,0,0,(X),(X),(X),0,100.0,5.4,0.0,94.6,0.0,0.0,0.0,0.0,0.0,0.0,0.0,0.0,(X),(X),(X),0.0,85,10,0,75,0,0,0,0,0,0,0,0,(X),(X),(X),0,45.9,5.4,0.0,40.5,0.0,0.0,0.0,0.0,0.0,0.0,0.0,0.0,(X),(X),(X),0.0,105,0,0,105,0,0,0,0,0,0,0,0,(X),(X),(X),0,56.8,0.0,0.0,56.8,0.0,0.0,0.0,0.0,0.0,0.0,0.0,0.0,(X),(X),(X),0.0,81,16,136,78,136,136,136,136,136,136,136,136,(X),(X),(X),136,20.4,9.0,20.4,9.7,20.4,20.4,20.4,20.4,20.4,20.4,20.4,20.4,(X),(X),(X),20.4,55,16,136,53,136,136,136,136,136,136,136,136,(X),(X),(X),136,25.1,9.0,20.4,24.8,20.4,20.4,20.4,20.4,20.4,20.4,20.4,20.4,(X),(X),(X),20.4,70,136,136,70,136,136,136,136,136,136,136,136,(X),(X),(X),136,26.8,20.4,20.4,26.8,20.4,20.4,20.4,20.4,20.4,20.4,20.4,20.4,(X),(X),(X),20.4
9020000US3205,3205,"Washoe County Set, Nevada",2920,"Television, video, and motion picture camera operators and editors 2920 (SOC 27-4030)",65,0,0,65,0,0,0,0,0,0,0,0,(X),(X),(X),0,100.0,0.0,0.0,100.0,0.0,0.0,0.0,0.0,0.0,0.0,0.0,0.0,(X),(X),(X),0.0,30,0,0,30,0,0,0,0,0,0,0,0,(X),(X),(X),0,46.2,0.0,0.0,46.2,0.0,0.0,0.0,0.0,0.0,0.0,0.0,0.0,(X),(X),(X),0.0,35,0,0,35,0,0,0,0,0,0,0,0,(X),(X),(X),0,53.8,0.0,0.0,53.8,0.0,0.0,0.0,0.0,0.0,0.0,0.0,0.0,(X),(X),(X),0.0,56,136,136,56,136,136,136,136,136,136,136,136,(X),(X),(X),136,42.1,42.1,42.1,42.1,42.1,42.1,42.1,42.1,42.1,42.1,42.1,42.1,(X),(X),(X),42.1,31,136,136,31,136,136,136,136,136,136,136,136,(X),(X),(X),136,44.5,42.1,42.1,44.5,42.1,42.1,42.1,42.1,42.1,42.1,42.1,42.1,(X),(X),(X),42.1,47,136,136,47,136,136,136,136,136,136,136,136,(X),(X),(X),136,45.9,42.1,42.1,45.9,42.1,42.1,42.1,42.1,42.1,42.1,42.1,42.1,(X),(X),(X),42.1
9020000US3205,3205,"Washoe County Set, Nevada",3000,Chiropractors 3000 (SOC 29-1011),160,0,0,160,0,0,0,0,0,0,0,0,(X),(X),(X),0,100.0,0.0,0.0,100.0,0.0,0.0,0.0,0.0,0.0,0.0,0.0,0.0,(X),(X),(X),0.0,115,0,0,115,0,0,0,0,0,0,0,0,(X),(X),(X),0,71.9,0.0,0.0,71.9,0.0,0.0,0.0,0.0,0.0,0.0,0.0,0.0,(X),(X),(X),0.0,45,0,0,45,0,0,0,0,0,0,0,0,(X),(X),(X),0,28.1,0.0,0.0,28.1,0.0,0.0,0.0,0.0,0.0,0.0,0.0,0.0,(X),(X),(X),0.0,99,136,136,99,136,136,136,136,136,136,136,136,(X),(X),(X),136,23.0,23.0,23.0,23.0,23.0,23.0,23.0,23.0,23.0,23.0,23.0,23.0,(X),(X),(X),23.0,87,136,136,87,136,136,136,136,136,136,136,136,(X),(X),(X),136,24.8,23.0,23.0,24.8,23.0,23.0,23.0,23.0,23.0,23.0,23.0,23.0,(X),(X),(X),23.0,42,136,136,42,136,136,136,136,136,136,136,136,(X),(X),(X),136,24.2,23.0,23.0,24.2,23.0,23.0,23.0,23.0,23.0,23.0,23.0,23.0,(X),(X),(X),23.0
9020000US3205,3205,"Washoe County Set, Nevada",3010,Dentists 3010 (SOC 29-1020),405,20,0,360,0,0,20,0,0,0,0,0,(X),(X),(X),0,100.0,4.9,0.0,88.9,0.0,0.0,4.9,0.0,0.0,0.0,0.0,0.0,(X),(X),(X),0.0,325,10,0,315,0,0,0,0,0,0,0,0,(X),(X),(X),0,80.2,2.5,0.0,77.8,0.0,0.0,0.0,0.0,0.0,0.0,0.0,0.0,(X),(X),(X),0.0,80,10,0,45,0,0,20,0,0,0,0,0,(X),(X),(X),0,19.8,2.5,0.0,11.1,0.0,0.0,4.9,0.0,0.0,0.0,0.0,0.0,(X),(X),(X),0.0,149,34,136,147,136,136,31,136,136,136,136,136,(X),(X),(X),136,10.0,8.4,10.0,10.8,10.0,10.0,8.0,10.0,10.0,10.0,10.0,10.0,(X),(X),(X),10.0,130,17,136,129,136,136,136,136,136,136,136,136,(X),(X),(X),136,12.2,4.0,10.0,13.5,10.0,10.0,10.0,10.0,10.0,10.0,10.0,10.0,(X),(X),(X),10.0,56,15,136,44,136,136,31,136,136,136,136,136,(X),(X),(X),136,12.1,3.8,10.0,9.5,10.0,10.0,8.0,10.0,10.0,10.0,10.0,10.0,(X),(X),(X),10.0
9020000US3205,3205,"Washoe County Set, Nevada",3030,Dietitians and nutritionists 3030 (SOC 29-1031),170,0,0,160,0,0,15,0,0,0,0,0,(X),(X),(X),0,100.0,0.0,0.0,94.1,0.0,0.0,8.8,0.0,0.0,0.0,0.0,0.0,(X),(X),(X),0.0,4,0,0,4,0,0,0,0,0,0,0,0,(X),(X),(X),0,2.4,0.0,0.0,2.4,0.0,0.0,0.0,0.0,0.0,0.0,0.0,0.0,(X),(X),(X),0.0,170,0,0,155,0,0,15,0,0,0,0,0,(X),(X),(X),0,100.0,0.0,0.0,91.2,0.0,0.0,8.8,0.0,0.0,0.0,0.0,0.0,(X),(X),(X),0.0,80,136,136,81,136,136,24,136,136,136,136,136,(X),(X),(X),136,21.9,21.9,21.9,17.0,21.9,21.9,14.6,21.9,21.9,21.9,21.9,21.9,(X),(X),(X),21.9,10,136,136,10,136,136,136,136,136,136,136,136,(X),(X),(X),136,5.6,21.9,21.9,5.6,21.9,21.9,21.9,21.9,21.9,21.9,21.9,21.9,(X),(X),(X),21.9,78,136,136,81,136,136,24,136,136,136,136,136,(X),(X),(X),136,21.9,21.9,21.9,17.9,21.9,21.9,14.6,21.9,21.9,21.9,21.9,21.9,(X),(X),(X),21.9
9020000US3205,3205,"Washoe County Set, Nevada",3040,Optometrists 3040 (SOC 29-1041),50,0,0,50,0,0,0,0,0,0,0,0,(X),(X),(X),0,100.0,0.0,0.0,100.0,0.0,0.0,0.0,0.0,0.0,0.0,0.0,0.0,(X),(X),(X),0.0,25,0,0,25,0,0,0,0,0,0,0,0,(X),(X),(X),0,50.0,0.0,0.0,50.0,0.0,0.0,0.0,0.0,0.0,0.0,0.0,0.0,(X),(X),(X),0.0,25,0,0,25,0,0,0,0,0,0,0,0,(X),(X),(X),0,50.0,0.0,0.0,50.0,0.0,0.0,0.0,0.0,0.0,0.0,0.0,0.0,(X),(X),(X),0.0,35,136,136,35,136,136,136,136,136,136,136,136,(X),(X),(X),136,48.0,48.0,48.0,48.0,48.0,48.0,48.0,48.0,48.0,48.0,48.0,48.0,(X),(X),(X),48.0,26,136,136,26,136,136,136,136,136,136,136,136,(X),(X),(X),136,43.8,48.0,48.0,43.8,48.0,48.0,48.0,48.0,48.0,48.0,48.0,48.0,(X),(X),(X),48.0,27,136,136,27,136,136,136,136,136,136,136,136,(X),(X),(X),136,47.3,48.0,48.0,47.3,48.0,48.0,48.0,48.0,48.0,48.0,48.0,48.0,(X),(X),(X),48.0
9020000US3205,3205,"Washoe County Set, Nevada",3050,Pharmacists 3050 (SOC 29-1051),365,0,0,290,0,0,65,0,0,0,15,0,(X),(X),(X),0,100.0,0.0,0.0,79.5,0.0,0.0,17.8,0.0,0.0,0.0,4.1,0.0,(X),(X),(X),0.0,210,0,0,130,0,0,65,0,0,0,15,0,(X),(X),(X),0,57.5,0.0,0.0,35.6,0.0,0.0,17.8,0.0,0.0,0.0,4.1,0.0,(X),(X),(X),0.0,155,0,0,155,0,0,0,0,0,0,0,0,(X),(X),(X),0,42.5,0.0,0.0,42.5,0.0,0.0,0.0,0.0,0.0,0.0,0.0,0.0,(X),(X),(X),0.0,121,136,136,102,136,136,53,136,136,136,23,136,(X),(X),(X),136,11.0,11.0,11.0,13.7,11.0,11.0,12.6,11.0,11.0,11.0,6.0,11.0,(X),(X),(X),11.0,86,136,136,64,136,136,53,136,136,136,23,136,(X),(X),(X),136,19.0,11.0,11.0,18.0,11.0,11.0,12.6,11.0,11.0,11.0,6.0,11.0,(X),(X),(X),11.0,96,136,136,96,136,136,136,136,136,136,136,136,(X),(X),(X),136,19.6,11.0,11.0,19.6,11.0,11.0,11.0,11.0,11.0,11.0,11.0,11.0,(X),(X),(X),11.0
9020000US3205,3205,"Washoe County Set, Nevada",3060,Physicians and surgeons 3060 (SOC 29-1060),1250,0,0,970,25,20,210,0,0,0,20,0,(X),(X),(X),0,100.0,0.0,0.0,77.6,2.0,1.6,16.8,0.0,0.0,0.0,1.6,0.0,(X),(X),(X),0.0,1025,0,0,760,25,20,200,0,0,0,20,0,(X),(X),(X),0,82.0,0.0,0.0,60.8,2.0,1.6,16.0,0.0,0.0,0.0,1.6,0.0,(X),(X),(X),0.0,225,0,0,210,0,0,15,0,0,0,0,0,(X),(X),(X),0,18.0,0.0,0.0,16.8,0.0,0.0,1.2,0.0,0.0,0.0,0.0,0.0,(X),(X),(X),0.0,211,136,136,204,41,33,96,136,136,136,32,136,(X),(X),(X),136,3.3,3.3,3.3,8.1,3.3,2.6,7.6,3.3,3.3,3.3,2.5,3.3,(X),(X),(X),3.3,208,136,136,185,41,33,89,136,136,136,32,136,(X),(X),(X),136,9.1,3.3,3.3,9.4,3.3,2.6,7.0,3.3,3.3,3.3,2.5,3.3,(X),(X),(X),3.3,119,136,136,117,136,136,25,136,136,136,136,136,(X),(X),(X),136,9.1,3.3,3.3,9.0,3.3,3.3,2.0,3.3,3.3,3.3,3.3,3.3,(X),(X),(X),3.3
9020000US3205,3205,"Washoe County Set, Nevada",3110,Physician assistants 3110 (SOC 29-1071),95,15,0,80,0,0,0,0,0,0,0,0,(X),(X),(X),0,100.0,15.8,0.0,84.2,0.0,0.0,0.0,0.0,0.0,0.0,0.0,0.0,(X),(X),(X),0.0,30,15,0,15,0,0,0,0,0,0,0,0,(X),(X),(X),0,31.6,15.8,0.0,15.8,0.0,0.0,0.0,0.0,0.0,0.0,0.0,0.0,(X),(X),(X),0.0,65,0,0,65,0,0,0,0,0,0,0,0,(X),(X),(X),0,68.4,0.0,0.0,68.4,0.0,0.0,0.0,0.0,0.0,0.0,0.0,0.0,(X),(X),(X),0.0,59,27,136,50,136,136,136,136,136,136,136,136,(X),(X),(X),136,34.2,25.3,34.2,24.2,34.2,34.2,34.2,34.2,34.2,34.2,34.2,34.2,(X),(X),(X),34.2,34,27,136,25,136,136,136,136,136,136,136,136,(X),(X),(X),136,29.8,25.3,34.2,25.8,34.2,34.2,34.2,34.2,34.2,34.2,34.2,34.2,(X),(X),(X),34.2,44,136,136,44,136,136,136,136,136,136,136,136,(X),(X),(X),136,31.6,34.2,34.2,31.6,34.2,34.2,34.2,34.2,34.2,34.2,34.2,34.2,(X),(X),(X),34.2
9020000US3205,3205,"Washoe County Set, Nevada",3120,Podiatrists 3120 (SOC 29-1081),15,0,0,15,0,0,0,0,0,0,0,0,(X),(X),(X),0,100.0,0.0,0.0,100.0,0.0,0.0,0.0,0.0,0.0,0.0,0.0,0.0,(X),(X),(X),0.0,15,0,0,15,0,0,0,0,0,0,0,0,(X),(X),(X),0,100.0,0.0,0.0,100.0,0.0,0.0,0.0,0.0,0.0,0.0,0.0,0.0,(X),(X),(X),0.0,0,0,0,0,0,0,0,0,0,0,0,0,(X),(X),(X),0,0.0,0.0,0.0,0.0,0.0,0.0,0.0,0.0,0.0,0.0,0.0,0.0,(X),(X),(X),0.0,27,136,136,27,136,136,136,136,136,136,136,136,(X),(X),(X),136,87.6,87.6,87.6,87.6,87.6,87.6,87.6,87.6,87.6,87.6,87.6,87.6,(X),(X),(X),87.6,27,136,136,27,136,136,136,136,136,136,136,136,(X),(X),(X),136,87.6,87.6,87.6,87.6,87.6,87.6,87.6,87.6,87.6,87.6,87.6,87.6,(X),(X),(X),87.6,136,136,136,136,136,136,136,136,136,136,136,136,(X),(X),(X),136,87.6,87.6,87.6,87.6,87.6,87.6,87.6,87.6,87.6,87.6,87.6,87.6,(X),(X),(X),87.6
9020000US3205,3205,"Washoe County Set, Nevada",3140,Audiologists 3140 (SOC 29-1181),40,0,0,40,0,0,0,0,0,0,0,0,(X),(X),(X),0,100.0,0.0,0.0,100.0,0.0,0.0,0.0,0.0,0.0,0.0,0.0,0.0,(X),(X),(X),0.0,25,0,0,25,0,0,0,0,0,0,0,0,(X),(X),(X),0,62.5,0.0,0.0,62.5,0.0,0.0,0.0,0.0,0.0,0.0,0.0,0.0,(X),(X),(X),0.0,15,0,0,15,0,0,0,0,0,0,0,0,(X),(X),(X),0,37.5,0.0,0.0,37.5,0.0,0.0,0.0,0.0,0.0,0.0,0.0,0.0,(X),(X),(X),0.0,41,136,136,41,136,136,136,136,136,136,136,136,(X),(X),(X),136,53.6,53.6,53.6,53.6,53.6,53.6,53.6,53.6,53.6,53.6,53.6,53.6,(X),(X),(X),53.6,33,136,136,33,136,136,136,136,136,136,136,136,(X),(X),(X),136,49.1,53.6,53.6,49.1,53.6,53.6,53.6,53.6,53.6,53.6,53.6,53.6,(X),(X),(X),53.6,23,136,136,23,136,136,136,136,136,136,136,136,(X),(X),(X),136,50.1,53.6,53.6,50.1,53.6,53.6,53.6,53.6,53.6,53.6,53.6,53.6,(X),(X),(X),53.6
9020000US3205,3205,"Washoe County Set, Nevada",3150,Occupational therapists 3150 (SOC 29-1122),10,0,0,10,0,0,0,0,0,0,0,0,(X),(X),(X),0,100.0,0.0,0.0,100.0,0.0,0.0,0.0,0.0,0.0,0.0,0.0,0.0,(X),(X),(X),0.0,0,0,0,0,0,0,0,0,0,0,0,0,(X),(X),(X),0,0.0,0.0,0.0,0.0,0.0,0.0,0.0,0.0,0.0,0.0,0.0,0.0,(X),(X),(X),0.0,10,0,0,10,0,0,0,0,0,0,0,0,(X),(X),(X),0,100.0,0.0,0.0,100.0,0.0,0.0,0.0,0.0,0.0,0.0,0.0,0.0,(X),(X),(X),0.0,17,136,136,17,136,136,136,136,136,136,136,136,(X),(X),(X),136,100.0,100.0,100.0,100.0,100.0,100.0,100.0,100.0,100.0,100.0,100.0,100.0,(X),(X),(X),100.0,136,136,136,136,136,136,136,136,136,136,136,136,(X),(X),(X),136,100.0,100.0,100.0,100.0,100.0,100.0,100.0,100.0,100.0,100.0,100.0,100.0,(X),(X),(X),100.0,17,136,136,17,136,136,136,136,136,136,136,136,(X),(X),(X),136,100.0,100.0,100.0,100.0,100.0,100.0,100.0,100.0,100.0,100.0,100.0,100.0,(X),(X),(X),100.0
9020000US3205,3205,"Washoe County Set, Nevada",3160,Physical therapists 3160 (SOC 29-1123),320,0,0,305,0,0,15,0,0,0,0,0,(X),(X),(X),0,100.0,0.0,0.0,95.3,0.0,0.0,4.7,0.0,0.0,0.0,0.0,0.0,(X),(X),(X),0.0,75,0,0,75,0,0,0,0,0,0,0,0,(X),(X),(X),0,23.4,0.0,0.0,23.4,0.0,0.0,0.0,0.0,0.0,0.0,0.0,0.0,(X),(X),(X),0.0,245,0,0,230,0,0,15,0,0,0,0,0,(X),(X),(X),0,76.6,0.0,0.0,71.9,0.0,0.0,4.7,0.0,0.0,0.0,0.0,0.0,(X),(X),(X),0.0,121,136,136,117,136,136,25,136,136,136,136,136,(X),(X),(X),136,12.4,12.4,12.4,7.1,12.4,12.4,7.4,12.4,12.4,12.4,12.4,12.4,(X),(X),(X),12.4,56,136,136,56,136,136,136,136,136,136,136,136,(X),(X),(X),136,12.9,12.4,12.4,12.9,12.4,12.4,12.4,12.4,12.4,12.4,12.4,12.4,(X),(X),(X),12.4,92,136,136,91,136,136,25,136,136,136,136,136,(X),(X),(X),136,13.1,12.4,12.4,15.8,12.4,12.4,7.4,12.4,12.4,12.4,12.4,12.4,(X),(X),(X),12.4
9020000US3205,3205,"Washoe County Set, Nevada",3200,Radiation therapists 3200 (SOC 29-1124),25,0,0,25,0,0,0,0,0,0,0,0,(X),(X),(X),0,100.0,0.0,0.0,100.0,0.0,0.0,0.0,0.0,0.0,0.0,0.0,0.0,(X),(X),(X),0.0,25,0,0,25,0,0,0,0,0,0,0,0,(X),(X),(X),0,100.0,0.0,0.0,100.0,0.0,0.0,0.0,0.0,0.0,0.0,0.0,0.0,(X),(X),(X),0.0,0,0,0,0,0,0,0,0,0,0,0,0,(X),(X),(X),0,0.0,0.0,0.0,0.0,0.0,0.0,0.0,0.0,0.0,0.0,0.0,0.0,(X),(X),(X),0.0,29,136,136,29,136,136,136,136,136,136,136,136,(X),(X),(X),136,67.8,67.8,67.8,67.8,67.8,67.8,67.8,67.8,67.8,67.8,67.8,67.8,(X),(X),(X),67.8,29,136,136,29,136,136,136,136,136,136,136,136,(X),(X),(X),136,67.8,67.8,67.8,67.8,67.8,67.8,67.8,67.8,67.8,67.8,67.8,67.8,(X),(X),(X),67.8,136,136,136,136,136,136,136,136,136,136,136,136,(X),(X),(X),136,67.8,67.8,67.8,67.8,67.8,67.8,67.8,67.8,67.8,67.8,67.8,67.8,(X),(X),(X),67.8
9020000US3205,3205,"Washoe County Set, Nevada",3210,Recreational therapists 3210 (SOC 29-1125),4,0,0,4,0,0,0,0,0,0,0,0,(X),(X),(X),0,100.0,0.0,0.0,100.0,0.0,0.0,0.0,0.0,0.0,0.0,0.0,0.0,(X),(X),(X),0.0,0,0,0,0,0,0,0,0,0,0,0,0,(X),(X),(X),0,0.0,0.0,0.0,0.0,0.0,0.0,0.0,0.0,0.0,0.0,0.0,0.0,(X),(X),(X),0.0,4,0,0,4,0,0,0,0,0,0,0,0,(X),(X),(X),0,100.0,0.0,0.0,100.0,0.0,0.0,0.0,0.0,0.0,0.0,0.0,0.0,(X),(X),(X),0.0,13,136,136,13,136,136,136,136,136,136,136,136,(X),(X),(X),136,100.0,100.0,100.0,100.0,100.0,100.0,100.0,100.0,100.0,100.0,100.0,100.0,(X),(X),(X),100.0,136,136,136,136,136,136,136,136,136,136,136,136,(X),(X),(X),136,100.0,100.0,100.0,100.0,100.0,100.0,100.0,100.0,100.0,100.0,100.0,100.0,(X),(X),(X),100.0,13,136,136,13,136,136,136,136,136,136,136,136,(X),(X),(X),136,100.0,100.0,100.0,100.0,100.0,100.0,100.0,100.0,100.0,100.0,100.0,100.0,(X),(X),(X),100.0
9020000US3205,3205,"Washoe County Set, Nevada",3220,Respiratory therapists 3220 (SOC 29-1126),115,10,0,100,0,0,0,0,0,0,0,0,(X),(X),(X),0,100.0,8.7,0.0,87.0,0.0,0.0,0.0,0.0,0.0,0.0,0.0,0.0,(X),(X),(X),0.0,65,10,0,55,0,0,0,0,0,0,0,0,(X),(X),(X),0,56.5,8.7,0.0,47.8,0.0,0.0,0.0,0.0,0.0,0.0,0.0,0.0,(X),(X),(X),0.0,50,0,0,50,0,0,0,0,0,0,0,0,(X),(X),(X),0,43.5,0.0,0.0,43.5,0.0,0.0,0.0,0.0,0.0,0.0,0.0,0.0,(X),(X),(X),0.0,69,21,136,66,136,136,136,136,136,136,136,136,(X),(X),(X),136,30.0,19.0,30.0,18.7,30.0,30.0,30.0,30.0,30.0,30.0,30.0,30.0,(X),(X),(X),30.0,50,21,136,46,136,136,136,136,136,136,136,136,(X),(X),(X),136,30.0,19.0,30.0,30.3,30.0,30.0,30.0,30.0,30.0,30.0,30.0,30.0,(X),(X),(X),30.0,46,136,136,46,136,136,136,136,136,136,136,136,(X),(X),(X),136,30.9,30.0,30.0,30.9,30.0,30.0,30.0,30.0,30.0,30.0,30.0,30.0,(X),(X),(X),30.0
9020000US3205,3205,"Washoe County Set, Nevada",3230,Speech-language pathologists 3230 (SOC 29-1127),225,4,0,220,0,0,0,0,0,0,0,0,(X),(X),(X),0,100.0,1.8,0.0,97.8,0.0,0.0,0.0,0.0,0.0,0.0,0.0,0.0,(X),(X),(X),0.0,4,0,0,4,0,0,0,0,0,0,0,0,(X),(X),(X),0,1.8,0.0,0.0,1.8,0.0,0.0,0.0,0.0,0.0,0.0,0.0,0.0,(X),(X),(X),0.0,220,4,0,215,0,0,0,0,0,0,0,0,(X),(X),(X),0,97.8,1.8,0.0,95.6,0.0,0.0,0.0,0.0,0.0,0.0,0.0,0.0,(X),(X),(X),0.0,95,13,136,93,136,136,136,136,136,136,136,136,(X),(X),(X),136,17.1,5.5,17.1,6.2,17.1,17.1,17.1,17.1,17.1,17.1,17.1,17.1,(X),(X),(X),17.1,11,136,136,11,136,136,136,136,136,136,136,136,(X),(X),(X),136,4.7,17.1,17.1,4.7,17.1,17.1,17.1,17.1,17.1,17.1,17.1,17.1,(X),(X),(X),17.1,93,13,136,91,136,136,136,136,136,136,136,136,(X),(X),(X),136,5.0,5.5,17.1,7.8,17.1,17.1,17.1,17.1,17.1,17.1,17.1,17.1,(X),(X),(X),17.1
9020000US3205,3205,"Washoe County Set, Nevada",3245,"Other therapists, including exercise physiologists 3245 (SOC 29-112X)",60,0,0,60,0,0,0,0,0,0,0,0,(X),(X),(X),0,100.0,0.0,0.0,100.0,0.0,0.0,0.0,0.0,0.0,0.0,0.0,0.0,(X),(X),(X),0.0,45,0,0,45,0,0,0,0,0,0,0,0,(X),(X),(X),0,75.0,0.0,0.0,75.0,0.0,0.0,0.0,0.0,0.0,0.0,0.0,0.0,(X),(X),(X),0.0,15,0,0,15,0,0,0,0,0,0,0,0,(X),(X),(X),0,25.0,0.0,0.0,25.0,0.0,0.0,0.0,0.0,0.0,0.0,0.0,0.0,(X),(X),(X),0.0,60,136,136,60,136,136,136,136,136,136,136,136,(X),(X),(X),136,43.8,43.8,43.8,43.8,43.8,43.8,43.8,43.8,43.8,43.8,43.8,43.8,(X),(X),(X),43.8,55,136,136,55,136,136,136,136,136,136,136,136,(X),(X),(X),136,34.2,43.8,43.8,34.2,43.8,43.8,43.8,43.8,43.8,43.8,43.8,43.8,(X),(X),(X),43.8,18,136,136,18,136,136,136,136,136,136,136,136,(X),(X),(X),136,33.1,43.8,43.8,33.1,43.8,43.8,43.8,43.8,43.8,43.8,43.8,43.8,(X),(X),(X),43.8
9020000US3205,3205,"Washoe County Set, Nevada",3250,Veterinarians 3250 (SOC 29-1131),35,0,0,35,0,0,0,0,0,0,0,0,(X),(X),(X),0,100.0,0.0,0.0,100.0,0.0,0.0,0.0,0.0,0.0,0.0,0.0,0.0,(X),(X),(X),0.0,20,0,0,20,0,0,0,0,0,0,0,0,(X),(X),(X),0,57.1,0.0,0.0,57.1,0.0,0.0,0.0,0.0,0.0,0.0,0.0,0.0,(X),(X),(X),0.0,15,0,0,15,0,0,0,0,0,0,0,0,(X),(X),(X),0,42.9,0.0,0.0,42.9,0.0,0.0,0.0,0.0,0.0,0.0,0.0,0.0,(X),(X),(X),0.0,31,136,136,31,136,136,136,136,136,136,136,136,(X),(X),(X),136,57.3,57.3,57.3,57.3,57.3,57.3,57.3,57.3,57.3,57.3,57.3,57.3,(X),(X),(X),57.3,28,136,136,28,136,136,136,136,136,136,136,136,(X),(X),(X),136,56.0,57.3,57.3,56.0,57.3,57.3,57.3,57.3,57.3,57.3,57.3,57.3,(X),(X),(X),57.3,23,136,136,23,136,136,136,136,136,136,136,136,(X),(X),(X),136,57.1,57.3,57.3,57.1,57.3,57.3,57.3,57.3,57.3,57.3,57.3,57.3,(X),(X),(X),57.3
9020000US3205,3205,"Washoe County Set, Nevada",3255,Registered nurses 3255 (SOC 29-1141),3360,115,75,2660,45,10,345,30,0,0,30,0,(X),(X),(X),45,100.0,3.4,2.2,79.2,1.3,0.3,10.3,0.9,0.0,0.0,0.9,0.0,(X),(X),(X),1.3,400,25,15,345,0,0,10,0,0,0,0,0,(X),(X),(X),0,11.9,0.7,0.4,10.3,0.0,0.0,0.3,0.0,0.0,0.0,0.0,0.0,(X),(X),(X),0.0,2960,85,60,2315,45,10,335,30,0,0,30,0,(X),(X),(X),45,88.1,2.5,1.8,68.9,1.3,0.3,10.0,0.9,0.0,0.0,0.9,0.0,(X),(X),(X),1.3,455,68,59,399,44,16,165,51,136,136,45,136,(X),(X),(X),73,1.3,2.0,1.8,6.0,1.3,0.5,4.6,1.5,1.3,1.3,1.3,1.3,(X),(X),(X),2.1,152,34,31,148,136,136,26,136,136,136,136,136,(X),(X),(X),136,3.9,1.0,0.9,3.9,1.3,1.3,0.7,1.3,1.3,1.3,1.3,1.3,(X),(X),(X),1.3,392,56,55,329,44,16,155,51,136,136,45,136,(X),(X),(X),73,3.9,1.7,1.7,5.8,1.3,0.5,4.4,1.5,1.3,1.3,1.3,1.3,(X),(X),(X),2.1
9020000US3205,3205,"Washoe County Set, Nevada",3258,Nurse practitioners and nurse midwives 3258 (SOC 29-11XX),160,0,0,120,0,0,0,0,0,30,0,0,(X),(X),(X),10,100.0,0.0,0.0,75.0,0.0,0.0,0.0,0.0,0.0,18.8,0.0,0.0,(X),(X),(X),6.3,45,0,0,45,0,0,0,0,0,0,0,0,(X),(X),(X),0,28.1,0.0,0.0,28.1,0.0,0.0,0.0,0.0,0.0,0.0,0.0,0.0,(X),(X),(X),0.0,120,0,0,75,0,0,0,0,0,30,0,0,(X),(X),(X),10,75.0,0.0,0.0,46.9,0.0,0.0,0.0,0.0,0.0,18.8,0.0,0.0,(X),(X),(X),6.3,91,136,136,72,136,136,136,136,136,42,136,136,(X),(X),(X),22,23.0,23.0,23.0,19.2,23.0,23.0,23.0,23.0,23.0,21.6,23.0,23.0,(X),(X),(X),14.7,55,136,136,55,136,136,136,136,136,136,136,136,(X),(X),(X),136,24.3,23.0,23.0,24.3,23.0,23.0,23.0,23.0,23.0,23.0,23.0,23.0,(X),(X),(X),23.0,59,136,136,47,136,136,136,136,136,42,136,136,(X),(X),(X),22,25.5,23.0,23.0,25.5,23.0,23.0,23.0,23.0,23.0,21.6,23.0,23.0,(X),(X),(X),14.7
9020000US3205,3205,"Washoe County Set, Nevada",3260,"Health diagnosing and treating practitioners, all other 3260 (SOC 29-1199)",40,0,0,40,0,0,0,0,0,0,0,0,(X),(X),(X),0,100.0,0.0,0.0,100.0,0.0,0.0,0.0,0.0,0.0,0.0,0.0,0.0,(X),(X),(X),0.0,0,0,0,0,0,0,0,0,0,0,0,0,(X),(X),(X),0,0.0,0.0,0.0,0.0,0.0,0.0,0.0,0.0,0.0,0.0,0.0,0.0,(X),(X),(X),0.0,40,0,0,40,0,0,0,0,0,0,0,0,(X),(X),(X),0,100.0,0.0,0.0,100.0,0.0,0.0,0.0,0.0,0.0,0.0,0.0,0.0,(X),(X),(X),0.0,62,136,136,62,136,136,136,136,136,136,136,136,(X),(X),(X),136,53.6,53.6,53.6,53.6,53.6,53.6,53.6,53.6,53.6,53.6,53.6,53.6,(X),(X),(X),53.6,136,136,136,136,136,136,136,136,136,136,136,136,(X),(X),(X),136,53.6,53.6,53.6,53.6,53.6,53.6,53.6,53.6,53.6,53.6,53.6,53.6,(X),(X),(X),53.6,62,136,136,62,136,136,136,136,136,136,136,136,(X),(X),(X),136,53.6,53.6,53.6,53.6,53.6,53.6,53.6,53.6,53.6,53.6,53.6,53.6,(X),(X),(X),53.6
9020000US3205,3205,"Washoe County Set, Nevada",3300,Clinical laboratory technologists and technicians 3300 (SOC 29-2010),455,45,55,290,0,4,55,0,0,0,15,0,(X),(X),(X),0,100.0,9.9,12.1,63.7,0.0,0.9,12.1,0.0,0.0,0.0,3.3,0.0,(X),(X),(X),0.0,120,0,0,110,0,0,10,0,0,0,0,0,(X),(X),(X),0,26.4,0.0,0.0,24.2,0.0,0.0,2.2,0.0,0.0,0.0,0.0,0.0,(X),(X),(X),0.0,335,45,55,180,0,4,45,0,0,0,15,0,(X),(X),(X),0,73.6,9.9,12.1,39.6,0.0,0.9,9.9,0.0,0.0,0.0,3.3,0.0,(X),(X),(X),0.0,149,54,78,106,136,4,45,136,136,136,25,136,(X),(X),(X),136,8.9,11.4,15.8,18.6,8.9,0.8,9.8,8.9,8.9,8.9,5.5,8.9,(X),(X),(X),8.9,55,136,136,54,136,136,21,136,136,136,136,136,(X),(X),(X),136,12.8,8.9,8.9,12.4,8.9,8.9,4.6,8.9,8.9,8.9,8.9,8.9,(X),(X),(X),8.9,141,54,78,101,136,4,41,136,136,136,25,136,(X),(X),(X),136,12.5,11.4,15.8,18.4,8.9,0.8,8.9,8.9,8.9,8.9,5.5,8.9,(X),(X),(X),8.9
9020000US3205,3205,"Washoe County Set, Nevada",3310,Dental hygienists 3310 (SOC 29-2021),165,0,0,165,0,0,0,0,0,0,0,0,(X),(X),(X),0,100.0,0.0,0.0,100.0,0.0,0.0,0.0,0.0,0.0,0.0,0.0,0.0,(X),(X),(X),0.0,10,0,0,10,0,0,0,0,0,0,0,0,(X),(X),(X),0,6.1,0.0,0.0,6.1,0.0,0.0,0.0,0.0,0.0,0.0,0.0,0.0,(X),(X),(X),0.0,155,0,0,155,0,0,0,0,0,0,0,0,(X),(X),(X),0,93.9,0.0,0.0,93.9,0.0,0.0,0.0,0.0,0.0,0.0,0.0,0.0,(X),(X),(X),0.0,85,136,136,85,136,136,136,136,136,136,136,136,(X),(X),(X),136,22.5,22.5,22.5,22.5,22.5,22.5,22.5,22.5,22.5,22.5,22.5,22.5,(X),(X),(X),22.5,21,136,136,21,136,136,136,136,136,136,136,136,(X),(X),(X),136,13.1,22.5,22.5,13.1,22.5,22.5,22.5,22.5,22.5,22.5,22.5,22.5,(X),(X),(X),22.5,83,136,136,83,136,136,136,136,136,136,136,136,(X),(X),(X),136,13.8,22.5,22.5,13.8,22.5,22.5,22.5,22.5,22.5,22.5,22.5,22.5,(X),(X),(X),22.5
9020000US3205,3205,"Washoe County Set, Nevada",3320,Diagnostic related technologists and technicians 3320 (SOC 29-2030),500,30,0,440,0,0,20,15,0,0,0,0,(X),(X),(X),0,100.0,6.0,0.0,88.0,0.0,0.0,4.0,3.0,0.0,0.0,0.0,0.0,(X),(X),(X),0.0,160,15,0,130,0,0,0,15,0,0,0,0,(X),(X),(X),0,32.0,3.0,0.0,26.0,0.0,0.0,0.0,3.0,0.0,0.0,0.0,0.0,(X),(X),(X),0.0,340,15,0,310,0,0,20,0,0,0,0,0,(X),(X),(X),0,68.0,3.0,0.0,62.0,0.0,0.0,4.0,0.0,0.0,0.0,0.0,0.0,(X),(X),(X),0.0,143,35,136,128,136,136,33,35,136,136,136,136,(X),(X),(X),136,8.1,6.7,8.1,10.6,8.1,8.1,6.5,6.4,8.1,8.1,8.1,8.1,(X),(X),(X),8.1,76,24,136,64,136,136,136,35,136,136,136,136,(X),(X),(X),136,12.6,4.6,8.1,11.7,8.1,8.1,8.1,6.4,8.1,8.1,8.1,8.1,(X),(X),(X),8.1,119,26,136,114,136,136,33,136,136,136,136,136,(X),(X),(X),136,12.5,5.1,8.1,13.9,8.1,8.1,6.5,8.1,8.1,8.1,8.1,8.1,(X),(X),(X),8.1
9020000US3205,3205,"Washoe County Set, Nevada",3400,Emergency medical technicians and paramedics 3400 (SOC 29-2041),280,0,0,255,25,0,0,0,0,0,0,0,(X),(X),(X),0,100.0,0.0,0.0,91.1,8.9,0.0,0.0,0.0,0.0,0.0,0.0,0.0,(X),(X),(X),0.0,195,0,0,175,25,0,0,0,0,0,0,0,(X),(X),(X),0,69.6,0.0,0.0,62.5,8.9,0.0,0.0,0.0,0.0,0.0,0.0,0.0,(X),(X),(X),0.0,80,0,0,80,0,0,0,0,0,0,0,0,(X),(X),(X),0,28.6,0.0,0.0,28.6,0.0,0.0,0.0,0.0,0.0,0.0,0.0,0.0,(X),(X),(X),0.0,145,136,136,138,39,136,136,136,136,136,136,136,(X),(X),(X),136,14.0,14.0,14.0,12.9,13.8,14.0,14.0,14.0,14.0,14.0,14.0,14.0,(X),(X),(X),14.0,117,136,136,110,39,136,136,136,136,136,136,136,(X),(X),(X),136,26.5,14.0,14.0,26.7,13.8,14.0,14.0,14.0,14.0,14.0,14.0,14.0,(X),(X),(X),14.0,80,136,136,80,136,136,136,136,136,136,136,136,(X),(X),(X),136,25.9,14.0,14.0,25.9,14.0,14.0,14.0,14.0,14.0,14.0,14.0,14.0,(X),(X),(X),14.0
9020000US3205,3205,"Washoe County Set, Nevada",3420,Health practitioner support technologists and technicians 3420 (SOC 29-2050),535,10,35,325,85,0,45,10,0,0,15,0,(X),(X),(X),10,100.0,1.9,6.5,60.7,15.9,0.0,8.4,1.9,0.0,0.0,2.8,0.0,(X),(X),(X),1.9,95,0,0,60,15,0,15,10,0,0,0,0,(X),(X),(X),0,17.8,0.0,0.0,11.2,2.8,0.0,2.8,1.9,0.0,0.0,0.0,0.0,(X),(X),(X),0.0,445,10,35,265,75,0,30,0,0,0,15,0,(X),(X),(X),10,83.2,1.9,6.5,49.5,14.0,0.0,5.6,0.0,0.0,0.0,2.8,0.0,(X),(X),(X),1.9,174,24,59,118,85,136,39,18,136,136,29,136,(X),(X),(X),15,7.6,4.4,10.6,17.8,13.3,7.6,7.1,3.1,7.6,7.6,5.0,7.6,(X),(X),(X),2.7,57,136,136,47,24,136,24,18,136,136,136,136,(X),(X),(X),136,9.4,7.6,7.6,8.2,4.6,7.6,4.4,3.1,7.6,7.6,7.6,7.6,(X),(X),(X),7.6,156,24,59,106,77,136,33,136,136,136,29,136,(X),(X),(X),15,9.7,4.4,10.6,16.0,12.0,7.6,5.8,7.6,7.6,7.6,5.0,7.6,(X),(X),(X),2.7
9020000US3205,3205,"Washoe County Set, Nevada",3500,Licensed practical and licensed vocational nurses 3500 (SOC 29-2061),440,0,0,365,10,0,60,0,0,0,0,0,(X),(X),(X),0,100.0,0.0,0.0,83.0,2.3,0.0,13.6,0.0,0.0,0.0,0.0,0.0,(X),(X),(X),0.0,80,0,0,80,0,0,0,0,0,0,0,0,(X),(X),(X),0,18.2,0.0,0.0,18.2,0.0,0.0,0.0,0.0,0.0,0.0,0.0,0.0,(X),(X),(X),0.0,360,0,0,285,10,0,60,0,0,0,0,0,(X),(X),(X),0,81.8,0.0,0.0,64.8,2.3,0.0,13.6,0.0,0.0,0.0,0.0,0.0,(X),(X),(X),0.0,165,136,136,154,22,136,53,136,136,136,136,136,(X),(X),(X),136,9.2,9.2,9.2,11.1,5.2,9.2,12.0,9.2,9.2,9.2,9.2,9.2,(X),(X),(X),9.2,69,136,136,69,136,136,136,136,136,136,136,136,(X),(X),(X),136,14.9,9.2,9.2,14.9,9.2,9.2,9.2,9.2,9.2,9.2,9.2,9.2,(X),(X),(X),9.2,151,136,136,138,22,136,53,136,136,136,136,136,(X),(X),(X),136,15.2,9.2,9.2,17.2,5.2,9.2,12.0,9.2,9.2,9.2,9.2,9.2,(X),(X),(X),9.2
9020000US3205,3205,"Washoe County Set, Nevada",3510,Medical records and health information technicians 3510 (SOC 29-2071),65,25,0,30,0,10,0,0,0,0,0,0,(X),(X),(X),0,100.0,38.5,0.0,46.2,0.0,15.4,0.0,0.0,0.0,0.0,0.0,0.0,(X),(X),(X),0.0,0,0,0,0,0,0,0,0,0,0,0,0,(X),(X),(X),0,0.0,0.0,0.0,0.0,0.0,0.0,0.0,0.0,0.0,0.0,0.0,0.0,(X),(X),(X),0.0,65,25,0,30,0,10,0,0,0,0,0,0,(X),(X),(X),0,100.0,38.5,0.0,46.2,0.0,15.4,0.0,0.0,0.0,0.0,0.0,0.0,(X),(X),(X),0.0,48,31,136,33,136,16,136,136,136,136,136,136,(X),(X),(X),136,42.1,40.2,42.1,43.3,42.1,24.2,42.1,42.1,42.1,42.1,42.1,42.1,(X),(X),(X),42.1,136,136,136,136,136,136,136,136,136,136,136,136,(X),(X),(X),136,42.1,42.1,42.1,42.1,42.1,42.1,42.1,42.1,42.1,42.1,42.1,42.1,(X),(X),(X),42.1,48,31,136,33,136,16,136,136,136,136,136,136,(X),(X),(X),136,42.1,40.2,42.1,43.3,42.1,24.2,42.1,42.1,42.1,42.1,42.1,42.1,(X),(X),(X),42.1
9020000US3205,3205,"Washoe County Set, Nevada",3520,"Opticians, dispensing 3520 (SOC 29-2081)",80,20,0,50,0,10,0,0,0,0,0,0,(X),(X),(X),0,100.0,25.0,0.0,62.5,0.0,12.5,0.0,0.0,0.0,0.0,0.0,0.0,(X),(X),(X),0.0,0,0,0,0,0,0,0,0,0,0,0,0,(X),(X),(X),0,0.0,0.0,0.0,0.0,0.0,0.0,0.0,0.0,0.0,0.0,0.0,0.0,(X),(X),(X),0.0,80,20,0,50,0,10,0,0,0,0,0,0,(X),(X),(X),0,100.0,25.0,0.0,62.5,0.0,12.5,0.0,0.0,0.0,0.0,0.0,0.0,(X),(X),(X),0.0,62,32,136,49,136,23,136,136,136,136,136,136,(X),(X),(X),136,37.9,37.4,37.9,40.3,37.9,28.1,37.9,37.9,37.9,37.9,37.9,37.9,(X),(X),(X),37.9,136,136,136,136,136,136,136,136,136,136,136,136,(X),(X),(X),136,37.9,37.9,37.9,37.9,37.9,37.9,37.9,37.9,37.9,37.9,37.9,37.9,(X),(X),(X),37.9,62,32,136,49,136,23,136,136,136,136,136,136,(X),(X),(X),136,37.9,37.4,37.9,40.3,37.9,28.1,37.9,37.9,37.9,37.9,37.9,37.9,(X),(X),(X),37.9
9020000US3205,3205,"Washoe County Set, Nevada",3535,Miscellaneous health technologists and technicians 3535 (SOC 29-2090),100,15,0,65,0,0,0,20,0,0,0,0,(X),(X),(X),0,100.0,15.0,0.0,65.0,0.0,0.0,0.0,20.0,0.0,0.0,0.0,0.0,(X),(X),(X),0.0,50,0,0,50,0,0,0,0,0,0,0,0,(X),(X),(X),0,50.0,0.0,0.0,50.0,0.0,0.0,0.0,0.0,0.0,0.0,0.0,0.0,(X),(X),(X),0.0,50,15,0,15,0,0,0,20,0,0,0,0,(X),(X),(X),0,50.0,15.0,0.0,15.0,0.0,0.0,0.0,20.0,0.0,0.0,0.0,0.0,(X),(X),(X),0.0,73,28,136,54,136,136,136,37,136,136,136,136,(X),(X),(X),136,33.1,25.2,33.1,32.5,33.1,33.1,33.1,33.4,33.1,33.1,33.1,33.1,(X),(X),(X),33.1,48,136,136,48,136,136,136,136,136,136,136,136,(X),(X),(X),136,32.5,33.1,33.1,32.5,33.1,33.1,33.1,33.1,33.1,33.1,33.1,33.1,(X),(X),(X),33.1,47,28,136,23,136,136,136,37,136,136,136,136,(X),(X),(X),136,32.1,25.2,33.1,23.5,33.1,33.1,33.1,33.4,33.1,33.1,33.1,33.1,(X),(X),(X),33.1
9020000US3205,3205,"Washoe County Set, Nevada",3540,Other healthcare practitioners and technical occupations 3540 (SOC 29-9000),135,0,0,120,0,0,15,0,0,0,0,0,(X),(X),(X),0,100.0,0.0,0.0,88.9,0.0,0.0,11.1,0.0,0.0,0.0,0.0,0.0,(X),(X),(X),0.0,55,0,0,55,0,0,0,0,0,0,0,0,(X),(X),(X),0,40.7,0.0,0.0,40.7,0.0,0.0,0.0,0.0,0.0,0.0,0.0,0.0,(X),(X),(X),0.0,80,0,0,65,0,0,15,0,0,0,0,0,(X),(X),(X),0,59.3,0.0,0.0,48.1,0.0,0.0,11.1,0.0,0.0,0.0,0.0,0.0,(X),(X),(X),0.0,81,136,136,77,136,136,23,136,136,136,136,136,(X),(X),(X),136,26.5,26.5,26.5,16.9,26.5,26.5,16.9,26.5,26.5,26.5,26.5,26.5,(X),(X),(X),26.5,46,136,136,46,136,136,136,136,136,136,136,136,(X),(X),(X),136,30.6,26.5,26.5,30.6,26.5,26.5,26.5,26.5,26.5,26.5,26.5,26.5,(X),(X),(X),26.5,66,136,136,61,136,136,23,136,136,136,136,136,(X),(X),(X),136,29.1,26.5,26.5,29.7,26.5,26.5,16.9,26.5,26.5,26.5,26.5,26.5,(X),(X),(X),26.5
9020000US3205,3205,"Washoe County Set, Nevada",3600,"Nursing, psychiatric, and home health aides 3600 (SOC 31-1010)",1725,35,70,1085,115,40,200,125,35,30,0,0,(X),(X),(X),0,100.0,2.0,4.1,62.9,6.7,2.3,11.6,7.2,2.0,1.7,0.0,0.0,(X),(X),(X),0.0,210,0,0,160,30,0,10,4,0,0,0,0,(X),(X),(X),0,12.2,0.0,0.0,9.3,1.7,0.0,0.6,0.2,0.0,0.0,0.0,0.0,(X),(X),(X),0.0,1515,35,70,925,80,40,190,120,35,30,0,0,(X),(X),(X),0,87.8,2.0,4.1,53.6,4.6,2.3,11.0,7.0,2.0,1.7,0.0,0.0,(X),(X),(X),0.0,299,36,72,242,91,34,114,114,37,46,136,136,(X),(X),(X),136,2.4,2.1,3.9,9.4,5.0,2.1,6.5,6.5,2.2,2.6,2.4,2.4,(X),(X),(X),2.4,102,136,136,88,55,136,28,13,136,136,136,136,(X),(X),(X),136,5.6,2.4,2.4,5.0,3.2,2.4,1.6,0.8,2.4,2.4,2.4,2.4,(X),(X),(X),2.4,284,36,72,223,70,34,108,108,37,46,136,136,(X),(X),(X),136,5.6,2.1,3.9,9.1,3.7,2.1,6.3,6.1,2.2,2.6,2.4,2.4,(X),(X),(X),2.4
9020000US3205,3205,"Washoe County Set, Nevada",3610,Occupational therapy assistants and aides 3610 (SOC 31-2010),30,0,0,10,0,0,20,0,0,0,0,0,(X),(X),(X),0,100.0,0.0,0.0,33.3,0.0,0.0,66.7,0.0,0.0,0.0,0.0,0.0,(X),(X),(X),0.0,10,0,0,10,0,0,0,0,0,0,0,0,(X),(X),(X),0,33.3,0.0,0.0,33.3,0.0,0.0,0.0,0.0,0.0,0.0,0.0,0.0,(X),(X),(X),0.0,20,0,0,0,0,0,20,0,0,0,0,0,(X),(X),(X),0,66.7,0.0,0.0,0.0,0.0,0.0,66.7,0.0,0.0,0.0,0.0,0.0,(X),(X),(X),0.0,38,136,136,15,136,136,34,136,136,136,136,136,(X),(X),(X),136,61.9,61.9,61.9,59.2,61.9,61.9,65.3,61.9,61.9,61.9,61.9,61.9,(X),(X),(X),61.9,15,136,136,15,136,136,136,136,136,136,136,136,(X),(X),(X),136,59.2,61.9,61.9,59.2,61.9,61.9,61.9,61.9,61.9,61.9,61.9,61.9,(X),(X),(X),61.9,34,136,136,136,136,136,34,136,136,136,136,136,(X),(X),(X),136,65.3,61.9,61.9,61.9,61.9,61.9,65.3,61.9,61.9,61.9,61.9,61.9,(X),(X),(X),61.9
9020000US3205,3205,"Washoe County Set, Nevada",3620,Physical therapist assistants and aides 3620 (SOC 31-2020),115,0,0,115,0,0,0,0,0,0,0,0,(X),(X),(X),0,100.0,0.0,0.0,100.0,0.0,0.0,0.0,0.0,0.0,0.0,0.0,0.0,(X),(X),(X),0.0,20,0,0,20,0,0,0,0,0,0,0,0,(X),(X),(X),0,17.4,0.0,0.0,17.4,0.0,0.0,0.0,0.0,0.0,0.0,0.0,0.0,(X),(X),(X),0.0,95,0,0,95,0,0,0,0,0,0,0,0,(X),(X),(X),0,82.6,0.0,0.0,82.6,0.0,0.0,0.0,0.0,0.0,0.0,0.0,0.0,(X),(X),(X),0.0,60,136,136,60,136,136,136,136,136,136,136,136,(X),(X),(X),136,30.0,30.0,30.0,30.0,30.0,30.0,30.0,30.0,30.0,30.0,30.0,30.0,(X),(X),(X),30.0,26,136,136,26,136,136,136,136,136,136,136,136,(X),(X),(X),136,20.6,30.0,30.0,20.6,30.0,30.0,30.0,30.0,30.0,30.0,30.0,30.0,(X),(X),(X),30.0,55,136,136,55,136,136,136,136,136,136,136,136,(X),(X),(X),136,21.4,30.0,30.0,21.4,30.0,30.0,30.0,30.0,30.0,30.0,30.0,30.0,(X),(X),(X),30.0
9020000US3205,3205,"Washoe County Set, Nevada",3630,Massage therapists 3630 (SOC 31-9011),415,35,0,360,0,0,10,0,0,0,0,10,(X),(X),(X),0,100.0,8.4,0.0,86.7,0.0,0.0,2.4,0.0,0.0,0.0,0.0,2.4,(X),(X),(X),0.0,85,25,0,55,0,0,10,0,0,0,0,0,(X),(X),(X),0,20.5,6.0,0.0,13.3,0.0,0.0,2.4,0.0,0.0,0.0,0.0,0.0,(X),(X),(X),0.0,330,15,0,310,0,0,0,0,0,0,0,10,(X),(X),(X),0,79.5,3.6,0.0,74.7,0.0,0.0,0.0,0.0,0.0,0.0,0.0,2.4,(X),(X),(X),0.0,177,43,136,165,136,136,17,136,136,136,136,15,(X),(X),(X),136,9.7,9.9,9.7,11.0,9.7,9.7,3.8,9.7,9.7,9.7,9.7,3.9,(X),(X),(X),9.7,81,39,136,66,136,136,17,136,136,136,136,136,(X),(X),(X),136,16.8,9.3,9.7,14.7,9.7,9.7,3.8,9.7,9.7,9.7,9.7,9.7,(X),(X),(X),9.7,148,22,136,145,136,136,136,136,136,136,136,15,(X),(X),(X),136,16.8,5.4,9.7,17.1,9.7,9.7,9.7,9.7,9.7,9.7,9.7,3.9,(X),(X),(X),9.7
9020000US3205,3205,"Washoe County Set, Nevada",3640,Dental assistants 3640 (SOC 31-9091),415,20,30,310,0,0,50,0,0,0,0,0,(X),(X),(X),0,100.0,4.8,7.2,74.7,0.0,0.0,12.0,0.0,0.0,0.0,0.0,0.0,(X),(X),(X),0.0,40,0,0,15,0,0,25,0,0,0,0,0,(X),(X),(X),0,9.6,0.0,0.0,3.6,0.0,0.0,6.0,0.0,0.0,0.0,0.0,0.0,(X),(X),(X),0.0,375,20,30,295,0,0,30,0,0,0,0,0,(X),(X),(X),0,90.4,4.8,7.2,71.1,0.0,0.0,7.2,0.0,0.0,0.0,0.0,0.0,(X),(X),(X),0.0,145,30,39,124,136,136,55,136,136,136,136,136,(X),(X),(X),136,9.7,7.1,9.6,14.1,9.7,9.7,12.4,9.7,9.7,9.7,9.7,9.7,(X),(X),(X),9.7,37,136,136,24,136,136,30,136,136,136,136,136,(X),(X),(X),136,9.0,9.7,9.7,6.0,9.7,9.7,7.0,9.7,9.7,9.7,9.7,9.7,(X),(X),(X),9.7,140,30,39,125,136,136,33,136,136,136,136,136,(X),(X),(X),136,8.4,7.1,9.6,15.5,9.7,9.7,7.2,9.7,9.7,9.7,9.7,9.7,(X),(X),(X),9.7
9020000US3205,3205,"Washoe County Set, Nevada",3645,Medical assistants 3645 (SOC 31-9092),410,10,80,215,0,0,110,0,0,0,0,0,(X),(X),(X),0,100.0,2.4,19.5,52.4,0.0,0.0,26.8,0.0,0.0,0.0,0.0,0.0,(X),(X),(X),0.0,10,0,0,10,0,0,0,0,0,0,0,0,(X),(X),(X),0,2.4,0.0,0.0,2.4,0.0,0.0,0.0,0.0,0.0,0.0,0.0,0.0,(X),(X),(X),0.0,405,10,80,205,0,0,110,0,0,0,0,0,(X),(X),(X),0,98.8,2.4,19.5,50.0,0.0,0.0,26.8,0.0,0.0,0.0,0.0,0.0,(X),(X),(X),0.0,155,15,68,100,136,136,87,136,136,136,136,136,(X),(X),(X),136,9.8,3.9,15.4,17.2,9.8,9.8,17.3,9.8,9.8,9.8,9.8,9.8,(X),(X),(X),9.8,13,136,136,13,136,136,136,136,136,136,136,136,(X),(X),(X),136,3.2,9.8,9.8,3.2,9.8,9.8,9.8,9.8,9.8,9.8,9.8,9.8,(X),(X),(X),9.8,154,15,68,100,136,136,87,136,136,136,136,136,(X),(X),(X),136,4.6,3.9,15.4,17.4,9.8,9.8,17.3,9.8,9.8,9.8,9.8,9.8,(X),(X),(X),9.8
9020000US3205,3205,"Washoe County Set, Nevada",3646,Medical transcriptionists 3646 (SOC 31-9094),90,0,0,90,0,0,0,0,0,0,0,0,(X),(X),(X),0,100.0,0.0,0.0,100.0,0.0,0.0,0.0,0.0,0.0,0.0,0.0,0.0,(X),(X),(X),0.0,0,0,0,0,0,0,0,0,0,0,0,0,(X),(X),(X),0,0.0,0.0,0.0,0.0,0.0,0.0,0.0,0.0,0.0,0.0,0.0,0.0,(X),(X),(X),0.0,90,0,0,90,0,0,0,0,0,0,0,0,(X),(X),(X),0,100.0,0.0,0.0,100.0,0.0,0.0,0.0,0.0,0.0,0.0,0.0,0.0,(X),(X),(X),0.0,50,136,136,50,136,136,136,136,136,136,136,136,(X),(X),(X),136,35.4,35.4,35.4,35.4,35.4,35.4,35.4,35.4,35.4,35.4,35.4,35.4,(X),(X),(X),35.4,136,136,136,136,136,136,136,136,136,136,136,136,(X),(X),(X),136,35.4,35.4,35.4,35.4,35.4,35.4,35.4,35.4,35.4,35.4,35.4,35.4,(X),(X),(X),35.4,50,136,136,50,136,136,136,136,136,136,136,136,(X),(X),(X),136,35.4,35.4,35.4,35.4,35.4,35.4,35.4,35.4,35.4,35.4,35.4,35.4,(X),(X),(X),35.4
9020000US3205,3205,"Washoe County Set, Nevada",3647,Pharmacy aides 3647 (SOC 31-9095),95,0,0,95,0,0,0,0,0,0,0,0,(X),(X),(X),0,100.0,0.0,0.0,100.0,0.0,0.0,0.0,0.0,0.0,0.0,0.0,0.0,(X),(X),(X),0.0,50,0,0,50,0,0,0,0,0,0,0,0,(X),(X),(X),0,52.6,0.0,0.0,52.6,0.0,0.0,0.0,0.0,0.0,0.0,0.0,0.0,(X),(X),(X),0.0,50,0,0,50,0,0,0,0,0,0,0,0,(X),(X),(X),0,52.6,0.0,0.0,52.6,0.0,0.0,0.0,0.0,0.0,0.0,0.0,0.0,(X),(X),(X),0.0,86,136,136,86,136,136,136,136,136,136,136,136,(X),(X),(X),136,34.2,34.2,34.2,34.2,34.2,34.2,34.2,34.2,34.2,34.2,34.2,34.2,(X),(X),(X),34.2,55,136,136,55,136,136,136,136,136,136,136,136,(X),(X),(X),136,38.0,34.2,34.2,38.0,34.2,34.2,34.2,34.2,34.2,34.2,34.2,34.2,(X),(X),(X),34.2,60,136,136,60,136,136,136,136,136,136,136,136,(X),(X),(X),136,41.6,34.2,34.2,41.6,34.2,34.2,34.2,34.2,34.2,34.2,34.2,34.2,(X),(X),(X),34.2
9020000US3205,3205,"Washoe County Set, Nevada",3648,Veterinary assistants and laboratory animal caretakers 3648 (SOC 31-9096),105,0,30,80,0,0,0,0,0,0,0,0,(X),(X),(X),0,100.0,0.0,28.6,76.2,0.0,0.0,0.0,0.0,0.0,0.0,0.0,0.0,(X),(X),(X),0.0,65,0,30,35,0,0,0,0,0,0,0,0,(X),(X),(X),0,61.9,0.0,28.6,33.3,0.0,0.0,0.0,0.0,0.0,0.0,0.0,0.0,(X),(X),(X),0.0,45,0,0,45,0,0,0,0,0,0,0,0,(X),(X),(X),0,42.9,0.0,0.0,42.9,0.0,0.0,0.0,0.0,0.0,0.0,0.0,0.0,(X),(X),(X),0.0,78,136,42,69,136,136,136,136,136,136,136,136,(X),(X),(X),136,32.0,32.0,37.0,36.8,32.0,32.0,32.0,32.0,32.0,32.0,32.0,32.0,(X),(X),(X),32.0,57,136,42,43,136,136,136,136,136,136,136,136,(X),(X),(X),136,40.7,32.0,37.0,37.7,32.0,32.0,32.0,32.0,32.0,32.0,32.0,32.0,(X),(X),(X),32.0,58,136,136,58,136,136,136,136,136,136,136,136,(X),(X),(X),136,41.6,32.0,32.0,41.6,32.0,32.0,32.0,32.0,32.0,32.0,32.0,32.0,(X),(X),(X),32.0
9020000US3205,3205,"Washoe County Set, Nevada",3649,Phlebotomists 3649 (SOC 31-9097),235,15,4,170,0,0,40,0,0,0,0,0,(X),(X),(X),0,100.0,6.4,1.7,72.3,0.0,0.0,17.0,0.0,0.0,0.0,0.0,0.0,(X),(X),(X),0.0,55,15,4,30,0,0,0,0,0,0,0,0,(X),(X),(X),0,23.4,6.4,1.7,12.8,0.0,0.0,0.0,0.0,0.0,0.0,0.0,0.0,(X),(X),(X),0.0,180,0,0,140,0,0,40,0,0,0,0,0,(X),(X),(X),0,76.6,0.0,0.0,59.6,0.0,0.0,17.0,0.0,0.0,0.0,0.0,0.0,(X),(X),(X),0.0,90,27,17,75,136,136,51,136,136,136,136,136,(X),(X),(X),136,16.5,11.9,7.5,21.9,16.5,16.5,19.3,16.5,16.5,16.5,16.5,16.5,(X),(X),(X),16.5,48,27,17,41,136,136,136,136,136,136,136,136,(X),(X),(X),136,21.2,11.9,7.5,18.4,16.5,16.5,16.5,16.5,16.5,16.5,16.5,16.5,(X),(X),(X),16.5,94,136,136,79,136,136,51,136,136,136,136,136,(X),(X),(X),136,21.2,16.5,16.5,25.3,16.5,16.5,19.3,16.5,16.5,16.5,16.5,16.5,(X),(X),(X),16.5
9020000US3205,3205,"Washoe County Set, Nevada",3655,"Healthcare support workers, all other, including medical equipment preparers 3655 (SOC 31-909X)",230,30,15,160,0,0,0,0,0,25,0,0,(X),(X),(X),0,100.0,13.0,6.5,69.6,0.0,0.0,0.0,0.0,0.0,10.9,0.0,0.0,(X),(X),(X),0.0,0,0,0,0,0,0,0,0,0,0,0,0,(X),(X),(X),0,0.0,0.0,0.0,0.0,0.0,0.0,0.0,0.0,0.0,0.0,0.0,0.0,(X),(X),(X),0.0,230,30,15,160,0,0,0,0,0,25,0,0,(X),(X),(X),0,100.0,13.0,6.5,69.6,0.0,0.0,0.0,0.0,0.0,10.9,0.0,0.0,(X),(X),(X),0.0,110,44,24,105,136,136,136,136,136,38,136,136,(X),(X),(X),136,16.8,19.8,10.4,26.2,16.8,16.8,16.8,16.8,16.8,16.6,16.8,16.8,(X),(X),(X),16.8,136,136,136,136,136,136,136,136,136,136,136,136,(X),(X),(X),136,16.8,16.8,16.8,16.8,16.8,16.8,16.8,16.8,16.8,16.8,16.8,16.8,(X),(X),(X),16.8,110,44,24,105,136,136,136,136,136,38,136,136,(X),(X),(X),136,16.8,19.8,10.4,26.2,16.8,16.8,16.8,16.8,16.8,16.6,16.8,16.8,(X),(X),(X),16.8
9020000US3205,3205,"Washoe County Set, Nevada",3700,First-line supervisors of correctional officers 3700 (SOC 33-1011),75,0,0,75,0,0,0,0,0,0,0,0,(X),(X),(X),0,100.0,0.0,0.0,100.0,0.0,0.0,0.0,0.0,0.0,0.0,0.0,0.0,(X),(X),(X),0.0,25,0,0,25,0,0,0,0,0,0,0,0,(X),(X),(X),0,33.3,0.0,0.0,33.3,0.0,0.0,0.0,0.0,0.0,0.0,0.0,0.0,(X),(X),(X),0.0,50,0,0,50,0,0,0,0,0,0,0,0,(X),(X),(X),0,66.7,0.0,0.0,66.7,0.0,0.0,0.0,0.0,0.0,0.0,0.0,0.0,(X),(X),(X),0.0,59,136,136,59,136,136,136,136,136,136,136,136,(X),(X),(X),136,39.2,39.2,39.2,39.2,39.2,39.2,39.2,39.2,39.2,39.2,39.2,39.2,(X),(X),(X),39.2,34,136,136,34,136,136,136,136,136,136,136,136,(X),(X),(X),136,37.7,39.2,39.2,37.7,39.2,39.2,39.2,39.2,39.2,39.2,39.2,39.2,(X),(X),(X),39.2,48,136,136,48,136,136,136,136,136,136,136,136,(X),(X),(X),136,39.0,39.2,39.2,39.0,39.2,39.2,39.2,39.2,39.2,39.2,39.2,39.2,(X),(X),(X),39.2
9020000US3205,3205,"Washoe County Set, Nevada",3710,First-line supervisors of police and detectives 3710 (SOC 33-1012),180,15,0,160,0,4,0,0,0,0,0,0,(X),(X),(X),0,100.0,8.3,0.0,88.9,0.0,2.2,0.0,0.0,0.0,0.0,0.0,0.0,(X),(X),(X),0.0,130,15,0,115,0,0,0,0,0,0,0,0,(X),(X),(X),0,72.2,8.3,0.0,63.9,0.0,0.0,0.0,0.0,0.0,0.0,0.0,0.0,(X),(X),(X),0.0,45,0,0,45,0,4,0,0,0,0,0,0,(X),(X),(X),0,25.0,0.0,0.0,25.0,0.0,2.2,0.0,0.0,0.0,0.0,0.0,0.0,(X),(X),(X),0.0,90,21,136,87,136,3,136,136,136,136,136,136,(X),(X),(X),136,20.8,11.5,20.8,11.3,20.8,2.1,20.8,20.8,20.8,20.8,20.8,20.8,(X),(X),(X),20.8,65,21,136,59,136,136,136,136,136,136,136,136,(X),(X),(X),136,19.0,11.5,20.8,17.7,20.8,20.8,20.8,20.8,20.8,20.8,20.8,20.8,(X),(X),(X),20.8,47,136,136,45,136,3,136,136,136,136,136,136,(X),(X),(X),136,19.7,20.8,20.8,19.2,20.8,2.1,20.8,20.8,20.8,20.8,20.8,20.8,(X),(X),(X),20.8
9020000US3205,3205,"Washoe County Set, Nevada",3720,First-line supervisors of fire fighting and prevention workers 3720 (SOC 33-1021),90,0,10,80,0,0,0,0,0,0,0,0,(X),(X),(X),0,100.0,0.0,11.1,88.9,0.0,0.0,0.0,0.0,0.0,0.0,0.0,0.0,(X),(X),(X),0.0,90,0,10,80,0,0,0,0,0,0,0,0,(X),(X),(X),0,100.0,0.0,11.1,88.9,0.0,0.0,0.0,0.0,0.0,0.0,0.0,0.0,(X),(X),(X),0.0,0,0,0,0,0,0,0,0,0,0,0,0,(X),(X),(X),0,0.0,0.0,0.0,0.0,0.0,0.0,0.0,0.0,0.0,0.0,0.0,0.0,(X),(X),(X),0.0,55,136,15,53,136,136,136,136,136,136,136,136,(X),(X),(X),136,35.4,35.4,16.3,19.4,35.4,35.4,35.4,35.4,35.4,35.4,35.4,35.4,(X),(X),(X),35.4,55,136,15,53,136,136,136,136,136,136,136,136,(X),(X),(X),136,35.4,35.4,16.3,19.4,35.4,35.4,35.4,35.4,35.4,35.4,35.4,35.4,(X),(X),(X),35.4,136,136,136,136,136,136,136,136,136,136,136,136,(X),(X),(X),136,35.4,35.4,35.4,35.4,35.4,35.4,35.4,35.4,35.4,35.4,35.4,35.4,(X),(X),(X),35.4
9020000US3205,3205,"Washoe County Set, Nevada",3730,"First-line supervisors of protective service workers, all other 3730 (SOC 33-1099)",220,20,4,165,0,0,30,0,0,0,0,0,(X),(X),(X),0,100.0,9.1,1.8,75.0,0.0,0.0,13.6,0.0,0.0,0.0,0.0,0.0,(X),(X),(X),0.0,160,0,4,125,0,0,30,0,0,0,0,0,(X),(X),(X),0,72.7,0.0,1.8,56.8,0.0,0.0,13.6,0.0,0.0,0.0,0.0,0.0,(X),(X),(X),0.0,60,20,0,45,0,0,0,0,0,0,0,0,(X),(X),(X),0,27.3,9.1,0.0,20.5,0.0,0.0,0.0,0.0,0.0,0.0,0.0,0.0,(X),(X),(X),0.0,118,29,9,91,136,136,46,136,136,136,136,136,(X),(X),(X),136,17.5,13.4,4.5,16.8,17.5,17.5,17.4,17.5,17.5,17.5,17.5,17.5,(X),(X),(X),17.5,98,136,9,73,136,136,46,136,136,136,136,136,(X),(X),(X),136,19.4,17.5,4.5,21.1,17.5,17.5,17.4,17.5,17.5,17.5,17.5,17.5,(X),(X),(X),17.5,53,29,136,46,136,136,136,136,136,136,136,136,(X),(X),(X),136,20.0,13.4,17.5,17.0,17.5,17.5,17.5,17.5,17.5,17.5,17.5,17.5,(X),(X),(X),17.5
9020000US3205,3205,"Washoe County Set, Nevada",3740,Firefighters 3740 (SOC 33-2011),575,15,0,495,25,20,0,0,4,15,0,0,(X),(X),(X),0,100.0,2.6,0.0,86.1,4.3,3.5,0.0,0.0,0.7,2.6,0.0,0.0,(X),(X),(X),0.0,515,15,0,435,25,20,0,0,4,15,0,0,(X),(X),(X),0,89.6,2.6,0.0,75.7,4.3,3.5,0.0,0.0,0.7,2.6,0.0,0.0,(X),(X),(X),0.0,60,0,0,60,0,0,0,0,0,0,0,0,(X),(X),(X),0,10.4,0.0,0.0,10.4,0.0,0.0,0.0,0.0,0.0,0.0,0.0,0.0,(X),(X),(X),0.0,198,23,136,206,30,27,136,136,8,23,136,136,(X),(X),(X),136,7.1,4.1,7.1,11.1,5.8,4.7,7.1,7.1,1.5,4.3,7.1,7.1,(X),(X),(X),7.1,178,23,136,183,30,27,136,136,8,23,136,136,(X),(X),(X),136,8.8,4.1,7.1,11.9,5.8,4.7,7.1,7.1,1.5,4.3,7.1,7.1,(X),(X),(X),7.1,55,136,136,55,136,136,136,136,136,136,136,136,(X),(X),(X),136,8.7,7.1,7.1,8.7,7.1,7.1,7.1,7.1,7.1,7.1,7.1,7.1,(X),(X),(X),7.1
9020000US3205,3205,"Washoe County Set, Nevada",3750,Fire inspectors 3750 (SOC 33-2020),35,0,0,35,0,0,0,0,0,0,0,0,(X),(X),(X),0,100.0,0.0,0.0,100.0,0.0,0.0,0.0,0.0,0.0,0.0,0.0,0.0,(X),(X),(X),0.0,35,0,0,35,0,0,0,0,0,0,0,0,(X),(X),(X),0,100.0,0.0,0.0,100.0,0.0,0.0,0.0,0.0,0.0,0.0,0.0,0.0,(X),(X),(X),0.0,0,0,0,0,0,0,0,0,0,0,0,0,(X),(X),(X),0,0.0,0.0,0.0,0.0,0.0,0.0,0.0,0.0,0.0,0.0,0.0,0.0,(X),(X),(X),0.0,42,136,136,42,136,136,136,136,136,136,136,136,(X),(X),(X),136,57.3,57.3,57.3,57.3,57.3,57.3,57.3,57.3,57.3,57.3,57.3,57.3,(X),(X),(X),57.3,42,136,136,42,136,136,136,136,136,136,136,136,(X),(X),(X),136,57.3,57.3,57.3,57.3,57.3,57.3,57.3,57.3,57.3,57.3,57.3,57.3,(X),(X),(X),57.3,136,136,136,136,136,136,136,136,136,136,136,136,(X),(X),(X),136,57.3,57.3,57.3,57.3,57.3,57.3,57.3,57.3,57.3,57.3,57.3,57.3,(X),(X),(X),57.3
9020000US3205,3205,"Washoe County Set, Nevada",3800,"Bailiffs, correctional officers, and jailers 3800 (SOC 33-3010)",430,30,30,340,0,0,0,0,0,30,0,0,(X),(X),(X),0,100.0,7.0,7.0,79.1,0.0,0.0,0.0,0.0,0.0,7.0,0.0,0.0,(X),(X),(X),0.0,360,0,15,315,0,0,0,0,0,30,0,0,(X),(X),(X),0,83.7,0.0,3.5,73.3,0.0,0.0,0.0,0.0,0.0,7.0,0.0,0.0,(X),(X),(X),0.0,70,30,15,25,0,0,0,0,0,0,0,0,(X),(X),(X),0,16.3,7.0,3.5,5.8,0.0,0.0,0.0,0.0,0.0,0.0,0.0,0.0,(X),(X),(X),0.0,135,31,32,119,136,136,136,136,136,31,136,136,(X),(X),(X),136,9.4,6.5,7.8,11.9,9.4,9.4,9.4,9.4,9.4,6.8,9.4,9.4,(X),(X),(X),9.4,124,136,24,120,136,136,136,136,136,31,136,136,(X),(X),(X),136,11.8,9.4,5.8,14.5,9.4,9.4,9.4,9.4,9.4,6.8,9.4,9.4,(X),(X),(X),9.4,55,31,23,41,136,136,136,136,136,136,136,136,(X),(X),(X),136,11.9,6.5,5.4,9.6,9.4,9.4,9.4,9.4,9.4,9.4,9.4,9.4,(X),(X),(X),9.4
9020000US3205,3205,"Washoe County Set, Nevada",3820,Detectives and criminal investigators 3820 (SOC 33-3021),285,0,35,215,30,4,0,0,0,0,0,0,(X),(X),(X),0,100.0,0.0,12.3,75.4,10.5,1.4,0.0,0.0,0.0,0.0,0.0,0.0,(X),(X),(X),0.0,275,0,35,210,30,0,0,0,0,0,0,0,(X),(X),(X),0,96.5,0.0,12.3,73.7,10.5,0.0,0.0,0.0,0.0,0.0,0.0,0.0,(X),(X),(X),0.0,10,0,0,10,0,4,0,0,0,0,0,0,(X),(X),(X),0,3.5,0.0,0.0,3.5,0.0,1.4,0.0,0.0,0.0,0.0,0.0,0.0,(X),(X),(X),0.0,140,136,46,114,50,5,136,136,136,136,136,136,(X),(X),(X),136,13.8,13.8,15.6,20.9,16.6,1.8,13.8,13.8,13.8,13.8,13.8,13.8,(X),(X),(X),13.8,138,136,46,113,50,136,136,136,136,136,136,136,(X),(X),(X),136,6.2,13.8,15.6,21.0,16.6,13.8,13.8,13.8,13.8,13.8,13.8,13.8,(X),(X),(X),13.8,14,136,136,13,136,5,136,136,136,136,136,136,(X),(X),(X),136,5.2,13.8,13.8,4.8,13.8,1.8,13.8,13.8,13.8,13.8,13.8,13.8,(X),(X),(X),13.8
9020000US3205,3205,"Washoe County Set, Nevada",3850,Police officers 3850 (SOC 33-3050),1105,25,25,935,20,4,65,15,0,0,20,0,(X),(X),(X),0,100.0,2.3,2.3,84.6,1.8,0.4,5.9,1.4,0.0,0.0,1.8,0.0,(X),(X),(X),0.0,930,25,25,755,20,4,65,15,0,0,20,0,(X),(X),(X),0,84.2,2.3,2.3,68.3,1.8,0.4,5.9,1.4,0.0,0.0,1.8,0.0,(X),(X),(X),0.0,175,0,0,175,0,0,0,0,0,0,0,0,(X),(X),(X),0,15.8,0.0,0.0,15.8,0.0,0.0,0.0,0.0,0.0,0.0,0.0,0.0,(X),(X),(X),0.0,242,39,34,220,30,5,61,24,136,136,34,136,(X),(X),(X),136,3.8,3.5,3.1,7.9,2.7,0.5,5.2,2.2,3.8,3.8,3.1,3.8,(X),(X),(X),3.8,236,39,34,206,30,5,61,24,136,136,34,136,(X),(X),(X),136,9.3,3.5,3.1,10.2,2.7,0.5,5.2,2.2,3.8,3.8,3.1,3.8,(X),(X),(X),3.8,106,136,136,106,136,136,136,136,136,136,136,136,(X),(X),(X),136,9.3,3.8,3.8,9.3,3.8,3.8,3.8,3.8,3.8,3.8,3.8,3.8,(X),(X),(X),3.8
9020000US3205,3205,"Washoe County Set, Nevada",3910,Private detectives and investigators 3910 (SOC 33-9021),70,0,10,60,0,0,0,0,0,0,0,0,(X),(X),(X),0,100.0,0.0,14.3,85.7,0.0,0.0,0.0,0.0,0.0,0.0,0.0,0.0,(X),(X),(X),0.0,60,0,0,60,0,0,0,0,0,0,0,0,(X),(X),(X),0,85.7,0.0,0.0,85.7,0.0,0.0,0.0,0.0,0.0,0.0,0.0,0.0,(X),(X),(X),0.0,10,0,10,0,0,0,0,0,0,0,0,0,(X),(X),(X),0,14.3,0.0,14.3,0.0,0.0,0.0,0.0,0.0,0.0,0.0,0.0,0.0,(X),(X),(X),0.0,43,136,16,41,136,136,136,136,136,136,136,136,(X),(X),(X),136,40.5,40.5,21.8,27.3,40.5,40.5,40.5,40.5,40.5,40.5,40.5,40.5,(X),(X),(X),40.5,41,136,136,41,136,136,136,136,136,136,136,136,(X),(X),(X),136,27.3,40.5,40.5,27.3,40.5,40.5,40.5,40.5,40.5,40.5,40.5,40.5,(X),(X),(X),40.5,16,136,16,136,136,136,136,136,136,136,136,136,(X),(X),(X),136,21.8,40.5,21.8,40.5,40.5,40.5,40.5,40.5,40.5,40.5,40.5,40.5,(X),(X),(X),40.5
9020000US3205,3205,"Washoe County Set, Nevada",3930,Security guards and gaming surveillance officers 3930 (SOC 33-9030),1915,75,145,1400,115,40,40,40,15,25,0,0,(X),(X),(X),15,100.0,3.9,7.6,73.1,6.0,2.1,2.1,2.1,0.8,1.3,0.0,0.0,(X),(X),(X),0.8,1640,75,115,1270,65,20,30,20,0,25,0,0,(X),(X),(X),15,85.6,3.9,6.0,66.3,3.4,1.0,1.6,1.0,0.0,1.3,0.0,0.0,(X),(X),(X),0.8,275,0,30,130,50,20,15,20,15,0,0,0,(X),(X),(X),0,14.4,0.0,1.6,6.8,2.6,1.0,0.8,1.0,0.8,0.0,0.0,0.0,(X),(X),(X),0.0,332,57,98,280,71,35,36,41,25,33,136,136,(X),(X),(X),25,2.2,3.0,5.0,7.1,3.5,1.9,1.9,2.2,1.4,1.7,2.2,2.2,(X),(X),(X),1.3,292,57,91,260,53,29,31,29,136,33,136,136,(X),(X),(X),25,4.6,3.0,4.7,7.0,2.7,1.6,1.6,1.6,2.2,1.7,2.2,2.2,(X),(X),(X),1.3,101,136,40,60,49,20,22,36,25,136,136,136,(X),(X),(X),136,4.6,2.2,2.1,2.9,2.5,1.1,1.2,1.9,1.4,2.2,2.2,2.2,(X),(X),(X),2.2
9020000US3205,3205,"Washoe County Set, Nevada",3940,Crossing guards 3940 (SOC 33-9091),185,40,0,95,0,0,0,0,0,55,0,0,(X),(X),(X),0,100.0,21.6,0.0,51.4,0.0,0.0,0.0,0.0,0.0,29.7,0.0,0.0,(X),(X),(X),0.0,45,0,0,45,0,0,0,0,0,0,0,0,(X),(X),(X),0,24.3,0.0,0.0,24.3,0.0,0.0,0.0,0.0,0.0,0.0,0.0,0.0,(X),(X),(X),0.0,140,40,0,45,0,0,0,0,0,55,0,0,(X),(X),(X),0,75.7,21.6,0.0,24.3,0.0,0.0,0.0,0.0,0.0,29.7,0.0,0.0,(X),(X),(X),0.0,140,61,136,78,136,136,136,136,136,80,136,136,(X),(X),(X),136,20.4,27.1,20.4,41.8,20.4,20.4,20.4,20.4,20.4,31.8,20.4,20.4,(X),(X),(X),20.4,47,136,136,47,136,136,136,136,136,136,136,136,(X),(X),(X),136,27.3,20.4,20.4,27.3,20.4,20.4,20.4,20.4,20.4,20.4,20.4,20.4,(X),(X),(X),20.4,131,61,136,62,136,136,136,136,136,80,136,136,(X),(X),(X),136,27.7,27.1,20.4,33.0,20.4,20.4,20.4,20.4,20.4,31.8,20.4,20.4,(X),(X),(X),20.4
9020000US3205,3205,"Washoe County Set, Nevada",3945,Transportation security screeners 3945 (SOC 33-9093),130,35,0,70,0,0,10,0,0,0,0,0,(X),(X),(X),15,100.0,26.9,0.0,53.8,0.0,0.0,7.7,0.0,0.0,0.0,0.0,0.0,(X),(X),(X),11.5,75,35,0,40,0,0,0,0,0,0,0,0,(X),(X),(X),0,57.7,26.9,0.0,30.8,0.0,0.0,0.0,0.0,0.0,0.0,0.0,0.0,(X),(X),(X),0.0,60,0,0,30,0,0,10,0,0,0,0,0,(X),(X),(X),15,46.2,0.0,0.0,23.1,0.0,0.0,7.7,0.0,0.0,0.0,0.0,0.0,(X),(X),(X),11.5,67,41,136,44,136,136,17,136,136,136,136,136,(X),(X),(X),29,27.3,29.0,27.3,24.1,27.3,27.3,12.3,27.3,27.3,27.3,27.3,27.3,(X),(X),(X),21.8,55,41,136,36,136,136,136,136,136,136,136,136,(X),(X),(X),136,28.5,29.0,27.3,22.3,27.3,27.3,27.3,27.3,27.3,27.3,27.3,27.3,(X),(X),(X),27.3,40,136,136,25,136,136,17,136,136,136,136,136,(X),(X),(X),29,25.7,27.3,27.3,19.5,27.3,27.3,12.3,27.3,27.3,27.3,27.3,27.3,(X),(X),(X),21.8
9020000US3205,3205,"Washoe County Set, Nevada",3955,"Lifeguards and other recreational, and all other protective service workers 3955 (SOC 33-909X)",210,0,0,180,0,10,20,0,0,0,0,0,(X),(X),(X),0,100.0,0.0,0.0,85.7,0.0,4.8,9.5,0.0,0.0,0.0,0.0,0.0,(X),(X),(X),0.0,125,0,0,95,0,10,20,0,0,0,0,0,(X),(X),(X),0,59.5,0.0,0.0,45.2,0.0,4.8,9.5,0.0,0.0,0.0,0.0,0.0,(X),(X),(X),0.0,85,0,0,85,0,0,0,0,0,0,0,0,(X),(X),(X),0,40.5,0.0,0.0,40.5,0.0,0.0,0.0,0.0,0.0,0.0,0.0,0.0,(X),(X),(X),0.0,88,136,136,78,136,13,34,136,136,136,136,136,(X),(X),(X),136,18.2,18.2,18.2,13.2,18.2,6.3,15.3,18.2,18.2,18.2,18.2,18.2,(X),(X),(X),18.2,56,136,136,47,136,13,34,136,136,136,136,136,(X),(X),(X),136,15.4,18.2,18.2,17.7,18.2,6.3,15.3,18.2,18.2,18.2,18.2,18.2,(X),(X),(X),18.2,52,136,136,52,136,136,136,136,136,136,136,136,(X),(X),(X),136,15.2,18.2,18.2,15.2,18.2,18.2,18.2,18.2,18.2,18.2,18.2,18.2,(X),(X),(X),18.2
9020000US3205,3205,"Washoe County Set, Nevada",4000,Chefs and head cooks 4000 (SOC 35-1011),560,30,0,305,0,60,165,0,0,0,0,0,(X),(X),(X),0,100.0,5.4,0.0,54.5,0.0,10.7,29.5,0.0,0.0,0.0,0.0,0.0,(X),(X),(X),0.0,430,25,0,285,0,0,120,0,0,0,0,0,(X),(X),(X),0,76.8,4.5,0.0,50.9,0.0,0.0,21.4,0.0,0.0,0.0,0.0,0.0,(X),(X),(X),0.0,130,4,0,20,0,60,45,0,0,0,0,0,(X),(X),(X),0,23.2,0.7,0.0,3.6,0.0,10.7,8.0,0.0,0.0,0.0,0.0,0.0,(X),(X),(X),0.0,250,39,136,134,136,87,141,136,136,136,136,136,(X),(X),(X),136,7.3,7.2,7.3,18.2,7.3,13.5,19.5,7.3,7.3,7.3,7.3,7.3,(X),(X),(X),7.3,187,37,136,134,136,136,129,136,136,136,136,136,(X),(X),(X),136,14.0,7.0,7.3,17.0,7.3,7.3,20.1,7.3,7.3,7.3,7.3,7.3,(X),(X),(X),7.3,109,20,136,26,136,87,62,136,136,136,136,136,(X),(X),(X),136,14.0,3.7,7.3,5.4,7.3,13.5,10.3,7.3,7.3,7.3,7.3,7.3,(X),(X),(X),7.3
9020000US3205,3205,"Washoe County Set, Nevada",4010,First-line supervisors of food preparation and serving workers 4010 (SOC 35-1012),855,215,50,505,0,20,35,10,0,0,15,0,(X),(X),(X),0,100.0,25.1,5.8,59.1,0.0,2.3,4.1,1.2,0.0,0.0,1.8,0.0,(X),(X),(X),0.0,415,130,50,225,0,0,10,0,0,0,0,0,(X),(X),(X),0,48.5,15.2,5.8,26.3,0.0,0.0,1.2,0.0,0.0,0.0,0.0,0.0,(X),(X),(X),0.0,435,85,0,280,0,20,25,10,0,0,15,0,(X),(X),(X),0,50.9,9.9,0.0,32.7,0.0,2.3,2.9,1.2,0.0,0.0,1.8,0.0,(X),(X),(X),0.0,212,124,68,167,136,32,47,18,136,136,24,136,(X),(X),(X),136,4.8,13.1,8.0,14.7,4.8,3.9,5.3,2.1,4.8,4.8,2.9,4.8,(X),(X),(X),4.8,150,101,68,91,136,136,20,136,136,136,136,136,(X),(X),(X),136,12.1,11.0,8.0,9.0,4.8,4.8,2.4,4.8,4.8,4.8,4.8,4.8,(X),(X),(X),4.8,143,88,136,121,136,32,42,18,136,136,24,136,(X),(X),(X),136,12.2,10.1,4.8,12.6,4.8,3.9,4.8,2.1,4.8,4.8,2.9,4.8,(X),(X),(X),4.8
9020000US3205,3205,"Washoe County Set, Nevada",4020,Cooks 4020 (SOC 35-2010),3105,1310,560,860,50,25,250,10,0,0,35,0,(X),(X),(X),0,100.0,42.2,18.0,27.7,1.6,0.8,8.1,0.3,0.0,0.0,1.1,0.0,(X),(X),(X),0.0,1885,835,340,455,25,0,195,0,0,0,35,0,(X),(X),(X),0,60.7,26.9,11.0,14.7,0.8,0.0,6.3,0.0,0.0,0.0,1.1,0.0,(X),(X),(X),0.0,1220,475,220,405,25,25,55,10,0,0,0,0,(X),(X),(X),0,39.3,15.3,7.1,13.0,0.8,0.8,1.8,0.3,0.0,0.0,0.0,0.0,(X),(X),(X),0.0,431,264,216,220,45,30,123,18,136,136,51,136,(X),(X),(X),136,1.4,7.2,5.7,6.8,1.5,1.0,3.7,0.6,1.4,1.4,1.6,1.4,(X),(X),(X),1.4,359,221,171,146,35,136,109,136,136,136,51,136,(X),(X),(X),136,7.3,6.8,4.9,4.4,1.1,1.4,3.4,1.4,1.4,1.4,1.6,1.4,(X),(X),(X),1.4,274,167,124,152,28,30,59,18,136,136,136,136,(X),(X),(X),136,7.4,4.9,3.8,5.0,0.9,1.0,1.9,0.6,1.4,1.4,1.4,1.4,(X),(X),(X),1.4
9020000US3205,3205,"Washoe County Set, Nevada",4030,Food preparation workers 4030 (SOC 35-2021),1835,550,375,715,60,40,50,4,20,20,0,0,(X),(X),(X),0,100.0,30.0,20.4,39.0,3.3,2.2,2.7,0.2,1.1,1.1,0.0,0.0,(X),(X),(X),0.0,605,130,180,210,60,10,0,0,20,0,0,0,(X),(X),(X),0,33.0,7.1,9.8,11.4,3.3,0.5,0.0,0.0,1.1,0.0,0.0,0.0,(X),(X),(X),0.0,1230,420,200,510,0,30,50,4,0,20,0,0,(X),(X),(X),0,67.0,22.9,10.9,27.8,0.0,1.6,2.7,0.2,0.0,1.1,0.0,0.0,(X),(X),(X),0.0,338,225,167,172,50,36,47,8,34,30,136,136,(X),(X),(X),136,2.3,10.0,8.1,8.7,2.7,1.9,2.5,0.4,1.8,1.7,2.3,2.3,(X),(X),(X),2.3,166,85,105,84,50,14,136,136,34,136,136,136,(X),(X),(X),136,7.1,4.5,5.5,4.3,2.7,0.8,2.3,2.3,1.8,2.3,2.3,2.3,(X),(X),(X),2.3,265,189,114,142,136,34,47,8,136,30,136,136,(X),(X),(X),136,7.1,8.6,5.8,7.5,2.3,1.8,2.5,0.4,2.3,1.7,2.3,2.3,(X),(X),(X),2.3
9020000US3205,3205,"Washoe County Set, Nevada",4040,Bartenders 4040 (SOC 35-3011),1650,140,100,1165,10,25,65,70,0,0,15,0,(X),(X),(X),55,100.0,8.5,6.1,70.6,0.6,1.5,3.9,4.2,0.0,0.0,0.9,0.0,(X),(X),(X),3.3,1020,95,20,735,10,0,65,35,0,0,0,0,(X),(X),(X),55,61.8,5.8,1.2,44.5,0.6,0.0,3.9,2.1,0.0,0.0,0.0,0.0,(X),(X),(X),3.3,630,45,80,435,0,25,0,35,0,0,15,0,(X),(X),(X),0,38.2,2.7,4.8,26.4,0.0,1.5,0.0,2.1,0.0,0.0,0.9,0.0,(X),(X),(X),0.0,306,94,88,261,23,34,53,70,136,136,26,136,(X),(X),(X),80,2.5,5.4,5.2,8.7,1.4,2.1,3.2,4.2,2.5,2.5,1.6,2.5,(X),(X),(X),4.9,244,80,26,208,23,136,53,54,136,136,136,136,(X),(X),(X),80,9.2,4.7,1.6,9.4,1.4,2.5,3.2,3.3,2.5,2.5,2.5,2.5,(X),(X),(X),4.9,192,47,82,169,136,34,136,53,136,136,26,136,(X),(X),(X),136,9.4,2.8,4.9,9.1,2.5,2.1,2.5,3.3,2.5,2.5,1.6,2.5,(X),(X),(X),2.5
9020000US3205,3205,"Washoe County Set, Nevada",4050,"Combined food preparation and serving workers, including fast food 4050 (SOC 35-3021)",355,30,0,255,0,20,50,0,0,0,0,0,(X),(X),(X),0,100.0,8.5,0.0,71.8,0.0,5.6,14.1,0.0,0.0,0.0,0.0,0.0,(X),(X),(X),0.0,235,20,0,215,0,0,0,0,0,0,0,0,(X),(X),(X),0,66.2,5.6,0.0,60.6,0.0,0.0,0.0,0.0,0.0,0.0,0.0,0.0,(X),(X),(X),0.0,120,4,0,40,0,20,50,0,0,0,0,0,(X),(X),(X),0,33.8,1.1,0.0,11.3,0.0,5.6,14.1,0.0,0.0,0.0,0.0,0.0,(X),(X),(X),0.0,132,28,136,108,136,38,46,136,136,136,136,136,(X),(X),(X),136,11.3,8.2,11.3,15.1,11.3,9.9,12.0,11.3,11.3,11.3,11.3,11.3,(X),(X),(X),11.3,107,26,136,100,136,136,136,136,136,136,136,136,(X),(X),(X),136,17.9,7.1,11.3,17.7,11.3,11.3,11.3,11.3,11.3,11.3,11.3,11.3,(X),(X),(X),11.3,78,12,136,42,136,38,46,136,136,136,136,136,(X),(X),(X),136,18.2,3.7,11.3,10.9,11.3,9.9,12.0,11.3,11.3,11.3,11.3,11.3,(X),(X),(X),11.3
9020000US3205,3205,"Washoe County Set, Nevada",4060,"Counter attendants, cafeteria, food concession, and coffee shop 4060 (SOC 35-3022)",475,135,0,215,15,15,45,0,15,0,35,0,(X),(X),(X),0,100.0,28.4,0.0,45.3,3.2,3.2,9.5,0.0,3.2,0.0,7.4,0.0,(X),(X),(X),0.0,250,90,0,145,0,0,15,0,0,0,0,0,(X),(X),(X),0,52.6,18.9,0.0,30.5,0.0,0.0,3.2,0.0,0.0,0.0,0.0,0.0,(X),(X),(X),0.0,225,45,0,70,15,15,30,0,15,0,35,0,(X),(X),(X),0,47.4,9.5,0.0,14.7,3.2,3.2,6.3,0.0,3.2,0.0,7.4,0.0,(X),(X),(X),0.0,165,98,136,102,25,27,43,136,29,136,50,136,(X),(X),(X),136,8.6,16.8,8.6,16.3,5.1,5.7,8.0,8.6,6.1,8.6,10.0,8.6,(X),(X),(X),8.6,120,85,136,97,136,136,29,136,136,136,136,136,(X),(X),(X),136,15.5,16.4,8.6,16.1,8.6,8.6,5.8,8.6,8.6,8.6,8.6,8.6,(X),(X),(X),8.6,99,52,136,50,25,27,39,136,29,136,50,136,(X),(X),(X),136,15.1,10.0,8.6,11.0,5.1,5.7,7.5,8.6,6.1,8.6,10.0,8.6,(X),(X),(X),8.6
9020000US3205,3205,"Washoe County Set, Nevada",4110,Waiters and waitresses 4110 (SOC 35-3031),3485,360,415,2200,90,0,350,0,10,0,35,15,(X),(X),(X),10,100.0,10.3,11.9,63.1,2.6,0.0,10.0,0.0,0.3,0.0,1.0,0.4,(X),(X),(X),0.3,1005,90,290,580,0,0,40,0,0,0,10,0,(X),(X),(X),0,28.8,2.6,8.3,16.6,0.0,0.0,1.1,0.0,0.0,0.0,0.3,0.0,(X),(X),(X),0.0,2480,270,125,1620,90,0,310,0,10,0,25,15,(X),(X),(X),10,71.2,7.7,3.6,46.5,2.6,0.0,8.9,0.0,0.3,0.0,0.7,0.4,(X),(X),(X),0.3,457,155,162,394,91,136,137,136,18,136,42,25,(X),(X),(X),16,1.2,4.2,4.5,5.7,2.6,1.2,4.1,1.2,0.5,1.2,1.2,0.7,(X),(X),(X),0.5,238,88,134,190,136,136,36,136,136,136,18,136,(X),(X),(X),136,5.7,2.5,3.8,4.8,1.2,1.2,1.1,1.2,1.2,1.2,0.5,1.2,(X),(X),(X),1.2,383,128,116,332,91,136,129,136,18,136,40,25,(X),(X),(X),16,5.7,3.6,3.3,6.2,2.6,1.2,3.7,1.2,0.5,1.2,1.2,0.7,(X),(X),(X),0.5
9020000US3205,3205,"Washoe County Set, Nevada",4120,"Food servers, nonrestaurant 4120 (SOC 35-3041)",550,85,120,230,0,0,75,0,0,0,0,0,(X),(X),(X),40,100.0,15.5,21.8,41.8,0.0,0.0,13.6,0.0,0.0,0.0,0.0,0.0,(X),(X),(X),7.3,290,45,110,75,0,0,65,0,0,0,0,0,(X),(X),(X),0,52.7,8.2,20.0,13.6,0.0,0.0,11.8,0.0,0.0,0.0,0.0,0.0,(X),(X),(X),0.0,260,45,10,155,0,0,10,0,0,0,0,0,(X),(X),(X),40,47.3,8.2,1.8,28.2,0.0,0.0,1.8,0.0,0.0,0.0,0.0,0.0,(X),(X),(X),7.3,252,63,118,124,136,136,66,136,136,136,136,136,(X),(X),(X),66,7.4,9.5,18.6,15.9,7.4,7.4,12.0,7.4,7.4,7.4,7.4,7.4,(X),(X),(X),10.4,160,51,120,62,136,136,63,136,136,136,136,136,(X),(X),(X),136,19.5,8.3,19.1,12.1,7.4,7.4,11.1,7.4,7.4,7.4,7.4,7.4,(X),(X),(X),7.4,168,33,15,107,136,136,16,136,136,136,136,136,(X),(X),(X),66,19.6,6.1,2.8,13.8,7.4,7.4,3.0,7.4,7.4,7.4,7.4,7.4,(X),(X),(X),10.4
9020000US3205,3205,"Washoe County Set, Nevada",4130,"Miscellaneous food preparation and serving related workers, including dining room and cafeteria attendants and bartender helpers 4130 (SOC 35-90XX)",1130,310,190,325,45,0,215,0,0,0,0,0,(X),(X),(X),50,100.0,27.4,16.8,28.8,4.0,0.0,19.0,0.0,0.0,0.0,0.0,0.0,(X),(X),(X),4.4,825,225,145,225,45,0,135,0,0,0,0,0,(X),(X),(X),50,73.0,19.9,12.8,19.9,4.0,0.0,11.9,0.0,0.0,0.0,0.0,0.0,(X),(X),(X),4.4,305,80,45,100,0,0,80,0,0,0,0,0,(X),(X),(X),0,27.0,7.1,4.0,8.8,0.0,0.0,7.1,0.0,0.0,0.0,0.0,0.0,(X),(X),(X),0.0,293,119,139,111,53,136,113,136,136,136,136,136,(X),(X),(X),57,3.7,9.4,9.9,8.9,4.6,3.7,8.3,3.7,3.7,3.7,3.7,3.7,(X),(X),(X),4.8,261,109,124,109,53,136,96,136,136,136,136,136,(X),(X),(X),57,9.6,9.2,9.2,8.3,4.6,3.7,7.3,3.7,3.7,3.7,3.7,3.7,(X),(X),(X),4.8,118,75,55,59,136,136,66,136,136,136,136,136,(X),(X),(X),136,9.6,6.4,4.6,5.6,3.7,3.7,5.7,3.7,3.7,3.7,3.7,3.7,(X),(X),(X),3.7
9020000US3205,3205,"Washoe County Set, Nevada",4140,Dishwashers 4140 (SOC 35-9021),350,210,65,35,0,10,25,0,0,0,0,0,(X),(X),(X),0,100.0,60.0,18.6,10.0,0.0,2.9,7.1,0.0,0.0,0.0,0.0,0.0,(X),(X),(X),0.0,260,155,35,30,0,10,25,0,0,0,0,0,(X),(X),(X),0,74.3,44.3,10.0,8.6,0.0,2.9,7.1,0.0,0.0,0.0,0.0,0.0,(X),(X),(X),0.0,90,55,25,4,0,0,0,0,0,0,0,0,(X),(X),(X),0,25.7,15.7,7.1,1.1,0.0,0.0,0.0,0.0,0.0,0.0,0.0,0.0,(X),(X),(X),0.0,154,137,55,30,136,23,33,136,136,136,136,136,(X),(X),(X),136,11.4,20.0,15.7,9.2,11.4,6.9,9.4,11.4,11.4,11.4,11.4,11.4,(X),(X),(X),11.4,142,122,39,32,136,23,33,136,136,136,136,136,(X),(X),(X),136,18.6,22.2,11.0,9.1,11.4,6.9,9.4,11.4,11.4,11.4,11.4,11.4,(X),(X),(X),11.4,70,57,42,11,136,136,136,136,136,136,136,136,(X),(X),(X),136,18.6,15.7,12.3,3.3,11.4,11.4,11.4,11.4,11.4,11.4,11.4,11.4,(X),(X),(X),11.4
9020000US3205,3205,"Washoe County Set, Nevada",4150,"Hosts and hostesses, restaurant, lounge, and coffee shop 4150 (SOC 35-9031)",505,75,55,330,0,0,30,0,0,0,10,0,(X),(X),(X),0,100.0,14.9,10.9,65.3,0.0,0.0,5.9,0.0,0.0,0.0,2.0,0.0,(X),(X),(X),0.0,60,20,20,20,0,0,0,0,0,0,0,0,(X),(X),(X),0,11.9,4.0,4.0,4.0,0.0,0.0,0.0,0.0,0.0,0.0,0.0,0.0,(X),(X),(X),0.0,440,55,35,305,0,0,30,0,0,0,10,0,(X),(X),(X),0,87.1,10.9,6.9,60.4,0.0,0.0,5.9,0.0,0.0,0.0,2.0,0.0,(X),(X),(X),0.0,177,86,47,134,136,136,37,136,136,136,22,136,(X),(X),(X),136,8.1,15.2,9.2,15.6,8.1,8.1,7.1,8.1,8.1,8.1,4.4,8.1,(X),(X),(X),8.1,50,35,34,31,136,136,136,136,136,136,136,136,(X),(X),(X),136,9.4,6.7,6.9,6.0,8.1,8.1,8.1,8.1,8.1,8.1,8.1,8.1,(X),(X),(X),8.1,166,67,36,132,136,136,37,136,136,136,22,136,(X),(X),(X),136,9.5,12.0,6.9,16.1,8.1,8.1,7.1,8.1,8.1,8.1,4.4,8.1,(X),(X),(X),8.1
9020000US3205,3205,"Washoe County Set, Nevada",4200,First-line supervisors of housekeeping and janitorial workers 4200 (SOC 37-1011),310,60,85,135,10,20,0,0,0,0,0,0,(X),(X),(X),0,100.0,19.4,27.4,43.5,3.2,6.5,0.0,0.0,0.0,0.0,0.0,0.0,(X),(X),(X),0.0,135,35,40,65,0,0,0,0,0,0,0,0,(X),(X),(X),0,43.5,11.3,12.9,21.0,0.0,0.0,0.0,0.0,0.0,0.0,0.0,0.0,(X),(X),(X),0.0,170,30,45,70,10,20,0,0,0,0,0,0,(X),(X),(X),0,54.8,9.7,14.5,22.6,3.2,6.5,0.0,0.0,0.0,0.0,0.0,0.0,(X),(X),(X),0.0,108,58,56,72,17,34,136,136,136,136,136,136,(X),(X),(X),136,12.8,16.2,18.6,16.8,5.2,10.8,12.8,12.8,12.8,12.8,12.8,12.8,(X),(X),(X),12.8,76,36,44,56,136,136,136,136,136,136,136,136,(X),(X),(X),136,21.6,11.3,15.1,16.3,12.8,12.8,12.8,12.8,12.8,12.8,12.8,12.8,(X),(X),(X),12.8,98,45,47,59,17,34,136,136,136,136,136,136,(X),(X),(X),136,22.1,13.6,15.2,16.9,5.2,10.8,12.8,12.8,12.8,12.8,12.8,12.8,(X),(X),(X),12.8
9020000US3205,3205,"Washoe County Set, Nevada",4210,"First-line supervisors of landscaping, lawn service, and groundskeeping workers 4210 (SOC 37-1012)",295,70,120,110,0,0,0,0,0,0,0,0,(X),(X),(X),0,100.0,23.7,40.7,37.3,0.0,0.0,0.0,0.0,0.0,0.0,0.0,0.0,(X),(X),(X),0.0,290,70,120,100,0,0,0,0,0,0,0,0,(X),(X),(X),0,98.3,23.7,40.7,33.9,0.0,0.0,0.0,0.0,0.0,0.0,0.0,0.0,(X),(X),(X),0.0,10,0,0,10,0,0,0,0,0,0,0,0,(X),(X),(X),0,3.4,0.0,0.0,3.4,0.0,0.0,0.0,0.0,0.0,0.0,0.0,0.0,(X),(X),(X),0.0,126,67,94,58,136,136,136,136,136,136,136,136,(X),(X),(X),136,13.4,20.0,25.6,20.6,13.4,13.4,13.4,13.4,13.4,13.4,13.4,13.4,(X),(X),(X),13.4,128,67,94,56,136,136,136,136,136,136,136,136,(X),(X),(X),136,6.8,20.0,25.6,19.2,13.4,13.4,13.4,13.4,13.4,13.4,13.4,13.4,(X),(X),(X),13.4,16,136,136,16,136,136,136,136,136,136,136,136,(X),(X),(X),136,5.6,13.4,13.4,5.6,13.4,13.4,13.4,13.4,13.4,13.4,13.4,13.4,(X),(X),(X),13.4
9020000US3205,3205,"Washoe County Set, Nevada",4220,Janitors and building cleaners 4220 (SOC 37-201X),3985,1095,665,1795,45,25,280,70,0,0,0,15,(X),(X),(X),0,100.0,27.5,16.7,45.0,1.1,0.6,7.0,1.8,0.0,0.0,0.0,0.4,(X),(X),(X),0.0,3025,745,545,1420,25,20,185,70,0,0,0,15,(X),(X),(X),0,75.9,18.7,13.7,35.6,0.6,0.5,4.6,1.8,0.0,0.0,0.0,0.4,(X),(X),(X),0.0,960,345,120,375,20,4,95,0,0,0,0,0,(X),(X),(X),0,24.1,8.7,3.0,9.4,0.5,0.1,2.4,0.0,0.0,0.0,0.0,0.0,(X),(X),(X),0.0,583,301,238,365,45,22,125,79,136,136,136,25,(X),(X),(X),136,1.1,6.1,5.2,7.4,1.1,0.6,2.9,2.0,1.1,1.1,1.1,0.6,(X),(X),(X),1.1,541,264,236,309,33,22,95,79,136,136,136,25,(X),(X),(X),136,6.0,5.4,5.4,6.4,0.8,0.6,2.3,2.0,1.1,1.1,1.1,0.6,(X),(X),(X),1.1,253,140,89,154,32,11,83,136,136,136,136,136,(X),(X),(X),136,6.0,3.7,2.2,3.7,0.8,0.3,2.0,1.1,1.1,1.1,1.1,1.1,(X),(X),(X),1.1
9020000US3205,3205,"Washoe County Set, Nevada",4230,Maids and housekeeping cleaners 4230 (SOC 37-2012),3035,1230,930,595,4,10,165,85,0,0,0,0,(X),(X),(X),10,100.0,40.5,30.6,19.6,0.1,0.3,5.4,2.8,0.0,0.0,0.0,0.0,(X),(X),(X),0.3,355,15,125,115,4,4,65,10,0,0,0,0,(X),(X),(X),10,11.7,0.5,4.1,3.8,0.1,0.1,2.1,0.3,0.0,0.0,0.0,0.0,(X),(X),(X),0.3,2685,1210,805,480,0,10,100,75,0,0,0,0,(X),(X),(X),0,88.5,39.9,26.5,15.8,0.0,0.3,3.3,2.5,0.0,0.0,0.0,0.0,(X),(X),(X),0.0,398,288,225,194,13,19,109,104,136,136,136,136,(X),(X),(X),21,1.4,7.2,7.5,5.9,0.4,0.6,3.6,3.3,1.4,1.4,1.4,1.4,(X),(X),(X),0.7,150,28,97,72,13,3,58,28,136,136,136,136,(X),(X),(X),21,4.6,0.9,3.2,2.3,0.4,0.1,1.9,0.9,1.4,1.4,1.4,1.4,(X),(X),(X),0.7,374,283,189,170,136,15,76,98,136,136,136,136,(X),(X),(X),136,4.7,7.2,6.5,5.3,1.4,0.5,2.5,3.1,1.4,1.4,1.4,1.4,(X),(X),(X),1.4
9020000US3205,3205,"Washoe County Set, Nevada",4240,Pest control workers 4240 (SOC 37-2021),80,15,0,55,0,0,15,0,0,0,0,0,(X),(X),(X),0,100.0,18.8,0.0,68.8,0.0,0.0,18.8,0.0,0.0,0.0,0.0,0.0,(X),(X),(X),0.0,80,15,0,55,0,0,15,0,0,0,0,0,(X),(X),(X),0,100.0,18.8,0.0,68.8,0.0,0.0,18.8,0.0,0.0,0.0,0.0,0.0,(X),(X),(X),0.0,0,0,0,0,0,0,0,0,0,0,0,0,(X),(X),(X),0,0.0,0.0,0.0,0.0,0.0,0.0,0.0,0.0,0.0,0.0,0.0,0.0,(X),(X),(X),0.0,63,24,136,58,136,136,22,136,136,136,136,136,(X),(X),(X),136,37.9,30.6,37.9,39.6,37.9,37.9,27.8,37.9,37.9,37.9,37.9,37.9,(X),(X),(X),37.9,63,24,136,58,136,136,22,136,136,136,136,136,(X),(X),(X),136,37.9,30.6,37.9,39.6,37.9,37.9,27.8,37.9,37.9,37.9,37.9,37.9,(X),(X),(X),37.9,136,136,136,136,136,136,136,136,136,136,136,136,(X),(X),(X),136,37.9,37.9,37.9,37.9,37.9,37.9,37.9,37.9,37.9,37.9,37.9,37.9,(X),(X),(X),37.9
9020000US3205,3205,"Washoe County Set, Nevada",4250,Grounds maintenance workers 4250 (SOC 37-3010),2190,935,510,665,0,40,45,0,0,0,0,0,(X),(X),(X),0,100.0,42.7,23.3,30.4,0.0,1.8,2.1,0.0,0.0,0.0,0.0,0.0,(X),(X),(X),0.0,2055,920,440,650,0,4,45,0,0,0,0,0,(X),(X),(X),0,93.8,42.0,20.1,29.7,0.0,0.2,2.1,0.0,0.0,0.0,0.0,0.0,(X),(X),(X),0.0,135,15,70,15,0,35,0,0,0,0,0,0,(X),(X),(X),0,6.2,0.7,3.2,0.7,0.0,1.6,0.0,0.0,0.0,0.0,0.0,0.0,(X),(X),(X),0.0,545,440,212,174,136,50,43,136,136,136,136,136,(X),(X),(X),136,1.9,13.0,8.9,8.1,1.9,2.3,2.0,1.9,1.9,1.9,1.9,1.9,(X),(X),(X),1.9,542,446,217,173,136,2,43,136,136,136,136,136,(X),(X),(X),136,4.3,13.3,9.1,8.2,1.9,0.1,2.0,1.9,1.9,1.9,1.9,1.9,(X),(X),(X),1.9,93,25,63,26,136,49,136,136,136,136,136,136,(X),(X),(X),136,4.3,1.2,2.9,1.2,1.9,2.3,1.9,1.9,1.9,1.9,1.9,1.9,(X),(X),(X),1.9
9020000US3205,3205,"Washoe County Set, Nevada",4300,First-line supervisors of gaming workers 4300 (SOC 39-1010),1265,135,40,790,0,25,255,0,0,0,0,0,(X),(X),(X),15,100.0,10.7,3.2,62.5,0.0,2.0,20.2,0.0,0.0,0.0,0.0,0.0,(X),(X),(X),1.2,815,100,30,545,0,0,140,0,0,0,0,0,(X),(X),(X),0,64.4,7.9,2.4,43.1,0.0,0.0,11.1,0.0,0.0,0.0,0.0,0.0,(X),(X),(X),0.0,455,40,10,245,0,25,120,0,0,0,0,0,(X),(X),(X),15,36.0,3.2,0.8,19.4,0.0,2.0,9.5,0.0,0.0,0.0,0.0,0.0,(X),(X),(X),1.2,277,73,53,221,136,29,127,136,136,136,136,136,(X),(X),(X),27,3.3,5.9,4.1,10.0,3.3,2.3,8.5,3.3,3.3,3.3,3.3,3.3,(X),(X),(X),2.2,209,68,50,166,136,136,102,136,136,136,136,136,(X),(X),(X),136,9.9,5.5,3.8,10.1,3.3,3.3,7.4,3.3,3.3,3.3,3.3,3.3,(X),(X),(X),3.3,164,40,19,138,136,29,69,136,136,136,136,136,(X),(X),(X),27,10.0,3.1,1.5,9.4,3.3,2.3,5.1,3.3,3.3,3.3,3.3,3.3,(X),(X),(X),2.2
9020000US3205,3205,"Washoe County Set, Nevada",4320,First-line supervisors of personal service workers 4320 (SOC 39-1021),300,15,0,265,0,0,20,0,0,0,0,0,(X),(X),(X),0,100.0,5.0,0.0,88.3,0.0,0.0,6.7,0.0,0.0,0.0,0.0,0.0,(X),(X),(X),0.0,125,0,0,115,0,0,10,0,0,0,0,0,(X),(X),(X),0,41.7,0.0,0.0,38.3,0.0,0.0,3.3,0.0,0.0,0.0,0.0,0.0,(X),(X),(X),0.0,175,15,0,145,0,0,10,0,0,0,0,0,(X),(X),(X),0,58.3,5.0,0.0,48.3,0.0,0.0,3.3,0.0,0.0,0.0,0.0,0.0,(X),(X),(X),0.0,121,28,136,123,136,136,26,136,136,136,136,136,(X),(X),(X),136,13.2,9.5,13.2,16.5,13.2,13.2,9.6,13.2,13.2,13.2,13.2,13.2,(X),(X),(X),13.2,79,136,136,78,136,136,16,136,136,136,136,136,(X),(X),(X),136,21.8,13.2,13.2,21.8,13.2,13.2,5.5,13.2,13.2,13.2,13.2,13.2,(X),(X),(X),13.2,97,28,136,93,136,136,23,136,136,136,136,136,(X),(X),(X),136,21.3,9.5,13.2,21.6,13.2,13.2,8.4,13.2,13.2,13.2,13.2,13.2,(X),(X),(X),13.2
