source,file_path,sheet_name,mime_type,labels_path,uuid
abs_spreadsheets,spreadsheets/5368037c__0.xlsx,Data1,application/vnd.openxmlformats-officedocument.spreadsheetml.sheet,annotations/annotations_32c64b02-3a3c-45d9-bade-49dae41aafea.npz,32c64b02-3a3c-45d9-bade-49dae41aafea
abs_spreadsheets,spreadsheets/3401017__3.xlsx,Table 17.5,application/vnd.openxmlformats-officedocument.spreadsheetml.sheet,annotations/annotations_3d10dbea-7dd3-4a63-b6dc-aca3a7df9d44.npz,3d10dbea-7dd3-4a63-b6dc-aca3a7df9d44
abs_spreadsheets,spreadsheets/6524055002_DO005__4.xlsx,Table 5.1,application/vnd.openxmlformats-officedocument.spreadsheetml.sheet,annotations/annotations_7a3cdff8-728c-45b0-a485-1c94be9486a3.npz,7a3cdff8-728c-45b0-a485-1c94be9486a3
abs_spreadsheets,spreadsheets/55120DO019_202223__5.xlsx,Table_2,application/vnd.openxmlformats-officedocument.spreadsheetml.sheet,annotations/annotations_e39f2923-041a-4c6b-afcb-7348b724d68f.npz,e39f2923-041a-4c6b-afcb-7348b724d68f
abs_spreadsheets,spreadsheets/87620018__7.xlsx,Data1,application/vnd.openxmlformats-officedocument.spreadsheetml.sheet,annotations/annotations_6926624b-41f9-4072-b6d8-494333158db4.npz,6926624b-41f9-4072-b6d8-494333158db4
abs_spreadsheets,spreadsheets/87310061__10.xls,Data1,application/vnd.ms-excel,annotations/annotations_7212905d-6f3a-459f-934d-06c305aa97a0.npz,7212905d-6f3a-459f-934d-06c305aa97a0
abs_spreadsheets,spreadsheets/87520062__12.xlsx,Data1,application/vnd.openxmlformats-officedocument.spreadsheetml.sheet,annotations/annotations_0a01b336-7103-403d-9417-585d5aa16457.npz,0a01b336-7103-403d-9417-585d5aa16457
abs_spreadsheets,spreadsheets/EQ08__13.xlsx,Table 1,application/vnd.openxmlformats-officedocument.spreadsheetml.sheet,annotations/annotations_3654bb65-4c9e-4be7-8adc-e8df3a6e8ca5.npz,3654bb65-4c9e-4be7-8adc-e8df3a6e8ca5
abs_spreadsheets,spreadsheets/565507__14.xls,Data1,application/vnd.ms-excel,annotations/annotations_15683aa2-87f7-40a8-949c-eb0f011879e2.npz,15683aa2-87f7-40a8-949c-eb0f011879e2
abs_spreadsheets,spreadsheets/55120DO055_202223__15.xlsx,Table_2,application/vnd.openxmlformats-officedocument.spreadsheetml.sheet,annotations/annotations_c0f88b67-73a0-4fb6-a782-bbb51b5a2c3d.npz,c0f88b67-73a0-4fb6-a782-bbb51b5a2c3d
abs_spreadsheets,spreadsheets/34150DS0091_2016_Marriages%20and%20Divorces_Migrants__16.xls,Table 1,application/vnd.ms-excel,annotations/annotations_adc9abad-b64c-4d2c-bc8b-15584e34972a.npz,adc9abad-b64c-4d2c-bc8b-15584e34972a
abs_spreadsheets,spreadsheets/560126__18.xlsx,Data1,application/vnd.openxmlformats-officedocument.spreadsheetml.sheet,annotations/annotations_9afa82e6-7b65-4e13-83db-a14ed577a1f1.npz,9afa82e6-7b65-4e13-83db-a14ed577a1f1
abs_spreadsheets,spreadsheets/6291029a__20.xlsx,Data1,application/vnd.openxmlformats-officedocument.spreadsheetml.sheet,annotations/annotations_f44c841b-6601-449a-8b7a-e193c2216b7a.npz,f44c841b-6601-449a-8b7a-e193c2216b7a
abs_spreadsheets,spreadsheets/6291024a__21.xlsx,Data4,application/vnd.openxmlformats-officedocument.spreadsheetml.sheet,annotations/annotations_04864b27-8f2c-4255-9088-2039927591d3.npz,04864b27-8f2c-4255-9088-2039927591d3
abs_spreadsheets,spreadsheets/87310064__22.xls,Data1,application/vnd.ms-excel,annotations/annotations_e2b8fea8-eccf-412d-b44f-ea4f6e7da42e.npz,e2b8fea8-eccf-412d-b44f-ea4f6e7da42e
abs_spreadsheets,spreadsheets/87520020__25.xlsx,Data1,application/vnd.openxmlformats-officedocument.spreadsheetml.sheet,annotations/annotations_8d18da5a-9824-4cd7-9102-9c11666f231e.npz,8d18da5a-9824-4cd7-9102-9c11666f231e
abs_spreadsheets,spreadsheets/5368036c__26.xlsx,Data1,application/vnd.openxmlformats-officedocument.spreadsheetml.sheet,annotations/annotations_76b64b53-cc70-417c-b6b3-233a970b24b1.npz,76b64b53-cc70-417c-b6b3-233a970b24b1
abs_spreadsheets,spreadsheets/5220020_Annual_Household_AUS__27.xls,Data1,application/vnd.ms-excel,annotations/annotations_47523213-db99-4cab-81b8-c57504b8b766.npz,47523213-db99-4cab-81b8-c57504b8b766
abs_spreadsheets,spreadsheets/7215017__28.xls,Data1,application/vnd.ms-excel,annotations/annotations_73192312-1ffc-40d7-8906-072d0d83989a.npz,73192312-1ffc-40d7-8906-072d0d83989a
abs_spreadsheets,spreadsheets/310102__29.xls,Data1,application/vnd.ms-excel,annotations/annotations_b780845e-7803-4bfd-aca1-944eeadcb007.npz,b780845e-7803-4bfd-aca1-944eeadcb007
abs_spreadsheets,spreadsheets/560128__30.xls,Data1,application/vnd.ms-excel,annotations/annotations_4efb2d40-1a5f-4f36-a7a4-87ae2efd3a9e.npz,4efb2d40-1a5f-4f36-a7a4-87ae2efd3a9e
abs_spreadsheets,spreadsheets/Employed%20Persons-Commentary%20Graphs%20for%20Main%20Features__31.xls,Sheet1,application/vnd.ms-excel,annotations/annotations_76cfbaad-7805-4184-890d-3107b89ed78f.npz,76cfbaad-7805-4184-890d-3107b89ed78f
abs_spreadsheets,spreadsheets/8755005__32.xls,Data1,application/vnd.ms-excel,annotations/annotations_9747676f-8864-40e4-a125-fb09c500781a.npz,9747676f-8864-40e4-a125-fb09c500781a
abs_spreadsheets,spreadsheets/5206034_key_aggregates_and_analytical_series_annual_data__33.xls,Data1,application/vnd.ms-excel,annotations/annotations_ad861c3c-1ee1-4006-8805-10491dd74da3.npz,ad861c3c-1ee1-4006-8805-10491dd74da3
abs_spreadsheets,spreadsheets/56760018__34.xlsx,Data1,application/vnd.openxmlformats-officedocument.spreadsheetml.sheet,annotations/annotations_df912b13-bfe6-462b-a224-25313e89b460.npz,df912b13-bfe6-462b-a224-25313e89b460
abs_spreadsheets,spreadsheets/6291003__35.xlsx,Data3,application/vnd.openxmlformats-officedocument.spreadsheetml.sheet,annotations/annotations_1bd1ad9d-0d15-42c6-a1af-07c21de0ea4e.npz,1bd1ad9d-0d15-42c6-a1af-07c21de0ea4e
abs_spreadsheets,spreadsheets/64570do001_202006__36.xls,Table_2,application/vnd.ms-excel,annotations/annotations_123d7c6e-3a14-4719-ac2b-0d9870803a64.npz,123d7c6e-3a14-4719-ac2b-0d9870803a64
abs_spreadsheets,spreadsheets/5368036d__37.xlsx,Data2,application/vnd.openxmlformats-officedocument.spreadsheetml.sheet,annotations/annotations_14be90d2-ccfe-44a3-9be9-a4ea59239e84.npz,14be90d2-ccfe-44a3-9be9-a4ea59239e84
abs_spreadsheets,spreadsheets/5206002_Expenditure_Volume_Measures__39.xls,Data1,application/vnd.ms-excel,annotations/annotations_0a9e3d8f-12be-4bfd-b8ae-b1af7adc737a.npz,0a9e3d8f-12be-4bfd-b8ae-b1af7adc737a
abs_spreadsheets,spreadsheets/3401015__40.xlsx,Table 1.2,application/vnd.openxmlformats-officedocument.spreadsheetml.sheet,annotations/annotations_2982cc88-11d0-433e-a1c4-c274eaa48642.npz,2982cc88-11d0-433e-a1c4-c274eaa48642
abs_spreadsheets,spreadsheets/5676005__41.xls,Data1,application/vnd.ms-excel,annotations/annotations_e70ff021-b2f3-4c8c-be67-6cb9762c74ac.npz,e70ff021-b2f3-4c8c-be67-6cb9762c74ac
abs_spreadsheets,spreadsheets/87310do024_202212__42.xlsx,Table_1,application/vnd.openxmlformats-officedocument.spreadsheetml.sheet,annotations/annotations_72d0fbfe-f9a6-47b0-8604-d6772261280d.npz,72d0fbfe-f9a6-47b0-8604-d6772261280d
abs_spreadsheets,spreadsheets/8731005__43.xls,Data1,application/vnd.ms-excel,annotations/annotations_51f808fa-8d71-4be1-9411-db2767c98da2.npz,51f808fa-8d71-4be1-9411-db2767c98da2
abs_spreadsheets,spreadsheets/5368031__45.xls,Data1,application/vnd.ms-excel,annotations/annotations_6688c6fc-3abb-411b-bbf3-ad7c8a7450fd.npz,6688c6fc-3abb-411b-bbf3-ad7c8a7450fd
abs_spreadsheets,spreadsheets/3101056__46.xls,Data1,application/vnd.ms-excel,annotations/annotations_18d96f14-639d-4c9f-bd63-6d8964b16131.npz,18d96f14-639d-4c9f-bd63-6d8964b16131
abs_spreadsheets,spreadsheets/5368091__50.xlsx,Data1,application/vnd.openxmlformats-officedocument.spreadsheetml.sheet,annotations/annotations_162f8967-53e7-4bda-ae08-d053e3e53e7c.npz,162f8967-53e7-4bda-ae08-d053e3e53e7c
abs_spreadsheets,spreadsheets/5681010_Information_media_telecommunications__51.xlsx,Data1,application/vnd.openxmlformats-officedocument.spreadsheetml.sheet,annotations/annotations_77a0c4ea-175a-4ccb-a243-56019535ccaf.npz,77a0c4ea-175a-4ccb-a243-56019535ccaf
abs_spreadsheets,spreadsheets/560115__52.xlsx,Data1,application/vnd.openxmlformats-officedocument.spreadsheetml.sheet,annotations/annotations_2c298f60-ddfe-4996-bf10-7e848f9b03e0.npz,2c298f60-ddfe-4996-bf10-7e848f9b03e0
abs_spreadsheets,spreadsheets/560123__54.xlsx,Data1,application/vnd.openxmlformats-officedocument.spreadsheetml.sheet,annotations/annotations_93dfbce3-4055-4c95-9b5c-544d43bc739b.npz,93dfbce3-4055-4c95-9b5c-544d43bc739b
abs_spreadsheets,spreadsheets/87520042__56.xlsx,Data1,application/vnd.openxmlformats-officedocument.spreadsheetml.sheet,annotations/annotations_f0b3554c-6bcd-4e18-bc2f-8cbc74c80183.npz,f0b3554c-6bcd-4e18-bc2f-8cbc74c80183
abs_spreadsheets,spreadsheets/5368034__57.xls,Data1,application/vnd.ms-excel,annotations/annotations_7c4cc1d7-04de-4c76-9d3d-dad1f9ec2cf0.npz,7c4cc1d7-04de-4c76-9d3d-dad1f9ec2cf0
abs_spreadsheets,spreadsheets/55120DO034_201920__59.xls,Table_2,application/vnd.ms-excel,annotations/annotations_0c43a0c0-6725-495c-a542-f97a199a7df7.npz,0c43a0c0-6725-495c-a542-f97a199a7df7
abs_spreadsheets,spreadsheets/13500DO015_200910__60.xls,Table_18,application/vnd.ms-excel,annotations/annotations_3dc17906-327c-4e12-bd76-5cab92bad079.npz,3dc17906-327c-4e12-bd76-5cab92bad079
abs_spreadsheets,spreadsheets/5206038_National_Income_Account_Annual__61.xlsx,Data1,application/vnd.openxmlformats-officedocument.spreadsheetml.sheet,annotations/annotations_1c844969-01d6-4540-85a2-c53a72e5104f.npz,1c844969-01d6-4540-85a2-c53a72e5104f
abs_spreadsheets,spreadsheets/63020014C__63.xlsx,Data1,application/vnd.openxmlformats-officedocument.spreadsheetml.sheet,annotations/annotations_7e416fe0-576e-4eec-89fa-7141af44089d.npz,7e416fe0-576e-4eec-89fa-7141af44089d
abs_spreadsheets,spreadsheets/87310do014_202001__66.xls,Table_1,application/vnd.ms-excel,annotations/annotations_b99c4f1a-e33b-462d-a61d-52a65d01dc8f.npz,b99c4f1a-e33b-462d-a61d-52a65d01dc8f
abs_spreadsheets,spreadsheets/560108__70.xlsx,Data1,application/vnd.openxmlformats-officedocument.spreadsheetml.sheet,annotations/annotations_8d3352db-5c31-4f02-a3ad-5b4ea8cc9790.npz,8d3352db-5c31-4f02-a3ad-5b4ea8cc9790
abs_spreadsheets,spreadsheets/6291024a__74.xlsx,Data2,application/vnd.openxmlformats-officedocument.spreadsheetml.sheet,annotations/annotations_4b58ee4c-005d-477d-8a2b-d134ad8e9c83.npz,4b58ee4c-005d-477d-8a2b-d134ad8e9c83
abs_spreadsheets,spreadsheets/7215004__75.xlsx,Data1,application/vnd.openxmlformats-officedocument.spreadsheetml.sheet,annotations/annotations_2e056a7d-828b-46be-b598-bb9f113abd07.npz,2e056a7d-828b-46be-b598-bb9f113abd07
abs_spreadsheets,spreadsheets/6124055002ds0012_2019__77.xls,Table 7.3,application/vnd.ms-excel,annotations/annotations_5a797996-9d47-4b30-beb5-cb0dffebf70c.npz,5a797996-9d47-4b30-beb5-cb0dffebf70c
abs_spreadsheets,spreadsheets/6291014b__78.xls,Data1,application/vnd.ms-excel,annotations/annotations_89fd587a-bbc5-4ed1-858a-17253cb1a79b.npz,89fd587a-bbc5-4ed1-858a-17253cb1a79b
abs_spreadsheets,spreadsheets/5368013a__79.xlsx,Data1,application/vnd.openxmlformats-officedocument.spreadsheetml.sheet,annotations/annotations_3b197fdc-371a-447c-87cd-556f435ded20.npz,3b197fdc-371a-447c-87cd-556f435ded20
abs_spreadsheets,spreadsheets/87310077__80.xls,Data1,application/vnd.ms-excel,annotations/annotations_aa5adc7c-ba0e-4daa-9865-f954cfd7289f.npz,aa5adc7c-ba0e-4daa-9865-f954cfd7289f
abs_spreadsheets,spreadsheets/5368036g__81.xlsx,Data2,application/vnd.openxmlformats-officedocument.spreadsheetml.sheet,annotations/annotations_9d4361b9-c669-44d7-b4d1-6c97d63ceee7.npz,9d4361b9-c669-44d7-b4d1-6c97d63ceee7
abs_spreadsheets,spreadsheets/5676003__83.xls,Data1,application/vnd.ms-excel,annotations/annotations_bb5f5542-2791-4dc2-b0d7-63135e2203ae.npz,bb5f5542-2791-4dc2-b0d7-63135e2203ae
abs_spreadsheets,spreadsheets/87520076__84.xlsx,Data1,application/vnd.openxmlformats-officedocument.spreadsheetml.sheet,annotations/annotations_d66e1158-6e75-4a63-b965-8e848d01580b.npz,d66e1158-6e75-4a63-b965-8e848d01580b
abs_spreadsheets,spreadsheets/7215DO002_202106__85.xls,Table 2,application/vnd.ms-excel,annotations/annotations_8f7c4554-62d8-4108-9b10-a08f58da335d.npz,8f7c4554-62d8-4108-9b10-a08f58da335d
abs_spreadsheets,spreadsheets/87310029__86.xlsx,Data1,application/vnd.openxmlformats-officedocument.spreadsheetml.sheet,annotations/annotations_5d4a71be-915a-4e3d-a06b-8b2e94fd7617.npz,5d4a71be-915a-4e3d-a06b-8b2e94fd7617
abs_spreadsheets,spreadsheets/46100DO001_202122__93.xlsx,Table 1.2,application/vnd.openxmlformats-officedocument.spreadsheetml.sheet,annotations/annotations_dd5b410d-4d8a-4435-89ba-5482aa07f0e0.npz,dd5b410d-4d8a-4435-89ba-5482aa07f0e0
abs_spreadsheets,spreadsheets/6291016b__95.xls,Data5,application/vnd.ms-excel,annotations/annotations_38941452-3ba7-4b78-87bf-05f2bd1fcbdc.npz,38941452-3ba7-4b78-87bf-05f2bd1fcbdc
abs_spreadsheets,spreadsheets/87520067__96.xlsx,Data1,application/vnd.openxmlformats-officedocument.spreadsheetml.sheet,annotations/annotations_af5d03be-8dc9-4cfe-ba23-b9d98aef462d.npz,af5d03be-8dc9-4cfe-ba23-b9d98aef462d
abs_spreadsheets,spreadsheets/536803__97.xlsx,Data1,application/vnd.openxmlformats-officedocument.spreadsheetml.sheet,annotations/annotations_67b8a9b7-1dcc-41d6-8152-8e2fb9832080.npz,67b8a9b7-1dcc-41d6-8152-8e2fb9832080
abs_spreadsheets,spreadsheets/56760015__98.xls,Data1,application/vnd.ms-excel,annotations/annotations_ca087066-2813-4296-b636-d22a3d0d539a.npz,ca087066-2813-4296-b636-d22a3d0d539a
abs_spreadsheets,spreadsheets/87310074__99.xls,Data1,application/vnd.ms-excel,annotations/annotations_127865ab-2d0e-4588-a87a-642ef77d2b62.npz,127865ab-2d0e-4588-a87a-642ef77d2b62
bea_spreadsheets,spreadsheets/Part%20I%20H3-H12__2.xls,I.H 11,application/vnd.ms-excel,annotations/annotations_a9725c5f-8726-4c71-8646-c2dc8157ebce.npz,a9725c5f-8726-4c71-8646-c2dc8157ebce
bea_spreadsheets,spreadsheets/Part%20I%20G1-G5%20__3.xls,Table I.G 3,application/vnd.ms-excel,annotations/annotations_5c1bc3ea-2af2-4d70-aab7-c48044fb0cc4.npz,5c1bc3ea-2af2-4d70-aab7-c48044fb0cc4
bea_spreadsheets,spreadsheets/Part%20I%20H3-H12__4.xls,I.H 4,application/vnd.ms-excel,annotations/annotations_0c19d336-fe6b-4732-aa4f-3e944063937f.npz,0c19d336-fe6b-4732-aa4f-3e944063937f
bea_spreadsheets,spreadsheets/Part%20II%20B1-2-B12%20__6.xls,II.B 11,application/vnd.ms-excel,annotations/annotations_540a2362-0a5f-4c35-87cd-f0e935254bf6.npz,540a2362-0a5f-4c35-87cd-f0e935254bf6
bea_spreadsheets,spreadsheets/Part%20II%20H1-H13__8.xls,Table II.H 12,application/vnd.ms-excel,annotations/annotations_c4239fce-31df-43fb-b936-1b65ff70db8d.npz,c4239fce-31df-43fb-b936-1b65ff70db8d
bea_spreadsheets,spreadsheets/Part%20II%20A1-A2%20__10.xls,II.A 2(4),application/vnd.ms-excel,annotations/annotations_2ee1a8d4-faee-4d35-a0db-ea58f3e1a1dc.npz,2ee1a8d4-faee-4d35-a0db-ea58f3e1a1dc
bea_spreadsheets,spreadsheets/Part%20I%20K1-R2%20__11.xls,I.R 2,application/vnd.ms-excel,annotations/annotations_792e5bcd-ae4f-4fbe-b833-47b7d73ebaf5.npz,792e5bcd-ae4f-4fbe-b833-47b7d73ebaf5
bea_spreadsheets,spreadsheets/Part%20I%20Q1__12.xls,I.Q 1(3),application/vnd.ms-excel,annotations/annotations_be747ab9-4dd5-4394-bbc2-98e94e0a8b84.npz,be747ab9-4dd5-4394-bbc2-98e94e0a8b84
bea_spreadsheets,spreadsheets/Part%20II%20D1-D13%20__13.xls,II.D 1,application/vnd.ms-excel,annotations/annotations_d1311943-a6ee-462c-892c-ce3d2ed96059.npz,d1311943-a6ee-462c-892c-ce3d2ed96059
bea_spreadsheets,spreadsheets/Part%20I%20G1-G5__14.xls,Table I.G 3,application/vnd.ms-excel,annotations/annotations_179a1990-128a-47af-9534-c2b972ed1e53.npz,179a1990-128a-47af-9534-c2b972ed1e53
bea_spreadsheets,spreadsheets/Part%20II%20G1-G5%20__16.xls,II.G 4,application/vnd.ms-excel,annotations/annotations_a9517fc3-0de1-4b9b-9c10-6b520e8a94ed.npz,a9517fc3-0de1-4b9b-9c10-6b520e8a94ed
bea_spreadsheets,spreadsheets/Part%20I%20K1-R2%20__17.xls,I.O 2,application/vnd.ms-excel,annotations/annotations_574ca830-99a3-4ff3-83a4-79881360876f.npz,574ca830-99a3-4ff3-83a4-79881360876f
bea_spreadsheets,spreadsheets/Part%20I%20A1-A2%20__19.xls,I.A 2(1),application/vnd.ms-excel,annotations/annotations_1b7d3250-1e14-4a6f-9efb-ae7185d90e28.npz,1b7d3250-1e14-4a6f-9efb-ae7185d90e28
bea_spreadsheets,spreadsheets/Part%20I%20A1-A2%20__20.xls,I.A 2(2),application/vnd.ms-excel,annotations/annotations_6ae534ff-f65f-4e8d-af48-ba428541e4d5.npz,6ae534ff-f65f-4e8d-af48-ba428541e4d5
bea_spreadsheets,spreadsheets/Part%20III%20A1__21.xls,III.A 1,application/vnd.ms-excel,annotations/annotations_f7287e0e-2ab6-43c4-95db-3596897c5b0a.npz,f7287e0e-2ab6-43c4-95db-3596897c5b0a
bea_spreadsheets,spreadsheets/Part%20I%20N1-P1%20__22.xls,I.O 2(6),application/vnd.ms-excel,annotations/annotations_98c0992f-c9cb-4c18-b39a-0da50066d32e.npz,98c0992f-c9cb-4c18-b39a-0da50066d32e
bea_spreadsheets,spreadsheets/Part%20I%20G1-G7__23.xls,Table I.G 1,application/vnd.ms-excel,annotations/annotations_0d37a123-47cf-4230-a49d-2668a427b741.npz,0d37a123-47cf-4230-a49d-2668a427b741
bea_spreadsheets,spreadsheets/Part%20II%20E1-E17__24.xls,Table II.E 8,application/vnd.ms-excel,annotations/annotations_fb1a5eeb-43aa-4772-8aea-045e69a77997.npz,fb1a5eeb-43aa-4772-8aea-045e69a77997
bea_spreadsheets,spreadsheets/Part%20II%20I1-I10__28.xls,II.I 9,application/vnd.ms-excel,annotations/annotations_28a2a08e-d233-4ea6-92f7-e7823a501852.npz,28a2a08e-d233-4ea6-92f7-e7823a501852
bea_spreadsheets,spreadsheets/Part%20I%20D1-D12%20__29.xls,I.D 1,application/vnd.ms-excel,annotations/annotations_79ec7b5f-3b16-4f50-9bda-fc09a3eea95d.npz,79ec7b5f-3b16-4f50-9bda-fc09a3eea95d
bea_spreadsheets,spreadsheets/Part%20II%20F1-F9%20__31.xls,II.F 8,application/vnd.ms-excel,annotations/annotations_8eb8f551-a0fb-4b0f-b160-4f597bfe96a2.npz,8eb8f551-a0fb-4b0f-b160-4f597bfe96a2
bea_spreadsheets,spreadsheets/Part%20II%20C4-C6%20__32.xls,II.C 6,application/vnd.ms-excel,annotations/annotations_c73ed46d-24f6-4dc5-8294-e624f868a703.npz,c73ed46d-24f6-4dc5-8294-e624f868a703
bea_spreadsheets,spreadsheets/Part%20I%20G1-G5%20__33.xls,Table I.G 1,application/vnd.ms-excel,annotations/annotations_bb4634a2-465f-4090-ad23-01c7b3bd1462.npz,bb4634a2-465f-4090-ad23-01c7b3bd1462
bea_spreadsheets,spreadsheets/Part%20II%20A1-A2__34.xls,Table II. A 2(2),application/vnd.ms-excel,annotations/annotations_34e73b52-3aa8-4a27-89da-7487537ab3f8.npz,34e73b52-3aa8-4a27-89da-7487537ab3f8
bea_spreadsheets,spreadsheets/Part%20II%20J1-J2__35.xls,II.J1,application/vnd.ms-excel,annotations/annotations_8cfb4963-bd91-47ac-91dc-479eb3a35368.npz,8cfb4963-bd91-47ac-91dc-479eb3a35368
bea_spreadsheets,spreadsheets/Part%20I%20D3-D12%20__40.xls,Table I.D 10,application/vnd.ms-excel,annotations/annotations_365cb0bb-a48d-4569-9db5-012c537b4504.npz,365cb0bb-a48d-4569-9db5-012c537b4504
bea_spreadsheets,spreadsheets/Part%20II%20C4-C6%20__42.xls,II.C 6,application/vnd.ms-excel,annotations/annotations_690bf705-99c4-4f83-b1bf-ca2b0f8340ea.npz,690bf705-99c4-4f83-b1bf-ca2b0f8340ea
bea_spreadsheets,spreadsheets/Part%20I%20D3-D12__43.xls,Table I.D 9,application/vnd.ms-excel,annotations/annotations_26af794f-ed4b-4f78-b3d1-f3a75808cf93.npz,26af794f-ed4b-4f78-b3d1-f3a75808cf93
bea_spreadsheets,spreadsheets/Part%20I%20B1-B8%20__44.xls,I.B 1,application/vnd.ms-excel,annotations/annotations_d931bcf6-861b-4ce0-9318-717c0c13fc4e.npz,d931bcf6-861b-4ce0-9318-717c0c13fc4e
bea_spreadsheets,spreadsheets/Part%20I%20S1-T1__45.xls,I.T 1,application/vnd.ms-excel,annotations/annotations_c90259b8-f9b7-4592-9893-0f10735fa260.npz,c90259b8-f9b7-4592-9893-0f10735fa260
bea_spreadsheets,spreadsheets/Part%20II%20I3-I12__46.xls,Table II.I 3,application/vnd.ms-excel,annotations/annotations_f7c917cd-2555-4dce-ae73-c778c11bbd60.npz,f7c917cd-2555-4dce-ae73-c778c11bbd60
bea_spreadsheets,spreadsheets/Part%20I%20G1-G5%20__47.xls,Table I.G 2,application/vnd.ms-excel,annotations/annotations_1a8a00bf-1c83-4d9c-9a10-af5216d5fde6.npz,1a8a00bf-1c83-4d9c-9a10-af5216d5fde6
bea_spreadsheets,spreadsheets/Personal%20Income%20Inequality%20Metrics%20by%20State__49.xlsx,PI Inequality Metrics by State,application/vnd.openxmlformats-officedocument.spreadsheetml.sheet,annotations/annotations_22001716-f2e9-4b98-a632-a656dbe22a65.npz,22001716-f2e9-4b98-a632-a656dbe22a65
bea_spreadsheets,spreadsheets/Part%20II%20B1-2-B12%20__53.xls,II.B 6,application/vnd.ms-excel,annotations/annotations_0c6b46f2-d6b4-42e4-8cd3-6f3413170e6e.npz,0c6b46f2-d6b4-42e4-8cd3-6f3413170e6e
bea_spreadsheets,spreadsheets/Part%20II%20D1-D13__54.xls,Table II.D 3,application/vnd.ms-excel,annotations/annotations_25055e94-95bb-4b27-b8d2-d5a81a2158bb.npz,25055e94-95bb-4b27-b8d2-d5a81a2158bb
bea_spreadsheets,spreadsheets/Part%20I%20A1-A2%20__59.xls,I.A 2(3),application/vnd.ms-excel,annotations/annotations_febc8e85-23a8-4385-bd92-1d810c837632.npz,febc8e85-23a8-4385-bd92-1d810c837632
bea_spreadsheets,spreadsheets/Part%20II%20A1-A2%20__60.xls,II.A 2(1),application/vnd.ms-excel,annotations/annotations_b9f450ac-d14c-4242-b9c8-1e84e60fd49c.npz,b9f450ac-d14c-4242-b9c8-1e84e60fd49c
bea_spreadsheets,spreadsheets/Part%20II%20J1-J2__61.xls,II.J2,application/vnd.ms-excel,annotations/annotations_0dd6ddda-0c87-4730-a43e-fadfb94b5719.npz,0dd6ddda-0c87-4730-a43e-fadfb94b5719
bea_spreadsheets,spreadsheets/SDMX-NA_MAIN_OECD_T0501_V1.9%20__62.xlsx,V,application/vnd.openxmlformats-officedocument.spreadsheetml.sheet,annotations/annotations_21f40c7a-dc2c-43d3-8206-bec9d8923172.npz,21f40c7a-dc2c-43d3-8206-bec9d8923172
bea_spreadsheets,spreadsheets/Part%20II%20I3-I12__63.xls,Table II.I 3,application/vnd.ms-excel,annotations/annotations_7e83e151-e968-468f-bf81-a785f876f5fe.npz,7e83e151-e968-468f-bf81-a785f876f5fe
bea_spreadsheets,spreadsheets/Part%20I%20C4-C5%20__64.xls,I.C 4,application/vnd.ms-excel,annotations/annotations_e4d6226a-ea44-46a9-8742-7ef592e9ac19.npz,e4d6226a-ea44-46a9-8742-7ef592e9ac19
bea_spreadsheets,spreadsheets/Part%20II%20E1-E18%20__65.xls,II.E 12,application/vnd.ms-excel,annotations/annotations_37f2b878-e715-4b17-81d6-f4f2adc98f7c.npz,37f2b878-e715-4b17-81d6-f4f2adc98f7c
bea_spreadsheets,spreadsheets/Part%20II%20G1-G5%20__66.xls,II.G 5,application/vnd.ms-excel,annotations/annotations_ba8df29f-ed74-4295-aa39-c534f0c6173c.npz,ba8df29f-ed74-4295-aa39-c534f0c6173c
bea_spreadsheets,spreadsheets/Part%20II%20F1-F9%20__68.xls,II.F 1,application/vnd.ms-excel,annotations/annotations_a1ed6083-187a-454f-941b-e96f5267ebbe.npz,a1ed6083-187a-454f-941b-e96f5267ebbe
bea_spreadsheets,spreadsheets/Part%20I%20A1-A2__69.xls,Table I.A 2(4),application/vnd.ms-excel,annotations/annotations_5312eb5a-9eb0-4cc4-ac2e-cf3efbc11ef2.npz,5312eb5a-9eb0-4cc4-ac2e-cf3efbc11ef2
bea_spreadsheets,spreadsheets/Part%20II%20H1-H13__72.xls,Table II.H 1,application/vnd.ms-excel,annotations/annotations_1de8b51c-ed95-40b9-9c69-eee5cbe6172e.npz,1de8b51c-ed95-40b9-9c69-eee5cbe6172e
bea_spreadsheets,spreadsheets/Part%20I%20D3-D12%20__73.xls,Table I.D 10,application/vnd.ms-excel,annotations/annotations_779eba26-9d13-4dbb-8bf2-6c5a2e910131.npz,779eba26-9d13-4dbb-8bf2-6c5a2e910131
bea_spreadsheets,spreadsheets/Part%20II%20G1-G5%20__81.xls,II.G 3,application/vnd.ms-excel,annotations/annotations_7d0695d9-6143-414f-80cd-a925dd00942a.npz,7d0695d9-6143-414f-80cd-a925dd00942a
bea_spreadsheets,spreadsheets/Currency%20use%20Table__83.xlsx,Sheet1,application/vnd.openxmlformats-officedocument.spreadsheetml.sheet,annotations/annotations_023ce821-bc6b-4599-9223-96d0a0099498.npz,023ce821-bc6b-4599-9223-96d0a0099498
bea_spreadsheets,spreadsheets/Part%20II%20C4-C6__85.xls,Table II.C 6,application/vnd.ms-excel,annotations/annotations_14a15c90-f439-46b2-8864-1121ff8bd224.npz,14a15c90-f439-46b2-8864-1121ff8bd224
bea_spreadsheets,spreadsheets/Part%20II%20J1-J2__88.xls,II.J1,application/vnd.ms-excel,annotations/annotations_75fea741-4ff3-44cf-a863-9145c57b20e1.npz,75fea741-4ff3-44cf-a863-9145c57b20e1
bea_spreadsheets,spreadsheets/Part%20II%20C4-C6%20__90.xls,II.C 6,application/vnd.ms-excel,annotations/annotations_bd42f145-b673-4c93-a8a5-adca46fa9893.npz,bd42f145-b673-4c93-a8a5-adca46fa9893
bea_spreadsheets,spreadsheets/Part%20II%20G1-G5__92.xls,Table II.G 4,application/vnd.ms-excel,annotations/annotations_77a6ee3c-f327-48f5-8512-e7498c876b13.npz,77a6ee3c-f327-48f5-8512-e7498c876b13
bea_spreadsheets,spreadsheets/State%20Rankings__93.xlsx,State PI Means and Medians,application/vnd.openxmlformats-officedocument.spreadsheetml.sheet,annotations/annotations_805ce92e-4e8b-4d6d-9632-bebedf8a018f.npz,805ce92e-4e8b-4d6d-9632-bebedf8a018f
bea_spreadsheets,spreadsheets/Part%20II%20E1-E17__94.xls,Table II.E 13,application/vnd.ms-excel,annotations/annotations_8d240d17-d577-4935-88d8-97a8ad6a7233.npz,8d240d17-d577-4935-88d8-97a8ad6a7233
bea_spreadsheets,spreadsheets/Part%20I%20H1-H12__95.xls,I.H 11,application/vnd.ms-excel,annotations/annotations_97ffbb00-0ea7-4c22-9a02-540c55e4a08b.npz,97ffbb00-0ea7-4c22-9a02-540c55e4a08b
bea_spreadsheets,spreadsheets/Part%20I%20U1-W2__96.xls,I.W 2,application/vnd.ms-excel,annotations/annotations_ea3331d7-b3b5-4e0f-9407-d0641d5af71e.npz,ea3331d7-b3b5-4e0f-9407-d0641d5af71e
bea_spreadsheets,spreadsheets/Part%20I%20K1-K2__98.xls,I.K 2,application/vnd.ms-excel,annotations/annotations_79bc841a-3555-4b07-bb74-7b0389c5db37.npz,79bc841a-3555-4b07-bb74-7b0389c5db37
census_spreadsheets,spreadsheets/2020LUCA_MC0900305910_address_countlist__2.csv,c2745a1e-dbd7-4dee-928c-c62f88b0983f,text/csv,annotations/annotations_c2745a1e-dbd7-4dee-928c-c62f88b0983f.npz,c2745a1e-dbd7-4dee-928c-c62f88b0983f
census_spreadsheets,spreadsheets/mtis1810__3.xls,Table 3,application/vnd.ms-excel,annotations/annotations_db467df2-cfc0-4636-af05-a739b62d6fb5.npz,db467df2-cfc0-4636-af05-a739b62d6fb5
census_spreadsheets,spreadsheets/2020LUCA_PL1913350_address_countlist__5.csv,570e535a-56c6-451b-9b13-638c3a6dc729,text/csv,annotations/annotations_570e535a-56c6-451b-9b13-638c3a6dc729.npz,570e535a-56c6-451b-9b13-638c3a6dc729
census_spreadsheets,spreadsheets/2020LUCA_MC4213357872_address_countlist__8.csv,6470bf61-65b8-4233-bfbb-7c395df29af5,text/csv,annotations/annotations_6470bf61-65b8-4233-bfbb-7c395df29af5.npz,6470bf61-65b8-4233-bfbb-7c395df29af5
census_spreadsheets,spreadsheets/2020LUCA_PL0216530_address_countlist__9.csv,b28c55a4-9694-4a71-9de0-06a9a17c7a71,text/csv,annotations/annotations_b28c55a4-9694-4a71-9de0-06a9a17c7a71.npz,b28c55a4-9694-4a71-9de0-06a9a17c7a71
census_spreadsheets,spreadsheets/2020LUCA_MC5510515650_address_countlist__15.csv,072bf854-40bb-479b-9ec8-baeeba8c3c71,text/csv,annotations/annotations_072bf854-40bb-479b-9ec8-baeeba8c3c71.npz,072bf854-40bb-479b-9ec8-baeeba8c3c71
census_spreadsheets,spreadsheets/2020LUCA_MC4208533784_address_countlist__16.csv,8d2026a4-0f97-463a-94cb-b580074f0263,text/csv,annotations/annotations_8d2026a4-0f97-463a-94cb-b580074f0263.npz,8d2026a4-0f97-463a-94cb-b580074f0263
census_spreadsheets,spreadsheets/2020LUCA_MC5500349200_address_countlist__19.csv,fa70d605-e133-4c91-88d4-2c81b92553fa,text/csv,annotations/annotations_fa70d605-e133-4c91-88d4-2c81b92553fa.npz,fa70d605-e133-4c91-88d4-2c81b92553fa
census_spreadsheets,spreadsheets/2020LUCA_PL0213550_address_countlist__20.csv,d012744c-1f6a-40cb-b199-31bdeb977258,text/csv,annotations/annotations_d012744c-1f6a-40cb-b199-31bdeb977258.npz,d012744c-1f6a-40cb-b199-31bdeb977258
census_spreadsheets,spreadsheets/2020LUCA_PL2738150_address_countlist__21.csv,fedca2c0-3b39-43cd-8a12-0d49b4134375,text/csv,annotations/annotations_fedca2c0-3b39-43cd-8a12-0d49b4134375.npz,fedca2c0-3b39-43cd-8a12-0d49b4134375
census_spreadsheets,spreadsheets/2020LUCA_PL0547900_address_countlist__25.csv,aa6426e4-d841-4c31-ad46-10e32c63b583,text/csv,annotations/annotations_aa6426e4-d841-4c31-ad46-10e32c63b583.npz,aa6426e4-d841-4c31-ad46-10e32c63b583
census_spreadsheets,spreadsheets/2020LUCA_PL4200660_address_countlist__27.csv,71c55f55-6674-4c04-bc9c-e9052740494f,text/csv,annotations/annotations_71c55f55-6674-4c04-bc9c-e9052740494f.npz,71c55f55-6674-4c04-bc9c-e9052740494f
census_spreadsheets,spreadsheets/2020LUCA_MC5504374450_address_countlist__28.csv,c76802fa-0ef2-4628-b0ba-df2f974d96d2,text/csv,annotations/annotations_c76802fa-0ef2-4628-b0ba-df2f974d96d2.npz,c76802fa-0ef2-4628-b0ba-df2f974d96d2
census_spreadsheets,spreadsheets/2020LUCA_MC5511555675_address_countlist__29.csv,c4ad1d40-d75c-4a64-8da9-b26a9f4fd2ef,text/csv,annotations/annotations_c4ad1d40-d75c-4a64-8da9-b26a9f4fd2ef.npz,c4ad1d40-d75c-4a64-8da9-b26a9f4fd2ef
census_spreadsheets,spreadsheets/2020LUCA_MC5509504500_address_countlist__30.csv,c6a3e47c-a6ac-4482-846e-3724e7431399,text/csv,annotations/annotations_c6a3e47c-a6ac-4482-846e-3724e7431399.npz,c6a3e47c-a6ac-4482-846e-3724e7431399
census_spreadsheets,spreadsheets/2020LUCA_MC4212924608_address_countlist__31.csv,fb737f93-59ef-41e7-afa0-d9c1249d3a44,text/csv,annotations/annotations_fb737f93-59ef-41e7-afa0-d9c1249d3a44.npz,fb737f93-59ef-41e7-afa0-d9c1249d3a44
census_spreadsheets,spreadsheets/2020LUCA_PL4265392_address_countlist__32.csv,decc7a6c-b6b7-4e16-b7aa-99be299981a9,text/csv,annotations/annotations_decc7a6c-b6b7-4e16-b7aa-99be299981a9.npz,decc7a6c-b6b7-4e16-b7aa-99be299981a9
census_spreadsheets,spreadsheets/37NC_bas2012__33.xls,Sheet1,application/vnd.ms-excel,annotations/annotations_efa8143d-fd14-48a0-831e-547f075bc761.npz,efa8143d-fd14-48a0-831e-547f075bc761
census_spreadsheets,spreadsheets/2020LUCA_PL2772184_address_countlist__34.csv,e824e22c-1290-4f10-9169-cd875e215506,text/csv,annotations/annotations_e824e22c-1290-4f10-9169-cd875e215506.npz,e824e22c-1290-4f10-9169-cd875e215506
census_spreadsheets,spreadsheets/2020LUCA_MC4211778416_address_countlist__35.csv,d2c41733-905c-4884-8865-162522492f08,text/csv,annotations/annotations_d2c41733-905c-4884-8865-162522492f08.npz,d2c41733-905c-4884-8865-162522492f08
census_spreadsheets,spreadsheets/2020LUCA_MC4212517314_address_countlist__37.csv,abc12956-42b4-45d5-b2d9-38732531a91e,text/csv,annotations/annotations_abc12956-42b4-45d5-b2d9-38732531a91e.npz,abc12956-42b4-45d5-b2d9-38732531a91e
census_spreadsheets,spreadsheets/2020LUCA_PL0569350_address_countlist__38.csv,c9db7bd4-e3fc-4bc5-8af5-0ebc8b5e7718,text/csv,annotations/annotations_c9db7bd4-e3fc-4bc5-8af5-0ebc8b5e7718.npz,c9db7bd4-e3fc-4bc5-8af5-0ebc8b5e7718
census_spreadsheets,spreadsheets/2020LUCA_CO39105_address_countlist__39.csv,7e03e087-3f42-4ce4-b4a6-a6753f4c438c,text/csv,annotations/annotations_7e03e087-3f42-4ce4-b4a6-a6753f4c438c.npz,7e03e087-3f42-4ce4-b4a6-a6753f4c438c
census_spreadsheets,spreadsheets/2020LUCA_PL2725010_address_countlist__41.csv,58f2b63b-0a28-4754-8975-e1b2703c5a78,text/csv,annotations/annotations_58f2b63b-0a28-4754-8975-e1b2703c5a78.npz,58f2b63b-0a28-4754-8975-e1b2703c5a78
census_spreadsheets,spreadsheets/2020LUCA_CO38043_address_countlist__42.csv,bfde04fc-3444-4eb8-8ef3-7f7648ce1395,text/csv,annotations/annotations_bfde04fc-3444-4eb8-8ef3-7f7648ce1395.npz,bfde04fc-3444-4eb8-8ef3-7f7648ce1395
census_spreadsheets,spreadsheets/2020LUCA_MC5512332225_address_countlist__43.csv,b2873870-e8be-41b9-ab8a-27dd8ec8759a,text/csv,annotations/annotations_b2873870-e8be-41b9-ab8a-27dd8ec8759a.npz,b2873870-e8be-41b9-ab8a-27dd8ec8759a
census_spreadsheets,spreadsheets/2020LUCA_PL4256576_address_countlist__44.csv,5e1cdba5-9531-4a92-8ac2-a7e9bf838c0d,text/csv,annotations/annotations_5e1cdba5-9531-4a92-8ac2-a7e9bf838c0d.npz,5e1cdba5-9531-4a92-8ac2-a7e9bf838c0d
census_spreadsheets,spreadsheets/2020LUCA_PL4219576_address_countlist__50.csv,e894a73b-ea58-475f-bbb3-247c0507ab1d,text/csv,annotations/annotations_e894a73b-ea58-475f-bbb3-247c0507ab1d.npz,e894a73b-ea58-475f-bbb3-247c0507ab1d
census_spreadsheets,spreadsheets/2020LUCA_MC4208563008_address_countlist__52.csv,b4e6b54f-21ff-41d2-810b-b58e5f9a9307,text/csv,annotations/annotations_b4e6b54f-21ff-41d2-810b-b58e5f9a9307.npz,b4e6b54f-21ff-41d2-810b-b58e5f9a9307
census_spreadsheets,spreadsheets/2020LUCA_PL2763544_address_countlist__54.csv,668b29b4-c44c-4479-8098-2b55de3e304e,text/csv,annotations/annotations_668b29b4-c44c-4479-8098-2b55de3e304e.npz,668b29b4-c44c-4479-8098-2b55de3e304e
census_spreadsheets,spreadsheets/2020LUCA_MC4200355016_address_countlist__56.csv,c6e46e40-c730-4992-a244-2136d9471955,text/csv,annotations/annotations_c6e46e40-c730-4992-a244-2136d9471955.npz,c6e46e40-c730-4992-a244-2136d9471955
census_spreadsheets,spreadsheets/2020LUCA_PL0427820_address_countlist__57.csv,794752f5-9534-4221-95a2-6abfa54341a5,text/csv,annotations/annotations_794752f5-9534-4221-95a2-6abfa54341a5.npz,794752f5-9534-4221-95a2-6abfa54341a5
census_spreadsheets,spreadsheets/AIA1310_2010_Pop_and_Housing_counts__60.xls,Sheet 1,application/vnd.ms-excel,annotations/annotations_ac491c19-a384-4de5-aa18-bd8a3b178d5d.npz,ac491c19-a384-4de5-aa18-bd8a3b178d5d
census_spreadsheets,spreadsheets/2020LUCA_PL3422470_address_countlist__61.csv,41159ef0-0fb1-4e64-be6e-c36324eca7d5,text/csv,annotations/annotations_41159ef0-0fb1-4e64-be6e-c36324eca7d5.npz,41159ef0-0fb1-4e64-be6e-c36324eca7d5
census_spreadsheets,spreadsheets/2020LUCA_PL2705482_address_countlist__64.csv,8a48de34-be39-477a-8ce5-76030a7509a5,text/csv,annotations/annotations_8a48de34-be39-477a-8ce5-76030a7509a5.npz,8a48de34-be39-477a-8ce5-76030a7509a5
census_spreadsheets,spreadsheets/2020LUCA_PL4257720_address_countlist__66.csv,fc75a8ec-499f-4173-a746-0fbb049663f2,text/csv,annotations/annotations_fc75a8ec-499f-4173-a746-0fbb049663f2.npz,fc75a8ec-499f-4173-a746-0fbb049663f2
census_spreadsheets,spreadsheets/2020LUCA_PL2744422_address_countlist__68.csv,eac80161-0f89-460a-ad6a-6ed9c64ceb81,text/csv,annotations/annotations_eac80161-0f89-460a-ad6a-6ed9c64ceb81.npz,eac80161-0f89-460a-ad6a-6ed9c64ceb81
census_spreadsheets,spreadsheets/2020LUCA_PL1965730_address_countlist__69.csv,0bf3d845-6b24-4d0d-a9d7-7c0bbeee385e,text/csv,annotations/annotations_0bf3d845-6b24-4d0d-a9d7-7c0bbeee385e.npz,0bf3d845-6b24-4d0d-a9d7-7c0bbeee385e
census_spreadsheets,spreadsheets/2020LUCA_PL1047420_address_countlist__70.csv,abc65b2f-7799-432f-abca-1f888b06fd42,text/csv,annotations/annotations_abc65b2f-7799-432f-abca-1f888b06fd42.npz,abc65b2f-7799-432f-abca-1f888b06fd42
census_spreadsheets,spreadsheets/2020LUCA_MC5513718475_address_countlist__71.csv,08de0773-3e03-4ebd-81a5-fb0ccae25e5a,text/csv,annotations/annotations_08de0773-3e03-4ebd-81a5-fb0ccae25e5a.npz,08de0773-3e03-4ebd-81a5-fb0ccae25e5a
census_spreadsheets,spreadsheets/2020LUCA_MC5503330300_address_countlist__76.csv,9e1dc74a-d3a8-4884-8b6c-2df9d320d431,text/csv,annotations/annotations_9e1dc74a-d3a8-4884-8b6c-2df9d320d431.npz,9e1dc74a-d3a8-4884-8b6c-2df9d320d431
census_spreadsheets,spreadsheets/EEO_10_5YR_EEOALL1R_with_ann%20(1)__79.csv,9155f2e4-b768-4d14-813c-58d355adc5b5,text/csv,annotations/annotations_9155f2e4-b768-4d14-813c-58d355adc5b5.npz,9155f2e4-b768-4d14-813c-58d355adc5b5
census_spreadsheets,spreadsheets/2020LUCA_PL0234460_address_countlist__80.csv,691b5520-3214-41fe-a945-cde871f426ae,text/csv,annotations/annotations_691b5520-3214-41fe-a945-cde871f426ae.npz,691b5520-3214-41fe-a945-cde871f426ae
census_spreadsheets,spreadsheets/2020LUCA_PL3402110_address_countlist__82.csv,f40b09a5-dc26-49ba-9f01-eba43678b1b1,text/csv,annotations/annotations_f40b09a5-dc26-49ba-9f01-eba43678b1b1.npz,f40b09a5-dc26-49ba-9f01-eba43678b1b1
census_spreadsheets,spreadsheets/2020LUCA_PL1981840_address_countlist__84.csv,cf891e37-87ea-48eb-aaf4-e86c42613d12,text/csv,annotations/annotations_cf891e37-87ea-48eb-aaf4-e86c42613d12.npz,cf891e37-87ea-48eb-aaf4-e86c42613d12
census_spreadsheets,spreadsheets/2020LUCA_PL2743540_address_countlist__85.csv,3f7452f1-2a6d-4baa-8091-2b1f7ee8ef33,text/csv,annotations/annotations_3f7452f1-2a6d-4baa-8091-2b1f7ee8ef33.npz,3f7452f1-2a6d-4baa-8091-2b1f7ee8ef33
census_spreadsheets,spreadsheets/2020LUCA_MC5506332275_address_countlist__87.csv,28778461-909d-4c8b-afd1-d47d52921286,text/csv,annotations/annotations_28778461-909d-4c8b-afd1-d47d52921286.npz,28778461-909d-4c8b-afd1-d47d52921286
census_spreadsheets,spreadsheets/2020LUCA_MC4205167640_address_countlist__88.csv,c81a0d6c-8e14-43d2-90a7-e81435c581ac,text/csv,annotations/annotations_c81a0d6c-8e14-43d2-90a7-e81435c581ac.npz,c81a0d6c-8e14-43d2-90a7-e81435c581ac
census_spreadsheets,spreadsheets/2020LUCA_CO36051_address_countlist__90.csv,c1c2a094-5c6e-4e9a-8c68-a845a9dcd5c3,text/csv,annotations/annotations_c1c2a094-5c6e-4e9a-8c68-a845a9dcd5c3.npz,c1c2a094-5c6e-4e9a-8c68-a845a9dcd5c3
census_spreadsheets,spreadsheets/2020LUCA_PL2714446_address_countlist__91.csv,d8537aa3-6652-44ce-936f-239dc6025ce7,text/csv,annotations/annotations_d8537aa3-6652-44ce-936f-239dc6025ce7.npz,d8537aa3-6652-44ce-936f-239dc6025ce7
census_spreadsheets,spreadsheets/2020LUCA_MC5506702275_address_countlist__94.csv,25353815-8dd6-4f79-b3e1-9311477904dc,text/csv,annotations/annotations_25353815-8dd6-4f79-b3e1-9311477904dc.npz,25353815-8dd6-4f79-b3e1-9311477904dc
census_spreadsheets,spreadsheets/2020LUCA_PL0527010_address_countlist__96.csv,0a594ea6-23c2-4f0c-8e01-6f4920a4f24e,text/csv,annotations/annotations_0a594ea6-23c2-4f0c-8e01-6f4920a4f24e.npz,0a594ea6-23c2-4f0c-8e01-6f4920a4f24e
census_spreadsheets,spreadsheets/2020LUCA_MC4208185984_address_countlist__97.csv,6571bbfd-38d9-4006-a835-d6820b29e41a,text/csv,annotations/annotations_6571bbfd-38d9-4006-a835-d6820b29e41a.npz,6571bbfd-38d9-4006-a835-d6820b29e41a
census_spreadsheets,spreadsheets/2020LUCA_PL0239300_address_countlist__99.csv,8eae5efa-6177-451b-8d91-41404f48da95,text/csv,annotations/annotations_8eae5efa-6177-451b-8d91-41404f48da95.npz,8eae5efa-6177-451b-8d91-41404f48da95
cnis_spreadsheets,spreadsheets/Tableau-de-synthèse-1ère-préfiguration-du-tableau-de-bord__3.xlsx,Tableau de bord des indicateurs,application/vnd.openxmlformats-officedocument.spreadsheetml.sheet,annotations/annotations_5cf48d09-2468-4047-80cf-ce4ef14fe816.npz,5cf48d09-2468-4047-80cf-ce4ef14fe816
ilo_spreadsheets,spreadsheets/MUS_CPI_Weights-2013__0.xls,Weights - Major groups,application/vnd.ms-excel,annotations/annotations_f1b729be-3b98-4bc3-ba72-392bf1ac756c.npz,f1b729be-3b98-4bc3-ba72-392bf1ac756c
ilo_spreadsheets,spreadsheets/A_2_9__2.xlsx,A.2.9,application/vnd.openxmlformats-officedocument.spreadsheetml.sheet,annotations/annotations_b7dc0a25-7869-4d3b-b960-b0859c77c3e3.npz,b7dc0a25-7869-4d3b-b960-b0859c77c3e3
ilo_spreadsheets,spreadsheets/NER_CPI_Weights-2013__4.xls,Weights - Major groups,application/vnd.ms-excel,annotations/annotations_66fd8786-f752-479e-9e8e-a3f0969ceed6.npz,66fd8786-f752-479e-9e8e-a3f0969ceed6
ilo_spreadsheets,spreadsheets/LKA_CPI_Weights-2013__5.xls,Base 2006 2007,application/vnd.ms-excel,annotations/annotations_a4c1b661-2e54-4dab-b918-bb9c31f17f88.npz,a4c1b661-2e54-4dab-b918-bb9c31f17f88
ilo_spreadsheets,spreadsheets/SVK_CPI_Weights-2013__10.xls,Weights - Major groups,application/vnd.ms-excel,annotations/annotations_c61030ed-3169-4b5d-a2c9-6a2bd8908d27.npz,c61030ed-3169-4b5d-a2c9-6a2bd8908d27
ilo_spreadsheets,spreadsheets/MMR_CPI_Weights-2013__11.xls,Weights - Major groups,application/vnd.ms-excel,annotations/annotations_23ba99cf-f4fd-4e61-924b-e654e2066d3a.npz,23ba99cf-f4fd-4e61-924b-e654e2066d3a
ilo_spreadsheets,spreadsheets/COL_CPI_Weights-2013__17.xls,IPC - 20,application/vnd.ms-excel,annotations/annotations_7906204c-3b40-4964-9025-8efaf27f90df.npz,7906204c-3b40-4964-9025-8efaf27f90df
ilo_spreadsheets,spreadsheets/wcms_840584__21.xlsx,Example - MQS,application/vnd.openxmlformats-officedocument.spreadsheetml.sheet,annotations/annotations_dd4ad626-6bb6-40f1-a5a3-cd87fc4590b9.npz,dd4ad626-6bb6-40f1-a5a3-cd87fc4590b9
ilo_spreadsheets,spreadsheets/MNE_CPI_Weights-2013__24.xls,Weights - Major groups,application/vnd.ms-excel,annotations/annotations_3817cb55-2a35-4c19-b741-37eb7412e72e.npz,3817cb55-2a35-4c19-b741-37eb7412e72e
ilo_spreadsheets,spreadsheets/HND_CPI_Weights-2013__28.xls,Sheet1,application/vnd.ms-excel,annotations/annotations_1ff899a2-3f67-46ce-9d59-4a131fb655c8.npz,1ff899a2-3f67-46ce-9d59-4a131fb655c8
ilo_spreadsheets,spreadsheets/ARG_CPI_Weights-2013__29.xls,Weights - Major group,application/vnd.ms-excel,annotations/annotations_0c23d998-9fad-41fe-92e3-35ad88f53b52.npz,0c23d998-9fad-41fe-92e3-35ad88f53b52
ilo_spreadsheets,spreadsheets/MWI_CPI_Weights-2013__30.xls,Weights - Major groups,application/vnd.ms-excel,annotations/annotations_5c6c2497-8d29-489d-b46f-fa69847f9506.npz,5c6c2497-8d29-489d-b46f-fa69847f9506
ilo_spreadsheets,spreadsheets/ROU_CPI_Weights-2013__32.xls,Historical weights,application/vnd.ms-excel,annotations/annotations_d5d7c2d9-dceb-400f-a76b-b5d8be02f304.npz,d5d7c2d9-dceb-400f-a76b-b5d8be02f304
ilo_spreadsheets,spreadsheets/CPV_CPI_Weights-2013__34.xls,Sheet1,application/vnd.ms-excel,annotations/annotations_18c95ab6-50aa-40a9-9ac6-e9d79e9ce5a3.npz,18c95ab6-50aa-40a9-9ac6-e9d79e9ce5a3
ilo_spreadsheets,spreadsheets/ZMB_CPI_Weights-2013__35.xls,Sheet1,application/vnd.ms-excel,annotations/annotations_0dffb4ab-0b03-43ec-bd4f-afe43e078537.npz,0dffb4ab-0b03-43ec-bd4f-afe43e078537
ilo_spreadsheets,spreadsheets/A_2_8__36.xlsx,A.2.8,application/vnd.openxmlformats-officedocument.spreadsheetml.sheet,annotations/annotations_64760e12-ddcc-453f-81a1-52ef44bc137c.npz,64760e12-ddcc-453f-81a1-52ef44bc137c
ilo_spreadsheets,spreadsheets/ISR_CPI_Weights-2013__37.xls,Weights - Major groups,application/vnd.ms-excel,annotations/annotations_cb1d8b27-0f8d-4696-b006-cc8076c78922.npz,cb1d8b27-0f8d-4696-b006-cc8076c78922
ilo_spreadsheets,spreadsheets/MKD_CPI_Weights-2013__38.xls,Food weights,application/vnd.ms-excel,annotations/annotations_b9478b9a-099e-4ee1-a566-688d3c9e0ab1.npz,b9478b9a-099e-4ee1-a566-688d3c9e0ab1
ilo_spreadsheets,spreadsheets/GHA_CPI_Weights-2013__42.xls,Sheet1,application/vnd.ms-excel,annotations/annotations_e14cf233-da78-4e3b-8e26-18df54166815.npz,e14cf233-da78-4e3b-8e26-18df54166815
ilo_spreadsheets,spreadsheets/MDV_CPI_Weights-2013__43.xls,Food weights,application/vnd.ms-excel,annotations/annotations_a798b9d3-3719-413e-b158-fbc51470178c.npz,a798b9d3-3719-413e-b158-fbc51470178c
ilo_spreadsheets,spreadsheets/Child_labour_Sampling_Tools_Tool_07_Sampling_Errors_Template_2014__45.xlsx,Sampling Errors,application/vnd.openxmlformats-officedocument.spreadsheetml.sheet,annotations/annotations_f01a7201-4ac7-4a9e-9631-95f027cb3199.npz,f01a7201-4ac7-4a9e-9631-95f027cb3199
ilo_spreadsheets,spreadsheets/IND_CPI_Weights-2013__47.xls,Sheet1,application/vnd.ms-excel,annotations/annotations_fdea49af-f643-420f-93ae-0189a69522bd.npz,fdea49af-f643-420f-93ae-0189a69522bd
ilo_spreadsheets,spreadsheets/UKR_CPI_Weights-2013__50.xls,Historical weights,application/vnd.ms-excel,annotations/annotations_da12a716-5f0e-4da6-bad0-23ad30392ecc.npz,da12a716-5f0e-4da6-bad0-23ad30392ecc
ilo_spreadsheets,spreadsheets/TUR_CPI_Weights-2013__52.xls,Weights - Major groups,application/vnd.ms-excel,annotations/annotations_44a24042-8984-4970-9153-6d1fcc73caa0.npz,44a24042-8984-4970-9153-6d1fcc73caa0
ilo_spreadsheets,spreadsheets/BDI_CPI_Weights-2013__53.xls,Weights - Major groups,application/vnd.ms-excel,annotations/annotations_64bf93de-5857-45fc-a662-92502cc7288d.npz,64bf93de-5857-45fc-a662-92502cc7288d
ilo_spreadsheets,spreadsheets/HUN_CPI_Weights-2014__54.xls,Sheet1,application/vnd.ms-excel,annotations/annotations_057f3617-c153-4067-a7a8-ddf54ad12942.npz,057f3617-c153-4067-a7a8-ddf54ad12942
ilo_spreadsheets,spreadsheets/NZL_CPI_Weights-2013__55.xls,1999-2011,application/vnd.ms-excel,annotations/annotations_6bff9c54-c059-412c-9a32-c477409374ba.npz,6bff9c54-c059-412c-9a32-c477409374ba
ilo_spreadsheets,spreadsheets/BGR_CPI_Weights-2013__56.xls,Food items weights,application/vnd.ms-excel,annotations/annotations_f5e19491-2a7f-415c-8d03-40df603cc4b9.npz,f5e19491-2a7f-415c-8d03-40df603cc4b9
ilo_spreadsheets,spreadsheets/A_2_7__57.xlsx,A.2.7,application/vnd.openxmlformats-officedocument.spreadsheetml.sheet,annotations/annotations_b278f692-9cd6-4581-aebe-f1db461eccf3.npz,b278f692-9cd6-4581-aebe-f1db461eccf3
ilo_spreadsheets,spreadsheets/MLI_CPI_Weights-2013__58.xls,Food weights,application/vnd.ms-excel,annotations/annotations_1774a42b-837c-4e51-a61c-95eab56e9177.npz,1774a42b-837c-4e51-a61c-95eab56e9177
ilo_spreadsheets,spreadsheets/HTI_CPI_Weights-2013__62.xls,Sheet1,application/vnd.ms-excel,annotations/annotations_7821e4d3-7e59-46dc-b32a-90e1c6d89726.npz,7821e4d3-7e59-46dc-b32a-90e1c6d89726
ilo_spreadsheets,spreadsheets/globalwagereport-2022-23-data__63.xlsx,Coverage,application/vnd.openxmlformats-officedocument.spreadsheetml.sheet,annotations/annotations_877a91f8-53c9-4c0c-bf51-ffd248e9c323.npz,877a91f8-53c9-4c0c-bf51-ffd248e9c323
ilo_spreadsheets,spreadsheets/estimates_for_weso_launch__68.xlsx,ILO Estimates,application/vnd.openxmlformats-officedocument.spreadsheetml.sheet,annotations/annotations_12e882ab-6632-4240-bd61-4eea7212be20.npz,12e882ab-6632-4240-bd61-4eea7212be20
ilo_spreadsheets,spreadsheets/SLE_CPI_Weights-2013__74.xls,Sheet1,application/vnd.ms-excel,annotations/annotations_1f32cb3c-5550-473a-95b0-60e75d02b234.npz,1f32cb3c-5550-473a-95b0-60e75d02b234
ilo_spreadsheets,spreadsheets/USA_CPI_Weights-2013__75.xls,Food weights,application/vnd.ms-excel,annotations/annotations_b6af3c9a-61d1-405b-8a1f-4e6e4870dc9e.npz,b6af3c9a-61d1-405b-8a1f-4e6e4870dc9e
ilo_spreadsheets,spreadsheets/BLR_CPI_Weights-2013__76.xls,Food items weights,application/vnd.ms-excel,annotations/annotations_25e4dd77-6b2d-44a0-a732-b1ac3985e975.npz,25e4dd77-6b2d-44a0-a732-b1ac3985e975
ilo_spreadsheets,spreadsheets/PRT_CPI_Weights-2013__77.xls,Food weights,application/vnd.ms-excel,annotations/annotations_1f7defd2-ca3c-485b-bf79-04948da95950.npz,1f7defd2-ca3c-485b-bf79-04948da95950
ilo_spreadsheets,spreadsheets/Child_labour_Sampling_Tools_Tool_03_Primary_Sampling_Units_%28PSUs%29_Selection_Template_2014__78.xlsx,PSU Selection,application/vnd.openxmlformats-officedocument.spreadsheetml.sheet,annotations/annotations_088827e1-2061-4d60-bbc5-3872dabc6c65.npz,088827e1-2061-4d60-bbc5-3872dabc6c65
ilo_spreadsheets,spreadsheets/NLD_CPI_Weights-2013__79.xls,Food weights,application/vnd.ms-excel,annotations/annotations_fbc801b5-a6c9-4986-8f42-e3d2450160c5.npz,fbc801b5-a6c9-4986-8f42-e3d2450160c5
ilo_spreadsheets,spreadsheets/TKL_CPI_Weights-2013__86.xls,Sheet1,application/vnd.ms-excel,annotations/annotations_315a6103-f301-4e1f-b562-c3ac5107d651.npz,315a6103-f301-4e1f-b562-c3ac5107d651
ilo_spreadsheets,spreadsheets/PAK_CPI_Weights-2013__89.xls,Sheet1,application/vnd.ms-excel,annotations/annotations_69e8bef5-fc30-46e9-ba11-f3e1bd16c736.npz,69e8bef5-fc30-46e9-ba11-f3e1bd16c736
ilo_spreadsheets,spreadsheets/EPLEX_coded2020%20%282%29__90.xlsx,Data,application/vnd.openxmlformats-officedocument.spreadsheetml.sheet,annotations/annotations_6185a8ed-ede7-4da7-9ba3-8816365c66ec.npz,6185a8ed-ede7-4da7-9ba3-8816365c66ec
ilo_spreadsheets,spreadsheets/MDG_CPI_Weights-2013__91.xls,Sheet1,application/vnd.ms-excel,annotations/annotations_4e09c750-d419-4047-8ac2-321a22ff4c9f.npz,4e09c750-d419-4047-8ac2-321a22ff4c9f
ilo_spreadsheets,spreadsheets/HRV_CPI_Weights-2013__92.xls,Weights - Major groups,application/vnd.ms-excel,annotations/annotations_7566f68f-0d4c-42e3-aade-7dc0c4aa4567.npz,7566f68f-0d4c-42e3-aade-7dc0c4aa4567
ilo_spreadsheets,spreadsheets/PRY_CPI_Weights-2013__94.xls,Sheet1,application/vnd.ms-excel,annotations/annotations_5109bd4b-3dda-4cc6-8612-241585bcccf9.npz,5109bd4b-3dda-4cc6-8612-241585bcccf9
ilo_spreadsheets,spreadsheets/ITA_CPI_Weights-2013__95.xls,Weights-Major groups,application/vnd.ms-excel,annotations/annotations_313016ef-e14d-46a9-afb2-19e387c00428.npz,313016ef-e14d-46a9-afb2-19e387c00428
ilo_spreadsheets,spreadsheets/NIC_CPI_Weights-2013__97.xls,Sheet1,application/vnd.ms-excel,annotations/annotations_48e52acb-26cc-4456-9ed0-f860ca457d29.npz,48e52acb-26cc-4456-9ed0-f860ca457d29
ilo_spreadsheets,spreadsheets/BOL_CPI_Weights-2013__99.xls,Sheet1,application/vnd.ms-excel,annotations/annotations_c41e310e-7376-48ed-8c95-66cfa505e6b7.npz,c41e310e-7376-48ed-8c95-66cfa505e6b7
insee_spreadsheets,spreadsheets/t_5402__0.xls,t_5402 en évolution en %,application/vnd.ms-excel,annotations/annotations_a09ab7cc-d57a-4198-953b-15aa41810938.npz,a09ab7cc-d57a-4198-953b-15aa41810938
insee_spreadsheets,spreadsheets/T79jnais__1.xlsx,FM,application/vnd.openxmlformats-officedocument.spreadsheetml.sheet,annotations/annotations_800d0b08-638d-46f3-b039-b13c3f878593.npz,800d0b08-638d-46f3-b039-b13c3f878593
insee_spreadsheets,spreadsheets/ip1478__2.xls,Tableau 2,application/vnd.ms-excel,annotations/annotations_4ed734ee-0a9d-4aa1-9215-9bc42b2e9dad.npz,4ed734ee-0a9d-4aa1-9215-9bc42b2e9dad
insee_spreadsheets,spreadsheets/t_3216__7.xls,t_3216,application/vnd.ms-excel,annotations/annotations_d7284f5f-ddc4-4eec-ae74-afeb6155fb63.npz,d7284f5f-ddc4-4eec-ae74-afeb6155fb63
insee_spreadsheets,spreadsheets/N_PEREN_05__8.csv,fb896b08-9749-426f-bb4d-796044a9ae81,text/csv,annotations/annotations_fb896b08-9749-426f-bb4d-796044a9ae81.npz,fb896b08-9749-426f-bb4d-796044a9ae81
insee_spreadsheets,spreadsheets/co_inf_78__9.xlsx,figure_2,application/vnd.openxmlformats-officedocument.spreadsheetml.sheet,annotations/annotations_2167a4f4-6fdd-4e5e-9eff-b616af75c1ec.npz,2167a4f4-6fdd-4e5e-9eff-b616af75c1ec
insee_spreadsheets,spreadsheets/LIEU_T2__10.xls,lieu_T2,application/vnd.ms-excel,annotations/annotations_8d2ce2a1-a326-4ce5-b982-ab72f36d899b.npz,8d2ce2a1-a326-4ce5-b982-ab72f36d899b
insee_spreadsheets,spreadsheets/t_8100_2001__13.xlsx,Outstanding_assets,application/vnd.openxmlformats-officedocument.spreadsheetml.sheet,annotations/annotations_57e9b18c-b165-484e-b53d-43a894c049bc.npz,57e9b18c-b165-484e-b53d-43a894c049bc
insee_spreadsheets,spreadsheets/donnees_complementaires__15.xls,carte,application/vnd.ms-excel,annotations/annotations_798a2638-8087-47a2-a2ba-4915c2e0730b.npz,798a2638-8087-47a2-a2ba-4915c2e0730b
insee_spreadsheets,spreadsheets/t_6442__19.xlsx,T_6442,application/vnd.openxmlformats-officedocument.spreadsheetml.sheet,annotations/annotations_7f381e73-1ccc-4ce8-8122-25bfa70ae68f.npz,7f381e73-1ccc-4ce8-8122-25bfa70ae68f
insee_spreadsheets,spreadsheets/tab1__20.xls,Tab1,application/vnd.ms-excel,annotations/annotations_3dec728e-7217-41af-906e-92806b6dd2db.npz,3dec728e-7217-41af-906e-92806b6dd2db
insee_spreadsheets,spreadsheets/if181__21.xlsx,Figure 1,application/vnd.openxmlformats-officedocument.spreadsheetml.sheet,annotations/annotations_e02f69ad-2c56-474e-ae1c-d9bea89f8291.npz,e02f69ad-2c56-474e-ae1c-d9bea89f8291
insee_spreadsheets,spreadsheets/sd20101_t57_fm__22.xls,t57,application/vnd.ms-excel,annotations/annotations_8da7dce2-968c-4101-80de-905bcc6d6132.npz,8da7dce2-968c-4101-80de-905bcc6d6132
insee_spreadsheets,spreadsheets/tes_38_2019__23.xlsx,IIT,application/vnd.openxmlformats-officedocument.spreadsheetml.sheet,annotations/annotations_8eb5c704-021e-48fb-b4fb-05d5a5bf78f4.npz,8eb5c704-021e-48fb-b4fb-05d5a5bf78f4
insee_spreadsheets,spreadsheets/detteapu_t42023ENG__24.xls,Debt_EN,application/vnd.ms-excel,annotations/annotations_6a8a7c72-e83a-4915-834b-4c8a20764299.npz,6a8a7c72-e83a-4915-834b-4c8a20764299
insee_spreadsheets,spreadsheets/irsocerfs2015_TPA50_08__25.xls,ERFS2015_TPA50_08,application/vnd.ms-excel,annotations/annotations_c6046679-c86d-4560-bd7a-4626c9d35205.npz,c6046679-c86d-4560-bd7a-4626c9d35205
insee_spreadsheets,spreadsheets/T20F204__27.xlsx,Figure 4,application/vnd.openxmlformats-officedocument.spreadsheetml.sheet,annotations/annotations_b9c74c95-d910-4875-a195-3509e9a8bf11.npz,b9c74c95-d910-4875-a195-3509e9a8bf11
insee_spreadsheets,spreadsheets/t_3208__29.xlsx,T_3208,application/vnd.openxmlformats-officedocument.spreadsheetml.sheet,annotations/annotations_7e1e6655-fb33-4533-997c-d96da9cbeeb6.npz,7e1e6655-fb33-4533-997c-d96da9cbeeb6
insee_spreadsheets,spreadsheets/T2A6__31.xlsx,T2a6,application/vnd.openxmlformats-officedocument.spreadsheetml.sheet,annotations/annotations_69c19947-81b1-4517-9f78-8a31289193c9.npz,69c19947-81b1-4517-9f78-8a31289193c9
insee_spreadsheets,spreadsheets/t_6458__32.xlsx,T_6458,application/vnd.openxmlformats-officedocument.spreadsheetml.sheet,annotations/annotations_d4232af4-bc91-4ca6-9291-c9b1a7c7e0b8.npz,d4232af4-bc91-4ca6-9291-c9b1a7c7e0b8
insee_spreadsheets,spreadsheets/ip1274__33.xls,Graphique_encadré,application/vnd.ms-excel,annotations/annotations_348690f6-18ec-4cfc-b4db-57bfd4e1b3d7.npz,348690f6-18ec-4cfc-b4db-57bfd4e1b3d7
insee_spreadsheets,spreadsheets/DD_esane11_bilan__34.xls,actif_amort,application/vnd.ms-excel,annotations/annotations_0d0f7828-8350-463f-ab39-285c6ea44301.npz,0d0f7828-8350-463f-ab39-285c6ea44301
insee_spreadsheets,spreadsheets/dep47__35.xls,Cantons,application/vnd.ms-excel,annotations/annotations_1666b9cb-752b-41f7-9710-0a9734d8f1cf.npz,1666b9cb-752b-41f7-9710-0a9734d8f1cf
insee_spreadsheets,spreadsheets/ac_inc_42_agriculture__37.xlsx,Figure 5,application/vnd.openxmlformats-officedocument.spreadsheetml.sheet,annotations/annotations_395c3775-e5c8-4c5a-8568-a0c24225c2fc.npz,395c3775-e5c8-4c5a-8568-a0c24225c2fc
insee_spreadsheets,spreadsheets/ac_inc_32_transports__40.xlsx,Pass_aerien_Transit,application/vnd.openxmlformats-officedocument.spreadsheetml.sheet,annotations/annotations_f4f71eca-0c3f-4fd1-a4c2-99b58d1356d3.npz,f4f71eca-0c3f-4fd1-a4c2-99b58d1356d3
insee_spreadsheets,spreadsheets/T80nais__45.xlsx,FM,application/vnd.openxmlformats-officedocument.spreadsheetml.sheet,annotations/annotations_cb59fd05-77e5-4a8d-a37d-4ea142e3d301.npz,cb59fd05-77e5-4a8d-a37d-4ea142e3d301
insee_spreadsheets,spreadsheets/dep25__46.xls,Fractions cantonales,application/vnd.ms-excel,annotations/annotations_ce96b2fc-61af-4c83-8631-a3e321448df9.npz,ce96b2fc-61af-4c83-8631-a3e321448df9
insee_spreadsheets,spreadsheets/BASE_TD_FILO_DEC_IRIS_2014__48.xls,IRIS_DEC,application/vnd.ms-excel,annotations/annotations_cfc2e105-1f49-42d3-922d-48b601e9e01f.npz,cfc2e105-1f49-42d3-922d-48b601e9e01f
insee_spreadsheets,spreadsheets/dep37__49.xls,Communes,application/vnd.ms-excel,annotations/annotations_53443eaa-0fc1-4f10-8edb-89285cc0fe82.npz,53443eaa-0fc1-4f10-8edb-89285cc0fe82
insee_spreadsheets,spreadsheets/t_6425__52.xls,Sheet1,application/vnd.ms-excel,annotations/annotations_d654af54-0b37-40ca-8c84-c98e8ccc75be.npz,d654af54-0b37-40ca-8c84-c98e8ccc75be
insee_spreadsheets,spreadsheets/irsocerfs2015_ti09__54.xls,ERFS2015_TI09,application/vnd.ms-excel,annotations/annotations_3309925b-f412-4b47-a290-b6035fa88951.npz,3309925b-f412-4b47-a290-b6035fa88951
insee_spreadsheets,spreadsheets/t_8213__55.xls,T_8213,application/vnd.ms-excel,annotations/annotations_4139e715-0785-40b1-940d-9e150f8f0931.npz,4139e715-0785-40b1-940d-9e150f8f0931
insee_spreadsheets,spreadsheets/GLOBAL_T1__57.xls,Global_T1,application/vnd.ms-excel,annotations/annotations_8f865453-207f-40a9-9ee8-99157ade4c9b.npz,8f865453-207f-40a9-9ee8-99157ade4c9b
insee_spreadsheets,spreadsheets/t_8200_1997__59.xls,T_8200_97,application/vnd.ms-excel,annotations/annotations_a353809d-f9b3-4e4f-8c0a-bd36df9c087b.npz,a353809d-f9b3-4e4f-8c0a-bd36df9c087b
insee_spreadsheets,spreadsheets/FPORSOC19_F23__60.xlsx,Figure 3,application/vnd.openxmlformats-officedocument.spreadsheetml.sheet,annotations/annotations_21656a06-d0ab-4699-bdea-96f35cfbba5e.npz,21656a06-d0ab-4699-bdea-96f35cfbba5e
insee_spreadsheets,spreadsheets/ce_ina_21_donnees_complementaires__61.xls,tab1,application/vnd.ms-excel,annotations/annotations_d953dc3f-e6e3-4a4b-92af-e1d0e09eadd8.npz,d953dc3f-e6e3-4a4b-92af-e1d0e09eadd8
insee_spreadsheets,spreadsheets/tic09_Tab4__64.xls,tic09_Tab4,application/vnd.ms-excel,annotations/annotations_143ee918-2402-41f0-aece-bf9e4cee1a69.npz,143ee918-2402-41f0-aece-bf9e4cee1a69
insee_spreadsheets,spreadsheets/pa_ina_33__65.xls,Figure_4,application/vnd.ms-excel,annotations/annotations_1d514efa-f069-46b2-a376-1e98fb2f51d4.npz,1d514efa-f069-46b2-a376-1e98fb2f51d4
insee_spreadsheets,spreadsheets/tee_1973__66.xlsx,UA_1973,application/vnd.openxmlformats-officedocument.spreadsheetml.sheet,annotations/annotations_10997482-3360-4274-9c78-d18db26d538d.npz,10997482-3360-4274-9c78-d18db26d538d
insee_spreadsheets,spreadsheets/naissances_fevrier_2022__68.xlsx,moyenne par jour,application/vnd.openxmlformats-officedocument.spreadsheetml.sheet,annotations/annotations_d2d8c629-d643-4a2c-a4a2-1ca93f6726f0.npz,d2d8c629-d643-4a2c-a4a2-1ca93f6726f0
insee_spreadsheets,spreadsheets/ip1404__70.xls,Graphique 2,application/vnd.ms-excel,annotations/annotations_21e4b2e0-f28f-4f16-bcc1-1c8c967bef1d.npz,21e4b2e0-f28f-4f16-bcc1-1c8c967bef1d
insee_spreadsheets,spreadsheets/dep37__72.xls,Cantons,application/vnd.ms-excel,annotations/annotations_3f8308da-e26c-4b8f-923d-b939b61cdad5.npz,3f8308da-e26c-4b8f-923d-b939b61cdad5
insee_spreadsheets,spreadsheets/sine2006_r33__73.xls,54,application/vnd.ms-excel,annotations/annotations_a3b57ac3-8d08-4bab-84c0-8f0f0c4b8d3a.npz,a3b57ac3-8d08-4bab-84c0-8f0f0c4b8d3a
insee_spreadsheets,spreadsheets/CH4_2_AGEPRT__74.xlsx,ch4_2_ageprt,application/vnd.openxmlformats-officedocument.spreadsheetml.sheet,annotations/annotations_1d84adac-cc1b-495f-aa79-183c7158c6d8.npz,1d84adac-cc1b-495f-aa79-183c7158c6d8
insee_spreadsheets,spreadsheets/irsocsd20121_t57_fm__75.xls,t57,application/vnd.ms-excel,annotations/annotations_1c031506-0838-4095-95ca-4d1777064c3f.npz,1c031506-0838-4095-95ca-4d1777064c3f
insee_spreadsheets,spreadsheets/dep84__76.xls,Cantons et métropoles,application/vnd.ms-excel,annotations/annotations_e42e82d9-cb1a-443d-8e55-ef10bcbde947.npz,e42e82d9-cb1a-443d-8e55-ef10bcbde947
insee_spreadsheets,spreadsheets/donnees_complementaires__78.xls,carte,application/vnd.ms-excel,annotations/annotations_485d2d5e-067e-4a19-8344-f629025be0c9.npz,485d2d5e-067e-4a19-8344-f629025be0c9
insee_spreadsheets,spreadsheets/donnes_complementaires__79.xls,Communes dep 44,application/vnd.ms-excel,annotations/annotations_c9ac03ca-e034-42fa-b295-38b9c0475c35.npz,c9ac03ca-e034-42fa-b295-38b9c0475c35
insee_spreadsheets,spreadsheets/tee_1976__81.xlsx,UA_1976,application/vnd.openxmlformats-officedocument.spreadsheetml.sheet,annotations/annotations_5700d6eb-9012-4c01-8281-28f9a0d02fd7.npz,5700d6eb-9012-4c01-8281-28f9a0d02fd7
insee_spreadsheets,spreadsheets/rp-mayotte-2017-ind-villages__82.xls,IND2,application/vnd.ms-excel,annotations/annotations_442485bf-664b-4e3f-91a2-72e9d07539f4.npz,442485bf-664b-4e3f-91a2-72e9d07539f4
insee_spreadsheets,spreadsheets/Bilan_Ventile_6_Cokefaction_et_raffinage_par_categorie_d_entreprise_niveau_division__83.xls,bilan,application/vnd.ms-excel,annotations/annotations_22aa7ac5-4fbd-4566-b89a-4aa50eeee7be.npz,22aa7ac5-4fbd-4566-b89a-4aa50eeee7be
insee_spreadsheets,spreadsheets/irsocerfs2018_TRD05__85.xlsx,ERFS_TRD05,application/vnd.openxmlformats-officedocument.spreadsheetml.sheet,annotations/annotations_446778d7-6520-452f-b6e4-5128bcf7a19a.npz,446778d7-6520-452f-b6e4-5128bcf7a19a
insee_spreadsheets,spreadsheets/irsocerfs2013_t13MD__87.xls,ERFS2013_T13MD,application/vnd.ms-excel,annotations/annotations_997905c6-f409-4c50-8224-b2931c7aa9dc.npz,997905c6-f409-4c50-8224-b2931c7aa9dc
insee_spreadsheets,spreadsheets/tes_17_1974__89.xlsx,TES17,application/vnd.openxmlformats-officedocument.spreadsheetml.sheet,annotations/annotations_5922a9a8-eff1-41bb-b4cf-7605286a3290.npz,5922a9a8-eff1-41bb-b4cf-7605286a3290
insee_spreadsheets,spreadsheets/t_8202__93.xlsx,T_8202,application/vnd.openxmlformats-officedocument.spreadsheetml.sheet,annotations/annotations_a4b0f0d0-b8b0-40c9-8e3c-c58b53b07afd.npz,a4b0f0d0-b8b0-40c9-8e3c-c58b53b07afd
insee_spreadsheets,spreadsheets/irecosine2013_r40__94.xls,23,application/vnd.ms-excel,annotations/annotations_3b8f2838-1bea-4896-a932-2fac79f52991.npz,3b8f2838-1bea-4896-a932-2fac79f52991
insee_spreadsheets,spreadsheets/pa_inf_144__98.xlsx,Figure 1,application/vnd.openxmlformats-officedocument.spreadsheetml.sheet,annotations/annotations_9300cdaf-9874-4779-b154-f11f69b1a4e2.npz,9300cdaf-9874-4779-b154-f11f69b1a4e2
interieur_spreadsheets,spreadsheets/Figures_IA_63__0.xlsx,Figure 13,application/vnd.openxmlformats-officedocument.spreadsheetml.sheet,annotations/annotations_25a0d5bb-9730-411d-8301-34009c098479.npz,25a0d5bb-9730-411d-8301-34009c098479
interieur_spreadsheets,spreadsheets/2014-MNT2-France-entiere-strates-communes-plus-de-1000h__2.xlsx,30000-100000,application/vnd.openxmlformats-officedocument.spreadsheetml.sheet,annotations/annotations_8f2c58ba-231a-4b1c-9a79-b537bef4f52c.npz,8f2c58ba-231a-4b1c-9a79-b537bef4f52c
interieur_spreadsheets,spreadsheets/Figures_IR26__3.xlsx,compl. fig2-3,application/vnd.openxmlformats-officedocument.spreadsheetml.sheet,annotations/annotations_4dbf1394-3c40-47d3-9937-fb96bc532b2a.npz,4dbf1394-3c40-47d3-9937-fb96bc532b2a
interieur_spreadsheets,spreadsheets/5.4_Vols d'accessoire et dans les véhicules__5.xlsx,fig8,application/vnd.openxmlformats-officedocument.spreadsheetml.sheet,annotations/annotations_cedb3509-7b72-4590-a894-18fe6af9d42a.npz,cedb3509-7b72-4590-a894-18fe6af9d42a
interieur_spreadsheets,spreadsheets/5-Population-en-sous-emploi2018__6.xlsx,SSEMP01,application/vnd.openxmlformats-officedocument.spreadsheetml.sheet,annotations/annotations_0c44a767-f5e1-4690-a103-de6dc5de125e.npz,0c44a767-f5e1-4690-a103-de6dc5de125e
interieur_spreadsheets,spreadsheets/ModuleViolencesIntraMenage_rapport2016__10.xlsx,5.Dommages,application/vnd.openxmlformats-officedocument.spreadsheetml.sheet,annotations/annotations_332eca77-959b-4857-ab8b-731bb95ac03d.npz,332eca77-959b-4857-ab8b-731bb95ac03d
interieur_spreadsheets,spreadsheets/09_VolsSansViolences__12.xlsx,Repères,application/vnd.openxmlformats-officedocument.spreadsheetml.sheet,annotations/annotations_733cfa7c-26af-443a-b478-23063dc34648.npz,733cfa7c-26af-443a-b478-23063dc34648
interieur_spreadsheets,spreadsheets/Eclairage_1__14.xlsx,fig3,application/vnd.openxmlformats-officedocument.spreadsheetml.sheet,annotations/annotations_0ab71f59-2c57-4452-80b3-e919a9069268.npz,0ab71f59-2c57-4452-80b3-e919a9069268
interieur_spreadsheets,spreadsheets/IA45_Données__15.xlsx,Figure 1,application/vnd.openxmlformats-officedocument.spreadsheetml.sheet,annotations/annotations_dc6c53e6-fe8b-4da6-959e-e8a6a2cc54c0.npz,dc6c53e6-fe8b-4da6-959e-e8a6a2cc54c0
interieur_spreadsheets,spreadsheets/5-Population-en-sous-emploi_EEC2017__17.xlsx,SSEMP02_F,application/vnd.openxmlformats-officedocument.spreadsheetml.sheet,annotations/annotations_fd4e8693-4033-48d6-a89d-7493db0cc43f.npz,fd4e8693-4033-48d6-a89d-7493db0cc43f
interieur_spreadsheets,spreadsheets/Cumuls trimestriels__19.xlsx,CBV,application/vnd.openxmlformats-officedocument.spreadsheetml.sheet,annotations/annotations_16a12bd6-2051-4e31-84a6-fc0258fec2a2.npz,16a12bd6-2051-4e31-84a6-fc0258fec2a2
interieur_spreadsheets,spreadsheets/IREF_SECUR21-VE__22.xlsx,Figure 9,application/vnd.openxmlformats-officedocument.spreadsheetml.sheet,annotations/annotations_c7243da2-cc73-4636-bac6-add81b19a940.npz,c7243da2-cc73-4636-bac6-add81b19a940
interieur_spreadsheets,spreadsheets/ModuleVolsAvecViolences_rapport2016__23.xlsx,10.RecoursPolice,application/vnd.openxmlformats-officedocument.spreadsheetml.sheet,annotations/annotations_176f230b-2311-48d3-bdd4-19a56a82eca8.npz,176f230b-2311-48d3-bdd4-19a56a82eca8
interieur_spreadsheets,spreadsheets/Donnees_Pour_Site_Internet__24.xlsx,Données,application/vnd.openxmlformats-officedocument.spreadsheetml.sheet,annotations/annotations_8489c961-a5f2-443a-bd12-39180cf0109a.npz,8489c961-a5f2-443a-bd12-39180cf0109a
interieur_spreadsheets,spreadsheets/10_VolsAvecViolences__27.xlsx,Repères,application/vnd.openxmlformats-officedocument.spreadsheetml.sheet,annotations/annotations_c7802147-c772-4ac2-a07f-7bbaafd126cc.npz,c7802147-c772-4ac2-a07f-7bbaafd126cc
interieur_spreadsheets,spreadsheets/6_Escroqueries et infractions assimilées__34.xlsx,fig3,application/vnd.openxmlformats-officedocument.spreadsheetml.sheet,annotations/annotations_f58941d7-e128-4a06-8cb1-a4f1c85bddc9.npz,f58941d7-e128-4a06-8cb1-a4f1c85bddc9
interieur_spreadsheets,spreadsheets/4.2_Vols violents sans arme__38.xlsx,fig9,application/vnd.openxmlformats-officedocument.spreadsheetml.sheet,annotations/annotations_bec1f867-c994-4532-a042-d95aaf5b56da.npz,bec1f867-c994-4532-a042-d95aaf5b56da
interieur_spreadsheets,spreadsheets/Figures _Panorama Genese__41.xlsx,Figure 1.8,application/vnd.openxmlformats-officedocument.spreadsheetml.sheet,annotations/annotations_1a86dfd6-eb86-4330-9800-c95ecbc4a95b.npz,1a86dfd6-eb86-4330-9800-c95ecbc4a95b
interieur_spreadsheets,spreadsheets/7_Stupéfiants___44.xlsx,fig2,application/vnd.openxmlformats-officedocument.spreadsheetml.sheet,annotations/annotations_8a1fb6c1-6105-4003-a744-3df47d575ccf.npz,8a1fb6c1-6105-4003-a744-3df47d575ccf
interieur_spreadsheets,spreadsheets/11_VolsSansViolences__45.xlsx,Repères,application/vnd.openxmlformats-officedocument.spreadsheetml.sheet,annotations/annotations_b75cbf4d-0bae-4701-8a74-acc09047bb56.npz,b75cbf4d-0bae-4701-8a74-acc09047bb56
interieur_spreadsheets,spreadsheets/V_CJ - Figures_3__46.xlsx,Figure 1,application/vnd.openxmlformats-officedocument.spreadsheetml.sheet,annotations/annotations_37ca1795-a46c-44ae-a068-ddd498733c78.npz,37ca1795-a46c-44ae-a068-ddd498733c78
interieur_spreadsheets,spreadsheets/3_Violences sexuelles__47.xlsx,fig3,application/vnd.openxmlformats-officedocument.spreadsheetml.sheet,annotations/annotations_1a9075ac-4b9c-47b5-bf0c-fbe714d0b8a0.npz,1a9075ac-4b9c-47b5-bf0c-fbe714d0b8a0
interieur_spreadsheets,spreadsheets/00_Synthèse__48.xlsx,Tableau 1,application/vnd.openxmlformats-officedocument.spreadsheetml.sheet,annotations/annotations_560ca553-99f5-4800-9a53-9fb4c7241cc0.npz,560ca553-99f5-4800-9a53-9fb4c7241cc0
interieur_spreadsheets,spreadsheets/donnees_interstat_analyse_n66__55.xlsx,Données complémentaires- 1,application/vnd.openxmlformats-officedocument.spreadsheetml.sheet,annotations/annotations_c69abfd5-0e2f-4736-a71e-ea00abc6730d.npz,c69abfd5-0e2f-4736-a71e-ea00abc6730d
interieur_spreadsheets,spreadsheets/Donnees_Pour_Site_Internet__56.xlsx,Données,application/vnd.openxmlformats-officedocument.spreadsheetml.sheet,annotations/annotations_a744ebd0-cbd4-4ada-9352-dca9ade73d5d.npz,a744ebd0-cbd4-4ada-9352-dca9ade73d5d
interieur_spreadsheets,spreadsheets/Séries_2016_10__57.xlsx,Données,application/vnd.openxmlformats-officedocument.spreadsheetml.sheet,annotations/annotations_604e3090-c5d3-43ff-894a-0ebf2b76659e.npz,604e3090-c5d3-43ff-894a-0ebf2b76659e
interieur_spreadsheets,spreadsheets/Donnees_Pour_Site_Internet__59.xlsx,Données,application/vnd.openxmlformats-officedocument.spreadsheetml.sheet,annotations/annotations_abb2eee5-eb76-47b0-b7c4-bf707a4554c0.npz,abb2eee5-eb76-47b0-b7c4-bf707a4554c0
interieur_spreadsheets,spreadsheets/2_Coups et blessures volontaires__60.xlsx,fig2,application/vnd.openxmlformats-officedocument.spreadsheetml.sheet,annotations/annotations_4ae54c6a-d6cb-45ba-bd29-3688fadf5bb8.npz,4ae54c6a-d6cb-45ba-bd29-3688fadf5bb8
interieur_spreadsheets,spreadsheets/Donnees_Enquete_Traite_des_etres_humains__62.xlsx,Champs par questions,application/vnd.openxmlformats-officedocument.spreadsheetml.sheet,annotations/annotations_ab362a89-5131-43e0-8d4f-1b9630c34941.npz,ab362a89-5131-43e0-8d4f-1b9630c34941
interieur_spreadsheets,spreadsheets/4.1_Vols avec armes__64.xlsx,fig7,application/vnd.openxmlformats-officedocument.spreadsheetml.sheet,annotations/annotations_9d440690-bcf1-4c58-83f7-46b3cf1e9dc4.npz,9d440690-bcf1-4c58-83f7-46b3cf1e9dc4
interieur_spreadsheets,spreadsheets/2015-dep-Tableau des élus nuances individuelles par département__65.xlsx,Feuil1,application/vnd.openxmlformats-officedocument.spreadsheetml.sheet,annotations/annotations_b7db8416-49cd-4ff8-8e9e-25b99aa93c67.npz,b7db8416-49cd-4ff8-8e9e-25b99aa93c67
interieur_spreadsheets,spreadsheets/IM4 - Annexes__67.xlsx,Données,application/vnd.openxmlformats-officedocument.spreadsheetml.sheet,annotations/annotations_0c8e4e4c-040a-4638-98f8-1a4dd1866df3.npz,0c8e4e4c-040a-4638-98f8-1a4dd1866df3
interieur_spreadsheets,spreadsheets/series-2017-09__68.xlsx,Données,application/vnd.openxmlformats-officedocument.spreadsheetml.sheet,annotations/annotations_bd17d7d9-4999-44a3-a035-0502c5d6c1ce.npz,bd17d7d9-4999-44a3-a035-0502c5d6c1ce
interieur_spreadsheets,spreadsheets/ModuleVandalismeLogement_rapport2016__69.xlsx,2.CourbeRepères,application/vnd.openxmlformats-officedocument.spreadsheetml.sheet,annotations/annotations_c4a55d9a-4a2f-48da-a4a6-5723d3f89b7f.npz,c4a55d9a-4a2f-48da-a4a6-5723d3f89b7f
interieur_spreadsheets,spreadsheets/IREF_SECUR21-F41__70.xlsx,Figure 3,application/vnd.openxmlformats-officedocument.spreadsheetml.sheet,annotations/annotations_1b286e3b-d0a6-481a-a916-f7b9bf2a1221.npz,1b286e3b-d0a6-481a-a916-f7b9bf2a1221
interieur_spreadsheets,spreadsheets/IR27_Donnes sur les outrages sexistes__72.xlsx,Fig 4,application/vnd.openxmlformats-officedocument.spreadsheetml.sheet,annotations/annotations_9a777233-075b-4475-95da-5d774ec3decb.npz,9a777233-075b-4475-95da-5d774ec3decb
interieur_spreadsheets,spreadsheets/2_Coups et blessures volontaires__74.xlsx,fig17,application/vnd.openxmlformats-officedocument.spreadsheetml.sheet,annotations/annotations_9cdecc51-42e1-4700-bd2c-514005919413.npz,9cdecc51-42e1-4700-bd2c-514005919413
interieur_spreadsheets,spreadsheets/Séries_2016_03__75.xlsx,Données,application/vnd.openxmlformats-officedocument.spreadsheetml.sheet,annotations/annotations_6cd8daf9-5d27-49a5-813d-1e4682ed1dc0.npz,6cd8daf9-5d27-49a5-813d-1e4682ed1dc0
interieur_spreadsheets,spreadsheets/Diffusion_series_internet__77.xlsx,Données TS FE,application/vnd.openxmlformats-officedocument.spreadsheetml.sheet,annotations/annotations_f7177d9d-d8f5-4280-b691-767490baa8dc.npz,f7177d9d-d8f5-4280-b691-767490baa8dc
interieur_spreadsheets,spreadsheets/2_Coups et blessures volontaires__78.xlsx,fig17,application/vnd.openxmlformats-officedocument.spreadsheetml.sheet,annotations/annotations_cbe3ba72-6486-4c7f-9aff-8050f60d0849.npz,cbe3ba72-6486-4c7f-9aff-8050f60d0849
interieur_spreadsheets,spreadsheets/5-Population-en-sous-emploi-EEC2015__81.xlsx,SSEMP03,application/vnd.openxmlformats-officedocument.spreadsheetml.sheet,annotations/annotations_1352796c-be03-4bb8-aa11-8f913c221760.npz,1352796c-be03-4bb8-aa11-8f913c221760
interieur_spreadsheets,spreadsheets/5.1_Vols sans violence__83.xlsx,fig1,application/vnd.openxmlformats-officedocument.spreadsheetml.sheet,annotations/annotations_3686a5d3-c414-43c9-9fa5-9d16e370969e.npz,3686a5d3-c414-43c9-9fa5-9d16e370969e
interieur_spreadsheets,spreadsheets/IR11_figures__84.xlsx,fig4,application/vnd.openxmlformats-officedocument.spreadsheetml.sheet,annotations/annotations_7df57024-3a38-434a-842d-11dbe53b2846.npz,7df57024-3a38-434a-842d-11dbe53b2846
interieur_spreadsheets,spreadsheets/Donnees_Pour_Site_Internet__85.xlsx,Données,application/vnd.openxmlformats-officedocument.spreadsheetml.sheet,annotations/annotations_bea351f4-1054-44c8-a1e8-55a87085d80d.npz,bea351f4-1054-44c8-a1e8-55a87085d80d
interieur_spreadsheets,spreadsheets/5.5_Destructions et dégradations volontaires__87.xlsx,fig1,application/vnd.openxmlformats-officedocument.spreadsheetml.sheet,annotations/annotations_dd278c17-bf92-450f-9ee3-eeb63179ecbe.npz,dd278c17-bf92-450f-9ee3-eeb63179ecbe
interieur_spreadsheets,spreadsheets/Séries_2016_11__88.xlsx,Données,application/vnd.openxmlformats-officedocument.spreadsheetml.sheet,annotations/annotations_0f6c8f8b-9290-4efe-9560-3bbbecac39be.npz,0f6c8f8b-9290-4efe-9560-3bbbecac39be
interieur_spreadsheets,spreadsheets/Menages_RP2018__89.xlsx,Men3,application/vnd.openxmlformats-officedocument.spreadsheetml.sheet,annotations/annotations_71c3d0b3-695d-4bbb-9f59-b7e0ff6a0544.npz,71c3d0b3-695d-4bbb-9f59-b7e0ff6a0544
interieur_spreadsheets,spreadsheets/07_VolsObjetVoiture__92.xlsx,Recours,application/vnd.openxmlformats-officedocument.spreadsheetml.sheet,annotations/annotations_3a6a4bca-223b-4a44-9562-0bc9c94c4d37.npz,3a6a4bca-223b-4a44-9562-0bc9c94c4d37
interieur_spreadsheets,spreadsheets/Encadré 2 - Collectivités d'outre-mer__93.xlsx,Figure encadré 2,application/vnd.openxmlformats-officedocument.spreadsheetml.sheet,annotations/annotations_375b60c6-a453-45d0-8579-96870a439b82.npz,375b60c6-a453-45d0-8579-96870a439b82
interieur_spreadsheets,spreadsheets/4.1_Vols avec armes__98.xlsx,fig9,application/vnd.openxmlformats-officedocument.spreadsheetml.sheet,annotations/annotations_b9d0cbd6-8892-4d10-9362-243922dce3d5.npz,b9d0cbd6-8892-4d10-9362-243922dce3d5
justice_spreadsheets,spreadsheets/Stat_RSJ_Mineurs_10.4_2017%20%281%29__0.ods,10.4-fig4,application/vnd.oasis.opendocument.spreadsheet,annotations/annotations_e0e1d729-dd14-48df-90f9-a1c9d6a94ad9.npz,e0e1d729-dd14-48df-90f9-a1c9d6a94ad9
justice_spreadsheets,spreadsheets/Stat_RSJ_p%C3%A9nal_10_1%202022__2.ods,10.1 fig 3,application/vnd.oasis.opendocument.spreadsheet,annotations/annotations_db0678a8-50f6-456a-bb2c-faee94b46d1e.npz,db0678a8-50f6-456a-bb2c-faee94b46d1e
justice_spreadsheets,spreadsheets/Stat_RSJ_autres_16_1%202020_0__3.ods,16.1 Fig.2,application/vnd.oasis.opendocument.spreadsheet,annotations/annotations_4f8ba5c0-d905-473d-bf26-658de78e3571.npz,4f8ba5c0-d905-473d-bf26-658de78e3571
justice_spreadsheets,spreadsheets/Stat_RSJ_autres_15_2%202019__6.ods,15.2 Fig3,application/vnd.oasis.opendocument.spreadsheet,annotations/annotations_02082755-cebe-4a39-8629-ac9b740be279.npz,02082755-cebe-4a39-8629-ac9b740be279
justice_spreadsheets,spreadsheets/Stat_RSJ_Penal_6.1_2016__7.ods,6.1 Fig.2,application/vnd.oasis.opendocument.spreadsheet,annotations/annotations_3a85a9bb-91e1-490b-a755-7f0c2122536b.npz,3a85a9bb-91e1-490b-a755-7f0c2122536b
justice_spreadsheets,spreadsheets/Stat_RSJ_mineurs_17_1%202021__9.ods,17.1 fig2,application/vnd.oasis.opendocument.spreadsheet,annotations/annotations_510bc060-c983-49d4-9e7c-45edabe7f8c5.npz,510bc060-c983-49d4-9e7c-45edabe7f8c5
justice_spreadsheets,spreadsheets/Stat_RSJ_p%C3%A9nal_13.4_2017__10.ods,13.4 Fig.4,application/vnd.oasis.opendocument.spreadsheet,annotations/annotations_69e7ad82-4512-47d9-bfc7-5c9669c95c69.npz,69e7ad82-4512-47d9-bfc7-5c9669c95c69
justice_spreadsheets,spreadsheets/Stat_RSJ_civil_3.3_2018__11.ods,3.3 fig 4 série,application/vnd.oasis.opendocument.spreadsheet,annotations/annotations_2c9c2533-79b6-4d94-b6bd-01221413e264.npz,2c9c2533-79b6-4d94-b6bd-01221413e264
justice_spreadsheets,spreadsheets/Stat_RSJ_Penal_11_5%202020__15.ods,11.5 Fig.2,application/vnd.oasis.opendocument.spreadsheet,annotations/annotations_fd62bf19-e788-4fe5-a5b8-9098cdbcdfeb.npz,fd62bf19-e788-4fe5-a5b8-9098cdbcdfeb
justice_spreadsheets,spreadsheets/Stat_RSJ_Penal_8_2%202019__16.ods,8.2 fig1,application/vnd.oasis.opendocument.spreadsheet,annotations/annotations_6782a7a9-3050-4b72-b074-95192776849c.npz,6782a7a9-3050-4b72-b074-95192776849c
justice_spreadsheets,spreadsheets/RSJ%20ann%C3%A9e%202017%20-%2011.1%20-%20Les%20mineurs%20en%20danger%20%281%29__17.ods,11.1-fig2,application/vnd.oasis.opendocument.spreadsheet,annotations/annotations_653b06bd-2155-481b-84ee-5192c516e2f1.npz,653b06bd-2155-481b-84ee-5192c516e2f1
justice_spreadsheets,spreadsheets/Stat_RSJ_autres_17_1%202020__19.ods,17.1 Fig.1,application/vnd.oasis.opendocument.spreadsheet,annotations/annotations_c2535c13-a4a0-4a68-9c46-91217de4846d.npz,c2535c13-a4a0-4a68-9c46-91217de4846d
justice_spreadsheets,spreadsheets/Stat_RSJ_civil_1.4_2017%20%281%29__20.ods,1.4 Fig.5,application/vnd.oasis.opendocument.spreadsheet,annotations/annotations_dd989a4c-a928-4ec6-a814-51d7253a7077.npz,dd989a4c-a928-4ec6-a814-51d7253a7077
justice_spreadsheets,spreadsheets/stat_annuaire_p325-327_2012__26.ods,Activité par juridiction,application/vnd.oasis.opendocument.spreadsheet,annotations/annotations_b5142039-d85e-4229-900b-abe53c8e1c41.npz,b5142039-d85e-4229-900b-abe53c8e1c41
justice_spreadsheets,spreadsheets/Stat_RSJ_p%C3%A9nal_11.2_2018__27.ods,11.2 - fig 4 série,application/vnd.oasis.opendocument.spreadsheet,annotations/annotations_fde0026d-8af1-430d-8d09-92ef0194016c.npz,fde0026d-8af1-430d-8d09-92ef0194016c
justice_spreadsheets,spreadsheets/Stat_RSJ_Penal_8.2_2018__29.ods,8.2 fig1,application/vnd.oasis.opendocument.spreadsheet,annotations/annotations_4bc55012-2610-4387-b141-38f0eb53e1bd.npz,4bc55012-2610-4387-b141-38f0eb53e1bd
justice_spreadsheets,spreadsheets/Stat_RSJ_civil_3_4%202020__30.ods,3.4 fig 3,application/vnd.oasis.opendocument.spreadsheet,annotations/annotations_793a57ab-6100-4dda-84fe-1f244d1b1d30.npz,793a57ab-6100-4dda-84fe-1f244d1b1d30
justice_spreadsheets,spreadsheets/Stat_RSJ_civil_1_3%202020_0__31.ods,1.3 fig2,application/vnd.oasis.opendocument.spreadsheet,annotations/annotations_519c27f2-293f-4fc1-8c99-dc46fd368afb.npz,519c27f2-293f-4fc1-8c99-dc46fd368afb
justice_spreadsheets,spreadsheets/STAT_STMF_2023_03__32.xlsx,t_13,application/vnd.openxmlformats-officedocument.spreadsheetml.sheet,annotations/annotations_506fdb50-a231-4b2e-8f57-f40c7343c548.npz,506fdb50-a231-4b2e-8f57-f40c7343c548
justice_spreadsheets,spreadsheets/Stat_RSJ_civil_1.6_2017__33.ods,1.6 Fig.4,application/vnd.oasis.opendocument.spreadsheet,annotations/annotations_ad7f1977-5a7b-47ef-b389-83985efccf69.npz,ad7f1977-5a7b-47ef-b389-83985efccf69
justice_spreadsheets,spreadsheets/STAT_STMF_2023_09_0__34.xlsx,t_11,application/vnd.openxmlformats-officedocument.spreadsheetml.sheet,annotations/annotations_f1d8603b-f12c-4677-ada7-36f2a78ab7ce.npz,f1d8603b-f12c-4677-ada7-36f2a78ab7ce
justice_spreadsheets,spreadsheets/Stat_RSJ_Penal_7_7%202020_0__36.ods,7.7 Fig.4,application/vnd.oasis.opendocument.spreadsheet,annotations/annotations_c60b78a5-3e49-4cf8-a24d-85fdda7d56af.npz,c60b78a5-3e49-4cf8-a24d-85fdda7d56af
justice_spreadsheets,spreadsheets/Stat_RSJ_civil_2.2_2016_0__37.ods,2.2 fig4,application/vnd.oasis.opendocument.spreadsheet,annotations/annotations_c3290a56-0c13-4755-b6c1-94bb41107718.npz,c3290a56-0c13-4755-b6c1-94bb41107718
justice_spreadsheets,spreadsheets/stat_annuaire_p283-285_2012%20%281%29__38.ods,Médiateur de la République,application/vnd.oasis.opendocument.spreadsheet,annotations/annotations_622a7aee-45f1-486e-b261-71b46d888cb4.npz,622a7aee-45f1-486e-b261-71b46d888cb4
justice_spreadsheets,spreadsheets/Stat_RSJ_civil_3.3_2016_0__41.ods,3.3 - fig 4 ,application/vnd.oasis.opendocument.spreadsheet,annotations/annotations_08b807f0-a297-48db-b034-afcaeb355798.npz,08b807f0-a297-48db-b034-afcaeb355798
justice_spreadsheets,spreadsheets/Infos_Rapides_Justice_n10_Recidive_sortants_de_prison_tableaux__42.xlsx,Figure 4,application/vnd.openxmlformats-officedocument.spreadsheetml.sheet,annotations/annotations_735b1297-68ac-4582-bca9-b313199bd61f.npz,735b1297-68ac-4582-bca9-b313199bd61f
justice_spreadsheets,spreadsheets/Stat_RSJ_Autres_3_2%202021__43.ods,3.2 Fig.2,application/vnd.oasis.opendocument.spreadsheet,annotations/annotations_06d14156-6589-4d2e-94d1-7861a43f4f86.npz,06d14156-6589-4d2e-94d1-7861a43f4f86
justice_spreadsheets,spreadsheets/Stat_RSJ_civil_3.4_2018__44.ods,3.4 fig 4,application/vnd.oasis.opendocument.spreadsheet,annotations/annotations_f80e2213-6e9e-4292-99c0-b8e9adfa7787.npz,f80e2213-6e9e-4292-99c0-b8e9adfa7787
justice_spreadsheets,spreadsheets/Stat_RSJ_Penal_7_1%202019_0__45.ods,7.1 Fig.2,application/vnd.oasis.opendocument.spreadsheet,annotations/annotations_2faf4646-60af-49a8-ba37-7d972b5ed71e.npz,2faf4646-60af-49a8-ba37-7d972b5ed71e
justice_spreadsheets,spreadsheets/Stat_RSJ_Mineurs_12_6%202020__49.ods,12.6 fig3,application/vnd.oasis.opendocument.spreadsheet,annotations/annotations_b23140da-fa98-4409-b1de-760c222c7b9f.npz,b23140da-fa98-4409-b1de-760c222c7b9f
justice_spreadsheets,spreadsheets/Stat_RSJ_autres_15_2%202020__50.ods,15.2 Fig2,application/vnd.oasis.opendocument.spreadsheet,annotations/annotations_cccb3881-9f31-4953-a12d-dec27a6bde8f.npz,cccb3881-9f31-4953-a12d-dec27a6bde8f
justice_spreadsheets,spreadsheets/Stat_RSJ_autres_17.2_2018__52.ods,17.2 Fig.2,application/vnd.oasis.opendocument.spreadsheet,annotations/annotations_9829d7a8-b421-4d20-82ee-6bf27a76d4c9.npz,9829d7a8-b421-4d20-82ee-6bf27a76d4c9
justice_spreadsheets,spreadsheets/Stat_RSJ_17.2_Aide_juridictionnelle_Admissions_2015__53.ods,17.2 Fig. 1,application/vnd.oasis.opendocument.spreadsheet,annotations/annotations_91f8b19b-1fc2-4cb4-bb0c-f00642b22284.npz,91f8b19b-1fc2-4cb4-bb0c-f00642b22284
justice_spreadsheets,spreadsheets/Stat_RSJ_p%C3%A9nal_11_6%202022__54.ods,11.6 Fig5,application/vnd.oasis.opendocument.spreadsheet,annotations/annotations_b5ea0bb3-f248-4b63-bf39-9f8fd0db55eb.npz,b5ea0bb3-f248-4b63-bf39-9f8fd0db55eb
justice_spreadsheets,spreadsheets/Stat_RSJ_pe%CC%81nal_12_2%202021__56.ods,12.2 fig5,application/vnd.oasis.opendocument.spreadsheet,annotations/annotations_485e1b0d-4535-4496-bf53-c2d5c68aac9f.npz,485e1b0d-4535-4496-bf53-c2d5c68aac9f
justice_spreadsheets,spreadsheets/stat_annuaire_p205_2012__58.ods,Justice pénale,application/vnd.oasis.opendocument.spreadsheet,annotations/annotations_c409767d-4cf8-43b6-adca-579e4f4c7ff4.npz,c409767d-4cf8-43b6-adca-579e4f4c7ff4
justice_spreadsheets,spreadsheets/stat_annuaire_p303-307_2012%20%282%29__61.ods,Auxiliaires de Justice,application/vnd.oasis.opendocument.spreadsheet,annotations/annotations_bcc08cd3-714c-4854-8963-a9ab5500b98f.npz,bcc08cd3-714c-4854-8963-a9ab5500b98f
justice_spreadsheets,spreadsheets/Stat_RSJ_civil_6_3%202019__62.ods,6.3 fig 1,application/vnd.oasis.opendocument.spreadsheet,annotations/annotations_97d3423c-a307-43c3-bccb-003aba067f2e.npz,97d3423c-a307-43c3-bccb-003aba067f2e
justice_spreadsheets,spreadsheets/Stat_RSJ_Penal_8.2_2016__64.ods,8.2 Fig.2,application/vnd.oasis.opendocument.spreadsheet,annotations/annotations_57c208cf-3fa4-4a02-9ff1-18ffa2098ba8.npz,57c208cf-3fa4-4a02-9ff1-18ffa2098ba8
justice_spreadsheets,spreadsheets/Stat_RSJ_18.1_Les_officiers_publics_et_minist%C3%A9riels_les_administrateurs_et_mandataires_judiciaires_2015_V2__65.ods,18.1 Fig.1,application/vnd.oasis.opendocument.spreadsheet,annotations/annotations_f4c4b110-5465-46c8-8e64-cddbf041b660.npz,f4c4b110-5465-46c8-8e64-cddbf041b660
justice_spreadsheets,spreadsheets/Stat_RSJ_Penal_7_5%202020__67.ods,7.5 Fig.2,application/vnd.oasis.opendocument.spreadsheet,annotations/annotations_4fbc1684-6829-4eff-be05-61e6b4984fcc.npz,4fbc1684-6829-4eff-be05-61e6b4984fcc
justice_spreadsheets,spreadsheets/Stat_RSJ_Mineurs_10.4_2016__68.ods,10.4-fig4,application/vnd.oasis.opendocument.spreadsheet,annotations/annotations_45d94140-4978-40c0-b7f0-079fb07bd5e2.npz,45d94140-4978-40c0-b7f0-079fb07bd5e2
justice_spreadsheets,spreadsheets/Stat_RSJ_civil_7_1%202022__72.ods,7.1 fig 2,application/vnd.oasis.opendocument.spreadsheet,annotations/annotations_a4b62d11-08ae-4a66-ac55-9165c2c3ee17.npz,a4b62d11-08ae-4a66-ac55-9165c2c3ee17
justice_spreadsheets,spreadsheets/Stat_RSJ_autres_16_2%202019__73.ods,16.2 Fig.3,application/vnd.oasis.opendocument.spreadsheet,annotations/annotations_db1258fc-0012-48a2-9153-7db5822e5da4.npz,db1258fc-0012-48a2-9153-7db5822e5da4
justice_spreadsheets,spreadsheets/Stat_RSJ_Penal_11_1%202020%20%282%29__75.ods,11.1 - fig 1,application/vnd.oasis.opendocument.spreadsheet,annotations/annotations_3bedb5d2-7235-4090-95f2-f3f3facf61da.npz,3bedb5d2-7235-4090-95f2-f3f3facf61da
justice_spreadsheets,spreadsheets/Stat_RSJ_civil_3_3%202020__76.ods,3.3 fig 3 ,application/vnd.oasis.opendocument.spreadsheet,annotations/annotations_fd88864d-fe6d-4143-b0d2-2768f1bbe829.npz,fd88864d-fe6d-4143-b0d2-2768f1bbe829
justice_spreadsheets,spreadsheets/Stat_RSJ_2.1_Civil_La_protection_des_libert%C3%A9s_2015__77.ods,2.1 Fig. 5 ,application/vnd.oasis.opendocument.spreadsheet,annotations/annotations_ad7dcb3d-0e9d-433b-b97e-6a2a0b12191d.npz,ad7dcb3d-0e9d-433b-b97e-6a2a0b12191d
justice_spreadsheets,spreadsheets/Stat_RSJ_civil_8_1%202022__78.ods,8.1 fig1,application/vnd.oasis.opendocument.spreadsheet,annotations/annotations_b798dd5f-d7d4-4c3b-a72d-22df19f64941.npz,b798dd5f-d7d4-4c3b-a72d-22df19f64941
justice_spreadsheets,spreadsheets/Stat_RSJ_civil_6.3_2018%20%281%29__79.ods,6.3 fig 1 - série,application/vnd.oasis.opendocument.spreadsheet,annotations/annotations_9c97b371-2388-4472-abb3-3453b0c3de6f.npz,9c97b371-2388-4472-abb3-3453b0c3de6f
justice_spreadsheets,spreadsheets/Stat_RSJ_6.1_penal_Les_caracteristiques_des_auteurs_traites_par_les_parquets_2015__82.ods,6.1 Fig.4,application/vnd.oasis.opendocument.spreadsheet,annotations/annotations_c67084e1-e702-4e7e-ba21-f4f287fdfc1d.npz,c67084e1-e702-4e7e-ba21-f4f287fdfc1d
justice_spreadsheets,spreadsheets/Stat_RSJ_Penal_7_7%202020__83.ods,7.7 Fig.4,application/vnd.oasis.opendocument.spreadsheet,annotations/annotations_b49be6e0-c7d0-4250-bae1-34490498bbb9.npz,b49be6e0-c7d0-4250-bae1-34490498bbb9
justice_spreadsheets,spreadsheets/Stat_RSJ_mineurs_17_3%202022__84.ods,17.3 fig5,application/vnd.oasis.opendocument.spreadsheet,annotations/annotations_09f21350-f6d6-4bce-ac14-fbef7c93d210.npz,09f21350-f6d6-4bce-ac14-fbef7c93d210
justice_spreadsheets,spreadsheets/Stat_RSJ_3.5_Civil_Le_surendettement_saisines_2015__85.ods,3.5 Fig. 4,application/vnd.oasis.opendocument.spreadsheet,annotations/annotations_29a33ee7-f17c-4f45-b800-cac0f5c5e272.npz,29a33ee7-f17c-4f45-b800-cac0f5c5e272
justice_spreadsheets,spreadsheets/Stat_RSJ_autres_16.2_2016__86.ods,16.2 Fig.1,application/vnd.oasis.opendocument.spreadsheet,annotations/annotations_ee699b59-8b23-4a68-bd0a-2462b0507083.npz,ee699b59-8b23-4a68-bd0a-2462b0507083
justice_spreadsheets,spreadsheets/IRJ_4__88.ods,fig2,application/vnd.oasis.opendocument.spreadsheet,annotations/annotations_bff0aa3c-36c8-45da-ab43-d4f7579f3104.npz,bff0aa3c-36c8-45da-ab43-d4f7579f3104
justice_spreadsheets,spreadsheets/Stat_RSJ_Penal_11_1%202020__89.ods,11.1 - fig 3,application/vnd.oasis.opendocument.spreadsheet,annotations/annotations_33edb732-5597-4dbb-ab9b-950d711f2bfd.npz,33edb732-5597-4dbb-ab9b-950d711f2bfd
justice_spreadsheets,spreadsheets/Stat_RSJ_civil_1.2_2017%20%282%29__90.ods,1.2 Fig.5 - série,application/vnd.oasis.opendocument.spreadsheet,annotations/annotations_c0badabb-07fc-4a31-b52c-5e6f01f1ad78.npz,c0badabb-07fc-4a31-b52c-5e6f01f1ad78
justice_spreadsheets,spreadsheets/Stat_RSJ_Penal_7_1%202019__91.ods,7.1 Fig.3,application/vnd.oasis.opendocument.spreadsheet,annotations/annotations_fe87012a-2bf9-4022-8b26-5d69080467d1.npz,fe87012a-2bf9-4022-8b26-5d69080467d1
justice_spreadsheets,spreadsheets/stat_annuaire_p317-319_2012__92.ods,TGI jur,application/vnd.oasis.opendocument.spreadsheet,annotations/annotations_2ad63619-9a41-4abc-b8b6-a3366daf8a1d.npz,2ad63619-9a41-4abc-b8b6-a3366daf8a1d
justice_spreadsheets,spreadsheets/Stat_RSJ_Penal_9.1_2018%20%281%29__93.ods,9.1 Fig.1,application/vnd.oasis.opendocument.spreadsheet,annotations/annotations_3adac347-5c60-432d-bf0d-dc6fbd2e2d83.npz,3adac347-5c60-432d-bf0d-dc6fbd2e2d83
justice_spreadsheets,spreadsheets/Stat_RSJ_Penal_7_4%202020_0__95.ods,7.4 Fig.2,application/vnd.oasis.opendocument.spreadsheet,annotations/annotations_c8968155-dbbf-4d82-9d27-1eadcc43e9e9.npz,c8968155-dbbf-4d82-9d27-1eadcc43e9e9
justice_spreadsheets,spreadsheets/stat_annuaire_p73-77_2012__96.ods,Justice civile,application/vnd.oasis.opendocument.spreadsheet,annotations/annotations_a6500b6e-d4a9-4552-a5b5-05a05d4f6306.npz,a6500b6e-d4a9-4552-a5b5-05a05d4f6306
justice_spreadsheets,spreadsheets/Statistique_etablissements_20230201__97.xlsx,Tab41,application/vnd.openxmlformats-officedocument.spreadsheetml.sheet,annotations/annotations_7d2dee1a-2e96-4a49-afbd-7e6295a62d12.npz,7d2dee1a-2e96-4a49-afbd-7e6295a62d12
justice_spreadsheets,spreadsheets/Stat_RSJ_civil_4_4%202022__99.ods,4.4 fig.1,application/vnd.oasis.opendocument.spreadsheet,annotations/annotations_7568e5d6-7b84-45d0-bb32-54750e4059c0.npz,7568e5d6-7b84-45d0-bb32-54750e4059c0
mic_jp_spreadsheets,spreadsheets/s-139-2-3__0.csv,f86ca0f0-6b1a-48e5-922e-4c3881a29c7c,text/csv,annotations/annotations_f86ca0f0-6b1a-48e5-922e-4c3881a29c7c.npz,f86ca0f0-6b1a-48e5-922e-4c3881a29c7c
mic_jp_spreadsheets,spreadsheets/z-122__1.xls,第122図,application/vnd.ms-excel,annotations/annotations_dbc593fa-68aa-464f-aec6-5abfc5d95639.npz,dbc593fa-68aa-464f-aec6-5abfc5d95639
mic_jp_spreadsheets,spreadsheets/by010502__2.xls,by010502,application/vnd.ms-excel,annotations/annotations_211a732d-893a-4598-be2d-d68387234431.npz,211a732d-893a-4598-be2d-d68387234431
mic_jp_spreadsheets,spreadsheets/s-023-2__3.xls,第23表その2,application/vnd.ms-excel,annotations/annotations_bc4ef769-e34a-4de3-b4bf-ccfc7bab0c45.npz,bc4ef769-e34a-4de3-b4bf-ccfc7bab0c45
mic_jp_spreadsheets,spreadsheets/n5601030__4.csv,0813833e-c4cf-4d4b-b476-79c65af25245,text/csv,annotations/annotations_0813833e-c4cf-4d4b-b476-79c65af25245.npz,0813833e-c4cf-4d4b-b476-79c65af25245
mic_jp_spreadsheets,spreadsheets/000622821__5.xlsx,40-01-03都市,application/vnd.openxmlformats-officedocument.spreadsheetml.sheet,annotations/annotations_7cdd1607-f797-4d42-a035-10b5860885f6.npz,7cdd1607-f797-4d42-a035-10b5860885f6
mic_jp_spreadsheets,spreadsheets/000308910__6.xls,AFAHO13E0310,application/vnd.ms-excel,annotations/annotations_cae11382-82f6-494e-9fba-9c1fa52d5e8b.npz,cae11382-82f6-494e-9fba-9c1fa52d5e8b
mic_jp_spreadsheets,spreadsheets/000763720__7.xlsx,AFAHO12H0140,application/vnd.openxmlformats-officedocument.spreadsheetml.sheet,annotations/annotations_b0e9d24b-b0c1-45a8-9e9b-302037bdadb2.npz,b0e9d24b-b0c1-45a8-9e9b-302037bdadb2
mic_jp_spreadsheets,spreadsheets/CJ-18-04__8.xlsx,(2)事業所税,application/vnd.openxmlformats-officedocument.spreadsheetml.sheet,annotations/annotations_1fc1399e-7d88-4016-abfd-02dc02ab4567.npz,1fc1399e-7d88-4016-abfd-02dc02ab4567
mic_jp_spreadsheets,spreadsheets/000250943__9.xls,兵庫県,application/vnd.ms-excel,annotations/annotations_52044e48-f126-472a-a73a-ba0e7e86cee0.npz,52044e48-f126-472a-a73a-ba0e7e86cee0
mic_jp_spreadsheets,spreadsheets/so0805__10.xls,8 (5),application/vnd.ms-excel,annotations/annotations_ef0c2ee6-a382-4362-853b-2c1ed5dfaf58.npz,ef0c2ee6-a382-4362-853b-2c1ed5dfaf58
mic_jp_spreadsheets,spreadsheets/000609114__11.xls,２(6)イ,application/vnd.ms-excel,annotations/annotations_3458d7b6-0af4-4998-aa75-28c76dcc0473.npz,3458d7b6-0af4-4998-aa75-28c76dcc0473
mic_jp_spreadsheets,spreadsheets/000735343__17.xlsx,データ,application/vnd.openxmlformats-officedocument.spreadsheetml.sheet,annotations/annotations_9e654f71-1555-4813-b593-7b6c5055fa18.npz,9e654f71-1555-4813-b593-7b6c5055fa18
mic_jp_spreadsheets,spreadsheets/h-023__19.xls,第23表,application/vnd.ms-excel,annotations/annotations_66b59029-4d97-4b6b-97b1-7b6659db9978.npz,66b59029-4d97-4b6b-97b1-7b6659db9978
mic_jp_spreadsheets,spreadsheets/5-3__22.xls,Sheet1,application/vnd.ms-excel,annotations/annotations_a5f86f1d-5945-47c7-b0a9-baabea248833.npz,a5f86f1d-5945-47c7-b0a9-baabea248833
mic_jp_spreadsheets,spreadsheets/s-050__23.csv,0ce372ca-5092-449e-9eeb-62286555e4b8,text/csv,annotations/annotations_0ce372ca-5092-449e-9eeb-62286555e4b8.npz,0ce372ca-5092-449e-9eeb-62286555e4b8
mic_jp_spreadsheets,spreadsheets/000435516__25.xls,AFAHO12H0140,application/vnd.ms-excel,annotations/annotations_ee0f93c3-48ce-44e9-ae95-585b6675ea6d.npz,ee0f93c3-48ce-44e9-ae95-585b6675ea6d
mic_jp_spreadsheets,spreadsheets/010810__27.xlsx,個排,application/vnd.openxmlformats-officedocument.spreadsheetml.sheet,annotations/annotations_60821b75-af57-49e7-87a2-dfff921a98e5.npz,60821b75-af57-49e7-87a2-dfff921a98e5
mic_jp_spreadsheets,spreadsheets/s-088-1__28.xls,第88表その1,application/vnd.ms-excel,annotations/annotations_9cbd7840-ab3d-46f3-9a2d-622b698f3880.npz,9cbd7840-ab3d-46f3-9a2d-622b698f3880
mic_jp_spreadsheets,spreadsheets/z-109__31.csv,cda4d522-6291-486e-b9de-3ae9969975c8,text/csv,annotations/annotations_cda4d522-6291-486e-b9de-3ae9969975c8.npz,cda4d522-6291-486e-b9de-3ae9969975c8
mic_jp_spreadsheets,spreadsheets/s-098-2__32.xls,第98表その2,application/vnd.ms-excel,annotations/annotations_91553471-29de-4c3e-b02e-fddb64535add.npz,91553471-29de-4c3e-b02e-fddb64535add
mic_jp_spreadsheets,spreadsheets/000725837__33.xlsx,7-2,application/vnd.openxmlformats-officedocument.spreadsheetml.sheet,annotations/annotations_61b0097a-c870-46f2-9242-1430f896d94f.npz,61b0097a-c870-46f2-9242-1430f896d94f
mic_jp_spreadsheets,spreadsheets/TJ-18-02__35.xlsx,秋田県,application/vnd.openxmlformats-officedocument.spreadsheetml.sheet,annotations/annotations_93c42f14-94b0-4f29-8b84-382cd4863e24.npz,93c42f14-94b0-4f29-8b84-382cd4863e24
mic_jp_spreadsheets,spreadsheets/000804718__37.xls,by011403010201,application/vnd.ms-excel,annotations/annotations_ee4dcce8-533e-4333-b982-288f0fda31fd.npz,ee4dcce8-533e-4333-b982-288f0fda31fd
mic_jp_spreadsheets,spreadsheets/n2202020__39.xls,Sheet1,application/vnd.ms-excel,annotations/annotations_128a12e9-987b-43d6-9a8a-316854fafab5.npz,128a12e9-987b-43d6-9a8a-316854fafab5
mic_jp_spreadsheets,spreadsheets/ch2204a__40.xls,Sheet1,application/vnd.ms-excel,annotations/annotations_0f734cd0-3e3f-4638-81e8-b219da81d4e5.npz,0f734cd0-3e3f-4638-81e8-b219da81d4e5
mic_jp_spreadsheets,spreadsheets/000722851__42.xlsx,③一般職員のうち一般行政職,application/vnd.openxmlformats-officedocument.spreadsheetml.sheet,annotations/annotations_5715fe0c-4fb9-4b33-82ca-d51c3263a3c1.npz,5715fe0c-4fb9-4b33-82ca-d51c3263a3c1
mic_jp_spreadsheets,spreadsheets/000878556__43.xlsx,AFAHO10H0010,application/vnd.openxmlformats-officedocument.spreadsheetml.sheet,annotations/annotations_3138b7e0-a839-47b0-967a-c377939d4117.npz,3138b7e0-a839-47b0-967a-c377939d4117
mic_jp_spreadsheets,spreadsheets/n2203070__47.csv,c6475575-047d-42d3-9b3e-115b2633a92c,text/csv,annotations/annotations_c6475575-047d-42d3-9b3e-115b2633a92c.npz,c6475575-047d-42d3-9b3e-115b2633a92c
mic_jp_spreadsheets,spreadsheets/000682403__49.xls,de0102,application/vnd.ms-excel,annotations/annotations_37cf9120-090d-4ccd-bc1a-22d887fb284c.npz,37cf9120-090d-4ccd-bc1a-22d887fb284c
mic_jp_spreadsheets,spreadsheets/s-139-2-1__55.xls,第139表その2（1）,application/vnd.ms-excel,annotations/annotations_f853a7ba-8e8c-49cd-84c5-6d2c25cc37e9.npz,f853a7ba-8e8c-49cd-84c5-6d2c25cc37e9
mic_jp_spreadsheets,spreadsheets/000672687__57.xlsx,データ,application/vnd.openxmlformats-officedocument.spreadsheetml.sheet,annotations/annotations_6b224de3-9beb-4b0c-a563-5c38653b6f80.npz,6b224de3-9beb-4b0c-a563-5c38653b6f80
mic_jp_spreadsheets,spreadsheets/000727321__58.xlsx,財政的リスクの状況調査（公表）,application/vnd.openxmlformats-officedocument.spreadsheetml.sheet,annotations/annotations_6496a805-6cb0-45e1-a860-42841ae0c328.npz,6496a805-6cb0-45e1-a860-42841ae0c328
mic_jp_spreadsheets,spreadsheets/7-39__59.xls,Sheet2,application/vnd.ms-excel,annotations/annotations_e1265c15-1475-49af-8f9a-1f00b3c1b6a0.npz,e1265c15-1475-49af-8f9a-1f00b3c1b6a0
mic_jp_spreadsheets,spreadsheets/s-105__60.csv,ba763d54-6a67-4d87-8021-8f87036760e6,text/csv,annotations/annotations_ba763d54-6a67-4d87-8021-8f87036760e6.npz,ba763d54-6a67-4d87-8021-8f87036760e6
mic_jp_spreadsheets,spreadsheets/000309017__61.xls,AFAHO13H0930,application/vnd.ms-excel,annotations/annotations_3de0b6f4-3c21-48bb-9d1b-9380b9e6d71c.npz,3de0b6f4-3c21-48bb-9d1b-9380b9e6d71c
mic_jp_spreadsheets,spreadsheets/10__62.xls,①S34～S25,application/vnd.ms-excel,annotations/annotations_36892393-3bd4-4565-b4f8-689944a71886.npz,36892393-3bd4-4565-b4f8-689944a71886
mic_jp_spreadsheets,spreadsheets/z-045__64.csv,6cd4e017-8e98-4251-9c9f-587ac41c7f5f,text/csv,annotations/annotations_6cd4e017-8e98-4251-9c9f-587ac41c7f5f.npz,6cd4e017-8e98-4251-9c9f-587ac41c7f5f
mic_jp_spreadsheets,spreadsheets/j1104700__66.xls,Sheet1,application/vnd.ms-excel,annotations/annotations_3dbd25fa-a507-4aae-b068-0355658dc60f.npz,3dbd25fa-a507-4aae-b068-0355658dc60f
mic_jp_spreadsheets,spreadsheets/000328263__67.xls,H23~25重点手続,application/vnd.ms-excel,annotations/annotations_131f5aed-83c4-404a-a146-53c9807c3769.npz,131f5aed-83c4-404a-a146-53c9807c3769
mic_jp_spreadsheets,spreadsheets/000832218__72.xlsx,AFAHO12H0110,application/vnd.openxmlformats-officedocument.spreadsheetml.sheet,annotations/annotations_82ff5611-c3d5-44f9-8102-ea31061a395c.npz,82ff5611-c3d5-44f9-8102-ea31061a395c
mic_jp_spreadsheets,spreadsheets/n3106020__74.xlsx,Sheet1,application/vnd.openxmlformats-officedocument.spreadsheetml.sheet,annotations/annotations_b3e017cc-c119-4dd1-ac02-b11279f63664.npz,b3e017cc-c119-4dd1-ac02-b11279f63664
mic_jp_spreadsheets,spreadsheets/000308939__76.xls,AFAHO13H0590,application/vnd.ms-excel,annotations/annotations_6fb0f95a-8758-4048-b236-8d7d9541619b.npz,6fb0f95a-8758-4048-b236-8d7d9541619b
mic_jp_spreadsheets,spreadsheets/si0204__78.xls,si090204,application/vnd.ms-excel,annotations/annotations_141c6a17-16c8-4474-896c-cc1e0a191713.npz,141c6a17-16c8-4474-896c-cc1e0a191713
mic_jp_spreadsheets,spreadsheets/n1203040__80.xls,Sheet1,application/vnd.ms-excel,annotations/annotations_138eff43-ffe7-4c89-9f2e-32256b828e07.npz,138eff43-ffe7-4c89-9f2e-32256b828e07
mic_jp_spreadsheets,spreadsheets/000853255__81.xlsx,①全職種,application/vnd.openxmlformats-officedocument.spreadsheetml.sheet,annotations/annotations_6eab9db2-e04b-4774-a522-a523efffb829.npz,6eab9db2-e04b-4774-a522-a523efffb829
mic_jp_spreadsheets,spreadsheets/010402__82.xls,公共・グラフ,application/vnd.ms-excel,annotations/annotations_5e719806-c39e-48fb-958d-7e66f74e4acb.npz,5e719806-c39e-48fb-958d-7e66f74e4acb
mic_jp_spreadsheets,spreadsheets/n4403060__83.xlsx,Sheet1,application/vnd.openxmlformats-officedocument.spreadsheetml.sheet,annotations/annotations_5ff54ab8-794f-4fd2-8235-6cb91021e494.npz,5ff54ab8-794f-4fd2-8235-6cb91021e494
mic_jp_spreadsheets,spreadsheets/n5301010__84.csv,58745e69-e164-4584-a707-f364db33c106,text/csv,annotations/annotations_58745e69-e164-4584-a707-f364db33c106.npz,58745e69-e164-4584-a707-f364db33c106
mic_jp_spreadsheets,spreadsheets/000309233__86.xls,3-2-11b,application/vnd.ms-excel,annotations/annotations_54eacfd1-1de7-491d-b128-66044649b8a2.npz,54eacfd1-1de7-491d-b128-66044649b8a2
mic_jp_spreadsheets,spreadsheets/n5304020__87.xls,Sheet1,application/vnd.ms-excel,annotations/annotations_8625a98a-7052-4bca-aaef-776d8a25f866.npz,8625a98a-7052-4bca-aaef-776d8a25f866
mic_jp_spreadsheets,spreadsheets/d0303081__89.xlsx,Sheet1,application/vnd.openxmlformats-officedocument.spreadsheetml.sheet,annotations/annotations_17f5a174-9977-443c-86c8-19e88c41525a.npz,17f5a174-9977-443c-86c8-19e88c41525a
mic_jp_spreadsheets,spreadsheets/s-044-2__91.xls,第44表その2,application/vnd.ms-excel,annotations/annotations_425c68c7-67b2-41cc-892f-dc819e154db9.npz,425c68c7-67b2-41cc-892f-dc819e154db9
mic_jp_spreadsheets,spreadsheets/000966316__92.xlsx,AFAHO12H0200,application/vnd.openxmlformats-officedocument.spreadsheetml.sheet,annotations/annotations_bfee5e84-181f-4947-ad7c-625eb89235af.npz,bfee5e84-181f-4947-ad7c-625eb89235af
mic_jp_spreadsheets,spreadsheets/m1202060__93.xls,Sheet1,application/vnd.ms-excel,annotations/annotations_0d5d7941-00b0-41e8-ad67-1bbcbf1f0cc0.npz,0d5d7941-00b0-41e8-ad67-1bbcbf1f0cc0
mic_jp_spreadsheets,spreadsheets/s-013-1__94.xls,第13表,application/vnd.ms-excel,annotations/annotations_d63832c0-e87a-4aa5-ac11-441f6c45e8d1.npz,d63832c0-e87a-4aa5-ac11-441f6c45e8d1
mic_jp_spreadsheets,spreadsheets/000309111__96.XLS,AFAHO13H1610,application/vnd.ms-excel,annotations/annotations_87e9be9e-d06d-4d04-a1a6-872dce2c871e.npz,87e9be9e-d06d-4d04-a1a6-872dce2c871e
mic_jp_spreadsheets,spreadsheets/n2304110__97.csv,2a66d93f-8896-4068-9edf-b4d39c0d78e0,text/csv,annotations/annotations_2a66d93f-8896-4068-9edf-b4d39c0d78e0.npz,2a66d93f-8896-4068-9edf-b4d39c0d78e0
nces_spreadsheets,spreadsheets/tabn204.70__0.xls,Digest 2017 Table 204.70,application/vnd.ms-excel,annotations/annotations_03f0be2d-929e-46dd-bc4f-20cee8fdc3a3.npz,03f0be2d-929e-46dd-bc4f-20cee8fdc3a3
nces_spreadsheets,spreadsheets/sass0708_013_t1nse__2.xls,SE,application/vnd.ms-excel,annotations/annotations_c9e4d202-cd7f-468d-b498-682c1a7900dc.npz,c9e4d202-cd7f-468d-b498-682c1a7900dc
nces_spreadsheets,spreadsheets/table1A__4.xls,TABLE1,application/vnd.ms-excel,annotations/annotations_9aa06209-05de-4e13-a23d-9e329d186cea.npz,9aa06209-05de-4e13-a23d-9e329d186cea
nces_spreadsheets,spreadsheets/table_2008_03__5.xls,EST,application/vnd.ms-excel,annotations/annotations_1ffc943a-a7b1-449a-97e4-c22229845747.npz,1ffc943a-a7b1-449a-97e4-c22229845747
nces_spreadsheets,spreadsheets/tabn106.50__6.xlsx,Digest 2022 Table 106.50,application/vnd.openxmlformats-officedocument.spreadsheetml.sheet,annotations/annotations_a19fbed2-ec4c-40e7-a911-9d8a3d3989ab.npz,a19fbed2-ec4c-40e7-a911-9d8a3d3989ab
nces_spreadsheets,spreadsheets/F.1.03__7.xls,F1.03,application/vnd.ms-excel,annotations/annotations_b1eca11b-1c80-4b21-89a5-3155154b74e7.npz,b1eca11b-1c80-4b21-89a5-3155154b74e7
nces_spreadsheets,spreadsheets/tabn379__8.xls,Table 379,application/vnd.ms-excel,annotations/annotations_0146975c-4a0d-4ef7-8508-7734949b329c.npz,0146975c-4a0d-4ef7-8508-7734949b329c
nces_spreadsheets,spreadsheets/scs_2007_tab_14se__11.xls,Table S14,application/vnd.ms-excel,annotations/annotations_5d7feb39-6199-49e2-8228-ec8f99f6e7a4.npz,5d7feb39-6199-49e2-8228-ec8f99f6e7a4
nces_spreadsheets,spreadsheets/tabn241__12.xls,Table 241,application/vnd.ms-excel,annotations/annotations_ee88be08-edd6-41ff-a384-482b390aaf56.npz,ee88be08-edd6-41ff-a384-482b390aaf56
nces_spreadsheets,spreadsheets/P166_2014__14.xls,P166,application/vnd.ms-excel,annotations/annotations_973677ee-3c55-4222-8c2e-aef16016bba7.npz,973677ee-3c55-4222-8c2e-aef16016bba7
nces_spreadsheets,spreadsheets/tabn211.40__15.xls,Digest 2016 Table 211.40,application/vnd.ms-excel,annotations/annotations_cf0a692d-615a-4ba9-a4f1-6338ab458318.npz,cf0a692d-615a-4ba9-a4f1-6338ab458318
nces_spreadsheets,spreadsheets/97450A10__16.xls,A10,application/vnd.ms-excel,annotations/annotations_27b376af-fdaf-49ee-913f-a4f883bd9c45.npz,27b376af-fdaf-49ee-913f-a4f883bd9c45
nces_spreadsheets,spreadsheets/table_a03__18.xls,Table A-3,application/vnd.ms-excel,annotations/annotations_2e50f5c0-6b2b-4457-9989-d3d6af517250.npz,2e50f5c0-6b2b-4457-9989-d3d6af517250
nces_spreadsheets,spreadsheets/tabn209.23__19.xls,Digest 2017 Table 209.23,application/vnd.ms-excel,annotations/annotations_84bb867c-4276-4e0a-a2d8-454df22a6ba6.npz,84bb867c-4276-4e0a-a2d8-454df22a6ba6
nces_spreadsheets,spreadsheets/tabn304.20__20.xls,Digest 2016 Table 304.20,application/vnd.ms-excel,annotations/annotations_5af1f2d1-fb61-4097-97f0-b39a0ac4620f.npz,5af1f2d1-fb61-4097-97f0-b39a0ac4620f
nces_spreadsheets,spreadsheets/timss2015_table17__21.xlsx,17,application/vnd.openxmlformats-officedocument.spreadsheetml.sheet,annotations/annotations_e39a2246-af47-4ff2-87f8-65fc807d0e3f.npz,e39a2246-af47-4ff2-87f8-65fc807d0e3f
nces_spreadsheets,spreadsheets/tabn325.60__22.xls,Digest 2017 Table 325.60,application/vnd.ms-excel,annotations/annotations_55f649be-33dc-4c24-beb9-4db5a7640b15.npz,55f649be-33dc-4c24-beb9-4db5a7640b15
nces_spreadsheets,spreadsheets/table_S_1_5__25.xls,Table S-1.5.,application/vnd.ms-excel,annotations/annotations_ac8c86fa-6dc2-46c1-91cf-6f46a2c553a1.npz,ac8c86fa-6dc2-46c1-91cf-6f46a2c553a1
nces_spreadsheets,spreadsheets/enrollment_table_06se__26.xls,Table5-StdErrs,application/vnd.ms-excel,annotations/annotations_3285904b-c450-4103-a1c5-5752c35909ad.npz,3285904b-c450-4103-a1c5-5752c35909ad
nces_spreadsheets,spreadsheets/tabn220.40__27.xls,Digest 2019 Table 220.40,application/vnd.ms-excel,annotations/annotations_e452b5fb-710e-4139-bc5e-77d2e7c5ea5b.npz,e452b5fb-710e-4139-bc5e-77d2e7c5ea5b
nces_spreadsheets,spreadsheets/h108_2006__28.xls,Table H108,application/vnd.ms-excel,annotations/annotations_e1b7cf56-82e3-43f0-9f8d-6df642586a5f.npz,e1b7cf56-82e3-43f0-9f8d-6df642586a5f
nces_spreadsheets,spreadsheets/tabn204.30__31.xlsx,Digest 2022 Table 204.30,application/vnd.openxmlformats-officedocument.spreadsheetml.sheet,annotations/annotations_ffc2b7a7-8009-467c-81b4-8ca3f0b068cd.npz,ffc2b7a7-8009-467c-81b4-8ca3f0b068cd
nces_spreadsheets,spreadsheets/TABLE04fl1718__32.xlsx,EST,application/vnd.openxmlformats-officedocument.spreadsheetml.sheet,annotations/annotations_2249e7ea-cc28-4952-992a-0da8c844a44a.npz,2249e7ea-cc28-4952-992a-0da8c844a44a
nces_spreadsheets,spreadsheets/mathscience_2009_e12SE__34.xlsx,Table E12 SEs,application/vnd.openxmlformats-officedocument.spreadsheetml.sheet,annotations/annotations_7257efc6-defd-46c7-9784-754c446e0b9a.npz,7257efc6-defd-46c7-9784-754c446e0b9a
nces_spreadsheets,spreadsheets/se_table_2006_03__36.xls,VAR,application/vnd.ms-excel,annotations/annotations_9057a273-63a6-4dbf-9fd9-8aaf429a4249.npz,9057a273-63a6-4dbf-9fd9-8aaf429a4249
nces_spreadsheets,spreadsheets/table_2008_01__41.xls,EST,application/vnd.ms-excel,annotations/annotations_25615e3c-e8b6-4b28-ad27-707de99b1149.npz,25615e3c-e8b6-4b28-ad27-707de99b1149
nces_spreadsheets,spreadsheets/tabn302.60__43.xls,Digest 2022 Table 302.60,application/vnd.ms-excel,annotations/annotations_f94fc8ec-b1a1-4243-bcec-f11d3d2ed859.npz,f94fc8ec-b1a1-4243-bcec-f11d3d2ed859
nces_spreadsheets,spreadsheets/tabn089__44.xls,Table 89,application/vnd.ms-excel,annotations/annotations_ecadc6e1-2d99-4d6f-ad16-c79ee52f80c7.npz,ecadc6e1-2d99-4d6f-ad16-c79ee52f80c7
nces_spreadsheets,spreadsheets/tabn303.55__46.xlsx,Digest 2022 Table 303.55,application/vnd.openxmlformats-officedocument.spreadsheetml.sheet,annotations/annotations_cf6717e3-a6fe-489d-bc51-d3eeb54faba0.npz,cf6717e3-a6fe-489d-bc51-d3eeb54faba0
nces_spreadsheets,spreadsheets/h80se_2005__47.xls,H80se,application/vnd.ms-excel,annotations/annotations_bb060dd9-da6b-40a9-a492-1bd0b4d5463e.npz,bb060dd9-da6b-40a9-a492-1bd0b4d5463e
nces_spreadsheets,spreadsheets/table_a3__50.xls,Sheet1,application/vnd.ms-excel,annotations/annotations_86e63a9e-afbf-4317-b8c3-a4f9f27c157d.npz,86e63a9e-afbf-4317-b8c3-a4f9f27c157d
nces_spreadsheets,spreadsheets/tabn204.30__51.xls,Digest 2014 Table 204.30,application/vnd.ms-excel,annotations/annotations_052a0517-0c1d-46a1-9206-8f483b0ef6d4.npz,052a0517-0c1d-46a1-9206-8f483b0ef6d4
nces_spreadsheets,spreadsheets/tabn239__52.xls,Table 239,application/vnd.ms-excel,annotations/annotations_b56c9ea8-76db-48f5-99d0-874ba02da7b9.npz,b56c9ea8-76db-48f5-99d0-874ba02da7b9
nces_spreadsheets,spreadsheets/tabn222.77__53.xls,Digest 2019 Table 222.77,application/vnd.ms-excel,annotations/annotations_ddf796af-a6a0-4ec1-8465-97b368853068.npz,ddf796af-a6a0-4ec1-8465-97b368853068
nces_spreadsheets,spreadsheets/tabn225.30__56.xls,Digest 2022 Table 225.30,application/vnd.ms-excel,annotations/annotations_d2ddb5c5-65ec-498f-9062-4fb919f41638.npz,d2ddb5c5-65ec-498f-9062-4fb919f41638
nces_spreadsheets,spreadsheets/Employmentandhours_1se__60.xlsx,Table 1 SEs,application/vnd.openxmlformats-officedocument.spreadsheetml.sheet,annotations/annotations_d19ff468-baa6-4d1e-b0bd-21b6db96bfb4.npz,d19ff468-baa6-4d1e-b0bd-21b6db96bfb4
nces_spreadsheets,spreadsheets/h117se__62.xls,Table h117se,application/vnd.ms-excel,annotations/annotations_f46bd995-eaa1-4dec-b887-18771ab9fd7b.npz,f46bd995-eaa1-4dec-b887-18771ab9fd7b
nces_spreadsheets,spreadsheets/table_C17g1__63.xls,FY96 REV,application/vnd.ms-excel,annotations/annotations_df74e221-31ac-4857-8431-80b90c71518e.npz,df74e221-31ac-4857-8431-80b90c71518e
nces_spreadsheets,spreadsheets/A14_2005__64.xls,T14 (3),application/vnd.ms-excel,annotations/annotations_722c58bf-7f45-4acc-b2bf-48cd379e06af.npz,722c58bf-7f45-4acc-b2bf-48cd379e06af
nces_spreadsheets,spreadsheets/tabn219.50__66.xls,Digest 2017 Table 219.50,application/vnd.ms-excel,annotations/annotations_fe117741-18b6-4c7f-84c9-4125c240d093.npz,fe117741-18b6-4c7f-84c9-4125c240d093
nces_spreadsheets,spreadsheets/tabn219.75__67.xls,Digest 2019 Table 219.75,application/vnd.ms-excel,annotations/annotations_ba12db31-2d54-4dc6-a1b3-c89a1a935b7f.npz,ba12db31-2d54-4dc6-a1b3-c89a1a935b7f
nces_spreadsheets,spreadsheets/tabn140__69.xls,Table 140,application/vnd.ms-excel,annotations/annotations_76b6ab47-5012-4bf7-91a5-c2c9158c9c66.npz,76b6ab47-5012-4bf7-91a5-c2c9158c9c66
nces_spreadsheets,spreadsheets/tabn219.30__70.xls,Digest 2019 Table 219.30,application/vnd.ms-excel,annotations/annotations_846f19b6-bcc9-4db8-b6ee-8e102719b2d9.npz,846f19b6-bcc9-4db8-b6ee-8e102719b2d9
nces_spreadsheets,spreadsheets/tabn301__71.xls,Table 301,application/vnd.ms-excel,annotations/annotations_e5676274-5203-4481-9875-7684343e9999.npz,e5676274-5203-4481-9875-7684343e9999
nces_spreadsheets,spreadsheets/table_5_4dse__74.xls,SE Table B-5.4d,application/vnd.ms-excel,annotations/annotations_e38f0165-fd1e-47ca-82a5-e0d2b7c5415f.npz,e38f0165-fd1e-47ca-82a5-e0d2b7c5415f
nces_spreadsheets,spreadsheets/A82__75.xls,Table A82,application/vnd.ms-excel,annotations/annotations_49f984e6-508a-4faf-832d-d2f4909e4592.npz,49f984e6-508a-4faf-832d-d2f4909e4592
nces_spreadsheets,spreadsheets/3_7__76.xls,Table 3.7,application/vnd.ms-excel,annotations/annotations_b443c142-7120-4fdb-b3d0-ef9b5ae11098.npz,b443c142-7120-4fdb-b3d0-ef9b5ae11098
nces_spreadsheets,spreadsheets/tabn222.82__77.xlsx,Digest 2023 Table 222.82,application/vnd.openxmlformats-officedocument.spreadsheetml.sheet,annotations/annotations_0fcb6207-0a93-4300-879e-d70c7fdedc64.npz,0fcb6207-0a93-4300-879e-d70c7fdedc64
nces_spreadsheets,spreadsheets/state_2004_42__78.xls,EST,application/vnd.ms-excel,annotations/annotations_bcc4ae69-232c-4c0b-b1f0-62193fc1fe6a.npz,bcc4ae69-232c-4c0b-b1f0-62193fc1fe6a
nces_spreadsheets,spreadsheets/pfi-parentstat2__79.xlsx,PFI-parent satisfaction(2),application/vnd.openxmlformats-officedocument.spreadsheetml.sheet,annotations/annotations_30929470-1d6c-4f61-9346-41b67eedc251.npz,30929470-1d6c-4f61-9346-41b67eedc251
nces_spreadsheets,spreadsheets/se_table_2004_15__80.xls,VAR,application/vnd.ms-excel,annotations/annotations_0786d5b2-f3ac-4570-b089-973e62aafa3f.npz,0786d5b2-f3ac-4570-b089-973e62aafa3f
nces_spreadsheets,spreadsheets/ntps1718_21022406_t12n_se__83.xlsx,SE,application/vnd.openxmlformats-officedocument.spreadsheetml.sheet,annotations/annotations_572f8b1d-2fbc-49e6-a31d-0dba58514d17.npz,572f8b1d-2fbc-49e6-a31d-0dba58514d17
nces_spreadsheets,spreadsheets/tabn603.90__84.xls,Digest 2019 Table 603.90,application/vnd.ms-excel,annotations/annotations_99a01f91-4259-4394-be9f-ff9c003cf6c0.npz,99a01f91-4259-4394-be9f-ff9c003cf6c0
nces_spreadsheets,spreadsheets/H180se__86.xls,SH180,application/vnd.ms-excel,annotations/annotations_4faee086-239c-4a38-955b-098acac5e37d.npz,4faee086-239c-4a38-955b-098acac5e37d
nces_spreadsheets,spreadsheets/P152_2013__87.xls,P152,application/vnd.ms-excel,annotations/annotations_185430aa-48be-4790-945b-f929a8f7b56b.npz,185430aa-48be-4790-945b-f929a8f7b56b
nces_spreadsheets,spreadsheets/tabn201.20__89.xls,Digest 2014 Table 201.20,application/vnd.ms-excel,annotations/annotations_5849b6a1-4f52-4392-bc1f-606c9c9f634f.npz,5849b6a1-4f52-4392-bc1f-606c9c9f634f
nces_spreadsheets,spreadsheets/tabn317.50__92.xls,Digest 2015 Table 317.50,application/vnd.ms-excel,annotations/annotations_ebfb1d90-49a7-4b0a-83ef-860eec445d7f.npz,ebfb1d90-49a7-4b0a-83ef-860eec445d7f
nces_spreadsheets,spreadsheets/tabn209.10__93.xls,Digest 2017 Table 209.10,application/vnd.ms-excel,annotations/annotations_59f72ad2-bb5d-4554-83c3-985880106a59.npz,59f72ad2-bb5d-4554-83c3-985880106a59
nces_spreadsheets,spreadsheets/ntps1718_19110508_a2a__95.xlsx,EST,application/vnd.openxmlformats-officedocument.spreadsheetml.sheet,annotations/annotations_9d192c90-eb57-45b3-a5a5-39c8fb1d5a87.npz,9d192c90-eb57-45b3-a5a5-39c8fb1d5a87
nces_spreadsheets,spreadsheets/tabn603.90__96.xls,Digest 2019 Table 603.90,application/vnd.ms-excel,annotations/annotations_6dd09aa0-d662-468c-889b-c9d8b88ead90.npz,6dd09aa0-d662-468c-889b-c9d8b88ead90
nces_spreadsheets,spreadsheets/p120_2008__97.xls,Table P120,application/vnd.ms-excel,annotations/annotations_0cfda181-353f-4124-baf0-d4c4ed413ce4.npz,0cfda181-353f-4124-baf0-d4c4ed413ce4
oecd_spreadsheets,spreadsheets/Table01_FR__0.xlsx,table01f,application/vnd.openxmlformats-officedocument.spreadsheetml.sheet,annotations/annotations_6df7b400-469e-409a-9ee4-da88e3538fa6.npz,6df7b400-469e-409a-9ee4-da88e3538fa6
oecd_spreadsheets,spreadsheets/PF3-3-Informal-childcare-arrangements__1.xlsx,Chart PF3.3.A,application/vnd.openxmlformats-officedocument.spreadsheetml.sheet,annotations/annotations_01a8c5d9-0cbf-40c1-8e40-3d726b22fe71.npz,01a8c5d9-0cbf-40c1-8e40-3d726b22fe71
oecd_spreadsheets,spreadsheets/LMF_1_3_Maternal_employment_by_partnership_status__3.xlsx,Chart LMF1.3.C,application/vnd.openxmlformats-officedocument.spreadsheetml.sheet,annotations/annotations_fa7889d6-2cd6-4f54-ac5f-380a9e7d59a7.npz,fa7889d6-2cd6-4f54-ac5f-380a9e7d59a7
oecd_spreadsheets,spreadsheets/PF1_4_Neutrality_of_tax_benefit_systems__4.xlsx,Neutrality_HHearnings_200%AW,application/vnd.openxmlformats-officedocument.spreadsheetml.sheet,annotations/annotations_c05ff088-1003-4d4d-b574-ac4f4d004c83.npz,c05ff088-1003-4d4d-b574-ac4f4d004c83
oecd_spreadsheets,spreadsheets/PF2_5_Trends_in_leave_entitlements_around_childbirth__6.xlsx,Chart PF2.5.C,application/vnd.openxmlformats-officedocument.spreadsheetml.sheet,annotations/annotations_9d6ec6ec-c99a-46a8-a82e-881583db7f27.npz,9d6ec6ec-c99a-46a8-a82e-881583db7f27
oecd_spreadsheets,spreadsheets/Table18_FR__7.xlsx,TAB18f,application/vnd.openxmlformats-officedocument.spreadsheetml.sheet,annotations/annotations_994357de-5b61-4aac-90d6-761f17c046d7.npz,994357de-5b61-4aac-90d6-761f17c046d7
oecd_spreadsheets,spreadsheets/Stocks%20of%20foreign%20population__8.xlsx,A5_EN_2023,application/vnd.openxmlformats-officedocument.spreadsheetml.sheet,annotations/annotations_ae1a881f-e038-4f6e-8708-d4d1613c2628.npz,ae1a881f-e038-4f6e-8708-d4d1613c2628
oecd_spreadsheets,spreadsheets/PF2_5_Trends_in_leave_entitlements_around_childbirth__9.xlsx,Time-Series,application/vnd.openxmlformats-officedocument.spreadsheetml.sheet,annotations/annotations_2d21985b-f1c1-4a0d-a624-9c986613111a.npz,2d21985b-f1c1-4a0d-a624-9c986613111a
oecd_spreadsheets,spreadsheets/rtm2020-figures-and-data-chapter2__13.xlsx,f2-4,application/vnd.openxmlformats-officedocument.spreadsheetml.sheet,annotations/annotations_9df9f466-5787-4a9b-acad-c6b83cf7ae7b.npz,9df9f466-5787-4a9b-acad-c6b83cf7ae7b
oecd_spreadsheets,spreadsheets/132808-4.3-mobile-broadband-basket-high__14.xls,900 calls + 2 GB,application/vnd.ms-excel,annotations/annotations_8df61bdd-ced6-4405-98e9-c92545c5b379.npz,8df61bdd-ced6-4405-98e9-c92545c5b379
oecd_spreadsheets,spreadsheets/table6_gov_rev-gdp__15.xlsx,GDP,application/vnd.openxmlformats-officedocument.spreadsheetml.sheet,annotations/annotations_1e075cd3-8f5d-4baa-aae0-e6457979f51e.npz,1e075cd3-8f5d-4baa-aae0-e6457979f51e
oecd_spreadsheets,spreadsheets/Table02_FR__16.xlsx,TAB02f,application/vnd.openxmlformats-officedocument.spreadsheetml.sheet,annotations/annotations_f8ca603f-807b-471f-8b1f-4198bd47b269.npz,f8ca603f-807b-471f-8b1f-4198bd47b269
oecd_spreadsheets,spreadsheets/table2_grants-types__20.xls,2005,application/vnd.ms-excel,annotations/annotations_0fbf9f61-1bfb-4c5a-a639-0beec53896a7.npz,0fbf9f61-1bfb-4c5a-a639-0beec53896a7
oecd_spreadsheets,spreadsheets/Spain__21.xlsx,Indicators,application/vnd.openxmlformats-officedocument.spreadsheetml.sheet,annotations/annotations_0df0230d-bea6-442b-9be7-728790c820bf.npz,0df0230d-bea6-442b-9be7-728790c820bf
oecd_spreadsheets,spreadsheets/1.H_market_14_FUAAmenities__22.xlsx,Sheet 1,application/vnd.openxmlformats-officedocument.spreadsheetml.sheet,annotations/annotations_3dc3131b-35b9-4cc0-9a28-b39cae849fbe.npz,3dc3131b-35b9-4cc0-9a28-b39cae849fbe
oecd_spreadsheets,spreadsheets/CRDF-RP-2019__23.xlsx,2019,application/vnd.openxmlformats-officedocument.spreadsheetml.sheet,annotations/annotations_d6ee0a3a-e13e-42e9-8cf8-7ea5b03fa572.npz,d6ee0a3a-e13e-42e9-8cf8-7ea5b03fa572
oecd_spreadsheets,spreadsheets/SF_1_1_Family_size_and_composition__27.xlsx,Table SF1.1.B,application/vnd.openxmlformats-officedocument.spreadsheetml.sheet,annotations/annotations_a8b609a4-f648-4fee-b5db-8ae3700681d0.npz,a8b609a4-f648-4fee-b5db-8ae3700681d0
oecd_spreadsheets,spreadsheets/Mexico__28.xlsx,Indicators,application/vnd.openxmlformats-officedocument.spreadsheetml.sheet,annotations/annotations_6f7aa9f6-3374-42e3-ad58-9c9827f7b029.npz,6f7aa9f6-3374-42e3-ad58-9c9827f7b029
oecd_spreadsheets,spreadsheets/2-1-fixed-broadband-subscriptions__29.xls,Speed tiers,application/vnd.ms-excel,annotations/annotations_42490cae-2c3e-4e06-8f21-f9450b1fc7fb.npz,42490cae-2c3e-4e06-8f21-f9450b1fc7fb
oecd_spreadsheets,spreadsheets/carbon-pricing-report-data__30.xlsx,Fig 7 G20_ECR_fuel,application/vnd.openxmlformats-officedocument.spreadsheetml.sheet,annotations/annotations_3818cfbb-86f5-41ac-b093-a4cd08bb01e8.npz,3818cfbb-86f5-41ac-b093-a4cd08bb01e8
oecd_spreadsheets,spreadsheets/CRDF-RP-2014-2015__31.xlsx,2014-2015,application/vnd.openxmlformats-officedocument.spreadsheetml.sheet,annotations/annotations_2e41a74c-ee58-44a1-ab3b-04c24b540b4d.npz,2e41a74c-ee58-44a1-ab3b-04c24b540b4d
oecd_spreadsheets,spreadsheets/LMF_2_1_Usual_working_hours_gender__35.xlsx,Working-Hours-Women,application/vnd.openxmlformats-officedocument.spreadsheetml.sheet,annotations/annotations_5721b234-794b-4551-93fc-a033f5449748.npz,5721b234-794b-4551-93fc-a033f5449748
oecd_spreadsheets,spreadsheets/Compendium-Background-variables-Cycle1-Round1-2013-annotated__36.xlsx,C_Q04f,application/vnd.openxmlformats-officedocument.spreadsheetml.sheet,annotations/annotations_0d628aa5-fe5c-4464-9bde-02d60653de9c.npz,0d628aa5-fe5c-4464-9bde-02d60653de9c
oecd_spreadsheets,spreadsheets/Outflows%20of%20foreign%20population__38.xlsx,A2_EN_2023,application/vnd.openxmlformats-officedocument.spreadsheetml.sheet,annotations/annotations_079cbb43-4a97-4cf6-87ff-88a0b3d24f45.npz,079cbb43-4a97-4cf6-87ff-88a0b3d24f45
oecd_spreadsheets,spreadsheets/KNI3-nanotech-RD-intensity-2024__39.xlsx,Tot_RD_nano_int,application/vnd.openxmlformats-officedocument.spreadsheetml.sheet,annotations/annotations_5ce3449e-745e-4f4c-ad72-174d5d4adb45.npz,5ce3449e-745e-4f4c-ad72-174d5d4adb45
oecd_spreadsheets,spreadsheets/KNI4-nanotech-RD-in-the-public-sector-2024__40.xlsx,Public_nano_RD,application/vnd.openxmlformats-officedocument.spreadsheetml.sheet,annotations/annotations_bad31c47-fcb0-474f-9745-f8d495751a67.npz,bad31c47-fcb0-474f-9745-f8d495751a67
oecd_spreadsheets,spreadsheets/Table33_FR__41.xlsx,TAB33f,application/vnd.openxmlformats-officedocument.spreadsheetml.sheet,annotations/annotations_cedaaeb2-77c3-4b08-ae56-777fc15fccb2.npz,cedaaeb2-77c3-4b08-ae56-777fc15fccb2
oecd_spreadsheets,spreadsheets/SF_2_3_Age_mothers_childbirth__42.xlsx,Chart SF2.3.A,application/vnd.openxmlformats-officedocument.spreadsheetml.sheet,annotations/annotations_329e9df7-50f9-4858-8fa5-dafbf772a4c1.npz,329e9df7-50f9-4858-8fa5-dafbf772a4c1
oecd_spreadsheets,spreadsheets/Table09_FR__44.xlsx,TAB09f,application/vnd.openxmlformats-officedocument.spreadsheetml.sheet,annotations/annotations_b08dc457-85d7-43c3-afa9-d3f339c583d8.npz,b08dc457-85d7-43c3-afa9-d3f339c583d8
oecd_spreadsheets,spreadsheets/Table29_FR__47.xlsx,TAB29f,application/vnd.openxmlformats-officedocument.spreadsheetml.sheet,annotations/annotations_3e438fdc-fcaa-4600-875a-8fd002d0b0c0.npz,3e438fdc-fcaa-4600-875a-8fd002d0b0c0
oecd_spreadsheets,spreadsheets/LMF_1_6_Gender_differences_in_employment_outcomes__48.xlsx,EPR_Women,application/vnd.openxmlformats-officedocument.spreadsheetml.sheet,annotations/annotations_a6df3e97-71a5-40bb-9756-19acf6ad54c3.npz,a6df3e97-71a5-40bb-9756-19acf6ad54c3
oecd_spreadsheets,spreadsheets/KNI2-nanotech-RD-expenditures-2024__49.xlsx,Tot_RD_nano,application/vnd.openxmlformats-officedocument.spreadsheetml.sheet,annotations/annotations_73944c5f-097e-404e-9c68-d6746879a582.npz,73944c5f-097e-404e-9c68-d6746879a582
oecd_spreadsheets,spreadsheets/table12_intergov_rev_internal-gdp__52.xlsx,GDP,application/vnd.openxmlformats-officedocument.spreadsheetml.sheet,annotations/annotations_151b16a9-3b40-43cc-b60e-77a6ffed33d4.npz,151b16a9-3b40-43cc-b60e-77a6ffed33d4
oecd_spreadsheets,spreadsheets/PF_1_9_Aspects_of_child_protection_Dec2013__54.xls,"Acc deaths per 100000, aged <5",application/vnd.ms-excel,annotations/annotations_868ad537-8d54-4a18-9a1d-c860a48915b2.npz,868ad537-8d54-4a18-9a1d-c860a48915b2
oecd_spreadsheets,spreadsheets/Stocks%20of%20foreign-born%20population__56.xlsx,A4_EN_2023,application/vnd.openxmlformats-officedocument.spreadsheetml.sheet,annotations/annotations_a7e59999-efaf-45e3-bd8d-d89302d19b79.npz,a7e59999-efaf-45e3-bd8d-d89302d19b79
oecd_spreadsheets,spreadsheets/HM1-2-Housing-prices__57.xlsx,HM1.2.1 AUT,application/vnd.openxmlformats-officedocument.spreadsheetml.sheet,annotations/annotations_c05bf4d4-536a-4d92-b4d9-43ceb3876aed.npz,c05bf4d4-536a-4d92-b4d9-43ceb3876aed
oecd_spreadsheets,spreadsheets/Slovenia__58.xlsx,Indicators,application/vnd.openxmlformats-officedocument.spreadsheetml.sheet,annotations/annotations_3419ec2b-e8e8-4c8e-90da-eafabe594bb4.npz,3419ec2b-e8e8-4c8e-90da-eafabe594bb4
oecd_spreadsheets,spreadsheets/PF3_2_Enrolment_childcare_preschool__60.xlsx,Chart PF3.2.F,application/vnd.openxmlformats-officedocument.spreadsheetml.sheet,annotations/annotations_4a5681da-d8b7-428f-9291-68e369764dc7.npz,4a5681da-d8b7-428f-9291-68e369764dc7
oecd_spreadsheets,spreadsheets/PH3-3-Recipients-payment-rates-housing-allowances__61.xlsx,PH3.3.A3,application/vnd.openxmlformats-officedocument.spreadsheetml.sheet,annotations/annotations_c13c11ea-129b-4b8e-9e9e-45d8d55027f4.npz,c13c11ea-129b-4b8e-9e9e-45d8d55027f4
oecd_spreadsheets,spreadsheets/LMF_1_5_Gender_pay_gaps_for_full_time_workers__62.xlsx,Chart LMF1.5.A,application/vnd.openxmlformats-officedocument.spreadsheetml.sheet,annotations/annotations_360a056a-3014-45bc-b668-86e85ba7aeec.npz,360a056a-3014-45bc-b668-86e85ba7aeec
oecd_spreadsheets,spreadsheets/indicators-dynemp__63.xlsx,Bus_dyn_avg_entry_exit_rates,application/vnd.openxmlformats-officedocument.spreadsheetml.sheet,annotations/annotations_d948ad3a-b0a3-4a9d-a73e-186df50f4e42.npz,d948ad3a-b0a3-4a9d-a73e-186df50f4e42
oecd_spreadsheets,spreadsheets/oecd-aias-ictwss_v1.1__65.xlsx,Core variables,application/vnd.openxmlformats-officedocument.spreadsheetml.sheet,annotations/annotations_206407df-a198-47c9-aa98-8e41604d8fd0.npz,206407df-a198-47c9-aa98-8e41604d8fd0
oecd_spreadsheets,spreadsheets/Czechia__68.xlsx,Indicators,application/vnd.openxmlformats-officedocument.spreadsheetml.sheet,annotations/annotations_17c52656-c0c8-47cb-875c-9ddf32f78447.npz,17c52656-c0c8-47cb-875c-9ddf32f78447
oecd_spreadsheets,spreadsheets/HM1-1-Housing-stock-and-construction__71.xlsx,Population Eurostat,application/vnd.openxmlformats-officedocument.spreadsheetml.sheet,annotations/annotations_e75eeb66-6042-4e4f-9453-cfd664f5ed69.npz,e75eeb66-6042-4e4f-9453-cfd664f5ed69
oecd_spreadsheets,spreadsheets/CO_2_2_Child_Poverty__72.xlsx,Chart CO2.2.C,application/vnd.openxmlformats-officedocument.spreadsheetml.sheet,annotations/annotations_b8125b1c-72d4-4bb8-99de-867041b9c091.npz,b8125b1c-72d4-4bb8-99de-867041b9c091
oecd_spreadsheets,spreadsheets/Table24_FR__75.xlsx,TAB24f,application/vnd.openxmlformats-officedocument.spreadsheetml.sheet,annotations/annotations_5df10b45-b4ee-45bb-a2bc-a77d70bf1797.npz,5df10b45-b4ee-45bb-a2bc-a77d70bf1797
oecd_spreadsheets,spreadsheets/OECD-Social-Expenditure-Update-Tax-Data-by-Country__76.xlsx,SWE,application/vnd.openxmlformats-officedocument.spreadsheetml.sheet,annotations/annotations_2ba1afd9-8874-4f8d-8300-5d2036f8372f.npz,2ba1afd9-8874-4f8d-8300-5d2036f8372f
oecd_spreadsheets,spreadsheets/older-worker-scoreboard__77.xlsx,EST,application/vnd.openxmlformats-officedocument.spreadsheetml.sheet,annotations/annotations_9013c44a-8ba9-4e5d-9847-7ad0bfd56f9d.npz,9013c44a-8ba9-4e5d-9847-7ad0bfd56f9d
oecd_spreadsheets,spreadsheets/rtm2020-figures-and-data-chapter1__79.xlsx,f1.1,application/vnd.openxmlformats-officedocument.spreadsheetml.sheet,annotations/annotations_35fbd4c9-d720-4e88-9248-7be03059bbc7.npz,35fbd4c9-d720-4e88-9248-7be03059bbc7
oecd_spreadsheets,spreadsheets/carbon-pricing-country-notes-data__80.xlsx,Fig 3 ECR_country_sector_instr,application/vnd.openxmlformats-officedocument.spreadsheetml.sheet,annotations/annotations_7334f2dd-32e2-4ea6-9298-8f70df81a70b.npz,7334f2dd-32e2-4ea6-9298-8f70df81a70b
oecd_spreadsheets,spreadsheets/HC1-2-Housing-costs-over-income__82.xlsx,HC12_4,application/vnd.openxmlformats-officedocument.spreadsheetml.sheet,annotations/annotations_ae4dbc14-67dc-48e9-8c83-b9a8c690c275.npz,ae4dbc14-67dc-48e9-8c83-b9a8c690c275
oecd_spreadsheets,spreadsheets/3.H_finance_17.a_MarketcapUSvsREIT__83.xlsx,Sheet 1,application/vnd.openxmlformats-officedocument.spreadsheetml.sheet,annotations/annotations_d5e803a9-5864-4f08-9e3b-a3c6bd8c902b.npz,d5e803a9-5864-4f08-9e3b-a3c6bd8c902b
oecd_spreadsheets,spreadsheets/SF_2-5-Childlessness__85.xlsx,Chart SF2.5.A,application/vnd.openxmlformats-officedocument.spreadsheetml.sheet,annotations/annotations_1cab4b72-fe1a-44ac-b466-4cd8a17f8bb8.npz,1cab4b72-fe1a-44ac-b466-4cd8a17f8bb8
oecd_spreadsheets,spreadsheets/Estonia__86.xlsx,Indicators,application/vnd.openxmlformats-officedocument.spreadsheetml.sheet,annotations/annotations_2652c069-36e5-4617-8e4b-c19028ec010b.npz,2652c069-36e5-4617-8e4b-c19028ec010b
oecd_spreadsheets,spreadsheets/OECDEmploymentProtectionLegislationDatabase__87.xlsx,EPL temporary workers V4,application/vnd.openxmlformats-officedocument.spreadsheetml.sheet,annotations/annotations_5bfa98f8-c1b9-49b5-976c-e49b9f7236f3.npz,5bfa98f8-c1b9-49b5-976c-e49b9f7236f3
oecd_spreadsheets,spreadsheets/Exchange-rates__88.xls,table,application/vnd.ms-excel,annotations/annotations_727386eb-f5fc-4cc4-abd6-08ea0de9f5ed.npz,727386eb-f5fc-4cc4-abd6-08ea0de9f5ed
oecd_spreadsheets,spreadsheets/fileview2__91.aspx,GO bilateral,application/vnd.openxmlformats-officedocument.spreadsheetml.sheet,annotations/annotations_be97519f-538d-41a9-9457-149ba4d45463.npz,be97519f-538d-41a9-9457-149ba4d45463
oecd_spreadsheets,spreadsheets/Table38_FR__93.xlsx,TAB38f,application/vnd.openxmlformats-officedocument.spreadsheetml.sheet,annotations/annotations_6d10a96d-2c59-4971-88db-a9d7fc4c1e41.npz,6d10a96d-2c59-4971-88db-a9d7fc4c1e41
oecd_spreadsheets,spreadsheets/132812-4.1-mobile-broadband-basket-low__95.xls,100 call+ 500MB,application/vnd.ms-excel,annotations/annotations_41ea72a8-1fde-4ba8-b00a-b7441125d9ce.npz,41ea72a8-1fde-4ba8-b00a-b7441125d9ce
oecd_spreadsheets,spreadsheets/KNI7-RTA-nano-2024__96.xlsx,Nanotech RTA,application/vnd.openxmlformats-officedocument.spreadsheetml.sheet,annotations/annotations_add84362-3282-438b-bd14-72f6362e5761.npz,add84362-3282-438b-bd14-72f6362e5761
oecd_spreadsheets,spreadsheets/HC2-1-Living-space__97.xlsx,HC2.1.A4,application/vnd.openxmlformats-officedocument.spreadsheetml.sheet,annotations/annotations_53d25860-d92c-4ab9-92d8-9338af8b0d43.npz,53d25860-d92c-4ab9-92d8-9338af8b0d43
oecd_spreadsheets,spreadsheets/Codebook_CM2__98.xlsx,CY6_MS_CM2_SCH_QQQ (School),application/vnd.openxmlformats-officedocument.spreadsheetml.sheet,annotations/annotations_8849b9d5-ce49-4c5d-86b5-8c9b308efa6b.npz,8849b9d5-ce49-4c5d-86b5-8c9b308efa6b
oecd_spreadsheets,spreadsheets/CO_3-3-Literacy-scores-by-gender-age-10__99.xlsx,Chart CO3.3.C,application/vnd.openxmlformats-officedocument.spreadsheetml.sheet,annotations/annotations_7aaf8b96-2a6f-473e-a2dd-0192be29a831.npz,7aaf8b96-2a6f-473e-a2dd-0192be29a831
who_spreadsheets,spreadsheets/mexico_mex_sdg631_2023__0.xlsx,_QC,application/vnd.openxmlformats-officedocument.spreadsheetml.sheet,annotations/annotations_4e3d1b5c-a45c-4744-b296-e05282c40fd9.npz,4e3d1b5c-a45c-4744-b296-e05282c40fd9
who_spreadsheets,spreadsheets/dietary-modelling-annex9__1.xlsx,1. Nutrient intakes,application/vnd.openxmlformats-officedocument.spreadsheetml.sheet,annotations/annotations_33fbb266-6ef0-4e42-8b0e-7f5f4bae83bc.npz,33fbb266-6ef0-4e42-8b0e-7f5f4bae83bc
who_spreadsheets,spreadsheets/libya_lby_sdg631_2023eee9fb64-19ff-40db-ab73-2fde456a497c__5.xlsx,Data inputs (all),application/vnd.openxmlformats-officedocument.spreadsheetml.sheet,annotations/annotations_8260bc7c-06b5-4c8c-89d4-d06051bcab7e.npz,8260bc7c-06b5-4c8c-89d4-d06051bcab7e
who_spreadsheets,spreadsheets/liechtenstein_lie_sdg631_2023__6.xlsx,Data inputs (all),application/vnd.openxmlformats-officedocument.spreadsheetml.sheet,annotations/annotations_3a6c8b2c-8d92-4640-bed1-040990af7c00.npz,3a6c8b2c-8d92-4640-bed1-040990af7c00
who_spreadsheets,spreadsheets/annexes-icg-ocv-request-fr__9.xlsx,données mortalité,application/vnd.openxmlformats-officedocument.spreadsheetml.sheet,annotations/annotations_562943c6-1869-448a-9164-3c42e47cdb3b.npz,562943c6-1869-448a-9164-3c42e47cdb3b
who_spreadsheets,spreadsheets/hfa-boys-perc-who2007-exp__11.xlsx,hfa_boys_perc_WHO2007_exp,application/vnd.openxmlformats-officedocument.spreadsheetml.sheet,annotations/annotations_3e907e68-55f4-4a3c-a84c-366bdf1b74b2.npz,3e907e68-55f4-4a3c-a84c-366bdf1b74b2
who_spreadsheets,spreadsheets/hfa-girls-z-who-2007-exp_7ea58763-36a2-436d-bef0-7fcfbadd2820__12.xlsx,wfa_girls_z_WHO 2007_exp,application/vnd.openxmlformats-officedocument.spreadsheetml.sheet,annotations/annotations_5298e6b3-d9fb-4de1-838a-1422e6b6ef7d.npz,5298e6b3-d9fb-4de1-838a-1422e6b6ef7d
who_spreadsheets,spreadsheets/chile_chl_sdg631_2023__14.xlsx,Data inputs (all),application/vnd.openxmlformats-officedocument.spreadsheetml.sheet,annotations/annotations_57a9b9b3-8fee-4266-9485-f519c2e9d136.npz,57a9b9b3-8fee-4266-9485-f519c2e9d136
who_spreadsheets,spreadsheets/joint-malnutrition-estimates-regional-and-global-estimates-march2020__15.xlsx,Stunting - Prevalence,application/vnd.openxmlformats-officedocument.spreadsheetml.sheet,annotations/annotations_cc8ad7dc-4c60-4b9c-964b-8836e7413745.npz,cc8ad7dc-4c60-4b9c-964b-8836e7413745
who_spreadsheets,spreadsheets/generateCSV__19.asp,20f0249b-ad15-4539-811b-934a928835ab,text/csv,annotations/annotations_20f0249b-ad15-4539-811b-934a928835ab.npz,20f0249b-ad15-4539-811b-934a928835ab
who_spreadsheets,spreadsheets/tab_wfh_boys_p_2_5__20.xlsx,tab_wfh_boys_p_2_5,application/vnd.openxmlformats-officedocument.spreadsheetml.sheet,annotations/annotations_43fff3fb-d85e-4c6b-a6aa-826d9cef248c.npz,43fff3fb-d85e-4c6b-a6aa-826d9cef248c
who_spreadsheets,spreadsheets/tab_wfa_boys_p_0_5__21.xlsx,tab_wfa_boys_p_0_5,application/vnd.openxmlformats-officedocument.spreadsheetml.sheet,annotations/annotations_1eb709c8-6748-4a8c-b029-cfd078cc9543.npz,1eb709c8-6748-4a8c-b029-cfd078cc9543
who_spreadsheets,spreadsheets/ghe2021_deaths_bycountry_2019__22.xlsx,All ages,application/vnd.openxmlformats-officedocument.spreadsheetml.sheet,annotations/annotations_f17ef5f6-7dff-45e1-bdd5-157082591f61.npz,f17ef5f6-7dff-45e1-bdd5-157082591f61
who_spreadsheets,spreadsheets/wfh-girls-zscore-expanded-tables__31.xlsx,WFH_girls_z_exp,application/vnd.openxmlformats-officedocument.spreadsheetml.sheet,annotations/annotations_5ee4b875-a55f-4fd5-945e-2bcb918c28ac.npz,5ee4b875-a55f-4fd5-945e-2bcb918c28ac
who_spreadsheets,spreadsheets/glaas-country-dataset2011__33.xls,Parts_AB Question 9,application/vnd.ms-excel,annotations/annotations_4222a831-fee5-40db-9906-74e06e8cc677.npz,4222a831-fee5-40db-9906-74e06e8cc677
who_spreadsheets,spreadsheets/annexes_icg-request_yellow-fever_fr_23dec2020__34.xls,données mortalité,application/vnd.ms-excel,annotations/annotations_74d04302-1b84-49e7-88a9-bf071a764b96.npz,74d04302-1b84-49e7-88a9-bf071a764b96
who_spreadsheets,spreadsheets/hfa-boys-z-who-2007-exp__35.xlsx,hfa_boys_z_WHO 2007_exp,application/vnd.openxmlformats-officedocument.spreadsheetml.sheet,annotations/annotations_63bf3daf-b168-4886-bcc9-96140992688f.npz,63bf3daf-b168-4886-bcc9-96140992688f
who_spreadsheets,spreadsheets/hcfa-boys-percentiles-expanded-tables__36.xlsx,hcfa_boys_p_exp,application/vnd.openxmlformats-officedocument.spreadsheetml.sheet,annotations/annotations_1bfdbb20-d73c-4242-bc11-de74fc83413a.npz,1bfdbb20-d73c-4242-bc11-de74fc83413a
who_spreadsheets,spreadsheets/wfh_girls_2-to-5-years_zscores__38.xlsx,wfh_girls_2 to 5 years_zscores,application/vnd.openxmlformats-officedocument.spreadsheetml.sheet,annotations/annotations_29819fb6-ebc1-4486-a905-d0e594bca6e7.npz,29819fb6-ebc1-4486-a905-d0e594bca6e7
who_spreadsheets,spreadsheets/azerbaijan_aze_sdg631_2023__39.xlsx,_QC,application/vnd.openxmlformats-officedocument.spreadsheetml.sheet,annotations/annotations_317a91c6-13c0-4632-b2ac-0cb58a0024fc.npz,317a91c6-13c0-4632-b2ac-0cb58a0024fc
who_spreadsheets,spreadsheets/generateCSV__41.asp,9479191a-039c-4d91-9cf9-bf525b3b71e0,text/csv,annotations/annotations_9479191a-039c-4d91-9cf9-bf525b3b71e0.npz,9479191a-039c-4d91-9cf9-bf525b3b71e0
who_spreadsheets,spreadsheets/ghe2021_yld_whoregion_new__42.xlsx,Global 2020,application/vnd.openxmlformats-officedocument.spreadsheetml.sheet,annotations/annotations_bdc0a406-d501-4be3-b249-6362a6c9ef39.npz,bdc0a406-d501-4be3-b249-6362a6c9ef39
who_spreadsheets,spreadsheets/belgium_bel_sdg631_2023__44.xlsx,Data inputs (all),application/vnd.openxmlformats-officedocument.spreadsheetml.sheet,annotations/annotations_08cec66a-7f58-425f-9a02-0ce886c3cbf2.npz,08cec66a-7f58-425f-9a02-0ce886c3cbf2
who_spreadsheets,spreadsheets/ttt_length_boys_6mon_p__46.xlsx,ttt_length_boys_6mon_p,application/vnd.openxmlformats-officedocument.spreadsheetml.sheet,annotations/annotations_3a73840e-e76f-496f-a3d7-31e1aaa4e7b4.npz,3a73840e-e76f-496f-a3d7-31e1aaa4e7b4
who_spreadsheets,spreadsheets/tesk-2019-content-list-rev-04-2024__47.xlsx,SET1C1,application/vnd.openxmlformats-officedocument.spreadsheetml.sheet,annotations/annotations_2bac705e-4096-4bef-91a6-8dfe6b419c8f.npz,2bac705e-4096-4bef-91a6-8dfe6b419c8f
who_spreadsheets,spreadsheets/colombia_annex9_prices_of_brands_sold_2012__48.xlsx,marcas informe COP,application/vnd.openxmlformats-officedocument.spreadsheetml.sheet,annotations/annotations_5ea21b01-3fe8-4926-a076-fb8a1ef9f6e8.npz,5ea21b01-3fe8-4926-a076-fb8a1ef9f6e8
who_spreadsheets,spreadsheets/tab_bmi_boys_p_0_2__51.xlsx,tab_bmi_boys_p_0_2,application/vnd.openxmlformats-officedocument.spreadsheetml.sheet,annotations/annotations_1dcefaa8-3086-4b28-afc5-d5673e0076b5.npz,1dcefaa8-3086-4b28-afc5-d5673e0076b5
who_spreadsheets,spreadsheets/tab_wfa_boys_p_0_13__52.xlsx,tab_wfa_boys_p_0_13,application/vnd.openxmlformats-officedocument.spreadsheetml.sheet,annotations/annotations_0660b39a-ff18-4126-aca7-b62abfdbaa33.npz,0660b39a-ff18-4126-aca7-b62abfdbaa33
who_spreadsheets,spreadsheets/cura-ao_cuw_sdg631_2023__0.xlsx,Data inputs (all),application/vnd.openxmlformats-officedocument.spreadsheetml.sheet,annotations/annotations_8d98646d-a56b-49fd-a73a-14885004a7dd.npz,8d98646d-a56b-49fd-a73a-14885004a7dd
who_spreadsheets,spreadsheets/structure_population__3.xls,pop age sex,application/vnd.ms-excel,annotations/annotations_eab2c9fa-33ef-4ff3-bbe7-3beb0dbe686a.npz,eab2c9fa-33ef-4ff3-bbe7-3beb0dbe686a
who_spreadsheets,spreadsheets/cr_2014_annex9_tobacco_related_morbidity_2005_to_2012__6.xls,hospitalizacion,application/vnd.ms-excel,annotations/annotations_12a12801-8a38-4e8a-8d69-7a29ef7105a7.npz,12a12801-8a38-4e8a-8d69-7a29ef7105a7
who_spreadsheets,spreadsheets/bfa-boys-zscore-expanded-tables__7.xlsx,BFA_boys_z_exp,application/vnd.openxmlformats-officedocument.spreadsheetml.sheet,annotations/annotations_bdd9cd0d-12f0-4ae3-b6e5-91d4ec7cf84e.npz,bdd9cd0d-12f0-4ae3-b6e5-91d4ec7cf84e
who_spreadsheets,spreadsheets/ttt_weight_boys_4mon_z__8.xlsx,ttt_weight_boys_4mon_z,application/vnd.openxmlformats-officedocument.spreadsheetml.sheet,annotations/annotations_d84b2a44-7540-4633-b79c-f2bfaa9a69b3.npz,d84b2a44-7540-4633-b79c-f2bfaa9a69b3
who_spreadsheets,spreadsheets/malta_mlt_sdg631_2023__14.xlsx,Data inputs (all),application/vnd.openxmlformats-officedocument.spreadsheetml.sheet,annotations/annotations_f4858feb-994b-41de-8abf-cde1990d55f6.npz,f4858feb-994b-41de-8abf-cde1990d55f6
who_spreadsheets,spreadsheets/togo_tgo_sdg631_2023__16.xlsx,_QC,application/vnd.openxmlformats-officedocument.spreadsheetml.sheet,annotations/annotations_32787ede-5067-4db9-a472-5a4002811572.npz,32787ede-5067-4db9-a472-5a4002811572
who_spreadsheets,spreadsheets/niger_ner_sdg631_2023__19.xlsx,Data inputs (all),application/vnd.openxmlformats-officedocument.spreadsheetml.sheet,annotations/annotations_8830e2d8-f61e-4fac-bb2d-611e829ea839.npz,8830e2d8-f61e-4fac-bb2d-611e829ea839
who_spreadsheets,spreadsheets/ghe2021_daly_bycountry_2015__20.xlsx,All ages,application/vnd.openxmlformats-officedocument.spreadsheetml.sheet,annotations/annotations_97194e03-70db-4d47-ba19-ee55c5ca681e.npz,97194e03-70db-4d47-ba19-ee55c5ca681e
who_spreadsheets,spreadsheets/00153_26_annex_7_2015_magn%20og%20umfang__24.xls,Sheet1,application/vnd.ms-excel,annotations/annotations_69a033b6-7fcb-4011-b55c-fad3159ea80d.npz,69a033b6-7fcb-4011-b55c-fad3159ea80d
who_spreadsheets,spreadsheets/ghe2021_deaths_bycountry_2000__26.xlsx,50-59,application/vnd.openxmlformats-officedocument.spreadsheetml.sheet,annotations/annotations_a67449e6-b18c-4a52-a08d-5a0ab3f78e3c.npz,a67449e6-b18c-4a52-a08d-5a0ab3f78e3c
who_spreadsheets,spreadsheets/vaccine_volume_calculator_2012_661f2cc4-47a5-421e-bfc6-b45306e101e4__28.xlsx,Abacus_Tables,application/vnd.openxmlformats-officedocument.spreadsheetml.sheet,annotations/annotations_e9924e5e-3490-49ac-8eec-c580fe35890c.npz,e9924e5e-3490-49ac-8eec-c580fe35890c
who_spreadsheets,spreadsheets/table-9-3-taxes-and-retail-price-for-other-tobacco-products__30.xls,Smoked products 2018,application/vnd.ms-excel,annotations/annotations_cdea722e-9121-4642-b0b2-61db1b877227.npz,cdea722e-9121-4642-b0b2-61db1b877227
who_spreadsheets,spreadsheets/whs2022_annex2__31.xlsx,Annex 2-3,application/vnd.openxmlformats-officedocument.spreadsheetml.sheet,annotations/annotations_bde7e949-1553-44cf-9077-06eb51b5432e.npz,bde7e949-1553-44cf-9077-06eb51b5432e
who_spreadsheets,spreadsheets/ttt-weight-girls-2mon-p__32.xlsx,ttt_weight_girls_2mon_p,application/vnd.openxmlformats-officedocument.spreadsheetml.sheet,annotations/annotations_53efb3f6-1978-4360-ba5e-dccc83fc732b.npz,53efb3f6-1978-4360-ba5e-dccc83fc732b
who_spreadsheets,spreadsheets/ttt-weight-girls-1mon-p__34.xlsx,ttt_weight_girls_1mon_p,application/vnd.openxmlformats-officedocument.spreadsheetml.sheet,annotations/annotations_7de36708-bac6-401a-9782-04d758417b1d.npz,7de36708-bac6-401a-9782-04d758417b1d
who_spreadsheets,spreadsheets/ghe2021_yll_wbincome_new__35.xlsx,LMI 2019,application/vnd.openxmlformats-officedocument.spreadsheetml.sheet,annotations/annotations_7cd5bc57-904c-4dd2-aec2-536791cabab9.npz,7cd5bc57-904c-4dd2-aec2-536791cabab9
who_spreadsheets,spreadsheets/bmi_girls_2-to-5-years_zscores__36.xlsx,bmi_girls_2 to 5 years_zscores,application/vnd.openxmlformats-officedocument.spreadsheetml.sheet,annotations/annotations_ff0198d4-9e64-4daa-9b8c-6089f9bfa420.npz,ff0198d4-9e64-4daa-9b8c-6089f9bfa420
who_spreadsheets,spreadsheets/lhfa-boys-zscore-expanded-tables__37.xlsx,LFA_boys_z_exp,application/vnd.openxmlformats-officedocument.spreadsheetml.sheet,annotations/annotations_3af8266f-a3b7-4487-824f-a565b16652a5.npz,3af8266f-a3b7-4487-824f-a565b16652a5
who_spreadsheets,spreadsheets/tab_bmi_boys_p_2_5__38.xlsx,tab_bmi_boys_p_2_5,application/vnd.openxmlformats-officedocument.spreadsheetml.sheet,annotations/annotations_4bf47401-9955-452f-8a4b-99913e7e13e9.npz,4bf47401-9955-452f-8a4b-99913e7e13e9
worldbank_spreadsheets,spreadsheets/GC.REV.GOTR__1.ZS,Data,application/vnd.ms-excel,annotations/annotations_107a53e1-5f42-44d5-a4f2-54fd97e3d368.npz,107a53e1-5f42-44d5-a4f2-54fd97e3d368
worldbank_spreadsheets,spreadsheets/NY.GDP.MKTP.PP__4.KD,Data,application/vnd.ms-excel,annotations/annotations_89577a63-a518-4d38-bdfd-ed7082a0e6fd.npz,89577a63-a518-4d38-bdfd-ed7082a0e6fd
worldbank_spreadsheets,spreadsheets/HCI-Data-September-2020-CZE__6.xlsx,Test Scores,application/vnd.openxmlformats-officedocument.spreadsheetml.sheet,annotations/annotations_d6a04582-2fd3-4084-882b-b100899258c5.npz,d6a04582-2fd3-4084-882b-b100899258c5
worldbank_spreadsheets,spreadsheets/NY.GDP.TOTL.RT__8.ZS,Data,application/vnd.ms-excel,annotations/annotations_ec1ba0fc-4e96-4a20-95db-69a792d44c45.npz,ec1ba0fc-4e96-4a20-95db-69a792d44c45
worldbank_spreadsheets,spreadsheets/SSF__10,Data,application/vnd.ms-excel,annotations/annotations_b08b559d-9fe8-40f6-a1d6-9ba0f5682fa4.npz,b08b559d-9fe8-40f6-a1d6-9ba0f5682fa4
worldbank_spreadsheets,spreadsheets/RiST-Case-Study-Meghalaya-Integrated-Transport-Project__13.xlsx,Tables,application/vnd.openxmlformats-officedocument.spreadsheetml.sheet,annotations/annotations_35a720ab-0779-4588-b399-64cd8273f829.npz,35a720ab-0779-4588-b399-64cd8273f829
worldbank_spreadsheets,spreadsheets/SE.SEC.TCAQ.MA__15.ZS,Data,application/vnd.ms-excel,annotations/annotations_4cbcbd9e-11bb-4cad-883d-2aafaacbdfa9.npz,4cbcbd9e-11bb-4cad-883d-2aafaacbdfa9
worldbank_spreadsheets,spreadsheets/SH.STA.ODFC.UR__16.ZS,Data,application/vnd.ms-excel,annotations/annotations_82befb7a-0505-4246-a2c3-1fb74537a6e6.npz,82befb7a-0505-4246-a2c3-1fb74537a6e6
worldbank_spreadsheets,spreadsheets/GlobalEconomicProspectsJune2019GDPgrowthdata__17.xlsx,Low Income Countries,application/vnd.openxmlformats-officedocument.spreadsheetml.sheet,annotations/annotations_b6822659-61b3-4695-af67-6c99b1915aee.npz,b6822659-61b3-4695-af67-6c99b1915aee
worldbank_spreadsheets,spreadsheets/GC.DOD.TOTL__18.CN,Data,application/vnd.ms-excel,annotations/annotations_c3bfd3f5-5879-4cdd-9b99-7501fba4ee18.npz,c3bfd3f5-5879-4cdd-9b99-7501fba4ee18
worldbank_spreadsheets,spreadsheets/goal03.tb-incidence__20.csv,6d009545-a1e4-4b6d-a1fe-d8d7926a5e43,text/x-csv,annotations/annotations_6d009545-a1e4-4b6d-a1fe-d8d7926a5e43.npz,6d009545-a1e4-4b6d-a1fe-d8d7926a5e43
worldbank_spreadsheets,spreadsheets/GNB__21,Data,application/vnd.ms-excel,annotations/annotations_9ad03cee-8a3f-41a4-9367-efabe6ed2b78.npz,9ad03cee-8a3f-41a4-9367-efabe6ed2b78
worldbank_spreadsheets,spreadsheets/ER.FSH.CAPT__22.MT,Data,application/vnd.ms-excel,annotations/annotations_57bffd9c-c9bc-434c-91fb-afa4c52b16f0.npz,57bffd9c-c9bc-434c-91fb-afa4c52b16f0
worldbank_spreadsheets,spreadsheets/SP.DYN.LE00.MA__24.IN,Data,application/vnd.ms-excel,annotations/annotations_e4a2d801-a21e-42fa-a455-88d7fe3cf2ae.npz,e4a2d801-a21e-42fa-a455-88d7fe3cf2ae
worldbank_spreadsheets,spreadsheets/SARU-Oct2024-Chapter1-webcharts__25.xlsx,1.13A,application/vnd.openxmlformats-officedocument.spreadsheetml.sheet,annotations/annotations_1ac80f1a-29a5-4d21-bf5b-e719af08db8e.npz,1ac80f1a-29a5-4d21-bf5b-e719af08db8e
worldbank_spreadsheets,spreadsheets/DT.NFL.NIFC__28.CD,Data,application/vnd.ms-excel,annotations/annotations_a1d71e6e-12f8-4bb5-be2e-afd0b6ef8873.npz,a1d71e6e-12f8-4bb5-be2e-afd0b6ef8873
worldbank_spreadsheets,spreadsheets/HCI-Data-September-2020-MOZ__31.xlsx,Stunting,application/vnd.openxmlformats-officedocument.spreadsheetml.sheet,annotations/annotations_9ffdec34-703d-471c-9586-779709cae009.npz,9ffdec34-703d-471c-9586-779709cae009
worldbank_spreadsheets,spreadsheets/MEX_Indicators__34.xlsx,4_Data Quality,application/vnd.openxmlformats-officedocument.spreadsheetml.sheet,annotations/annotations_c1c719b5-34a5-4ca8-8f6a-e3d2219e5d8b.npz,c1c719b5-34a5-4ca8-8f6a-e3d2219e5d8b
worldbank_spreadsheets,spreadsheets/SH.H2O.BASW.RU__35.ZS,Data,application/vnd.ms-excel,annotations/annotations_af5a0fac-c61a-4f6f-a679-3fbecde0df1c.npz,af5a0fac-c61a-4f6f-a679-3fbecde0df1c
worldbank_spreadsheets,spreadsheets/IQ.CPA.ECON__37.XQ,Data,application/vnd.ms-excel,annotations/annotations_647ba4e9-7662-4734-a2f0-c9176d80ce30.npz,647ba4e9-7662-4734-a2f0-c9176d80ce30
worldbank_spreadsheets,spreadsheets/IQ.SPI__39.PIL4,Data,application/vnd.ms-excel,annotations/annotations_00040e6f-8bbe-4da4-9f2a-59150831ef10.npz,00040e6f-8bbe-4da4-9f2a-59150831ef10
worldbank_spreadsheets,spreadsheets/ZWE__42,Data,application/vnd.ms-excel,annotations/annotations_45a9973f-f615-42bc-95c8-bf08329ee5e6.npz,45a9973f-f615-42bc-95c8-bf08329ee5e6
worldbank_spreadsheets,spreadsheets/FY21-IDA-Country-Allocations-Key-Input-Data-for-FY21__43.xlsx,Table 1,application/vnd.openxmlformats-officedocument.spreadsheetml.sheet,annotations/annotations_7a7d1cf8-90f2-4d33-870e-8796a2a8c307.npz,7a7d1cf8-90f2-4d33-870e-8796a2a8c307
worldbank_spreadsheets,spreadsheets/SH.HIV.INCD__44.ZS,Data,application/vnd.ms-excel,annotations/annotations_f6d0923e-a6cd-462f-b4d5-6e31d861ac92.npz,f6d0923e-a6cd-462f-b4d5-6e31d861ac92
worldbank_spreadsheets,spreadsheets/SL.GDP.PCAP.EM__47.KD,Data,application/vnd.ms-excel,annotations/annotations_1a1333bd-ec3e-4bb6-a3fa-195f6c72d8f6.npz,1a1333bd-ec3e-4bb6-a3fa-195f6c72d8f6
worldbank_spreadsheets,spreadsheets/HCI-Data-September-2020-COG__48.xlsx,Expected Years School,application/vnd.openxmlformats-officedocument.spreadsheetml.sheet,annotations/annotations_3f52577d-eae5-4fe8-96e3-614343387d51.npz,3f52577d-eae5-4fe8-96e3-614343387d51
worldbank_spreadsheets,spreadsheets/SI.POV__49.GAPS,Data,application/vnd.ms-excel,annotations/annotations_0c9086d8-dfd0-4464-b256-b5515ab0ba72.npz,0c9086d8-dfd0-4464-b256-b5515ab0ba72
worldbank_spreadsheets,spreadsheets/BX.TRF.PWKR__50.CD,Data,application/vnd.ms-excel,annotations/annotations_fdc28dc1-472d-49d4-a670-b5be06c012bc.npz,fdc28dc1-472d-49d4-a670-b5be06c012bc
worldbank_spreadsheets,spreadsheets/HCI-Data-September-2020-UKR__52.xlsx,Child Survival,application/vnd.openxmlformats-officedocument.spreadsheetml.sheet,annotations/annotations_cdb8d156-25c9-4acc-b355-6150969f9120.npz,cdb8d156-25c9-4acc-b355-6150969f9120
worldbank_spreadsheets,spreadsheets/IC.TAX__53.DURS,Data,application/vnd.ms-excel,annotations/annotations_f808a87b-1620-4378-909d-9c6e95c2c43f.npz,f808a87b-1620-4378-909d-9c6e95c2c43f
worldbank_spreadsheets,spreadsheets/ST.INT.TRNX__55.CD,Data,application/vnd.ms-excel,annotations/annotations_0a8de6a4-0797-41f0-90cc-f3d69c42d27e.npz,0a8de6a4-0797-41f0-90cc-f3d69c42d27e
worldbank_spreadsheets,spreadsheets/EN.GHG.N2O.IP.MT.CE__59.AR5,Data,application/vnd.ms-excel,annotations/annotations_7f165b3c-eb6d-4ca0-b4f8-54a30c6fd005.npz,7f165b3c-eb6d-4ca0-b4f8-54a30c6fd005
worldbank_spreadsheets,spreadsheets/HCI-Data-September-2020-PRY__60.xlsx,Comparison Over a Decade,application/vnd.openxmlformats-officedocument.spreadsheetml.sheet,annotations/annotations_74a13e55-ff62-44ca-aeab-117d9bfeca10.npz,74a13e55-ff62-44ca-aeab-117d9bfeca10
worldbank_spreadsheets,spreadsheets/EN.GHG.N2O.MT.CE__62.AR5,Data,application/vnd.ms-excel,annotations/annotations_c96452aa-b32f-4429-a36b-b369d41b4bbd.npz,c96452aa-b32f-4429-a36b-b369d41b4bbd
worldbank_spreadsheets,spreadsheets/SL.TLF.TOTL__64.IN,Data,application/vnd.ms-excel,annotations/annotations_f2f79346-3304-4664-b204-f7a255608764.npz,f2f79346-3304-4664-b204-f7a255608764
worldbank_spreadsheets,spreadsheets/SL.SRV.EMPL__65.ZS,Data,application/vnd.ms-excel,annotations/annotations_aa07d3f9-a3cd-4efc-918c-017740fc2025.npz,aa07d3f9-a3cd-4efc-918c-017740fc2025
worldbank_spreadsheets,spreadsheets/goal01.povertyclimate__67.csv,3bd5dc68-32c7-4b43-b48d-284396a8d79d,text/x-csv,annotations/annotations_3bd5dc68-32c7-4b43-b48d-284396a8d79d.npz,3bd5dc68-32c7-4b43-b48d-284396a8d79d
worldbank_spreadsheets,spreadsheets/TZA__68,Data,application/vnd.ms-excel,annotations/annotations_38877fc5-99a6-422a-ab89-57f0e7804b45.npz,38877fc5-99a6-422a-ab89-57f0e7804b45
worldbank_spreadsheets,spreadsheets/SEN__69,Data,application/vnd.ms-excel,annotations/annotations_90c1838d-027b-4553-ac35-cad21aa57ed7.npz,90c1838d-027b-4553-ac35-cad21aa57ed7
worldbank_spreadsheets,spreadsheets/SL.UEM.BASC__73.ZS,Data,application/vnd.ms-excel,annotations/annotations_40c0507a-8e7b-46ab-90d7-0991afad9b1c.npz,40c0507a-8e7b-46ab-90d7-0991afad9b1c
worldbank_spreadsheets,spreadsheets/BM.TRF.PRVT__75.CD,Data,application/vnd.ms-excel,annotations/annotations_f228ba75-bd13-41d5-b348-fd503084cda9.npz,f228ba75-bd13-41d5-b348-fd503084cda9
worldbank_spreadsheets,spreadsheets/SG.GEN.PARL__76.ZS,Data,application/vnd.ms-excel,annotations/annotations_ae81e1b2-4b88-40c5-ac72-53155cc7d5b6.npz,ae81e1b2-4b88-40c5-ac72-53155cc7d5b6
worldbank_spreadsheets,spreadsheets/SH.SGR.IRSK__78.ZS,Data,application/vnd.ms-excel,annotations/annotations_36cda1e2-59f4-4e97-8f02-b0370b146d08.npz,36cda1e2-59f4-4e97-8f02-b0370b146d08
worldbank_spreadsheets,spreadsheets/HCI-Data-September-2020-BEL__79.xlsx,Child Survival,application/vnd.openxmlformats-officedocument.spreadsheetml.sheet,annotations/annotations_05534bd2-0583-49fc-a36b-32624b99e9c1.npz,05534bd2-0583-49fc-a36b-32624b99e9c1
worldbank_spreadsheets,spreadsheets/AF_MR_09_14__81.xlsx,Table 1a,application/vnd.openxmlformats-officedocument.spreadsheetml.sheet,annotations/annotations_e53b8fe4-99a0-4856-932c-ad366c8a39ad.npz,e53b8fe4-99a0-4856-932c-ad366c8a39ad
worldbank_spreadsheets,spreadsheets/SH.XPD.PVTD.PP__82.CD,Data,application/vnd.ms-excel,annotations/annotations_aff17d6e-3eb5-4738-afe5-6175f8a1a5b3.npz,aff17d6e-3eb5-4738-afe5-6175f8a1a5b3
worldbank_spreadsheets,spreadsheets/GTA-COVID-data-16-June-2022-Sponsors__86.xlsx,EGI data,application/vnd.openxmlformats-officedocument.spreadsheetml.sheet,annotations/annotations_e830cc48-e0ca-4ca9-9926-7338092bd1ab.npz,e830cc48-e0ca-4ca9-9926-7338092bd1ab
worldbank_spreadsheets,spreadsheets/HCI-Data-September-2020-NPL__87.xlsx,Adult Survival,application/vnd.openxmlformats-officedocument.spreadsheetml.sheet,annotations/annotations_e26333dc-0b77-4b3f-98d5-752d708cc39a.npz,e26333dc-0b77-4b3f-98d5-752d708cc39a
worldbank_spreadsheets,spreadsheets/DT.TDS.DECT.GN__88.ZS,Data,application/vnd.ms-excel,annotations/annotations_778eef7a-358e-43e1-b3bd-b72cb5eeb70c.npz,778eef7a-358e-43e1-b3bd-b72cb5eeb70c
worldbank_spreadsheets,spreadsheets/NE.CON.PRVT.CN__89.AD,Data,application/vnd.ms-excel,annotations/annotations_84f34b19-97d0-4318-8f60-ecdc74efe0f6.npz,84f34b19-97d0-4318-8f60-ecdc74efe0f6
worldbank_spreadsheets,spreadsheets/HTI__92,Data,application/vnd.ms-excel,annotations/annotations_2ce26296-f88c-45b1-b1b3-5fb0ab085125.npz,2ce26296-f88c-45b1-b1b3-5fb0ab085125
worldbank_spreadsheets,spreadsheets/BN.CAB.XOKA.GD__95.ZS,Data,application/vnd.ms-excel,annotations/annotations_986a29e1-1f78-4f42-85e9-c1fc1f592379.npz,986a29e1-1f78-4f42-85e9-c1fc1f592379
worldbank_spreadsheets,spreadsheets/DJI__96,Data,application/vnd.ms-excel,annotations/annotations_a7b6a1d7-74ad-48c6-bd00-92af0b423fc1.npz,a7b6a1d7-74ad-48c6-bd00-92af0b423fc1
worldbank_spreadsheets,spreadsheets/SI.POV__97.LMIC,Data,application/vnd.ms-excel,annotations/annotations_23a8e136-a6e9-4cb3-81f8-c6f55aa5ec65.npz,23a8e136-a6e9-4cb3-81f8-c6f55aa5ec65
stat_sa_spreadsheets,spreadsheets/2cf6ab00-895c-337c-062d-57cb47618c87__0,3,application/vnd.openxmlformats-officedocument.spreadsheetml.sheet,annotations/annotations_c976daa8-221d-41fc-901d-5349a08f89da.npz,c976daa8-221d-41fc-901d-5349a08f89da
stat_sa_spreadsheets,spreadsheets/096844ba-b072-51b2-8b73-308d956b044a__1,2.7,application/vnd.openxmlformats-officedocument.spreadsheetml.sheet,annotations/annotations_eb437803-c4a5-48af-b292-e1bd3fe042d6.npz,eb437803-c4a5-48af-b292-e1bd3fe042d6
stat_sa_spreadsheets,spreadsheets/02562d3c-ca01-d1fc-4aad-d1b92cd5a891__2,ورقة1,application/vnd.openxmlformats-officedocument.spreadsheetml.sheet,annotations/annotations_306224ff-e241-4281-b9e0-59167b7ca130.npz,306224ff-e241-4281-b9e0-59167b7ca130
stat_sa_spreadsheets,spreadsheets/604247aa-873b-f0c5-9471-285a7a0d3968__3,Economic Activity,application/vnd.openxmlformats-officedocument.spreadsheetml.sheet,annotations/annotations_a571f59e-3a26-46ac-8ed4-f112b9780a4e.npz,a571f59e-3a26-46ac-8ed4-f112b9780a4e
stat_sa_spreadsheets,spreadsheets/b4afad92-c2f8-607f-42ce-accc6d2ae9bf__4,المشتغلين حسب حجم المنشأة,application/vnd.openxmlformats-officedocument.spreadsheetml.sheet,annotations/annotations_0eee1563-f3d7-4a00-a8d5-bb0934b5e1f2.npz,0eee1563-f3d7-4a00-a8d5-bb0934b5e1f2
stat_sa_spreadsheets,spreadsheets/225fd520-519f-12c1-3674-5076a1b7b785__7,على مستوى المناطق,application/vnd.ms-excel,annotations/annotations_9348da52-f33d-408a-b438-a6e50ce83cc1.npz,9348da52-f33d-408a-b438-a6e50ce83cc1
stat_sa_spreadsheets,spreadsheets/b13715ce-2289-bf39-4551-8fcedc7fadc4__8,ورقة1,application/vnd.openxmlformats-officedocument.spreadsheetml.sheet,annotations/annotations_d48a296f-e6e9-467a-aa45-64da2a244c16.npz,d48a296f-e6e9-467a-aa45-64da2a244c16
stat_sa_spreadsheets,spreadsheets/70b58321-1815-026d-f0b0-5a3dd87077f6__10,الرقم القياسي للإنتاج الصناعي,application/vnd.openxmlformats-officedocument.spreadsheetml.sheet,annotations/annotations_c32eef19-e2af-43e9-9e46-e34a69f1e829.npz,c32eef19-e2af-43e9-9e46-e34a69f1e829
stat_sa_spreadsheets,spreadsheets/0fdab456-f825-437e-2867-744440610dce__12,6.1,application/vnd.openxmlformats-officedocument.spreadsheetml.sheet,annotations/annotations_6b740d4f-6f7d-4cf6-81da-4107e35a9e66.npz,6b740d4f-6f7d-4cf6-81da-4107e35a9e66
stat_sa_spreadsheets,spreadsheets/20ec6f4d-d575-4356-9a01-615a0a7e50cf__14,16,application/vnd.ms-excel,annotations/annotations_af52a081-b690-497f-b554-8a31d1d2fe44.npz,af52a081-b690-497f-b554-8a31d1d2fe44
stat_sa_spreadsheets,spreadsheets/a251e2e1-1140-1d6a-6295-6a46d3a40531__15,النفقات التشغيلية,application/vnd.openxmlformats-officedocument.spreadsheetml.sheet,annotations/annotations_a54d36a4-8a2d-4e13-9956-6ce8c488c6e7.npz,a54d36a4-8a2d-4e13-9956-6ce8c488c6e7
stat_sa_spreadsheets,spreadsheets/5df42a7d-0705-a011-c966-76ad1d5895d3__16,2,application/vnd.openxmlformats-officedocument.spreadsheetml.sheet,annotations/annotations_afbafaec-f5d6-4759-b98b-d5b1f8bfbb7b.npz,afbafaec-f5d6-4759-b98b-d5b1f8bfbb7b
stat_sa_spreadsheets,spreadsheets/5d9741ab-70e4-8a91-c314-ff10ca0f8833__17,1,application/vnd.openxmlformats-officedocument.spreadsheetml.sheet,annotations/annotations_a5d5043f-1522-4e15-8b17-fe3e0f676c5d.npz,a5d5043f-1522-4e15-8b17-fe3e0f676c5d
stat_sa_spreadsheets,spreadsheets/3a78adfc-7652-9362-6069-cd9c515350fe__18,1,application/vnd.openxmlformats-officedocument.spreadsheetml.sheet,annotations/annotations_99de3f09-6762-4d0a-b6bb-ca151639244e.npz,99de3f09-6762-4d0a-b6bb-ca151639244e
stat_sa_spreadsheets,spreadsheets/a614ebb6-44f8-917d-db44-10483dfb3997__19,Table No.13,application/vnd.openxmlformats-officedocument.spreadsheetml.sheet,annotations/annotations_595b3932-c12b-4d94-b789-82082344222b.npz,595b3932-c12b-4d94-b789-82082344222b
stat_sa_spreadsheets,spreadsheets/40e10eb8-98b2-5fb7-0bd8-02db25bee219__22,2012,application/vnd.openxmlformats-officedocument.spreadsheetml.sheet,annotations/annotations_0f2cd600-d532-4d1a-b1e0-673aeb3786f6.npz,0f2cd600-d532-4d1a-b1e0-673aeb3786f6
stat_sa_spreadsheets,spreadsheets/a61389d5-8a3e-ea47-666d-d49ecb35e0e3__23,18,application/vnd.openxmlformats-officedocument.spreadsheetml.sheet,annotations/annotations_567b197f-7906-41d8-a101-3c1f542e4d65.npz,567b197f-7906-41d8-a101-3c1f542e4d65
stat_sa_spreadsheets,spreadsheets/3b41ca9a-212b-2f36-b9f1-c42cd3940334__26,ورقة1,application/vnd.openxmlformats-officedocument.spreadsheetml.sheet,annotations/annotations_668be516-92fc-461d-9fe1-09f5edc97a9e.npz,668be516-92fc-461d-9fe1-09f5edc97a9e
stat_sa_spreadsheets,spreadsheets/5df42a7d-0705-a011-c966-76ad1d5895d3__27,3,application/vnd.openxmlformats-officedocument.spreadsheetml.sheet,annotations/annotations_71227ac7-9b67-4775-9a61-d4bffed63eac.npz,71227ac7-9b67-4775-9a61-d4bffed63eac
stat_sa_spreadsheets,spreadsheets/1ceb1adf-8d1b-adf3-34ee-b86ed6e94a25__30,فائض التشغيل,application/vnd.openxmlformats-officedocument.spreadsheetml.sheet,annotations/annotations_7d55d55b-2c84-4a15-ab05-143398bd05fb.npz,7d55d55b-2c84-4a15-ab05-143398bd05fb
stat_sa_spreadsheets,spreadsheets/2e68a731-c355-063e-c8e4-16bc0ee2e30a__34,Gen. Serv. - Munic.,application/vnd.openxmlformats-officedocument.spreadsheetml.sheet,annotations/annotations_156768f4-60fa-4f2f-b9e1-0423aefb86d1.npz,156768f4-60fa-4f2f-b9e1-0423aefb86d1
stat_sa_spreadsheets,spreadsheets/e9b0ba0a-48d6-e91d-65d6-1ff3631c4f44__35,English,application/vnd.openxmlformats-officedocument.spreadsheetml.sheet,annotations/annotations_94303e29-1790-41a2-9261-c7035d1a078f.npz,94303e29-1790-41a2-9261-c7035d1a078f
stat_sa_spreadsheets,spreadsheets/02efe83d-14d9-fa24-5c90-1cf00d246ad2__37,IPI,application/vnd.openxmlformats-officedocument.spreadsheetml.sheet,annotations/annotations_5d123e03-1bbb-407c-80f8-448e563b42d2.npz,5d123e03-1bbb-407c-80f8-448e563b42d2
stat_sa_spreadsheets,spreadsheets/718de764-c3a8-395e-20c4-bfe1e954a243__42,5,application/vnd.ms-excel,annotations/annotations_d4d09e62-bc78-4ebd-80c0-a7fed25999df.npz,d4d09e62-bc78-4ebd-80c0-a7fed25999df
stat_sa_spreadsheets,spreadsheets/98b9bc3e-8100-09be-36a9-c20b056c42b9__43,7,application/vnd.openxmlformats-officedocument.spreadsheetml.sheet,annotations/annotations_dceb5fcf-7f2e-4f2f-8772-0ae9d1ebaed4.npz,dceb5fcf-7f2e-4f2f-8772-0ae9d1ebaed4
stat_sa_spreadsheets,spreadsheets/6f535e03-9304-e8e0-0aeb-9880e562eed5__44,1.3,application/vnd.openxmlformats-officedocument.spreadsheetml.sheet,annotations/annotations_4d7c2e4a-41f0-42f0-aba6-88d674be5bf9.npz,4d7c2e4a-41f0-42f0-aba6-88d674be5bf9
stat_sa_spreadsheets,spreadsheets/e1b17454-23fa-9502-2221-f117adb63510__45,8-2,application/vnd.openxmlformats-officedocument.spreadsheetml.sheet,annotations/annotations_d00f92ce-0434-4beb-9da9-bb0aba97dfd4.npz,d00f92ce-0434-4beb-9da9-bb0aba97dfd4
stat_sa_spreadsheets,spreadsheets/bdc17ab4-32dd-4f1d-7283-879fa43909ee__47,6,application/vnd.openxmlformats-officedocument.spreadsheetml.sheet,annotations/annotations_fa297bd8-1be6-4cef-96a7-85187401bce8.npz,fa297bd8-1be6-4cef-96a7-85187401bce8
stat_sa_spreadsheets,spreadsheets/bc10a24f-0fb5-bc5e-121b-212bb6b96f68__50,1-1,application/vnd.openxmlformats-officedocument.spreadsheetml.sheet,annotations/annotations_745f5341-0307-4faa-be05-048e75489e48.npz,745f5341-0307-4faa-be05-048e75489e48
stat_sa_spreadsheets,spreadsheets/52aeb0a2-1c69-582d-eec6-c281d1efdd91__54,3,application/vnd.openxmlformats-officedocument.spreadsheetml.sheet,annotations/annotations_77f5dd2b-a21b-448c-835f-556910007e43.npz,77f5dd2b-a21b-448c-835f-556910007e43
stat_sa_spreadsheets,spreadsheets/ac148d04-44d1-0a3f-7224-77cf8ecb4fa2__55,Saudis,application/vnd.openxmlformats-officedocument.spreadsheetml.sheet,annotations/annotations_0728d38c-7d6b-4435-b662-12a221ea4be2.npz,0728d38c-7d6b-4435-b662-12a221ea4be2
stat_sa_spreadsheets,spreadsheets/1178ddd1-1c52-be7f-644b-185725a2f7d8__56,19,application/vnd.openxmlformats-officedocument.spreadsheetml.sheet,annotations/annotations_fd7201e4-ac3c-4ddc-af4d-7c99d9465d66.npz,fd7201e4-ac3c-4ddc-af4d-7c99d9465d66
stat_sa_spreadsheets,spreadsheets/146d78d7-010c-2e8a-883b-980f4e228c7f__57,2,application/vnd.openxmlformats-officedocument.spreadsheetml.sheet,annotations/annotations_9fd46557-8ec2-449d-9e8c-020de8eb67d2.npz,9fd46557-8ec2-449d-9e8c-020de8eb67d2
stat_sa_spreadsheets,spreadsheets/5403e324-9342-bd84-d332-12a17e4d8eee__58,2,application/vnd.openxmlformats-officedocument.spreadsheetml.sheet,annotations/annotations_639cf1a8-4984-4d90-b67a-159cf781314e.npz,639cf1a8-4984-4d90-b67a-159cf781314e
stat_sa_spreadsheets,spreadsheets/2468a1e5-61de-8b96-73a4-0afcf662ca18__59,نفقات,application/vnd.ms-excel,annotations/annotations_1aceb70d-841f-458a-a937-46269bac8766.npz,1aceb70d-841f-458a-a937-46269bac8766
stat_sa_spreadsheets,spreadsheets/77c14902-eb7a-bfc2-0c3c-cf974092bcca__63,3.2,application/vnd.openxmlformats-officedocument.spreadsheetml.sheet,annotations/annotations_22588663-a3f3-46e6-95dc-f4cb67d81785.npz,22588663-a3f3-46e6-95dc-f4cb67d81785
stat_sa_spreadsheets,spreadsheets/71634cf1-3366-186e-7593-693ff00f4f3e__64,2,application/vnd.openxmlformats-officedocument.spreadsheetml.sheet,annotations/annotations_af4799f9-7010-4f5f-8437-2d17b0eda424.npz,af4799f9-7010-4f5f-8437-2d17b0eda424
stat_sa_spreadsheets,spreadsheets/994d3876-0248-2972-fa42-93bec41fc0b7__66,2.6,application/vnd.openxmlformats-officedocument.spreadsheetml.sheet,annotations/annotations_03b75e1d-898d-4745-8025-0bfd413f2f22.npz,03b75e1d-898d-4745-8025-0bfd413f2f22
stat_sa_spreadsheets,spreadsheets/bc6bba46-6bfa-6aeb-1afb-fc17913665b0__68,Health - Municipalities,application/vnd.openxmlformats-officedocument.spreadsheetml.sheet,annotations/annotations_adb563bb-08ff-4d2e-8882-404c22fc9181.npz,adb563bb-08ff-4d2e-8882-404c22fc9181
stat_sa_spreadsheets,spreadsheets/9b85da19-1a65-8142-fa42-2bc2d868ed83__69,Series_dQ,application/vnd.openxmlformats-officedocument.spreadsheetml.sheet,annotations/annotations_af8ba668-da29-4b0f-8817-1cf8a477a8bc.npz,af8ba668-da29-4b0f-8817-1cf8a477a8bc
stat_sa_spreadsheets,spreadsheets/48f04dda-a878-d6f3-d255-ccfc8f0a7f4b__76,20,application/vnd.openxmlformats-officedocument.spreadsheetml.sheet,annotations/annotations_a9000fbb-d3da-4ae6-b785-7b30812cfb7e.npz,a9000fbb-d3da-4ae6-b785-7b30812cfb7e
stat_sa_spreadsheets,spreadsheets/91dc378b-4dbe-fe76-ad4d-fa119c12346a__77,9,application/vnd.openxmlformats-officedocument.spreadsheetml.sheet,annotations/annotations_53b94787-04d9-4333-9d8f-8ca0797c782a.npz,53b94787-04d9-4333-9d8f-8ca0797c782a
stat_sa_spreadsheets,spreadsheets/c36598bd-081a-11ba-84f6-6ee159075e2d__78,ISIC4 ,application/vnd.openxmlformats-officedocument.spreadsheetml.sheet,annotations/annotations_04fc9573-2374-4ed7-a720-09bcd2e2344b.npz,04fc9573-2374-4ed7-a720-09bcd2e2344b
stat_sa_spreadsheets,spreadsheets/9f7205b2-6191-686c-29a2-38aa6a2e77ef__79,5,application/vnd.ms-excel,annotations/annotations_aeb7dbcf-53a6-4728-b35a-35ce83127558.npz,aeb7dbcf-53a6-4728-b35a-35ce83127558
stat_sa_spreadsheets,spreadsheets/756ba03e-faac-7f8c-59b4-3c1e542c70e9__80,TV and Radio,application/vnd.openxmlformats-officedocument.spreadsheetml.sheet,annotations/annotations_937699c5-cd89-4373-9172-cc9f6fe55a3a.npz,937699c5-cd89-4373-9172-cc9f6fe55a3a
stat_sa_spreadsheets,spreadsheets/fbae2e0e-29fc-30c4-3cff-3e1e63296940__82,عربي,application/vnd.openxmlformats-officedocument.spreadsheetml.sheet,annotations/annotations_719dbf62-c4a2-476b-9540-35b404f2257a.npz,719dbf62-c4a2-476b-9540-35b404f2257a
stat_sa_spreadsheets,spreadsheets/3d93c714-1bc2-de8f-cc5a-2019030bf678__85,9,application/vnd.openxmlformats-officedocument.spreadsheetml.sheet,annotations/annotations_06a373da-3bca-4820-a19b-3ea02fa2bab4.npz,06a373da-3bca-4820-a19b-3ea02fa2bab4
stat_sa_spreadsheets,spreadsheets/b39eb052-8e2d-838c-e422-66fb69bd4426__86,ISIC 4,application/vnd.openxmlformats-officedocument.spreadsheetml.sheet,annotations/annotations_bb43c5dc-cbef-4de7-aaa5-08be99b387b1.npz,bb43c5dc-cbef-4de7-aaa5-08be99b387b1
stat_sa_spreadsheets,spreadsheets/10b5a8a7-3d02-0d64-7f6d-75f59c67fca0__87,1.5,application/vnd.openxmlformats-officedocument.spreadsheetml.sheet,annotations/annotations_e5207c06-02b1-42d4-bbd0-19617df4b4dd.npz,e5207c06-02b1-42d4-bbd0-19617df4b4dd
stat_sa_spreadsheets,spreadsheets/fdb6df6f-e093-846a-ea69-8571ed98bd26__88,9,application/vnd.openxmlformats-officedocument.spreadsheetml.sheet,annotations/annotations_69b2f98c-e43e-45d4-a25b-1e624e502270.npz,69b2f98c-e43e-45d4-a25b-1e624e502270
stat_sa_spreadsheets,spreadsheets/71f64ff8-b0e3-91a8-7245-4c28eb861610__90,1-3,application/vnd.openxmlformats-officedocument.spreadsheetml.sheet,annotations/annotations_4702d635-b97c-4e1c-aa93-255df09d7e04.npz,4702d635-b97c-4e1c-aa93-255df09d7e04
stat_sa_spreadsheets,spreadsheets/89b0b482-3ffb-82f0-d32b-8239c769c2f4__91,2.5,application/vnd.openxmlformats-officedocument.spreadsheetml.sheet,annotations/annotations_74e612cd-4f02-4942-817d-5e2b1829f982.npz,74e612cd-4f02-4942-817d-5e2b1829f982
stat_sa_spreadsheets,spreadsheets/37941636-6b05-0d22-32a0-8f68788b7e32__92,الايرادات التشغيلية,application/vnd.openxmlformats-officedocument.spreadsheetml.sheet,annotations/annotations_829a5992-c781-406a-a3b3-493f7b149fc1.npz,829a5992-c781-406a-a3b3-493f7b149fc1
stat_sa_spreadsheets,spreadsheets/085cfbf1-d586-8341-7fcb-c27fc7bf1bc6__94,غير سعودي,application/vnd.openxmlformats-officedocument.spreadsheetml.sheet,annotations/annotations_d68a7fca-0212-442b-9681-6064a54e06be.npz,d68a7fca-0212-442b-9681-6064a54e06be
stat_sa_spreadsheets,spreadsheets/8c11a39b-ba48-ede6-ff4a-f382cd6f3264__95,1-6,application/vnd.openxmlformats-officedocument.spreadsheetml.sheet,annotations/annotations_28abefd4-489e-4bd4-8ed6-36d9f93ec839.npz,28abefd4-489e-4bd4-8ed6-36d9f93ec839
stat_sa_spreadsheets,spreadsheets/fe8ddcde-875e-4931-d52d-617da5d0eb99__96,Series_Region_I,application/vnd.openxmlformats-officedocument.spreadsheetml.sheet,annotations/annotations_6dc2a06f-a2b5-4d81-9afa-b77553b12eb1.npz,6dc2a06f-a2b5-4d81-9afa-b77553b12eb1
stat_sa_spreadsheets,spreadsheets/a3ac255d-bad6-1f62-8575-fe51f8d5506a__97,سلسلة_التغير_الربعي,application/vnd.openxmlformats-officedocument.spreadsheetml.sheet,annotations/annotations_5fbcdcb8-8ad8-4f3e-9eef-7ecfda9d9fb3.npz,5fbcdcb8-8ad8-4f3e-9eef-7ecfda9d9fb3
